case	world_time	registration_order	winner	debit	credits
fanout-1-repeat-1	26	0	0	32	32
fanout-1-repeat-1	27	0	0	32	32
fanout-1-repeat-1	28	0	0	32	32
fanout-1-repeat-1	29	0	0	32	32
fanout-1-repeat-1	30	0	0	32	32
fanout-1-repeat-1	31	0	0	32	32
fanout-1-repeat-1	32	0	0	32	32
fanout-1-repeat-1	33	0	0	32	32
fanout-1-repeat-1	34	0	0	32	32
fanout-1-repeat-1	35	0	0	32	32
fanout-1-repeat-1	36	0	0	32	32
fanout-1-repeat-1	37	0	0	32	32
fanout-1-repeat-1	38	0	0	32	32
fanout-1-repeat-1	39	0	0	32	32
fanout-1-repeat-1	40	0	0	32	32
fanout-1-repeat-1	41	0	0	32	32
fanout-1-repeat-1	42	0	0	32	32
fanout-1-repeat-1	43	0	0	32	32
fanout-1-repeat-1	44	0	0	32	32
fanout-1-repeat-1	45	0	0	32	32
fanout-1-repeat-1	46	0	0	32	32
fanout-1-repeat-1	47	0	0	32	32
fanout-1-repeat-1	48	0	0	32	32
fanout-1-repeat-1	49	0	0	32	32
fanout-1-repeat-1	50	0	0	32	32
fanout-1-repeat-1	51	0	0	32	32
fanout-1-repeat-1	52	0	0	32	32
fanout-1-repeat-1	53	0	0	32	32
fanout-1-repeat-1	54	0	0	32	32
fanout-1-repeat-1	55	0	0	32	32
fanout-1-repeat-1	56	0	0	32	32
fanout-1-repeat-1	57	0	0	32	32
fanout-1-repeat-1	58	0	0	32	32
fanout-1-repeat-1	59	0	0	32	32
fanout-1-repeat-1	60	0	0	32	32
fanout-1-repeat-1	61	0	0	32	32
fanout-1-repeat-1	62	0	0	32	32
fanout-1-repeat-1	63	0	0	32	32
fanout-1-repeat-1	64	0	0	32	32
fanout-1-repeat-1	65	0	0	32	32
fanout-1-repeat-1	66	0	0	32	32
fanout-1-repeat-1	67	0	0	32	32
fanout-1-repeat-1	68	0	0	32	32
fanout-1-repeat-1	69	0	0	32	32
fanout-1-repeat-1	70	0	0	32	32
fanout-1-repeat-1	71	0	0	32	32
fanout-1-repeat-1	72	0	0	32	32
fanout-1-repeat-1	73	0	0	32	32
fanout-1-repeat-1	74	0	0	32	32
fanout-1-repeat-1	75	0	0	32	32
fanout-1-repeat-1	76	0	0	32	32
fanout-1-repeat-1	77	0	0	32	32
fanout-1-repeat-1	78	0	0	32	32
fanout-1-repeat-1	79	0	0	32	32
fanout-1-repeat-1	80	0	0	32	32
fanout-1-repeat-1	81	0	0	32	32
fanout-1-repeat-1	82	0	0	32	32
fanout-1-repeat-1	83	0	0	32	32
fanout-1-repeat-1	84	0	0	32	32
fanout-1-repeat-1	85	0	0	32	32
fanout-1-repeat-1	86	0	0	32	32
fanout-1-repeat-1	87	0	0	32	32
fanout-1-repeat-1	88	0	0	32	32
fanout-1-repeat-1	89	0	0	32	32
fanout-1-repeat-1	90	0	0	32	32
fanout-1-repeat-1	91	0	0	32	32
fanout-1-repeat-1	92	0	0	32	32
fanout-1-repeat-1	93	0	0	32	32
fanout-1-repeat-1	94	0	0	32	32
fanout-1-repeat-1	95	0	0	32	32
fanout-1-repeat-1	96	0	0	32	32
fanout-1-repeat-1	97	0	0	32	32
fanout-1-repeat-1	98	0	0	32	32
fanout-1-repeat-1	99	0	0	32	32
fanout-1-repeat-1	100	0	0	32	32
fanout-1-repeat-1	101	0	0	32	32
fanout-1-repeat-1	102	0	0	32	32
fanout-1-repeat-1	103	0	0	32	32
fanout-1-repeat-1	104	0	0	32	32
fanout-1-repeat-1	105	0	0	32	32
fanout-1-repeat-1	106	0	0	32	32
fanout-1-repeat-1	107	0	0	32	32
fanout-1-repeat-1	108	0	0	32	32
fanout-1-repeat-1	109	0	0	32	32
fanout-1-repeat-1	110	0	0	32	32
fanout-1-repeat-1	111	0	0	32	32
fanout-1-repeat-1	112	0	0	32	32
fanout-1-repeat-1	113	0	0	32	32
fanout-1-repeat-1	114	0	0	32	32
fanout-1-repeat-1	115	0	0	32	32
fanout-1-repeat-1	116	0	0	32	32
fanout-1-repeat-1	117	0	0	32	32
fanout-1-repeat-1	118	0	0	32	32
fanout-1-repeat-1	119	0	0	32	32
fanout-1-repeat-1	120	0	0	32	32
fanout-1-repeat-1	121	0	0	32	32
fanout-1-repeat-1	122	0	0	32	32
fanout-1-repeat-1	123	0	0	32	32
fanout-1-repeat-1	124	0	0	32	32
fanout-1-repeat-1	125	0	0	32	32
fanout-1-repeat-1	126	0	0	32	32
fanout-1-repeat-1	127	0	0	32	32
fanout-1-repeat-1	128	0	0	32	32
fanout-1-repeat-1	129	0	0	32	32
fanout-1-repeat-1	130	0	0	32	32
fanout-1-repeat-1	131	0	0	32	32
fanout-1-repeat-1	132	0	0	32	32
fanout-1-repeat-1	133	0	0	32	32
fanout-1-repeat-1	134	0	0	32	32
fanout-1-repeat-1	135	0	0	32	32
fanout-1-repeat-1	136	0	0	32	32
fanout-1-repeat-1	137	0	0	32	32
fanout-1-repeat-1	138	0	0	32	32
fanout-1-repeat-1	139	0	0	32	32
fanout-1-repeat-1	140	0	0	32	32
fanout-1-repeat-1	141	0	0	32	32
fanout-1-repeat-1	142	0	0	32	32
fanout-1-repeat-1	143	0	0	32	32
fanout-1-repeat-1	144	0	0	32	32
fanout-1-repeat-1	145	0	0	32	32
fanout-1-repeat-1	146	0	0	32	32
fanout-1-repeat-1	147	0	0	32	32
fanout-1-repeat-1	148	0	0	32	32
fanout-1-repeat-1	149	0	0	32	32
fanout-1-repeat-1	150	0	0	32	32
fanout-1-repeat-1	151	0	0	32	32
fanout-1-repeat-1	152	0	0	32	32
fanout-1-repeat-1	153	0	0	32	32
fanout-1-repeat-1	154	0	0	32	32
fanout-1-repeat-1	155	0	0	32	32
fanout-1-repeat-1	156	0	0	32	32
fanout-1-repeat-1	157	0	0	32	32
fanout-1-repeat-1	158	0	0	32	32
fanout-1-repeat-1	159	0	0	32	32
fanout-1-repeat-1	160	0	0	32	32
fanout-1-repeat-1	161	0	0	32	32
fanout-1-repeat-1	162	0	0	32	32
fanout-1-repeat-1	163	0	0	32	32
fanout-1-repeat-1	164	0	0	32	32
fanout-1-repeat-1	165	0	0	32	32
fanout-1-repeat-1	166	0	0	32	32
fanout-1-repeat-1	167	0	0	32	32
fanout-1-repeat-1	168	0	0	32	32
fanout-1-repeat-1	169	0	0	32	32
fanout-1-repeat-1	170	0	0	32	32
fanout-1-repeat-1	171	0	0	32	32
fanout-1-repeat-1	172	0	0	32	32
fanout-1-repeat-1	173	0	0	32	32
fanout-1-repeat-1	174	0	0	32	32
fanout-1-repeat-1	175	0	0	32	32
fanout-1-repeat-1	176	0	0	32	32
fanout-1-repeat-1	177	0	0	32	32
fanout-1-repeat-1	178	0	0	32	32
fanout-1-repeat-1	179	0	0	32	32
fanout-1-repeat-1	180	0	0	32	32
fanout-1-repeat-1	181	0	0	32	32
fanout-1-repeat-1	182	0	0	32	32
fanout-1-repeat-1	183	0	0	32	32
fanout-1-repeat-1	184	0	0	32	32
fanout-1-repeat-1	185	0	0	32	32
fanout-1-repeat-1	186	0	0	32	32
fanout-1-repeat-1	187	0	0	32	32
fanout-1-repeat-1	188	0	0	32	32
fanout-1-repeat-1	189	0	0	32	32
fanout-1-repeat-1	190	0	0	32	32
fanout-1-repeat-1	191	0	0	32	32
fanout-1-repeat-1	192	0	0	32	32
fanout-1-repeat-1	193	0	0	32	32
fanout-1-repeat-1	194	0	0	32	32
fanout-1-repeat-1	195	0	0	32	32
fanout-1-repeat-1	196	0	0	32	32
fanout-1-repeat-1	197	0	0	32	32
fanout-1-repeat-1	198	0	0	32	32
fanout-1-repeat-1	199	0	0	32	32
fanout-1-repeat-1	200	0	0	32	32
fanout-1-repeat-1	201	0	0	32	32
fanout-1-repeat-1	202	0	0	32	32
fanout-1-repeat-1	203	0	0	32	32
fanout-1-repeat-1	204	0	0	32	32
fanout-1-repeat-1	205	0	0	32	32
fanout-1-repeat-1	206	0	0	32	32
fanout-1-repeat-1	207	0	0	32	32
fanout-1-repeat-1	208	0	0	32	32
fanout-1-repeat-1	209	0	0	32	32
fanout-1-repeat-1	210	0	0	32	32
fanout-1-repeat-1	211	0	0	32	32
fanout-1-repeat-1	212	0	0	32	32
fanout-1-repeat-1	213	0	0	32	32
fanout-1-repeat-1	214	0	0	32	32
fanout-1-repeat-1	215	0	0	32	32
fanout-1-repeat-1	216	0	0	32	32
fanout-1-repeat-1	217	0	0	32	32
fanout-1-repeat-1	218	0	0	32	32
fanout-1-repeat-1	219	0	0	32	32
fanout-1-repeat-1	220	0	0	32	32
fanout-1-repeat-1	221	0	0	32	32
fanout-1-repeat-1	222	0	0	32	32
fanout-1-repeat-1	223	0	0	32	32
fanout-1-repeat-1	224	0	0	32	32
fanout-1-repeat-1	225	0	0	32	32
fanout-1-repeat-1	226	0	0	32	32
fanout-1-repeat-1	227	0	0	32	32
fanout-1-repeat-1	228	0	0	32	32
fanout-1-repeat-1	229	0	0	32	32
fanout-1-repeat-1	230	0	0	32	32
fanout-1-repeat-1	231	0	0	32	32
fanout-1-repeat-1	232	0	0	32	32
fanout-1-repeat-1	233	0	0	32	32
fanout-1-repeat-1	234	0	0	32	32
fanout-1-repeat-1	235	0	0	32	32
fanout-1-repeat-1	236	0	0	32	32
fanout-1-repeat-1	237	0	0	32	32
fanout-1-repeat-1	238	0	0	32	32
fanout-1-repeat-1	239	0	0	32	32
fanout-1-repeat-1	240	0	0	32	32
fanout-1-repeat-1	241	0	0	32	32
fanout-1-repeat-1	242	0	0	32	32
fanout-1-repeat-1	243	0	0	32	32
fanout-1-repeat-1	244	0	0	32	32
fanout-1-repeat-1	245	0	0	32	32
fanout-1-repeat-1	246	0	0	32	32
fanout-1-repeat-1	247	0	0	32	32
fanout-1-repeat-1	248	0	0	32	32
fanout-1-repeat-1	249	0	0	32	32
fanout-1-repeat-1	250	0	0	32	32
fanout-1-repeat-1	251	0	0	32	32
fanout-1-repeat-1	252	0	0	32	32
fanout-1-repeat-1	253	0	0	32	32
fanout-1-repeat-1	254	0	0	32	32
fanout-1-repeat-1	255	0	0	32	32
fanout-1-repeat-1	256	0	0	32	32
fanout-1-repeat-1	257	0	0	32	32
fanout-1-repeat-1	258	0	0	32	32
fanout-1-repeat-1	259	0	0	32	32
fanout-1-repeat-1	260	0	0	32	32
fanout-1-repeat-1	261	0	0	32	32
fanout-1-repeat-1	262	0	0	32	32
fanout-1-repeat-1	263	0	0	32	32
fanout-1-repeat-1	264	0	0	32	32
fanout-1-repeat-1	265	0	0	32	32
fanout-1-repeat-1	266	0	0	32	32
fanout-1-repeat-1	267	0	0	32	32
fanout-1-repeat-1	268	0	0	32	32
fanout-1-repeat-1	269	0	0	32	32
fanout-1-repeat-1	270	0	0	32	32
fanout-1-repeat-1	271	0	0	32	32
fanout-1-repeat-1	272	0	0	32	32
fanout-1-repeat-1	273	0	0	32	32
fanout-1-repeat-1	274	0	0	32	32
fanout-1-repeat-1	275	0	0	32	32
fanout-1-repeat-1	276	0	0	32	32
fanout-1-repeat-1	277	0	0	32	32
fanout-1-repeat-1	278	0	0	32	32
fanout-1-repeat-1	279	0	0	32	32
fanout-1-repeat-1	280	0	0	32	32
fanout-1-repeat-1	281	0	0	32	32
fanout-1-repeat-1	282	0	0	32	32
fanout-1-repeat-1	283	0	0	32	32
fanout-1-repeat-1	284	0	0	32	32
fanout-1-repeat-1	285	0	0	32	32
fanout-1-repeat-1	286	0	0	32	32
fanout-1-repeat-1	287	0	0	32	32
fanout-1-repeat-1	288	0	0	32	32
fanout-1-repeat-1	289	0	0	32	32
fanout-1-repeat-1	290	0	0	32	32
fanout-1-repeat-1	291	0	0	32	32
fanout-1-repeat-1	292	0	0	32	32
fanout-1-repeat-1	293	0	0	32	32
fanout-1-repeat-1	294	0	0	32	32
fanout-1-repeat-1	295	0	0	32	32
fanout-1-repeat-1	296	0	0	32	32
fanout-1-repeat-1	297	0	0	32	32
fanout-1-repeat-1	298	0	0	32	32
fanout-1-repeat-1	299	0	0	32	32
fanout-1-repeat-1	300	0	0	32	32
fanout-1-repeat-1	301	0	0	32	32
fanout-1-repeat-1	302	0	0	32	32
fanout-1-repeat-1	303	0	0	32	32
fanout-1-repeat-1	304	0	0	32	32
fanout-1-repeat-1	305	0	0	32	32
fanout-1-repeat-1	306	0	0	32	32
fanout-1-repeat-1	307	0	0	32	32
fanout-1-repeat-1	308	0	0	32	32
fanout-1-repeat-1	309	0	0	32	32
fanout-1-repeat-1	310	0	0	32	32
fanout-1-repeat-1	311	0	0	32	32
fanout-1-repeat-1	312	0	0	32	32
fanout-1-repeat-1	313	0	0	32	32
fanout-1-repeat-1	314	0	0	32	32
fanout-1-repeat-1	315	0	0	32	32
fanout-1-repeat-1	316	0	0	32	32
fanout-1-repeat-1	317	0	0	32	32
fanout-1-repeat-1	318	0	0	32	32
fanout-1-repeat-1	319	0	0	32	32
fanout-1-repeat-1	320	0	0	32	32
fanout-1-repeat-1	321	0	0	32	32
fanout-1-repeat-1	322	0	0	32	32
fanout-1-repeat-1	323	0	0	32	32
fanout-1-repeat-1	324	0	0	32	32
fanout-1-repeat-1	325	0	0	32	32
fanout-1-repeat-1	326	0	0	32	32
fanout-1-repeat-1	327	0	0	32	32
fanout-1-repeat-1	328	0	0	32	32
fanout-1-repeat-1	329	0	0	32	32
fanout-1-repeat-1	330	0	0	32	32
fanout-1-repeat-1	331	0	0	32	32
fanout-1-repeat-1	332	0	0	32	32
fanout-1-repeat-1	333	0	0	32	32
fanout-1-repeat-1	334	0	0	32	32
fanout-1-repeat-1	335	0	0	32	32
fanout-1-repeat-1	336	0	0	32	32
fanout-1-repeat-1	337	0	0	32	32
fanout-1-repeat-1	338	0	0	32	32
fanout-1-repeat-1	339	0	0	32	32
fanout-1-repeat-1	340	0	0	32	32
fanout-1-repeat-1	341	0	0	32	32
fanout-1-repeat-1	342	0	0	32	32
fanout-1-repeat-1	343	0	0	32	32
fanout-1-repeat-1	344	0	0	32	32
fanout-1-repeat-1	345	0	0	32	32
fanout-1-repeat-1	346	0	0	32	32
fanout-1-repeat-1	347	0	0	32	32
fanout-1-repeat-1	348	0	0	32	32
fanout-1-repeat-1	349	0	0	32	32
fanout-1-repeat-1	350	0	0	32	32
fanout-1-repeat-1	351	0	0	32	32
fanout-1-repeat-1	352	0	0	32	32
fanout-1-repeat-1	353	0	0	32	32
fanout-1-repeat-1	354	0	0	32	32
fanout-1-repeat-1	355	0	0	32	32
fanout-1-repeat-1	356	0	0	32	32
fanout-1-repeat-1	357	0	0	32	32
fanout-1-repeat-1	358	0	0	32	32
fanout-1-repeat-1	359	0	0	32	32
fanout-1-repeat-1	360	0	0	32	32
fanout-1-repeat-1	361	0	0	32	32
fanout-1-repeat-1	362	0	0	32	32
fanout-1-repeat-1	363	0	0	32	32
fanout-1-repeat-1	364	0	0	32	32
fanout-1-repeat-1	365	0	0	32	32
fanout-1-repeat-1	366	0	0	32	32
fanout-1-repeat-1	367	0	0	32	32
fanout-1-repeat-1	368	0	0	32	32
fanout-1-repeat-1	369	0	0	32	32
fanout-1-repeat-1	370	0	0	32	32
fanout-1-repeat-1	371	0	0	32	32
fanout-1-repeat-1	372	0	0	32	32
fanout-1-repeat-1	373	0	0	32	32
fanout-1-repeat-1	374	0	0	32	32
fanout-1-repeat-1	375	0	0	32	32
fanout-1-repeat-1	376	0	0	32	32
fanout-1-repeat-1	377	0	0	32	32
fanout-1-repeat-1	378	0	0	32	32
fanout-1-repeat-1	379	0	0	32	32
fanout-1-repeat-1	380	0	0	32	32
fanout-1-repeat-1	381	0	0	32	32
fanout-1-repeat-1	382	0	0	32	32
fanout-1-repeat-1	383	0	0	32	32
fanout-1-repeat-1	384	0	0	32	32
fanout-1-repeat-1	385	0	0	32	32
fanout-1-repeat-1	386	0	0	32	32
fanout-1-repeat-1	387	0	0	32	32
fanout-1-repeat-1	388	0	0	32	32
fanout-1-repeat-1	389	0	0	32	32
fanout-1-repeat-1	390	0	0	32	32
fanout-1-repeat-1	391	0	0	32	32
fanout-1-repeat-1	392	0	0	32	32
fanout-1-repeat-1	393	0	0	32	32
fanout-1-repeat-1	394	0	0	32	32
fanout-1-repeat-1	395	0	0	32	32
fanout-1-repeat-1	396	0	0	32	32
fanout-1-repeat-1	397	0	0	32	32
fanout-1-repeat-1	398	0	0	32	32
fanout-1-repeat-1	399	0	0	32	32
fanout-1-repeat-1	400	0	0	32	32
fanout-1-repeat-1	401	0	0	32	32
fanout-1-repeat-1	402	0	0	32	32
fanout-1-repeat-1	403	0	0	32	32
fanout-1-repeat-1	404	0	0	32	32
fanout-1-repeat-1	405	0	0	32	32
fanout-1-repeat-1	406	0	0	32	32
fanout-1-repeat-1	407	0	0	32	32
fanout-1-repeat-1	408	0	0	32	32
fanout-1-repeat-1	409	0	0	32	32
fanout-1-repeat-1	410	0	0	32	32
fanout-1-repeat-1	411	0	0	32	32
fanout-1-repeat-1	412	0	0	32	32
fanout-1-repeat-1	413	0	0	32	32
fanout-1-repeat-1	414	0	0	32	32
fanout-1-repeat-1	415	0	0	32	32
fanout-1-repeat-1	416	0	0	32	32
fanout-1-repeat-1	417	0	0	32	32
fanout-1-repeat-1	418	0	0	32	32
fanout-1-repeat-1	419	0	0	32	32
fanout-1-repeat-1	420	0	0	32	32
fanout-1-repeat-1	421	0	0	32	32
fanout-1-repeat-1	422	0	0	32	32
fanout-1-repeat-1	423	0	0	32	32
fanout-1-repeat-1	424	0	0	32	32
fanout-1-repeat-1	425	0	0	32	32
fanout-1-repeat-1	426	0	0	32	32
fanout-1-repeat-1	427	0	0	32	32
fanout-1-repeat-1	428	0	0	32	32
fanout-1-repeat-1	429	0	0	32	32
fanout-1-repeat-1	430	0	0	32	32
fanout-1-repeat-1	431	0	0	32	32
fanout-1-repeat-1	432	0	0	32	32
fanout-1-repeat-1	433	0	0	32	32
fanout-1-repeat-1	434	0	0	32	32
fanout-1-repeat-1	435	0	0	32	32
fanout-1-repeat-1	436	0	0	32	32
fanout-1-repeat-1	437	0	0	32	32
fanout-1-repeat-1	438	0	0	32	32
fanout-1-repeat-1	439	0	0	32	32
fanout-1-repeat-1	440	0	0	32	32
fanout-1-repeat-1	441	0	0	32	32
fanout-1-repeat-1	442	0	0	32	32
fanout-1-repeat-1	443	0	0	32	32
fanout-1-repeat-1	444	0	0	32	32
fanout-1-repeat-1	445	0	0	32	32
fanout-1-repeat-1	446	0	0	32	32
fanout-1-repeat-1	447	0	0	32	32
fanout-1-repeat-1	448	0	0	32	32
fanout-1-repeat-1	449	0	0	32	32
fanout-1-repeat-1	450	0	0	32	32
fanout-1-repeat-1	451	0	0	32	32
fanout-1-repeat-1	452	0	0	32	32
fanout-1-repeat-1	453	0	0	32	32
fanout-1-repeat-1	454	0	0	32	32
fanout-1-repeat-1	455	0	0	32	32
fanout-1-repeat-1	456	0	0	32	32
fanout-1-repeat-1	457	0	0	32	32
fanout-1-repeat-1	458	0	0	32	32
fanout-1-repeat-1	459	0	0	32	32
fanout-1-repeat-1	460	0	0	32	32
fanout-1-repeat-1	461	0	0	32	32
fanout-1-repeat-1	462	0	0	32	32
fanout-1-repeat-1	463	0	0	32	32
fanout-1-repeat-1	464	0	0	32	32
fanout-1-repeat-1	465	0	0	32	32
fanout-1-repeat-1	466	0	0	32	32
fanout-1-repeat-1	467	0	0	32	32
fanout-1-repeat-1	468	0	0	32	32
fanout-1-repeat-1	469	0	0	32	32
fanout-1-repeat-1	470	0	0	32	32
fanout-1-repeat-1	471	0	0	32	32
fanout-1-repeat-1	472	0	0	32	32
fanout-1-repeat-1	473	0	0	32	32
fanout-1-repeat-1	474	0	0	32	32
fanout-1-repeat-1	475	0	0	32	32
fanout-1-repeat-1	476	0	0	32	32
fanout-1-repeat-1	477	0	0	32	32
fanout-1-repeat-1	478	0	0	32	32
fanout-1-repeat-1	479	0	0	32	32
fanout-1-repeat-1	480	0	0	32	32
fanout-1-repeat-1	481	0	0	32	32
fanout-1-repeat-1	482	0	0	32	32
fanout-1-repeat-1	483	0	0	32	32
fanout-1-repeat-1	484	0	0	32	32
fanout-1-repeat-1	485	0	0	32	32
fanout-1-repeat-1	486	0	0	32	32
fanout-1-repeat-1	487	0	0	32	32
fanout-1-repeat-1	488	0	0	32	32
fanout-1-repeat-1	489	0	0	32	32
fanout-1-repeat-1	490	0	0	32	32
fanout-1-repeat-1	491	0	0	32	32
fanout-1-repeat-1	492	0	0	32	32
fanout-1-repeat-1	493	0	0	32	32
fanout-1-repeat-1	494	0	0	32	32
fanout-1-repeat-1	495	0	0	32	32
fanout-1-repeat-1	496	0	0	32	32
fanout-1-repeat-1	497	0	0	32	32
fanout-1-repeat-1	498	0	0	32	32
fanout-1-repeat-1	499	0	0	32	32
fanout-1-repeat-1	500	0	0	32	32
fanout-1-repeat-1	501	0	0	32	32
fanout-1-repeat-1	502	0	0	32	32
fanout-1-repeat-1	503	0	0	32	32
fanout-1-repeat-1	504	0	0	32	32
fanout-1-repeat-1	505	0	0	32	32
fanout-1-repeat-1	506	0	0	32	32
fanout-1-repeat-1	507	0	0	32	32
fanout-1-repeat-1	508	0	0	32	32
fanout-1-repeat-1	509	0	0	32	32
fanout-1-repeat-1	510	0	0	32	32
fanout-1-repeat-1	511	0	0	32	32
fanout-1-repeat-1	512	0	0	32	32
fanout-1-repeat-1	513	0	0	32	32
fanout-1-repeat-1	514	0	0	32	32
fanout-1-repeat-1	515	0	0	32	32
fanout-1-repeat-1	516	0	0	32	32
fanout-1-repeat-1	517	0	0	32	32
fanout-1-repeat-1	518	0	0	32	32
fanout-1-repeat-1	519	0	0	32	32
fanout-1-repeat-1	520	0	0	32	32
fanout-1-repeat-1	521	0	0	32	32
fanout-1-repeat-1	522	0	0	32	32
fanout-1-repeat-1	523	0	0	32	32
fanout-1-repeat-1	524	0	0	32	32
fanout-1-repeat-1	525	0	0	32	32
fanout-1-repeat-1	526	0	0	32	32
fanout-1-repeat-1	527	0	0	32	32
fanout-1-repeat-1	528	0	0	32	32
fanout-1-repeat-1	529	0	0	32	32
fanout-1-repeat-1	530	0	0	32	32
fanout-1-repeat-1	531	0	0	32	32
fanout-1-repeat-1	532	0	0	32	32
fanout-1-repeat-1	533	0	0	32	32
fanout-1-repeat-1	534	0	0	32	32
fanout-1-repeat-1	535	0	0	32	32
fanout-1-repeat-1	536	0	0	32	32
fanout-1-repeat-1	537	0	0	32	32
fanout-1-repeat-1	538	0	0	32	32
fanout-1-repeat-1	539	0	0	32	32
fanout-1-repeat-1	540	0	0	32	32
fanout-1-repeat-1	541	0	0	32	32
fanout-1-repeat-1	542	0	0	32	32
fanout-1-repeat-1	543	0	0	32	32
fanout-1-repeat-1	544	0	0	32	32
fanout-1-repeat-1	545	0	0	32	32
fanout-1-repeat-1	546	0	0	32	32
fanout-1-repeat-1	547	0	0	32	32
fanout-1-repeat-1	548	0	0	32	32
fanout-1-repeat-1	549	0	0	32	32
fanout-1-repeat-1	550	0	0	32	32
fanout-1-repeat-1	551	0	0	32	32
fanout-1-repeat-1	552	0	0	32	32
fanout-1-repeat-1	553	0	0	32	32
fanout-1-repeat-1	554	0	0	32	32
fanout-1-repeat-1	555	0	0	32	32
fanout-1-repeat-1	556	0	0	32	32
fanout-1-repeat-1	557	0	0	32	32
fanout-1-repeat-1	558	0	0	32	32
fanout-1-repeat-1	559	0	0	32	32
fanout-1-repeat-1	560	0	0	32	32
fanout-1-repeat-1	561	0	0	32	32
fanout-1-repeat-1	562	0	0	32	32
fanout-1-repeat-1	563	0	0	32	32
fanout-1-repeat-1	564	0	0	32	32
fanout-1-repeat-1	565	0	0	32	32
fanout-1-repeat-1	566	0	0	32	32
fanout-1-repeat-1	567	0	0	32	32
fanout-1-repeat-1	568	0	0	32	32
fanout-1-repeat-1	569	0	0	32	32
fanout-1-repeat-1	570	0	0	32	32
fanout-1-repeat-1	571	0	0	32	32
fanout-1-repeat-1	572	0	0	32	32
fanout-1-repeat-1	573	0	0	32	32
fanout-1-repeat-1	574	0	0	32	32
fanout-1-repeat-1	575	0	0	32	32
fanout-1-repeat-1	576	0	0	32	32
fanout-1-repeat-1	577	0	0	32	32
fanout-1-repeat-1	578	0	0	32	32
fanout-1-repeat-1	579	0	0	32	32
fanout-1-repeat-1	580	0	0	32	32
fanout-1-repeat-1	581	0	0	32	32
fanout-1-repeat-1	582	0	0	32	32
fanout-1-repeat-1	583	0	0	32	32
fanout-1-repeat-1	584	0	0	32	32
fanout-1-repeat-1	585	0	0	32	32
fanout-1-repeat-1	586	0	0	32	32
fanout-1-repeat-1	587	0	0	32	32
fanout-1-repeat-1	588	0	0	32	32
fanout-1-repeat-1	589	0	0	32	32
fanout-1-repeat-1	590	0	0	32	32
fanout-1-repeat-1	591	0	0	32	32
fanout-1-repeat-1	592	0	0	32	32
fanout-1-repeat-1	593	0	0	32	32
fanout-1-repeat-1	594	0	0	32	32
fanout-1-repeat-1	595	0	0	32	32
fanout-1-repeat-1	596	0	0	32	32
fanout-1-repeat-1	597	0	0	32	32
fanout-1-repeat-1	598	0	0	32	32
fanout-1-repeat-1	599	0	0	32	32
fanout-1-repeat-1	600	0	0	32	32
fanout-1-repeat-1	601	0	0	32	32
fanout-1-repeat-1	602	0	0	32	32
fanout-1-repeat-1	603	0	0	32	32
fanout-1-repeat-1	604	0	0	32	32
fanout-1-repeat-1	605	0	0	32	32
fanout-1-repeat-1	606	0	0	32	32
fanout-1-repeat-1	607	0	0	32	32
fanout-1-repeat-1	608	0	0	32	32
fanout-1-repeat-1	609	0	0	32	32
fanout-1-repeat-1	610	0	0	32	32
fanout-1-repeat-1	611	0	0	32	32
fanout-1-repeat-1	612	0	0	32	32
fanout-1-repeat-1	613	0	0	32	32
fanout-1-repeat-1	614	0	0	32	32
fanout-1-repeat-1	615	0	0	32	32
fanout-1-repeat-1	616	0	0	32	32
fanout-1-repeat-1	617	0	0	32	32
fanout-1-repeat-1	618	0	0	32	32
fanout-1-repeat-1	619	0	0	32	32
fanout-1-repeat-1	620	0	0	32	32
fanout-1-repeat-1	621	0	0	32	32
fanout-1-repeat-1	622	0	0	32	32
fanout-1-repeat-1	623	0	0	32	32
fanout-1-repeat-1	624	0	0	32	32
fanout-1-repeat-1	625	0	0	32	32
fanout-1-repeat-1	626	0	0	32	32
fanout-1-repeat-1	627	0	0	32	32
fanout-1-repeat-1	628	0	0	32	32
fanout-1-repeat-1	629	0	0	32	32
fanout-1-repeat-1	630	0	0	32	32
fanout-1-repeat-1	631	0	0	32	32
fanout-1-repeat-1	632	0	0	32	32
fanout-1-repeat-1	633	0	0	32	32
fanout-1-repeat-1	634	0	0	32	32
fanout-1-repeat-1	635	0	0	32	32
fanout-1-repeat-1	636	0	0	32	32
fanout-1-repeat-1	637	0	0	32	32
fanout-1-repeat-1	638	0	0	32	32
fanout-1-repeat-1	639	0	0	32	32
fanout-1-repeat-1	640	0	0	32	32
fanout-1-repeat-1	641	0	0	32	32
fanout-1-repeat-1	642	0	0	32	32
fanout-1-repeat-1	643	0	0	32	32
fanout-1-repeat-1	644	0	0	32	32
fanout-1-repeat-1	645	0	0	32	32
fanout-1-repeat-1	646	0	0	32	32
fanout-1-repeat-1	647	0	0	32	32
fanout-1-repeat-1	648	0	0	32	32
fanout-1-repeat-1	649	0	0	32	32
fanout-1-repeat-1	650	0	0	32	32
fanout-1-repeat-1	651	0	0	32	32
fanout-1-repeat-1	652	0	0	32	32
fanout-1-repeat-1	653	0	0	32	32
fanout-1-repeat-1	654	0	0	32	32
fanout-1-repeat-1	655	0	0	32	32
fanout-1-repeat-1	656	0	0	32	32
fanout-1-repeat-1	657	0	0	32	32
fanout-1-repeat-1	658	0	0	32	32
fanout-1-repeat-1	659	0	0	32	32
fanout-1-repeat-1	660	0	0	32	32
fanout-1-repeat-1	661	0	0	32	32
fanout-1-repeat-1	662	0	0	32	32
fanout-1-repeat-1	663	0	0	32	32
fanout-1-repeat-1	664	0	0	32	32
fanout-1-repeat-1	665	0	0	32	32
fanout-1-repeat-1	666	0	0	32	32
fanout-1-repeat-1	667	0	0	32	32
fanout-1-repeat-1	668	0	0	32	32
fanout-1-repeat-1	669	0	0	32	32
fanout-1-repeat-1	670	0	0	32	32
fanout-1-repeat-1	671	0	0	32	32
fanout-1-repeat-1	672	0	0	32	32
fanout-1-repeat-1	673	0	0	32	32
fanout-1-repeat-1	674	0	0	32	32
fanout-1-repeat-1	675	0	0	32	32
fanout-1-repeat-1	676	0	0	32	32
fanout-1-repeat-1	677	0	0	32	32
fanout-1-repeat-1	678	0	0	32	32
fanout-1-repeat-1	679	0	0	32	32
fanout-1-repeat-1	680	0	0	32	32
fanout-1-repeat-1	681	0	0	32	32
fanout-1-repeat-1	682	0	0	32	32
fanout-1-repeat-1	683	0	0	32	32
fanout-1-repeat-1	684	0	0	32	32
fanout-1-repeat-1	685	0	0	32	32
fanout-1-repeat-1	686	0	0	32	32
fanout-1-repeat-1	687	0	0	32	32
fanout-1-repeat-1	688	0	0	32	32
fanout-1-repeat-1	689	0	0	32	32
fanout-1-repeat-1	690	0	0	32	32
fanout-1-repeat-1	691	0	0	32	32
fanout-1-repeat-1	692	0	0	32	32
fanout-1-repeat-1	693	0	0	32	32
fanout-1-repeat-1	694	0	0	32	32
fanout-1-repeat-1	695	0	0	32	32
fanout-1-repeat-1	696	0	0	32	32
fanout-1-repeat-1	697	0	0	32	32
fanout-1-repeat-1	698	0	0	32	32
fanout-1-repeat-1	699	0	0	32	32
fanout-1-repeat-1	700	0	0	32	32
fanout-1-repeat-1	701	0	0	32	32
fanout-1-repeat-1	702	0	0	32	32
fanout-1-repeat-1	703	0	0	32	32
fanout-1-repeat-1	704	0	0	32	32
fanout-1-repeat-1	705	0	0	32	32
fanout-1-repeat-1	706	0	0	32	32
fanout-1-repeat-1	707	0	0	32	32
fanout-1-repeat-1	708	0	0	32	32
fanout-1-repeat-1	709	0	0	32	32
fanout-1-repeat-1	710	0	0	32	32
fanout-1-repeat-1	711	0	0	32	32
fanout-1-repeat-1	712	0	0	32	32
fanout-1-repeat-1	713	0	0	32	32
fanout-1-repeat-1	714	0	0	32	32
fanout-1-repeat-1	715	0	0	32	32
fanout-1-repeat-1	716	0	0	32	32
fanout-1-repeat-1	717	0	0	32	32
fanout-1-repeat-1	718	0	0	32	32
fanout-1-repeat-1	719	0	0	32	32
fanout-1-repeat-1	720	0	0	32	32
fanout-1-repeat-1	721	0	0	32	32
fanout-1-repeat-1	722	0	0	32	32
fanout-1-repeat-1	723	0	0	32	32
fanout-1-repeat-1	724	0	0	32	32
fanout-1-repeat-1	725	0	0	32	32
fanout-1-repeat-1	726	0	0	32	32
fanout-1-repeat-1	727	0	0	32	32
fanout-1-repeat-1	728	0	0	32	32
fanout-1-repeat-1	729	0	0	32	32
fanout-1-repeat-1	730	0	0	32	32
fanout-1-repeat-1	731	0	0	32	32
fanout-1-repeat-1	732	0	0	32	32
fanout-1-repeat-1	733	0	0	32	32
fanout-1-repeat-1	734	0	0	32	32
fanout-1-repeat-1	735	0	0	32	32
fanout-1-repeat-1	736	0	0	32	32
fanout-1-repeat-1	737	0	0	32	32
fanout-1-repeat-1	738	0	0	32	32
fanout-1-repeat-1	739	0	0	32	32
fanout-1-repeat-1	740	0	0	32	32
fanout-1-repeat-1	741	0	0	32	32
fanout-1-repeat-1	742	0	0	32	32
fanout-1-repeat-1	743	0	0	32	32
fanout-1-repeat-1	744	0	0	32	32
fanout-1-repeat-1	745	0	0	32	32
fanout-1-repeat-1	746	0	0	32	32
fanout-1-repeat-1	747	0	0	32	32
fanout-1-repeat-1	748	0	0	32	32
fanout-1-repeat-1	749	0	0	32	32
fanout-1-repeat-1	750	0	0	32	32
fanout-1-repeat-1	751	0	0	32	32
fanout-1-repeat-1	752	0	0	32	32
fanout-1-repeat-1	753	0	0	32	32
fanout-1-repeat-1	754	0	0	32	32
fanout-1-repeat-1	755	0	0	32	32
fanout-1-repeat-1	756	0	0	32	32
fanout-1-repeat-1	757	0	0	32	32
fanout-1-repeat-1	758	0	0	32	32
fanout-1-repeat-1	759	0	0	32	32
fanout-1-repeat-1	760	0	0	32	32
fanout-1-repeat-1	761	0	0	32	32
fanout-1-repeat-1	762	0	0	32	32
fanout-1-repeat-1	763	0	0	32	32
fanout-1-repeat-1	764	0	0	32	32
fanout-1-repeat-1	765	0	0	32	32
fanout-1-repeat-1	766	0	0	32	32
fanout-1-repeat-1	767	0	0	32	32
fanout-1-repeat-1	768	0	0	32	32
fanout-1-repeat-1	769	0	0	32	32
fanout-1-repeat-1	770	0	0	32	32
fanout-1-repeat-1	771	0	0	32	32
fanout-1-repeat-1	772	0	0	32	32
fanout-1-repeat-1	773	0	0	32	32
fanout-1-repeat-1	774	0	0	32	32
fanout-1-repeat-1	775	0	0	32	32
fanout-1-repeat-1	776	0	0	32	32
fanout-1-repeat-1	777	0	0	32	32
fanout-1-repeat-1	778	0	0	32	32
fanout-1-repeat-1	779	0	0	32	32
fanout-1-repeat-1	780	0	0	32	32
fanout-1-repeat-1	781	0	0	32	32
fanout-1-repeat-1	782	0	0	32	32
fanout-1-repeat-1	783	0	0	32	32
fanout-1-repeat-1	784	0	0	32	32
fanout-1-repeat-1	785	0	0	32	32
fanout-1-repeat-1	786	0	0	32	32
fanout-1-repeat-1	787	0	0	32	32
fanout-1-repeat-1	788	0	0	32	32
fanout-1-repeat-1	789	0	0	32	32
fanout-1-repeat-1	790	0	0	32	32
fanout-1-repeat-1	791	0	0	32	32
fanout-1-repeat-1	792	0	0	32	32
fanout-1-repeat-1	793	0	0	32	32
fanout-1-repeat-1	794	0	0	32	32
fanout-1-repeat-1	795	0	0	32	32
fanout-1-repeat-1	796	0	0	32	32
fanout-1-repeat-1	797	0	0	32	32
fanout-1-repeat-1	798	0	0	32	32
fanout-1-repeat-1	799	0	0	32	32
fanout-1-repeat-1	800	0	0	32	32
fanout-1-repeat-1	801	0	0	32	32
fanout-1-repeat-1	802	0	0	32	32
fanout-1-repeat-1	803	0	0	32	32
fanout-1-repeat-1	804	0	0	32	32
fanout-1-repeat-1	805	0	0	32	32
fanout-1-repeat-1	806	0	0	32	32
fanout-1-repeat-1	807	0	0	32	32
fanout-1-repeat-1	808	0	0	32	32
fanout-1-repeat-1	809	0	0	32	32
fanout-1-repeat-1	810	0	0	32	32
fanout-1-repeat-1	811	0	0	32	32
fanout-1-repeat-1	812	0	0	32	32
fanout-1-repeat-1	813	0	0	32	32
fanout-1-repeat-1	814	0	0	32	32
fanout-1-repeat-1	815	0	0	32	32
fanout-1-repeat-1	816	0	0	32	32
fanout-1-repeat-1	817	0	0	32	32
fanout-1-repeat-1	818	0	0	32	32
fanout-1-repeat-1	819	0	0	32	32
fanout-1-repeat-1	820	0	0	32	32
fanout-1-repeat-1	821	0	0	32	32
fanout-1-repeat-1	822	0	0	32	32
fanout-1-repeat-1	823	0	0	32	32
fanout-1-repeat-1	824	0	0	32	32
fanout-1-repeat-1	825	0	0	32	32
fanout-1-repeat-1	826	0	0	32	32
fanout-1-repeat-1	827	0	0	32	32
fanout-1-repeat-1	828	0	0	32	32
fanout-1-repeat-1	829	0	0	32	32
fanout-1-repeat-1	830	0	0	32	32
fanout-1-repeat-1	831	0	0	32	32
fanout-1-repeat-1	832	0	0	32	32
fanout-1-repeat-1	833	0	0	32	32
fanout-1-repeat-1	834	0	0	32	32
fanout-1-repeat-1	835	0	0	32	32
fanout-1-repeat-1	836	0	0	32	32
fanout-1-repeat-1	837	0	0	32	32
fanout-1-repeat-1	838	0	0	32	32
fanout-1-repeat-1	839	0	0	32	32
fanout-1-repeat-1	840	0	0	32	32
fanout-1-repeat-1	841	0	0	32	32
fanout-1-repeat-1	842	0	0	32	32
fanout-1-repeat-1	843	0	0	32	32
fanout-1-repeat-1	844	0	0	32	32
fanout-1-repeat-1	845	0	0	32	32
fanout-1-repeat-1	846	0	0	32	32
fanout-1-repeat-1	847	0	0	32	32
fanout-1-repeat-1	848	0	0	32	32
fanout-1-repeat-1	849	0	0	32	32
fanout-1-repeat-1	850	0	0	32	32
fanout-1-repeat-1	851	0	0	32	32
fanout-1-repeat-1	852	0	0	32	32
fanout-1-repeat-1	853	0	0	32	32
fanout-1-repeat-1	854	0	0	32	32
fanout-1-repeat-1	855	0	0	32	32
fanout-1-repeat-1	856	0	0	32	32
fanout-1-repeat-1	857	0	0	32	32
fanout-1-repeat-1	858	0	0	32	32
fanout-1-repeat-1	859	0	0	32	32
fanout-1-repeat-1	860	0	0	32	32
fanout-1-repeat-1	861	0	0	32	32
fanout-1-repeat-1	862	0	0	32	32
fanout-1-repeat-1	863	0	0	32	32
fanout-1-repeat-1	864	0	0	32	32
fanout-1-repeat-1	865	0	0	32	32
fanout-1-repeat-1	866	0	0	32	32
fanout-1-repeat-1	867	0	0	32	32
fanout-1-repeat-1	868	0	0	32	32
fanout-1-repeat-1	869	0	0	32	32
fanout-1-repeat-1	870	0	0	32	32
fanout-1-repeat-1	871	0	0	32	32
fanout-1-repeat-1	872	0	0	32	32
fanout-1-repeat-1	873	0	0	32	32
fanout-1-repeat-1	874	0	0	32	32
fanout-1-repeat-1	875	0	0	32	32
fanout-1-repeat-1	876	0	0	32	32
fanout-1-repeat-1	877	0	0	32	32
fanout-1-repeat-1	878	0	0	32	32
fanout-1-repeat-1	879	0	0	32	32
fanout-1-repeat-1	880	0	0	32	32
fanout-1-repeat-1	881	0	0	32	32
fanout-1-repeat-1	882	0	0	32	32
fanout-1-repeat-1	883	0	0	32	32
fanout-1-repeat-1	884	0	0	32	32
fanout-1-repeat-1	885	0	0	32	32
fanout-1-repeat-1	886	0	0	32	32
fanout-1-repeat-1	887	0	0	32	32
fanout-1-repeat-1	888	0	0	32	32
fanout-1-repeat-1	889	0	0	32	32
fanout-1-repeat-1	890	0	0	32	32
fanout-1-repeat-1	891	0	0	32	32
fanout-1-repeat-1	892	0	0	32	32
fanout-1-repeat-1	893	0	0	32	32
fanout-1-repeat-1	894	0	0	32	32
fanout-1-repeat-1	895	0	0	32	32
fanout-1-repeat-1	896	0	0	32	32
fanout-1-repeat-1	897	0	0	32	32
fanout-1-repeat-1	898	0	0	32	32
fanout-1-repeat-1	899	0	0	32	32
fanout-1-repeat-1	900	0	0	32	32
fanout-1-repeat-1	901	0	0	32	32
fanout-1-repeat-1	902	0	0	32	32
fanout-1-repeat-1	903	0	0	32	32
fanout-1-repeat-1	904	0	0	32	32
fanout-1-repeat-1	905	0	0	32	32
fanout-1-repeat-1	906	0	0	32	32
fanout-1-repeat-1	907	0	0	32	32
fanout-1-repeat-1	908	0	0	32	32
fanout-1-repeat-1	909	0	0	32	32
fanout-1-repeat-1	910	0	0	32	32
fanout-1-repeat-1	911	0	0	32	32
fanout-1-repeat-1	912	0	0	32	32
fanout-1-repeat-1	913	0	0	32	32
fanout-1-repeat-1	914	0	0	32	32
fanout-1-repeat-1	915	0	0	32	32
fanout-1-repeat-1	916	0	0	32	32
fanout-1-repeat-1	917	0	0	32	32
fanout-1-repeat-1	918	0	0	32	32
fanout-1-repeat-1	919	0	0	32	32
fanout-1-repeat-1	920	0	0	32	32
fanout-1-repeat-1	921	0	0	32	32
fanout-1-repeat-1	922	0	0	32	32
fanout-1-repeat-1	923	0	0	32	32
fanout-1-repeat-1	924	0	0	32	32
fanout-1-repeat-1	925	0	0	32	32
fanout-1-repeat-1	926	0	0	32	32
fanout-1-repeat-1	927	0	0	32	32
fanout-1-repeat-1	928	0	0	32	32
fanout-1-repeat-1	929	0	0	32	32
fanout-1-repeat-1	930	0	0	32	32
fanout-1-repeat-1	931	0	0	32	32
fanout-1-repeat-1	932	0	0	32	32
fanout-1-repeat-1	933	0	0	32	32
fanout-1-repeat-1	934	0	0	32	32
fanout-1-repeat-1	935	0	0	32	32
fanout-1-repeat-1	936	0	0	32	32
fanout-1-repeat-1	937	0	0	32	32
fanout-1-repeat-1	938	0	0	32	32
fanout-1-repeat-1	939	0	0	32	32
fanout-1-repeat-1	940	0	0	32	32
fanout-1-repeat-1	941	0	0	32	32
fanout-1-repeat-1	942	0	0	32	32
fanout-1-repeat-1	943	0	0	32	32
fanout-1-repeat-1	944	0	0	32	32
fanout-1-repeat-1	945	0	0	32	32
fanout-1-repeat-1	946	0	0	32	32
fanout-1-repeat-1	947	0	0	32	32
fanout-1-repeat-1	948	0	0	32	32
fanout-1-repeat-1	949	0	0	32	32
fanout-1-repeat-1	950	0	0	32	32
fanout-1-repeat-1	951	0	0	32	32
fanout-1-repeat-1	952	0	0	32	32
fanout-1-repeat-1	953	0	0	32	32
fanout-1-repeat-1	954	0	0	32	32
fanout-1-repeat-1	955	0	0	32	32
fanout-1-repeat-1	956	0	0	32	32
fanout-1-repeat-1	957	0	0	32	32
fanout-1-repeat-1	958	0	0	32	32
fanout-1-repeat-1	959	0	0	32	32
fanout-1-repeat-1	960	0	0	32	32
fanout-1-repeat-1	961	0	0	32	32
fanout-1-repeat-1	962	0	0	32	32
fanout-1-repeat-1	963	0	0	32	32
fanout-1-repeat-1	964	0	0	32	32
fanout-1-repeat-1	965	0	0	32	32
fanout-1-repeat-1	966	0	0	32	32
fanout-1-repeat-1	967	0	0	32	32
fanout-1-repeat-1	968	0	0	32	32
fanout-1-repeat-1	969	0	0	32	32
fanout-1-repeat-1	970	0	0	32	32
fanout-1-repeat-1	971	0	0	32	32
fanout-1-repeat-1	972	0	0	32	32
fanout-1-repeat-1	973	0	0	32	32
fanout-1-repeat-1	974	0	0	32	32
fanout-1-repeat-1	975	0	0	32	32
fanout-1-repeat-1	976	0	0	32	32
fanout-1-repeat-1	977	0	0	32	32
fanout-1-repeat-1	978	0	0	32	32
fanout-1-repeat-1	979	0	0	32	32
fanout-1-repeat-1	980	0	0	32	32
fanout-1-repeat-1	981	0	0	32	32
fanout-1-repeat-1	982	0	0	32	32
fanout-1-repeat-1	983	0	0	32	32
fanout-1-repeat-1	984	0	0	32	32
fanout-1-repeat-1	985	0	0	32	32
fanout-1-repeat-1	986	0	0	32	32
fanout-1-repeat-1	987	0	0	32	32
fanout-1-repeat-1	988	0	0	32	32
fanout-1-repeat-1	989	0	0	32	32
fanout-1-repeat-1	990	0	0	32	32
fanout-1-repeat-1	991	0	0	32	32
fanout-1-repeat-1	992	0	0	32	32
fanout-1-repeat-1	993	0	0	32	32
fanout-1-repeat-1	994	0	0	32	32
fanout-1-repeat-1	995	0	0	32	32
fanout-1-repeat-1	996	0	0	32	32
fanout-1-repeat-1	997	0	0	32	32
fanout-1-repeat-1	998	0	0	32	32
fanout-1-repeat-1	999	0	0	32	32
fanout-1-repeat-1	1000	0	0	32	32
fanout-1-repeat-1	1001	0	0	32	32
fanout-1-repeat-1	1002	0	0	32	32
fanout-1-repeat-1	1003	0	0	32	32
fanout-1-repeat-1	1004	0	0	32	32
fanout-1-repeat-1	1005	0	0	32	32
fanout-1-repeat-1	1006	0	0	32	32
fanout-1-repeat-1	1007	0	0	32	32
fanout-1-repeat-1	1008	0	0	32	32
fanout-1-repeat-1	1009	0	0	32	32
fanout-1-repeat-1	1010	0	0	32	32
fanout-1-repeat-1	1011	0	0	32	32
fanout-1-repeat-1	1012	0	0	32	32
fanout-1-repeat-1	1013	0	0	32	32
fanout-1-repeat-1	1014	0	0	32	32
fanout-1-repeat-1	1015	0	0	32	32
fanout-1-repeat-1	1016	0	0	32	32
fanout-1-repeat-1	1017	0	0	32	32
fanout-1-repeat-1	1018	0	0	32	32
fanout-1-repeat-1	1019	0	0	32	32
fanout-1-repeat-1	1020	0	0	32	32
fanout-1-repeat-1	1021	0	0	32	32
fanout-1-repeat-1	1022	0	0	32	32
fanout-1-repeat-1	1023	0	0	32	32
fanout-1-repeat-1	1024	0	0	32	32
fanout-1-repeat-1	1025	0	0	32	32
fanout-1-repeat-2	26	0	0	32	32
fanout-1-repeat-2	27	0	0	32	32
fanout-1-repeat-2	28	0	0	32	32
fanout-1-repeat-2	29	0	0	32	32
fanout-1-repeat-2	30	0	0	32	32
fanout-1-repeat-2	31	0	0	32	32
fanout-1-repeat-2	32	0	0	32	32
fanout-1-repeat-2	33	0	0	32	32
fanout-1-repeat-2	34	0	0	32	32
fanout-1-repeat-2	35	0	0	32	32
fanout-1-repeat-2	36	0	0	32	32
fanout-1-repeat-2	37	0	0	32	32
fanout-1-repeat-2	38	0	0	32	32
fanout-1-repeat-2	39	0	0	32	32
fanout-1-repeat-2	40	0	0	32	32
fanout-1-repeat-2	41	0	0	32	32
fanout-1-repeat-2	42	0	0	32	32
fanout-1-repeat-2	43	0	0	32	32
fanout-1-repeat-2	44	0	0	32	32
fanout-1-repeat-2	45	0	0	32	32
fanout-1-repeat-2	46	0	0	32	32
fanout-1-repeat-2	47	0	0	32	32
fanout-1-repeat-2	48	0	0	32	32
fanout-1-repeat-2	49	0	0	32	32
fanout-1-repeat-2	50	0	0	32	32
fanout-1-repeat-2	51	0	0	32	32
fanout-1-repeat-2	52	0	0	32	32
fanout-1-repeat-2	53	0	0	32	32
fanout-1-repeat-2	54	0	0	32	32
fanout-1-repeat-2	55	0	0	32	32
fanout-1-repeat-2	56	0	0	32	32
fanout-1-repeat-2	57	0	0	32	32
fanout-1-repeat-2	58	0	0	32	32
fanout-1-repeat-2	59	0	0	32	32
fanout-1-repeat-2	60	0	0	32	32
fanout-1-repeat-2	61	0	0	32	32
fanout-1-repeat-2	62	0	0	32	32
fanout-1-repeat-2	63	0	0	32	32
fanout-1-repeat-2	64	0	0	32	32
fanout-1-repeat-2	65	0	0	32	32
fanout-1-repeat-2	66	0	0	32	32
fanout-1-repeat-2	67	0	0	32	32
fanout-1-repeat-2	68	0	0	32	32
fanout-1-repeat-2	69	0	0	32	32
fanout-1-repeat-2	70	0	0	32	32
fanout-1-repeat-2	71	0	0	32	32
fanout-1-repeat-2	72	0	0	32	32
fanout-1-repeat-2	73	0	0	32	32
fanout-1-repeat-2	74	0	0	32	32
fanout-1-repeat-2	75	0	0	32	32
fanout-1-repeat-2	76	0	0	32	32
fanout-1-repeat-2	77	0	0	32	32
fanout-1-repeat-2	78	0	0	32	32
fanout-1-repeat-2	79	0	0	32	32
fanout-1-repeat-2	80	0	0	32	32
fanout-1-repeat-2	81	0	0	32	32
fanout-1-repeat-2	82	0	0	32	32
fanout-1-repeat-2	83	0	0	32	32
fanout-1-repeat-2	84	0	0	32	32
fanout-1-repeat-2	85	0	0	32	32
fanout-1-repeat-2	86	0	0	32	32
fanout-1-repeat-2	87	0	0	32	32
fanout-1-repeat-2	88	0	0	32	32
fanout-1-repeat-2	89	0	0	32	32
fanout-1-repeat-2	90	0	0	32	32
fanout-1-repeat-2	91	0	0	32	32
fanout-1-repeat-2	92	0	0	32	32
fanout-1-repeat-2	93	0	0	32	32
fanout-1-repeat-2	94	0	0	32	32
fanout-1-repeat-2	95	0	0	32	32
fanout-1-repeat-2	96	0	0	32	32
fanout-1-repeat-2	97	0	0	32	32
fanout-1-repeat-2	98	0	0	32	32
fanout-1-repeat-2	99	0	0	32	32
fanout-1-repeat-2	100	0	0	32	32
fanout-1-repeat-2	101	0	0	32	32
fanout-1-repeat-2	102	0	0	32	32
fanout-1-repeat-2	103	0	0	32	32
fanout-1-repeat-2	104	0	0	32	32
fanout-1-repeat-2	105	0	0	32	32
fanout-1-repeat-2	106	0	0	32	32
fanout-1-repeat-2	107	0	0	32	32
fanout-1-repeat-2	108	0	0	32	32
fanout-1-repeat-2	109	0	0	32	32
fanout-1-repeat-2	110	0	0	32	32
fanout-1-repeat-2	111	0	0	32	32
fanout-1-repeat-2	112	0	0	32	32
fanout-1-repeat-2	113	0	0	32	32
fanout-1-repeat-2	114	0	0	32	32
fanout-1-repeat-2	115	0	0	32	32
fanout-1-repeat-2	116	0	0	32	32
fanout-1-repeat-2	117	0	0	32	32
fanout-1-repeat-2	118	0	0	32	32
fanout-1-repeat-2	119	0	0	32	32
fanout-1-repeat-2	120	0	0	32	32
fanout-1-repeat-2	121	0	0	32	32
fanout-1-repeat-2	122	0	0	32	32
fanout-1-repeat-2	123	0	0	32	32
fanout-1-repeat-2	124	0	0	32	32
fanout-1-repeat-2	125	0	0	32	32
fanout-1-repeat-2	126	0	0	32	32
fanout-1-repeat-2	127	0	0	32	32
fanout-1-repeat-2	128	0	0	32	32
fanout-1-repeat-2	129	0	0	32	32
fanout-1-repeat-2	130	0	0	32	32
fanout-1-repeat-2	131	0	0	32	32
fanout-1-repeat-2	132	0	0	32	32
fanout-1-repeat-2	133	0	0	32	32
fanout-1-repeat-2	134	0	0	32	32
fanout-1-repeat-2	135	0	0	32	32
fanout-1-repeat-2	136	0	0	32	32
fanout-1-repeat-2	137	0	0	32	32
fanout-1-repeat-2	138	0	0	32	32
fanout-1-repeat-2	139	0	0	32	32
fanout-1-repeat-2	140	0	0	32	32
fanout-1-repeat-2	141	0	0	32	32
fanout-1-repeat-2	142	0	0	32	32
fanout-1-repeat-2	143	0	0	32	32
fanout-1-repeat-2	144	0	0	32	32
fanout-1-repeat-2	145	0	0	32	32
fanout-1-repeat-2	146	0	0	32	32
fanout-1-repeat-2	147	0	0	32	32
fanout-1-repeat-2	148	0	0	32	32
fanout-1-repeat-2	149	0	0	32	32
fanout-1-repeat-2	150	0	0	32	32
fanout-1-repeat-2	151	0	0	32	32
fanout-1-repeat-2	152	0	0	32	32
fanout-1-repeat-2	153	0	0	32	32
fanout-1-repeat-2	154	0	0	32	32
fanout-1-repeat-2	155	0	0	32	32
fanout-1-repeat-2	156	0	0	32	32
fanout-1-repeat-2	157	0	0	32	32
fanout-1-repeat-2	158	0	0	32	32
fanout-1-repeat-2	159	0	0	32	32
fanout-1-repeat-2	160	0	0	32	32
fanout-1-repeat-2	161	0	0	32	32
fanout-1-repeat-2	162	0	0	32	32
fanout-1-repeat-2	163	0	0	32	32
fanout-1-repeat-2	164	0	0	32	32
fanout-1-repeat-2	165	0	0	32	32
fanout-1-repeat-2	166	0	0	32	32
fanout-1-repeat-2	167	0	0	32	32
fanout-1-repeat-2	168	0	0	32	32
fanout-1-repeat-2	169	0	0	32	32
fanout-1-repeat-2	170	0	0	32	32
fanout-1-repeat-2	171	0	0	32	32
fanout-1-repeat-2	172	0	0	32	32
fanout-1-repeat-2	173	0	0	32	32
fanout-1-repeat-2	174	0	0	32	32
fanout-1-repeat-2	175	0	0	32	32
fanout-1-repeat-2	176	0	0	32	32
fanout-1-repeat-2	177	0	0	32	32
fanout-1-repeat-2	178	0	0	32	32
fanout-1-repeat-2	179	0	0	32	32
fanout-1-repeat-2	180	0	0	32	32
fanout-1-repeat-2	181	0	0	32	32
fanout-1-repeat-2	182	0	0	32	32
fanout-1-repeat-2	183	0	0	32	32
fanout-1-repeat-2	184	0	0	32	32
fanout-1-repeat-2	185	0	0	32	32
fanout-1-repeat-2	186	0	0	32	32
fanout-1-repeat-2	187	0	0	32	32
fanout-1-repeat-2	188	0	0	32	32
fanout-1-repeat-2	189	0	0	32	32
fanout-1-repeat-2	190	0	0	32	32
fanout-1-repeat-2	191	0	0	32	32
fanout-1-repeat-2	192	0	0	32	32
fanout-1-repeat-2	193	0	0	32	32
fanout-1-repeat-2	194	0	0	32	32
fanout-1-repeat-2	195	0	0	32	32
fanout-1-repeat-2	196	0	0	32	32
fanout-1-repeat-2	197	0	0	32	32
fanout-1-repeat-2	198	0	0	32	32
fanout-1-repeat-2	199	0	0	32	32
fanout-1-repeat-2	200	0	0	32	32
fanout-1-repeat-2	201	0	0	32	32
fanout-1-repeat-2	202	0	0	32	32
fanout-1-repeat-2	203	0	0	32	32
fanout-1-repeat-2	204	0	0	32	32
fanout-1-repeat-2	205	0	0	32	32
fanout-1-repeat-2	206	0	0	32	32
fanout-1-repeat-2	207	0	0	32	32
fanout-1-repeat-2	208	0	0	32	32
fanout-1-repeat-2	209	0	0	32	32
fanout-1-repeat-2	210	0	0	32	32
fanout-1-repeat-2	211	0	0	32	32
fanout-1-repeat-2	212	0	0	32	32
fanout-1-repeat-2	213	0	0	32	32
fanout-1-repeat-2	214	0	0	32	32
fanout-1-repeat-2	215	0	0	32	32
fanout-1-repeat-2	216	0	0	32	32
fanout-1-repeat-2	217	0	0	32	32
fanout-1-repeat-2	218	0	0	32	32
fanout-1-repeat-2	219	0	0	32	32
fanout-1-repeat-2	220	0	0	32	32
fanout-1-repeat-2	221	0	0	32	32
fanout-1-repeat-2	222	0	0	32	32
fanout-1-repeat-2	223	0	0	32	32
fanout-1-repeat-2	224	0	0	32	32
fanout-1-repeat-2	225	0	0	32	32
fanout-1-repeat-2	226	0	0	32	32
fanout-1-repeat-2	227	0	0	32	32
fanout-1-repeat-2	228	0	0	32	32
fanout-1-repeat-2	229	0	0	32	32
fanout-1-repeat-2	230	0	0	32	32
fanout-1-repeat-2	231	0	0	32	32
fanout-1-repeat-2	232	0	0	32	32
fanout-1-repeat-2	233	0	0	32	32
fanout-1-repeat-2	234	0	0	32	32
fanout-1-repeat-2	235	0	0	32	32
fanout-1-repeat-2	236	0	0	32	32
fanout-1-repeat-2	237	0	0	32	32
fanout-1-repeat-2	238	0	0	32	32
fanout-1-repeat-2	239	0	0	32	32
fanout-1-repeat-2	240	0	0	32	32
fanout-1-repeat-2	241	0	0	32	32
fanout-1-repeat-2	242	0	0	32	32
fanout-1-repeat-2	243	0	0	32	32
fanout-1-repeat-2	244	0	0	32	32
fanout-1-repeat-2	245	0	0	32	32
fanout-1-repeat-2	246	0	0	32	32
fanout-1-repeat-2	247	0	0	32	32
fanout-1-repeat-2	248	0	0	32	32
fanout-1-repeat-2	249	0	0	32	32
fanout-1-repeat-2	250	0	0	32	32
fanout-1-repeat-2	251	0	0	32	32
fanout-1-repeat-2	252	0	0	32	32
fanout-1-repeat-2	253	0	0	32	32
fanout-1-repeat-2	254	0	0	32	32
fanout-1-repeat-2	255	0	0	32	32
fanout-1-repeat-2	256	0	0	32	32
fanout-1-repeat-2	257	0	0	32	32
fanout-1-repeat-2	258	0	0	32	32
fanout-1-repeat-2	259	0	0	32	32
fanout-1-repeat-2	260	0	0	32	32
fanout-1-repeat-2	261	0	0	32	32
fanout-1-repeat-2	262	0	0	32	32
fanout-1-repeat-2	263	0	0	32	32
fanout-1-repeat-2	264	0	0	32	32
fanout-1-repeat-2	265	0	0	32	32
fanout-1-repeat-2	266	0	0	32	32
fanout-1-repeat-2	267	0	0	32	32
fanout-1-repeat-2	268	0	0	32	32
fanout-1-repeat-2	269	0	0	32	32
fanout-1-repeat-2	270	0	0	32	32
fanout-1-repeat-2	271	0	0	32	32
fanout-1-repeat-2	272	0	0	32	32
fanout-1-repeat-2	273	0	0	32	32
fanout-1-repeat-2	274	0	0	32	32
fanout-1-repeat-2	275	0	0	32	32
fanout-1-repeat-2	276	0	0	32	32
fanout-1-repeat-2	277	0	0	32	32
fanout-1-repeat-2	278	0	0	32	32
fanout-1-repeat-2	279	0	0	32	32
fanout-1-repeat-2	280	0	0	32	32
fanout-1-repeat-2	281	0	0	32	32
fanout-1-repeat-2	282	0	0	32	32
fanout-1-repeat-2	283	0	0	32	32
fanout-1-repeat-2	284	0	0	32	32
fanout-1-repeat-2	285	0	0	32	32
fanout-1-repeat-2	286	0	0	32	32
fanout-1-repeat-2	287	0	0	32	32
fanout-1-repeat-2	288	0	0	32	32
fanout-1-repeat-2	289	0	0	32	32
fanout-1-repeat-2	290	0	0	32	32
fanout-1-repeat-2	291	0	0	32	32
fanout-1-repeat-2	292	0	0	32	32
fanout-1-repeat-2	293	0	0	32	32
fanout-1-repeat-2	294	0	0	32	32
fanout-1-repeat-2	295	0	0	32	32
fanout-1-repeat-2	296	0	0	32	32
fanout-1-repeat-2	297	0	0	32	32
fanout-1-repeat-2	298	0	0	32	32
fanout-1-repeat-2	299	0	0	32	32
fanout-1-repeat-2	300	0	0	32	32
fanout-1-repeat-2	301	0	0	32	32
fanout-1-repeat-2	302	0	0	32	32
fanout-1-repeat-2	303	0	0	32	32
fanout-1-repeat-2	304	0	0	32	32
fanout-1-repeat-2	305	0	0	32	32
fanout-1-repeat-2	306	0	0	32	32
fanout-1-repeat-2	307	0	0	32	32
fanout-1-repeat-2	308	0	0	32	32
fanout-1-repeat-2	309	0	0	32	32
fanout-1-repeat-2	310	0	0	32	32
fanout-1-repeat-2	311	0	0	32	32
fanout-1-repeat-2	312	0	0	32	32
fanout-1-repeat-2	313	0	0	32	32
fanout-1-repeat-2	314	0	0	32	32
fanout-1-repeat-2	315	0	0	32	32
fanout-1-repeat-2	316	0	0	32	32
fanout-1-repeat-2	317	0	0	32	32
fanout-1-repeat-2	318	0	0	32	32
fanout-1-repeat-2	319	0	0	32	32
fanout-1-repeat-2	320	0	0	32	32
fanout-1-repeat-2	321	0	0	32	32
fanout-1-repeat-2	322	0	0	32	32
fanout-1-repeat-2	323	0	0	32	32
fanout-1-repeat-2	324	0	0	32	32
fanout-1-repeat-2	325	0	0	32	32
fanout-1-repeat-2	326	0	0	32	32
fanout-1-repeat-2	327	0	0	32	32
fanout-1-repeat-2	328	0	0	32	32
fanout-1-repeat-2	329	0	0	32	32
fanout-1-repeat-2	330	0	0	32	32
fanout-1-repeat-2	331	0	0	32	32
fanout-1-repeat-2	332	0	0	32	32
fanout-1-repeat-2	333	0	0	32	32
fanout-1-repeat-2	334	0	0	32	32
fanout-1-repeat-2	335	0	0	32	32
fanout-1-repeat-2	336	0	0	32	32
fanout-1-repeat-2	337	0	0	32	32
fanout-1-repeat-2	338	0	0	32	32
fanout-1-repeat-2	339	0	0	32	32
fanout-1-repeat-2	340	0	0	32	32
fanout-1-repeat-2	341	0	0	32	32
fanout-1-repeat-2	342	0	0	32	32
fanout-1-repeat-2	343	0	0	32	32
fanout-1-repeat-2	344	0	0	32	32
fanout-1-repeat-2	345	0	0	32	32
fanout-1-repeat-2	346	0	0	32	32
fanout-1-repeat-2	347	0	0	32	32
fanout-1-repeat-2	348	0	0	32	32
fanout-1-repeat-2	349	0	0	32	32
fanout-1-repeat-2	350	0	0	32	32
fanout-1-repeat-2	351	0	0	32	32
fanout-1-repeat-2	352	0	0	32	32
fanout-1-repeat-2	353	0	0	32	32
fanout-1-repeat-2	354	0	0	32	32
fanout-1-repeat-2	355	0	0	32	32
fanout-1-repeat-2	356	0	0	32	32
fanout-1-repeat-2	357	0	0	32	32
fanout-1-repeat-2	358	0	0	32	32
fanout-1-repeat-2	359	0	0	32	32
fanout-1-repeat-2	360	0	0	32	32
fanout-1-repeat-2	361	0	0	32	32
fanout-1-repeat-2	362	0	0	32	32
fanout-1-repeat-2	363	0	0	32	32
fanout-1-repeat-2	364	0	0	32	32
fanout-1-repeat-2	365	0	0	32	32
fanout-1-repeat-2	366	0	0	32	32
fanout-1-repeat-2	367	0	0	32	32
fanout-1-repeat-2	368	0	0	32	32
fanout-1-repeat-2	369	0	0	32	32
fanout-1-repeat-2	370	0	0	32	32
fanout-1-repeat-2	371	0	0	32	32
fanout-1-repeat-2	372	0	0	32	32
fanout-1-repeat-2	373	0	0	32	32
fanout-1-repeat-2	374	0	0	32	32
fanout-1-repeat-2	375	0	0	32	32
fanout-1-repeat-2	376	0	0	32	32
fanout-1-repeat-2	377	0	0	32	32
fanout-1-repeat-2	378	0	0	32	32
fanout-1-repeat-2	379	0	0	32	32
fanout-1-repeat-2	380	0	0	32	32
fanout-1-repeat-2	381	0	0	32	32
fanout-1-repeat-2	382	0	0	32	32
fanout-1-repeat-2	383	0	0	32	32
fanout-1-repeat-2	384	0	0	32	32
fanout-1-repeat-2	385	0	0	32	32
fanout-1-repeat-2	386	0	0	32	32
fanout-1-repeat-2	387	0	0	32	32
fanout-1-repeat-2	388	0	0	32	32
fanout-1-repeat-2	389	0	0	32	32
fanout-1-repeat-2	390	0	0	32	32
fanout-1-repeat-2	391	0	0	32	32
fanout-1-repeat-2	392	0	0	32	32
fanout-1-repeat-2	393	0	0	32	32
fanout-1-repeat-2	394	0	0	32	32
fanout-1-repeat-2	395	0	0	32	32
fanout-1-repeat-2	396	0	0	32	32
fanout-1-repeat-2	397	0	0	32	32
fanout-1-repeat-2	398	0	0	32	32
fanout-1-repeat-2	399	0	0	32	32
fanout-1-repeat-2	400	0	0	32	32
fanout-1-repeat-2	401	0	0	32	32
fanout-1-repeat-2	402	0	0	32	32
fanout-1-repeat-2	403	0	0	32	32
fanout-1-repeat-2	404	0	0	32	32
fanout-1-repeat-2	405	0	0	32	32
fanout-1-repeat-2	406	0	0	32	32
fanout-1-repeat-2	407	0	0	32	32
fanout-1-repeat-2	408	0	0	32	32
fanout-1-repeat-2	409	0	0	32	32
fanout-1-repeat-2	410	0	0	32	32
fanout-1-repeat-2	411	0	0	32	32
fanout-1-repeat-2	412	0	0	32	32
fanout-1-repeat-2	413	0	0	32	32
fanout-1-repeat-2	414	0	0	32	32
fanout-1-repeat-2	415	0	0	32	32
fanout-1-repeat-2	416	0	0	32	32
fanout-1-repeat-2	417	0	0	32	32
fanout-1-repeat-2	418	0	0	32	32
fanout-1-repeat-2	419	0	0	32	32
fanout-1-repeat-2	420	0	0	32	32
fanout-1-repeat-2	421	0	0	32	32
fanout-1-repeat-2	422	0	0	32	32
fanout-1-repeat-2	423	0	0	32	32
fanout-1-repeat-2	424	0	0	32	32
fanout-1-repeat-2	425	0	0	32	32
fanout-1-repeat-2	426	0	0	32	32
fanout-1-repeat-2	427	0	0	32	32
fanout-1-repeat-2	428	0	0	32	32
fanout-1-repeat-2	429	0	0	32	32
fanout-1-repeat-2	430	0	0	32	32
fanout-1-repeat-2	431	0	0	32	32
fanout-1-repeat-2	432	0	0	32	32
fanout-1-repeat-2	433	0	0	32	32
fanout-1-repeat-2	434	0	0	32	32
fanout-1-repeat-2	435	0	0	32	32
fanout-1-repeat-2	436	0	0	32	32
fanout-1-repeat-2	437	0	0	32	32
fanout-1-repeat-2	438	0	0	32	32
fanout-1-repeat-2	439	0	0	32	32
fanout-1-repeat-2	440	0	0	32	32
fanout-1-repeat-2	441	0	0	32	32
fanout-1-repeat-2	442	0	0	32	32
fanout-1-repeat-2	443	0	0	32	32
fanout-1-repeat-2	444	0	0	32	32
fanout-1-repeat-2	445	0	0	32	32
fanout-1-repeat-2	446	0	0	32	32
fanout-1-repeat-2	447	0	0	32	32
fanout-1-repeat-2	448	0	0	32	32
fanout-1-repeat-2	449	0	0	32	32
fanout-1-repeat-2	450	0	0	32	32
fanout-1-repeat-2	451	0	0	32	32
fanout-1-repeat-2	452	0	0	32	32
fanout-1-repeat-2	453	0	0	32	32
fanout-1-repeat-2	454	0	0	32	32
fanout-1-repeat-2	455	0	0	32	32
fanout-1-repeat-2	456	0	0	32	32
fanout-1-repeat-2	457	0	0	32	32
fanout-1-repeat-2	458	0	0	32	32
fanout-1-repeat-2	459	0	0	32	32
fanout-1-repeat-2	460	0	0	32	32
fanout-1-repeat-2	461	0	0	32	32
fanout-1-repeat-2	462	0	0	32	32
fanout-1-repeat-2	463	0	0	32	32
fanout-1-repeat-2	464	0	0	32	32
fanout-1-repeat-2	465	0	0	32	32
fanout-1-repeat-2	466	0	0	32	32
fanout-1-repeat-2	467	0	0	32	32
fanout-1-repeat-2	468	0	0	32	32
fanout-1-repeat-2	469	0	0	32	32
fanout-1-repeat-2	470	0	0	32	32
fanout-1-repeat-2	471	0	0	32	32
fanout-1-repeat-2	472	0	0	32	32
fanout-1-repeat-2	473	0	0	32	32
fanout-1-repeat-2	474	0	0	32	32
fanout-1-repeat-2	475	0	0	32	32
fanout-1-repeat-2	476	0	0	32	32
fanout-1-repeat-2	477	0	0	32	32
fanout-1-repeat-2	478	0	0	32	32
fanout-1-repeat-2	479	0	0	32	32
fanout-1-repeat-2	480	0	0	32	32
fanout-1-repeat-2	481	0	0	32	32
fanout-1-repeat-2	482	0	0	32	32
fanout-1-repeat-2	483	0	0	32	32
fanout-1-repeat-2	484	0	0	32	32
fanout-1-repeat-2	485	0	0	32	32
fanout-1-repeat-2	486	0	0	32	32
fanout-1-repeat-2	487	0	0	32	32
fanout-1-repeat-2	488	0	0	32	32
fanout-1-repeat-2	489	0	0	32	32
fanout-1-repeat-2	490	0	0	32	32
fanout-1-repeat-2	491	0	0	32	32
fanout-1-repeat-2	492	0	0	32	32
fanout-1-repeat-2	493	0	0	32	32
fanout-1-repeat-2	494	0	0	32	32
fanout-1-repeat-2	495	0	0	32	32
fanout-1-repeat-2	496	0	0	32	32
fanout-1-repeat-2	497	0	0	32	32
fanout-1-repeat-2	498	0	0	32	32
fanout-1-repeat-2	499	0	0	32	32
fanout-1-repeat-2	500	0	0	32	32
fanout-1-repeat-2	501	0	0	32	32
fanout-1-repeat-2	502	0	0	32	32
fanout-1-repeat-2	503	0	0	32	32
fanout-1-repeat-2	504	0	0	32	32
fanout-1-repeat-2	505	0	0	32	32
fanout-1-repeat-2	506	0	0	32	32
fanout-1-repeat-2	507	0	0	32	32
fanout-1-repeat-2	508	0	0	32	32
fanout-1-repeat-2	509	0	0	32	32
fanout-1-repeat-2	510	0	0	32	32
fanout-1-repeat-2	511	0	0	32	32
fanout-1-repeat-2	512	0	0	32	32
fanout-1-repeat-2	513	0	0	32	32
fanout-1-repeat-2	514	0	0	32	32
fanout-1-repeat-2	515	0	0	32	32
fanout-1-repeat-2	516	0	0	32	32
fanout-1-repeat-2	517	0	0	32	32
fanout-1-repeat-2	518	0	0	32	32
fanout-1-repeat-2	519	0	0	32	32
fanout-1-repeat-2	520	0	0	32	32
fanout-1-repeat-2	521	0	0	32	32
fanout-1-repeat-2	522	0	0	32	32
fanout-1-repeat-2	523	0	0	32	32
fanout-1-repeat-2	524	0	0	32	32
fanout-1-repeat-2	525	0	0	32	32
fanout-1-repeat-2	526	0	0	32	32
fanout-1-repeat-2	527	0	0	32	32
fanout-1-repeat-2	528	0	0	32	32
fanout-1-repeat-2	529	0	0	32	32
fanout-1-repeat-2	530	0	0	32	32
fanout-1-repeat-2	531	0	0	32	32
fanout-1-repeat-2	532	0	0	32	32
fanout-1-repeat-2	533	0	0	32	32
fanout-1-repeat-2	534	0	0	32	32
fanout-1-repeat-2	535	0	0	32	32
fanout-1-repeat-2	536	0	0	32	32
fanout-1-repeat-2	537	0	0	32	32
fanout-1-repeat-2	538	0	0	32	32
fanout-1-repeat-2	539	0	0	32	32
fanout-1-repeat-2	540	0	0	32	32
fanout-1-repeat-2	541	0	0	32	32
fanout-1-repeat-2	542	0	0	32	32
fanout-1-repeat-2	543	0	0	32	32
fanout-1-repeat-2	544	0	0	32	32
fanout-1-repeat-2	545	0	0	32	32
fanout-1-repeat-2	546	0	0	32	32
fanout-1-repeat-2	547	0	0	32	32
fanout-1-repeat-2	548	0	0	32	32
fanout-1-repeat-2	549	0	0	32	32
fanout-1-repeat-2	550	0	0	32	32
fanout-1-repeat-2	551	0	0	32	32
fanout-1-repeat-2	552	0	0	32	32
fanout-1-repeat-2	553	0	0	32	32
fanout-1-repeat-2	554	0	0	32	32
fanout-1-repeat-2	555	0	0	32	32
fanout-1-repeat-2	556	0	0	32	32
fanout-1-repeat-2	557	0	0	32	32
fanout-1-repeat-2	558	0	0	32	32
fanout-1-repeat-2	559	0	0	32	32
fanout-1-repeat-2	560	0	0	32	32
fanout-1-repeat-2	561	0	0	32	32
fanout-1-repeat-2	562	0	0	32	32
fanout-1-repeat-2	563	0	0	32	32
fanout-1-repeat-2	564	0	0	32	32
fanout-1-repeat-2	565	0	0	32	32
fanout-1-repeat-2	566	0	0	32	32
fanout-1-repeat-2	567	0	0	32	32
fanout-1-repeat-2	568	0	0	32	32
fanout-1-repeat-2	569	0	0	32	32
fanout-1-repeat-2	570	0	0	32	32
fanout-1-repeat-2	571	0	0	32	32
fanout-1-repeat-2	572	0	0	32	32
fanout-1-repeat-2	573	0	0	32	32
fanout-1-repeat-2	574	0	0	32	32
fanout-1-repeat-2	575	0	0	32	32
fanout-1-repeat-2	576	0	0	32	32
fanout-1-repeat-2	577	0	0	32	32
fanout-1-repeat-2	578	0	0	32	32
fanout-1-repeat-2	579	0	0	32	32
fanout-1-repeat-2	580	0	0	32	32
fanout-1-repeat-2	581	0	0	32	32
fanout-1-repeat-2	582	0	0	32	32
fanout-1-repeat-2	583	0	0	32	32
fanout-1-repeat-2	584	0	0	32	32
fanout-1-repeat-2	585	0	0	32	32
fanout-1-repeat-2	586	0	0	32	32
fanout-1-repeat-2	587	0	0	32	32
fanout-1-repeat-2	588	0	0	32	32
fanout-1-repeat-2	589	0	0	32	32
fanout-1-repeat-2	590	0	0	32	32
fanout-1-repeat-2	591	0	0	32	32
fanout-1-repeat-2	592	0	0	32	32
fanout-1-repeat-2	593	0	0	32	32
fanout-1-repeat-2	594	0	0	32	32
fanout-1-repeat-2	595	0	0	32	32
fanout-1-repeat-2	596	0	0	32	32
fanout-1-repeat-2	597	0	0	32	32
fanout-1-repeat-2	598	0	0	32	32
fanout-1-repeat-2	599	0	0	32	32
fanout-1-repeat-2	600	0	0	32	32
fanout-1-repeat-2	601	0	0	32	32
fanout-1-repeat-2	602	0	0	32	32
fanout-1-repeat-2	603	0	0	32	32
fanout-1-repeat-2	604	0	0	32	32
fanout-1-repeat-2	605	0	0	32	32
fanout-1-repeat-2	606	0	0	32	32
fanout-1-repeat-2	607	0	0	32	32
fanout-1-repeat-2	608	0	0	32	32
fanout-1-repeat-2	609	0	0	32	32
fanout-1-repeat-2	610	0	0	32	32
fanout-1-repeat-2	611	0	0	32	32
fanout-1-repeat-2	612	0	0	32	32
fanout-1-repeat-2	613	0	0	32	32
fanout-1-repeat-2	614	0	0	32	32
fanout-1-repeat-2	615	0	0	32	32
fanout-1-repeat-2	616	0	0	32	32
fanout-1-repeat-2	617	0	0	32	32
fanout-1-repeat-2	618	0	0	32	32
fanout-1-repeat-2	619	0	0	32	32
fanout-1-repeat-2	620	0	0	32	32
fanout-1-repeat-2	621	0	0	32	32
fanout-1-repeat-2	622	0	0	32	32
fanout-1-repeat-2	623	0	0	32	32
fanout-1-repeat-2	624	0	0	32	32
fanout-1-repeat-2	625	0	0	32	32
fanout-1-repeat-2	626	0	0	32	32
fanout-1-repeat-2	627	0	0	32	32
fanout-1-repeat-2	628	0	0	32	32
fanout-1-repeat-2	629	0	0	32	32
fanout-1-repeat-2	630	0	0	32	32
fanout-1-repeat-2	631	0	0	32	32
fanout-1-repeat-2	632	0	0	32	32
fanout-1-repeat-2	633	0	0	32	32
fanout-1-repeat-2	634	0	0	32	32
fanout-1-repeat-2	635	0	0	32	32
fanout-1-repeat-2	636	0	0	32	32
fanout-1-repeat-2	637	0	0	32	32
fanout-1-repeat-2	638	0	0	32	32
fanout-1-repeat-2	639	0	0	32	32
fanout-1-repeat-2	640	0	0	32	32
fanout-1-repeat-2	641	0	0	32	32
fanout-1-repeat-2	642	0	0	32	32
fanout-1-repeat-2	643	0	0	32	32
fanout-1-repeat-2	644	0	0	32	32
fanout-1-repeat-2	645	0	0	32	32
fanout-1-repeat-2	646	0	0	32	32
fanout-1-repeat-2	647	0	0	32	32
fanout-1-repeat-2	648	0	0	32	32
fanout-1-repeat-2	649	0	0	32	32
fanout-1-repeat-2	650	0	0	32	32
fanout-1-repeat-2	651	0	0	32	32
fanout-1-repeat-2	652	0	0	32	32
fanout-1-repeat-2	653	0	0	32	32
fanout-1-repeat-2	654	0	0	32	32
fanout-1-repeat-2	655	0	0	32	32
fanout-1-repeat-2	656	0	0	32	32
fanout-1-repeat-2	657	0	0	32	32
fanout-1-repeat-2	658	0	0	32	32
fanout-1-repeat-2	659	0	0	32	32
fanout-1-repeat-2	660	0	0	32	32
fanout-1-repeat-2	661	0	0	32	32
fanout-1-repeat-2	662	0	0	32	32
fanout-1-repeat-2	663	0	0	32	32
fanout-1-repeat-2	664	0	0	32	32
fanout-1-repeat-2	665	0	0	32	32
fanout-1-repeat-2	666	0	0	32	32
fanout-1-repeat-2	667	0	0	32	32
fanout-1-repeat-2	668	0	0	32	32
fanout-1-repeat-2	669	0	0	32	32
fanout-1-repeat-2	670	0	0	32	32
fanout-1-repeat-2	671	0	0	32	32
fanout-1-repeat-2	672	0	0	32	32
fanout-1-repeat-2	673	0	0	32	32
fanout-1-repeat-2	674	0	0	32	32
fanout-1-repeat-2	675	0	0	32	32
fanout-1-repeat-2	676	0	0	32	32
fanout-1-repeat-2	677	0	0	32	32
fanout-1-repeat-2	678	0	0	32	32
fanout-1-repeat-2	679	0	0	32	32
fanout-1-repeat-2	680	0	0	32	32
fanout-1-repeat-2	681	0	0	32	32
fanout-1-repeat-2	682	0	0	32	32
fanout-1-repeat-2	683	0	0	32	32
fanout-1-repeat-2	684	0	0	32	32
fanout-1-repeat-2	685	0	0	32	32
fanout-1-repeat-2	686	0	0	32	32
fanout-1-repeat-2	687	0	0	32	32
fanout-1-repeat-2	688	0	0	32	32
fanout-1-repeat-2	689	0	0	32	32
fanout-1-repeat-2	690	0	0	32	32
fanout-1-repeat-2	691	0	0	32	32
fanout-1-repeat-2	692	0	0	32	32
fanout-1-repeat-2	693	0	0	32	32
fanout-1-repeat-2	694	0	0	32	32
fanout-1-repeat-2	695	0	0	32	32
fanout-1-repeat-2	696	0	0	32	32
fanout-1-repeat-2	697	0	0	32	32
fanout-1-repeat-2	698	0	0	32	32
fanout-1-repeat-2	699	0	0	32	32
fanout-1-repeat-2	700	0	0	32	32
fanout-1-repeat-2	701	0	0	32	32
fanout-1-repeat-2	702	0	0	32	32
fanout-1-repeat-2	703	0	0	32	32
fanout-1-repeat-2	704	0	0	32	32
fanout-1-repeat-2	705	0	0	32	32
fanout-1-repeat-2	706	0	0	32	32
fanout-1-repeat-2	707	0	0	32	32
fanout-1-repeat-2	708	0	0	32	32
fanout-1-repeat-2	709	0	0	32	32
fanout-1-repeat-2	710	0	0	32	32
fanout-1-repeat-2	711	0	0	32	32
fanout-1-repeat-2	712	0	0	32	32
fanout-1-repeat-2	713	0	0	32	32
fanout-1-repeat-2	714	0	0	32	32
fanout-1-repeat-2	715	0	0	32	32
fanout-1-repeat-2	716	0	0	32	32
fanout-1-repeat-2	717	0	0	32	32
fanout-1-repeat-2	718	0	0	32	32
fanout-1-repeat-2	719	0	0	32	32
fanout-1-repeat-2	720	0	0	32	32
fanout-1-repeat-2	721	0	0	32	32
fanout-1-repeat-2	722	0	0	32	32
fanout-1-repeat-2	723	0	0	32	32
fanout-1-repeat-2	724	0	0	32	32
fanout-1-repeat-2	725	0	0	32	32
fanout-1-repeat-2	726	0	0	32	32
fanout-1-repeat-2	727	0	0	32	32
fanout-1-repeat-2	728	0	0	32	32
fanout-1-repeat-2	729	0	0	32	32
fanout-1-repeat-2	730	0	0	32	32
fanout-1-repeat-2	731	0	0	32	32
fanout-1-repeat-2	732	0	0	32	32
fanout-1-repeat-2	733	0	0	32	32
fanout-1-repeat-2	734	0	0	32	32
fanout-1-repeat-2	735	0	0	32	32
fanout-1-repeat-2	736	0	0	32	32
fanout-1-repeat-2	737	0	0	32	32
fanout-1-repeat-2	738	0	0	32	32
fanout-1-repeat-2	739	0	0	32	32
fanout-1-repeat-2	740	0	0	32	32
fanout-1-repeat-2	741	0	0	32	32
fanout-1-repeat-2	742	0	0	32	32
fanout-1-repeat-2	743	0	0	32	32
fanout-1-repeat-2	744	0	0	32	32
fanout-1-repeat-2	745	0	0	32	32
fanout-1-repeat-2	746	0	0	32	32
fanout-1-repeat-2	747	0	0	32	32
fanout-1-repeat-2	748	0	0	32	32
fanout-1-repeat-2	749	0	0	32	32
fanout-1-repeat-2	750	0	0	32	32
fanout-1-repeat-2	751	0	0	32	32
fanout-1-repeat-2	752	0	0	32	32
fanout-1-repeat-2	753	0	0	32	32
fanout-1-repeat-2	754	0	0	32	32
fanout-1-repeat-2	755	0	0	32	32
fanout-1-repeat-2	756	0	0	32	32
fanout-1-repeat-2	757	0	0	32	32
fanout-1-repeat-2	758	0	0	32	32
fanout-1-repeat-2	759	0	0	32	32
fanout-1-repeat-2	760	0	0	32	32
fanout-1-repeat-2	761	0	0	32	32
fanout-1-repeat-2	762	0	0	32	32
fanout-1-repeat-2	763	0	0	32	32
fanout-1-repeat-2	764	0	0	32	32
fanout-1-repeat-2	765	0	0	32	32
fanout-1-repeat-2	766	0	0	32	32
fanout-1-repeat-2	767	0	0	32	32
fanout-1-repeat-2	768	0	0	32	32
fanout-1-repeat-2	769	0	0	32	32
fanout-1-repeat-2	770	0	0	32	32
fanout-1-repeat-2	771	0	0	32	32
fanout-1-repeat-2	772	0	0	32	32
fanout-1-repeat-2	773	0	0	32	32
fanout-1-repeat-2	774	0	0	32	32
fanout-1-repeat-2	775	0	0	32	32
fanout-1-repeat-2	776	0	0	32	32
fanout-1-repeat-2	777	0	0	32	32
fanout-1-repeat-2	778	0	0	32	32
fanout-1-repeat-2	779	0	0	32	32
fanout-1-repeat-2	780	0	0	32	32
fanout-1-repeat-2	781	0	0	32	32
fanout-1-repeat-2	782	0	0	32	32
fanout-1-repeat-2	783	0	0	32	32
fanout-1-repeat-2	784	0	0	32	32
fanout-1-repeat-2	785	0	0	32	32
fanout-1-repeat-2	786	0	0	32	32
fanout-1-repeat-2	787	0	0	32	32
fanout-1-repeat-2	788	0	0	32	32
fanout-1-repeat-2	789	0	0	32	32
fanout-1-repeat-2	790	0	0	32	32
fanout-1-repeat-2	791	0	0	32	32
fanout-1-repeat-2	792	0	0	32	32
fanout-1-repeat-2	793	0	0	32	32
fanout-1-repeat-2	794	0	0	32	32
fanout-1-repeat-2	795	0	0	32	32
fanout-1-repeat-2	796	0	0	32	32
fanout-1-repeat-2	797	0	0	32	32
fanout-1-repeat-2	798	0	0	32	32
fanout-1-repeat-2	799	0	0	32	32
fanout-1-repeat-2	800	0	0	32	32
fanout-1-repeat-2	801	0	0	32	32
fanout-1-repeat-2	802	0	0	32	32
fanout-1-repeat-2	803	0	0	32	32
fanout-1-repeat-2	804	0	0	32	32
fanout-1-repeat-2	805	0	0	32	32
fanout-1-repeat-2	806	0	0	32	32
fanout-1-repeat-2	807	0	0	32	32
fanout-1-repeat-2	808	0	0	32	32
fanout-1-repeat-2	809	0	0	32	32
fanout-1-repeat-2	810	0	0	32	32
fanout-1-repeat-2	811	0	0	32	32
fanout-1-repeat-2	812	0	0	32	32
fanout-1-repeat-2	813	0	0	32	32
fanout-1-repeat-2	814	0	0	32	32
fanout-1-repeat-2	815	0	0	32	32
fanout-1-repeat-2	816	0	0	32	32
fanout-1-repeat-2	817	0	0	32	32
fanout-1-repeat-2	818	0	0	32	32
fanout-1-repeat-2	819	0	0	32	32
fanout-1-repeat-2	820	0	0	32	32
fanout-1-repeat-2	821	0	0	32	32
fanout-1-repeat-2	822	0	0	32	32
fanout-1-repeat-2	823	0	0	32	32
fanout-1-repeat-2	824	0	0	32	32
fanout-1-repeat-2	825	0	0	32	32
fanout-1-repeat-2	826	0	0	32	32
fanout-1-repeat-2	827	0	0	32	32
fanout-1-repeat-2	828	0	0	32	32
fanout-1-repeat-2	829	0	0	32	32
fanout-1-repeat-2	830	0	0	32	32
fanout-1-repeat-2	831	0	0	32	32
fanout-1-repeat-2	832	0	0	32	32
fanout-1-repeat-2	833	0	0	32	32
fanout-1-repeat-2	834	0	0	32	32
fanout-1-repeat-2	835	0	0	32	32
fanout-1-repeat-2	836	0	0	32	32
fanout-1-repeat-2	837	0	0	32	32
fanout-1-repeat-2	838	0	0	32	32
fanout-1-repeat-2	839	0	0	32	32
fanout-1-repeat-2	840	0	0	32	32
fanout-1-repeat-2	841	0	0	32	32
fanout-1-repeat-2	842	0	0	32	32
fanout-1-repeat-2	843	0	0	32	32
fanout-1-repeat-2	844	0	0	32	32
fanout-1-repeat-2	845	0	0	32	32
fanout-1-repeat-2	846	0	0	32	32
fanout-1-repeat-2	847	0	0	32	32
fanout-1-repeat-2	848	0	0	32	32
fanout-1-repeat-2	849	0	0	32	32
fanout-1-repeat-2	850	0	0	32	32
fanout-1-repeat-2	851	0	0	32	32
fanout-1-repeat-2	852	0	0	32	32
fanout-1-repeat-2	853	0	0	32	32
fanout-1-repeat-2	854	0	0	32	32
fanout-1-repeat-2	855	0	0	32	32
fanout-1-repeat-2	856	0	0	32	32
fanout-1-repeat-2	857	0	0	32	32
fanout-1-repeat-2	858	0	0	32	32
fanout-1-repeat-2	859	0	0	32	32
fanout-1-repeat-2	860	0	0	32	32
fanout-1-repeat-2	861	0	0	32	32
fanout-1-repeat-2	862	0	0	32	32
fanout-1-repeat-2	863	0	0	32	32
fanout-1-repeat-2	864	0	0	32	32
fanout-1-repeat-2	865	0	0	32	32
fanout-1-repeat-2	866	0	0	32	32
fanout-1-repeat-2	867	0	0	32	32
fanout-1-repeat-2	868	0	0	32	32
fanout-1-repeat-2	869	0	0	32	32
fanout-1-repeat-2	870	0	0	32	32
fanout-1-repeat-2	871	0	0	32	32
fanout-1-repeat-2	872	0	0	32	32
fanout-1-repeat-2	873	0	0	32	32
fanout-1-repeat-2	874	0	0	32	32
fanout-1-repeat-2	875	0	0	32	32
fanout-1-repeat-2	876	0	0	32	32
fanout-1-repeat-2	877	0	0	32	32
fanout-1-repeat-2	878	0	0	32	32
fanout-1-repeat-2	879	0	0	32	32
fanout-1-repeat-2	880	0	0	32	32
fanout-1-repeat-2	881	0	0	32	32
fanout-1-repeat-2	882	0	0	32	32
fanout-1-repeat-2	883	0	0	32	32
fanout-1-repeat-2	884	0	0	32	32
fanout-1-repeat-2	885	0	0	32	32
fanout-1-repeat-2	886	0	0	32	32
fanout-1-repeat-2	887	0	0	32	32
fanout-1-repeat-2	888	0	0	32	32
fanout-1-repeat-2	889	0	0	32	32
fanout-1-repeat-2	890	0	0	32	32
fanout-1-repeat-2	891	0	0	32	32
fanout-1-repeat-2	892	0	0	32	32
fanout-1-repeat-2	893	0	0	32	32
fanout-1-repeat-2	894	0	0	32	32
fanout-1-repeat-2	895	0	0	32	32
fanout-1-repeat-2	896	0	0	32	32
fanout-1-repeat-2	897	0	0	32	32
fanout-1-repeat-2	898	0	0	32	32
fanout-1-repeat-2	899	0	0	32	32
fanout-1-repeat-2	900	0	0	32	32
fanout-1-repeat-2	901	0	0	32	32
fanout-1-repeat-2	902	0	0	32	32
fanout-1-repeat-2	903	0	0	32	32
fanout-1-repeat-2	904	0	0	32	32
fanout-1-repeat-2	905	0	0	32	32
fanout-1-repeat-2	906	0	0	32	32
fanout-1-repeat-2	907	0	0	32	32
fanout-1-repeat-2	908	0	0	32	32
fanout-1-repeat-2	909	0	0	32	32
fanout-1-repeat-2	910	0	0	32	32
fanout-1-repeat-2	911	0	0	32	32
fanout-1-repeat-2	912	0	0	32	32
fanout-1-repeat-2	913	0	0	32	32
fanout-1-repeat-2	914	0	0	32	32
fanout-1-repeat-2	915	0	0	32	32
fanout-1-repeat-2	916	0	0	32	32
fanout-1-repeat-2	917	0	0	32	32
fanout-1-repeat-2	918	0	0	32	32
fanout-1-repeat-2	919	0	0	32	32
fanout-1-repeat-2	920	0	0	32	32
fanout-1-repeat-2	921	0	0	32	32
fanout-1-repeat-2	922	0	0	32	32
fanout-1-repeat-2	923	0	0	32	32
fanout-1-repeat-2	924	0	0	32	32
fanout-1-repeat-2	925	0	0	32	32
fanout-1-repeat-2	926	0	0	32	32
fanout-1-repeat-2	927	0	0	32	32
fanout-1-repeat-2	928	0	0	32	32
fanout-1-repeat-2	929	0	0	32	32
fanout-1-repeat-2	930	0	0	32	32
fanout-1-repeat-2	931	0	0	32	32
fanout-1-repeat-2	932	0	0	32	32
fanout-1-repeat-2	933	0	0	32	32
fanout-1-repeat-2	934	0	0	32	32
fanout-1-repeat-2	935	0	0	32	32
fanout-1-repeat-2	936	0	0	32	32
fanout-1-repeat-2	937	0	0	32	32
fanout-1-repeat-2	938	0	0	32	32
fanout-1-repeat-2	939	0	0	32	32
fanout-1-repeat-2	940	0	0	32	32
fanout-1-repeat-2	941	0	0	32	32
fanout-1-repeat-2	942	0	0	32	32
fanout-1-repeat-2	943	0	0	32	32
fanout-1-repeat-2	944	0	0	32	32
fanout-1-repeat-2	945	0	0	32	32
fanout-1-repeat-2	946	0	0	32	32
fanout-1-repeat-2	947	0	0	32	32
fanout-1-repeat-2	948	0	0	32	32
fanout-1-repeat-2	949	0	0	32	32
fanout-1-repeat-2	950	0	0	32	32
fanout-1-repeat-2	951	0	0	32	32
fanout-1-repeat-2	952	0	0	32	32
fanout-1-repeat-2	953	0	0	32	32
fanout-1-repeat-2	954	0	0	32	32
fanout-1-repeat-2	955	0	0	32	32
fanout-1-repeat-2	956	0	0	32	32
fanout-1-repeat-2	957	0	0	32	32
fanout-1-repeat-2	958	0	0	32	32
fanout-1-repeat-2	959	0	0	32	32
fanout-1-repeat-2	960	0	0	32	32
fanout-1-repeat-2	961	0	0	32	32
fanout-1-repeat-2	962	0	0	32	32
fanout-1-repeat-2	963	0	0	32	32
fanout-1-repeat-2	964	0	0	32	32
fanout-1-repeat-2	965	0	0	32	32
fanout-1-repeat-2	966	0	0	32	32
fanout-1-repeat-2	967	0	0	32	32
fanout-1-repeat-2	968	0	0	32	32
fanout-1-repeat-2	969	0	0	32	32
fanout-1-repeat-2	970	0	0	32	32
fanout-1-repeat-2	971	0	0	32	32
fanout-1-repeat-2	972	0	0	32	32
fanout-1-repeat-2	973	0	0	32	32
fanout-1-repeat-2	974	0	0	32	32
fanout-1-repeat-2	975	0	0	32	32
fanout-1-repeat-2	976	0	0	32	32
fanout-1-repeat-2	977	0	0	32	32
fanout-1-repeat-2	978	0	0	32	32
fanout-1-repeat-2	979	0	0	32	32
fanout-1-repeat-2	980	0	0	32	32
fanout-1-repeat-2	981	0	0	32	32
fanout-1-repeat-2	982	0	0	32	32
fanout-1-repeat-2	983	0	0	32	32
fanout-1-repeat-2	984	0	0	32	32
fanout-1-repeat-2	985	0	0	32	32
fanout-1-repeat-2	986	0	0	32	32
fanout-1-repeat-2	987	0	0	32	32
fanout-1-repeat-2	988	0	0	32	32
fanout-1-repeat-2	989	0	0	32	32
fanout-1-repeat-2	990	0	0	32	32
fanout-1-repeat-2	991	0	0	32	32
fanout-1-repeat-2	992	0	0	32	32
fanout-1-repeat-2	993	0	0	32	32
fanout-1-repeat-2	994	0	0	32	32
fanout-1-repeat-2	995	0	0	32	32
fanout-1-repeat-2	996	0	0	32	32
fanout-1-repeat-2	997	0	0	32	32
fanout-1-repeat-2	998	0	0	32	32
fanout-1-repeat-2	999	0	0	32	32
fanout-1-repeat-2	1000	0	0	32	32
fanout-1-repeat-2	1001	0	0	32	32
fanout-1-repeat-2	1002	0	0	32	32
fanout-1-repeat-2	1003	0	0	32	32
fanout-1-repeat-2	1004	0	0	32	32
fanout-1-repeat-2	1005	0	0	32	32
fanout-1-repeat-2	1006	0	0	32	32
fanout-1-repeat-2	1007	0	0	32	32
fanout-1-repeat-2	1008	0	0	32	32
fanout-1-repeat-2	1009	0	0	32	32
fanout-1-repeat-2	1010	0	0	32	32
fanout-1-repeat-2	1011	0	0	32	32
fanout-1-repeat-2	1012	0	0	32	32
fanout-1-repeat-2	1013	0	0	32	32
fanout-1-repeat-2	1014	0	0	32	32
fanout-1-repeat-2	1015	0	0	32	32
fanout-1-repeat-2	1016	0	0	32	32
fanout-1-repeat-2	1017	0	0	32	32
fanout-1-repeat-2	1018	0	0	32	32
fanout-1-repeat-2	1019	0	0	32	32
fanout-1-repeat-2	1020	0	0	32	32
fanout-1-repeat-2	1021	0	0	32	32
fanout-1-repeat-2	1022	0	0	32	32
fanout-1-repeat-2	1023	0	0	32	32
fanout-1-repeat-2	1024	0	0	32	32
fanout-1-repeat-2	1025	0	0	32	32
fanout-1-repeat-3	26	0	0	32	32
fanout-1-repeat-3	27	0	0	32	32
fanout-1-repeat-3	28	0	0	32	32
fanout-1-repeat-3	29	0	0	32	32
fanout-1-repeat-3	30	0	0	32	32
fanout-1-repeat-3	31	0	0	32	32
fanout-1-repeat-3	32	0	0	32	32
fanout-1-repeat-3	33	0	0	32	32
fanout-1-repeat-3	34	0	0	32	32
fanout-1-repeat-3	35	0	0	32	32
fanout-1-repeat-3	36	0	0	32	32
fanout-1-repeat-3	37	0	0	32	32
fanout-1-repeat-3	38	0	0	32	32
fanout-1-repeat-3	39	0	0	32	32
fanout-1-repeat-3	40	0	0	32	32
fanout-1-repeat-3	41	0	0	32	32
fanout-1-repeat-3	42	0	0	32	32
fanout-1-repeat-3	43	0	0	32	32
fanout-1-repeat-3	44	0	0	32	32
fanout-1-repeat-3	45	0	0	32	32
fanout-1-repeat-3	46	0	0	32	32
fanout-1-repeat-3	47	0	0	32	32
fanout-1-repeat-3	48	0	0	32	32
fanout-1-repeat-3	49	0	0	32	32
fanout-1-repeat-3	50	0	0	32	32
fanout-1-repeat-3	51	0	0	32	32
fanout-1-repeat-3	52	0	0	32	32
fanout-1-repeat-3	53	0	0	32	32
fanout-1-repeat-3	54	0	0	32	32
fanout-1-repeat-3	55	0	0	32	32
fanout-1-repeat-3	56	0	0	32	32
fanout-1-repeat-3	57	0	0	32	32
fanout-1-repeat-3	58	0	0	32	32
fanout-1-repeat-3	59	0	0	32	32
fanout-1-repeat-3	60	0	0	32	32
fanout-1-repeat-3	61	0	0	32	32
fanout-1-repeat-3	62	0	0	32	32
fanout-1-repeat-3	63	0	0	32	32
fanout-1-repeat-3	64	0	0	32	32
fanout-1-repeat-3	65	0	0	32	32
fanout-1-repeat-3	66	0	0	32	32
fanout-1-repeat-3	67	0	0	32	32
fanout-1-repeat-3	68	0	0	32	32
fanout-1-repeat-3	69	0	0	32	32
fanout-1-repeat-3	70	0	0	32	32
fanout-1-repeat-3	71	0	0	32	32
fanout-1-repeat-3	72	0	0	32	32
fanout-1-repeat-3	73	0	0	32	32
fanout-1-repeat-3	74	0	0	32	32
fanout-1-repeat-3	75	0	0	32	32
fanout-1-repeat-3	76	0	0	32	32
fanout-1-repeat-3	77	0	0	32	32
fanout-1-repeat-3	78	0	0	32	32
fanout-1-repeat-3	79	0	0	32	32
fanout-1-repeat-3	80	0	0	32	32
fanout-1-repeat-3	81	0	0	32	32
fanout-1-repeat-3	82	0	0	32	32
fanout-1-repeat-3	83	0	0	32	32
fanout-1-repeat-3	84	0	0	32	32
fanout-1-repeat-3	85	0	0	32	32
fanout-1-repeat-3	86	0	0	32	32
fanout-1-repeat-3	87	0	0	32	32
fanout-1-repeat-3	88	0	0	32	32
fanout-1-repeat-3	89	0	0	32	32
fanout-1-repeat-3	90	0	0	32	32
fanout-1-repeat-3	91	0	0	32	32
fanout-1-repeat-3	92	0	0	32	32
fanout-1-repeat-3	93	0	0	32	32
fanout-1-repeat-3	94	0	0	32	32
fanout-1-repeat-3	95	0	0	32	32
fanout-1-repeat-3	96	0	0	32	32
fanout-1-repeat-3	97	0	0	32	32
fanout-1-repeat-3	98	0	0	32	32
fanout-1-repeat-3	99	0	0	32	32
fanout-1-repeat-3	100	0	0	32	32
fanout-1-repeat-3	101	0	0	32	32
fanout-1-repeat-3	102	0	0	32	32
fanout-1-repeat-3	103	0	0	32	32
fanout-1-repeat-3	104	0	0	32	32
fanout-1-repeat-3	105	0	0	32	32
fanout-1-repeat-3	106	0	0	32	32
fanout-1-repeat-3	107	0	0	32	32
fanout-1-repeat-3	108	0	0	32	32
fanout-1-repeat-3	109	0	0	32	32
fanout-1-repeat-3	110	0	0	32	32
fanout-1-repeat-3	111	0	0	32	32
fanout-1-repeat-3	112	0	0	32	32
fanout-1-repeat-3	113	0	0	32	32
fanout-1-repeat-3	114	0	0	32	32
fanout-1-repeat-3	115	0	0	32	32
fanout-1-repeat-3	116	0	0	32	32
fanout-1-repeat-3	117	0	0	32	32
fanout-1-repeat-3	118	0	0	32	32
fanout-1-repeat-3	119	0	0	32	32
fanout-1-repeat-3	120	0	0	32	32
fanout-1-repeat-3	121	0	0	32	32
fanout-1-repeat-3	122	0	0	32	32
fanout-1-repeat-3	123	0	0	32	32
fanout-1-repeat-3	124	0	0	32	32
fanout-1-repeat-3	125	0	0	32	32
fanout-1-repeat-3	126	0	0	32	32
fanout-1-repeat-3	127	0	0	32	32
fanout-1-repeat-3	128	0	0	32	32
fanout-1-repeat-3	129	0	0	32	32
fanout-1-repeat-3	130	0	0	32	32
fanout-1-repeat-3	131	0	0	32	32
fanout-1-repeat-3	132	0	0	32	32
fanout-1-repeat-3	133	0	0	32	32
fanout-1-repeat-3	134	0	0	32	32
fanout-1-repeat-3	135	0	0	32	32
fanout-1-repeat-3	136	0	0	32	32
fanout-1-repeat-3	137	0	0	32	32
fanout-1-repeat-3	138	0	0	32	32
fanout-1-repeat-3	139	0	0	32	32
fanout-1-repeat-3	140	0	0	32	32
fanout-1-repeat-3	141	0	0	32	32
fanout-1-repeat-3	142	0	0	32	32
fanout-1-repeat-3	143	0	0	32	32
fanout-1-repeat-3	144	0	0	32	32
fanout-1-repeat-3	145	0	0	32	32
fanout-1-repeat-3	146	0	0	32	32
fanout-1-repeat-3	147	0	0	32	32
fanout-1-repeat-3	148	0	0	32	32
fanout-1-repeat-3	149	0	0	32	32
fanout-1-repeat-3	150	0	0	32	32
fanout-1-repeat-3	151	0	0	32	32
fanout-1-repeat-3	152	0	0	32	32
fanout-1-repeat-3	153	0	0	32	32
fanout-1-repeat-3	154	0	0	32	32
fanout-1-repeat-3	155	0	0	32	32
fanout-1-repeat-3	156	0	0	32	32
fanout-1-repeat-3	157	0	0	32	32
fanout-1-repeat-3	158	0	0	32	32
fanout-1-repeat-3	159	0	0	32	32
fanout-1-repeat-3	160	0	0	32	32
fanout-1-repeat-3	161	0	0	32	32
fanout-1-repeat-3	162	0	0	32	32
fanout-1-repeat-3	163	0	0	32	32
fanout-1-repeat-3	164	0	0	32	32
fanout-1-repeat-3	165	0	0	32	32
fanout-1-repeat-3	166	0	0	32	32
fanout-1-repeat-3	167	0	0	32	32
fanout-1-repeat-3	168	0	0	32	32
fanout-1-repeat-3	169	0	0	32	32
fanout-1-repeat-3	170	0	0	32	32
fanout-1-repeat-3	171	0	0	32	32
fanout-1-repeat-3	172	0	0	32	32
fanout-1-repeat-3	173	0	0	32	32
fanout-1-repeat-3	174	0	0	32	32
fanout-1-repeat-3	175	0	0	32	32
fanout-1-repeat-3	176	0	0	32	32
fanout-1-repeat-3	177	0	0	32	32
fanout-1-repeat-3	178	0	0	32	32
fanout-1-repeat-3	179	0	0	32	32
fanout-1-repeat-3	180	0	0	32	32
fanout-1-repeat-3	181	0	0	32	32
fanout-1-repeat-3	182	0	0	32	32
fanout-1-repeat-3	183	0	0	32	32
fanout-1-repeat-3	184	0	0	32	32
fanout-1-repeat-3	185	0	0	32	32
fanout-1-repeat-3	186	0	0	32	32
fanout-1-repeat-3	187	0	0	32	32
fanout-1-repeat-3	188	0	0	32	32
fanout-1-repeat-3	189	0	0	32	32
fanout-1-repeat-3	190	0	0	32	32
fanout-1-repeat-3	191	0	0	32	32
fanout-1-repeat-3	192	0	0	32	32
fanout-1-repeat-3	193	0	0	32	32
fanout-1-repeat-3	194	0	0	32	32
fanout-1-repeat-3	195	0	0	32	32
fanout-1-repeat-3	196	0	0	32	32
fanout-1-repeat-3	197	0	0	32	32
fanout-1-repeat-3	198	0	0	32	32
fanout-1-repeat-3	199	0	0	32	32
fanout-1-repeat-3	200	0	0	32	32
fanout-1-repeat-3	201	0	0	32	32
fanout-1-repeat-3	202	0	0	32	32
fanout-1-repeat-3	203	0	0	32	32
fanout-1-repeat-3	204	0	0	32	32
fanout-1-repeat-3	205	0	0	32	32
fanout-1-repeat-3	206	0	0	32	32
fanout-1-repeat-3	207	0	0	32	32
fanout-1-repeat-3	208	0	0	32	32
fanout-1-repeat-3	209	0	0	32	32
fanout-1-repeat-3	210	0	0	32	32
fanout-1-repeat-3	211	0	0	32	32
fanout-1-repeat-3	212	0	0	32	32
fanout-1-repeat-3	213	0	0	32	32
fanout-1-repeat-3	214	0	0	32	32
fanout-1-repeat-3	215	0	0	32	32
fanout-1-repeat-3	216	0	0	32	32
fanout-1-repeat-3	217	0	0	32	32
fanout-1-repeat-3	218	0	0	32	32
fanout-1-repeat-3	219	0	0	32	32
fanout-1-repeat-3	220	0	0	32	32
fanout-1-repeat-3	221	0	0	32	32
fanout-1-repeat-3	222	0	0	32	32
fanout-1-repeat-3	223	0	0	32	32
fanout-1-repeat-3	224	0	0	32	32
fanout-1-repeat-3	225	0	0	32	32
fanout-1-repeat-3	226	0	0	32	32
fanout-1-repeat-3	227	0	0	32	32
fanout-1-repeat-3	228	0	0	32	32
fanout-1-repeat-3	229	0	0	32	32
fanout-1-repeat-3	230	0	0	32	32
fanout-1-repeat-3	231	0	0	32	32
fanout-1-repeat-3	232	0	0	32	32
fanout-1-repeat-3	233	0	0	32	32
fanout-1-repeat-3	234	0	0	32	32
fanout-1-repeat-3	235	0	0	32	32
fanout-1-repeat-3	236	0	0	32	32
fanout-1-repeat-3	237	0	0	32	32
fanout-1-repeat-3	238	0	0	32	32
fanout-1-repeat-3	239	0	0	32	32
fanout-1-repeat-3	240	0	0	32	32
fanout-1-repeat-3	241	0	0	32	32
fanout-1-repeat-3	242	0	0	32	32
fanout-1-repeat-3	243	0	0	32	32
fanout-1-repeat-3	244	0	0	32	32
fanout-1-repeat-3	245	0	0	32	32
fanout-1-repeat-3	246	0	0	32	32
fanout-1-repeat-3	247	0	0	32	32
fanout-1-repeat-3	248	0	0	32	32
fanout-1-repeat-3	249	0	0	32	32
fanout-1-repeat-3	250	0	0	32	32
fanout-1-repeat-3	251	0	0	32	32
fanout-1-repeat-3	252	0	0	32	32
fanout-1-repeat-3	253	0	0	32	32
fanout-1-repeat-3	254	0	0	32	32
fanout-1-repeat-3	255	0	0	32	32
fanout-1-repeat-3	256	0	0	32	32
fanout-1-repeat-3	257	0	0	32	32
fanout-1-repeat-3	258	0	0	32	32
fanout-1-repeat-3	259	0	0	32	32
fanout-1-repeat-3	260	0	0	32	32
fanout-1-repeat-3	261	0	0	32	32
fanout-1-repeat-3	262	0	0	32	32
fanout-1-repeat-3	263	0	0	32	32
fanout-1-repeat-3	264	0	0	32	32
fanout-1-repeat-3	265	0	0	32	32
fanout-1-repeat-3	266	0	0	32	32
fanout-1-repeat-3	267	0	0	32	32
fanout-1-repeat-3	268	0	0	32	32
fanout-1-repeat-3	269	0	0	32	32
fanout-1-repeat-3	270	0	0	32	32
fanout-1-repeat-3	271	0	0	32	32
fanout-1-repeat-3	272	0	0	32	32
fanout-1-repeat-3	273	0	0	32	32
fanout-1-repeat-3	274	0	0	32	32
fanout-1-repeat-3	275	0	0	32	32
fanout-1-repeat-3	276	0	0	32	32
fanout-1-repeat-3	277	0	0	32	32
fanout-1-repeat-3	278	0	0	32	32
fanout-1-repeat-3	279	0	0	32	32
fanout-1-repeat-3	280	0	0	32	32
fanout-1-repeat-3	281	0	0	32	32
fanout-1-repeat-3	282	0	0	32	32
fanout-1-repeat-3	283	0	0	32	32
fanout-1-repeat-3	284	0	0	32	32
fanout-1-repeat-3	285	0	0	32	32
fanout-1-repeat-3	286	0	0	32	32
fanout-1-repeat-3	287	0	0	32	32
fanout-1-repeat-3	288	0	0	32	32
fanout-1-repeat-3	289	0	0	32	32
fanout-1-repeat-3	290	0	0	32	32
fanout-1-repeat-3	291	0	0	32	32
fanout-1-repeat-3	292	0	0	32	32
fanout-1-repeat-3	293	0	0	32	32
fanout-1-repeat-3	294	0	0	32	32
fanout-1-repeat-3	295	0	0	32	32
fanout-1-repeat-3	296	0	0	32	32
fanout-1-repeat-3	297	0	0	32	32
fanout-1-repeat-3	298	0	0	32	32
fanout-1-repeat-3	299	0	0	32	32
fanout-1-repeat-3	300	0	0	32	32
fanout-1-repeat-3	301	0	0	32	32
fanout-1-repeat-3	302	0	0	32	32
fanout-1-repeat-3	303	0	0	32	32
fanout-1-repeat-3	304	0	0	32	32
fanout-1-repeat-3	305	0	0	32	32
fanout-1-repeat-3	306	0	0	32	32
fanout-1-repeat-3	307	0	0	32	32
fanout-1-repeat-3	308	0	0	32	32
fanout-1-repeat-3	309	0	0	32	32
fanout-1-repeat-3	310	0	0	32	32
fanout-1-repeat-3	311	0	0	32	32
fanout-1-repeat-3	312	0	0	32	32
fanout-1-repeat-3	313	0	0	32	32
fanout-1-repeat-3	314	0	0	32	32
fanout-1-repeat-3	315	0	0	32	32
fanout-1-repeat-3	316	0	0	32	32
fanout-1-repeat-3	317	0	0	32	32
fanout-1-repeat-3	318	0	0	32	32
fanout-1-repeat-3	319	0	0	32	32
fanout-1-repeat-3	320	0	0	32	32
fanout-1-repeat-3	321	0	0	32	32
fanout-1-repeat-3	322	0	0	32	32
fanout-1-repeat-3	323	0	0	32	32
fanout-1-repeat-3	324	0	0	32	32
fanout-1-repeat-3	325	0	0	32	32
fanout-1-repeat-3	326	0	0	32	32
fanout-1-repeat-3	327	0	0	32	32
fanout-1-repeat-3	328	0	0	32	32
fanout-1-repeat-3	329	0	0	32	32
fanout-1-repeat-3	330	0	0	32	32
fanout-1-repeat-3	331	0	0	32	32
fanout-1-repeat-3	332	0	0	32	32
fanout-1-repeat-3	333	0	0	32	32
fanout-1-repeat-3	334	0	0	32	32
fanout-1-repeat-3	335	0	0	32	32
fanout-1-repeat-3	336	0	0	32	32
fanout-1-repeat-3	337	0	0	32	32
fanout-1-repeat-3	338	0	0	32	32
fanout-1-repeat-3	339	0	0	32	32
fanout-1-repeat-3	340	0	0	32	32
fanout-1-repeat-3	341	0	0	32	32
fanout-1-repeat-3	342	0	0	32	32
fanout-1-repeat-3	343	0	0	32	32
fanout-1-repeat-3	344	0	0	32	32
fanout-1-repeat-3	345	0	0	32	32
fanout-1-repeat-3	346	0	0	32	32
fanout-1-repeat-3	347	0	0	32	32
fanout-1-repeat-3	348	0	0	32	32
fanout-1-repeat-3	349	0	0	32	32
fanout-1-repeat-3	350	0	0	32	32
fanout-1-repeat-3	351	0	0	32	32
fanout-1-repeat-3	352	0	0	32	32
fanout-1-repeat-3	353	0	0	32	32
fanout-1-repeat-3	354	0	0	32	32
fanout-1-repeat-3	355	0	0	32	32
fanout-1-repeat-3	356	0	0	32	32
fanout-1-repeat-3	357	0	0	32	32
fanout-1-repeat-3	358	0	0	32	32
fanout-1-repeat-3	359	0	0	32	32
fanout-1-repeat-3	360	0	0	32	32
fanout-1-repeat-3	361	0	0	32	32
fanout-1-repeat-3	362	0	0	32	32
fanout-1-repeat-3	363	0	0	32	32
fanout-1-repeat-3	364	0	0	32	32
fanout-1-repeat-3	365	0	0	32	32
fanout-1-repeat-3	366	0	0	32	32
fanout-1-repeat-3	367	0	0	32	32
fanout-1-repeat-3	368	0	0	32	32
fanout-1-repeat-3	369	0	0	32	32
fanout-1-repeat-3	370	0	0	32	32
fanout-1-repeat-3	371	0	0	32	32
fanout-1-repeat-3	372	0	0	32	32
fanout-1-repeat-3	373	0	0	32	32
fanout-1-repeat-3	374	0	0	32	32
fanout-1-repeat-3	375	0	0	32	32
fanout-1-repeat-3	376	0	0	32	32
fanout-1-repeat-3	377	0	0	32	32
fanout-1-repeat-3	378	0	0	32	32
fanout-1-repeat-3	379	0	0	32	32
fanout-1-repeat-3	380	0	0	32	32
fanout-1-repeat-3	381	0	0	32	32
fanout-1-repeat-3	382	0	0	32	32
fanout-1-repeat-3	383	0	0	32	32
fanout-1-repeat-3	384	0	0	32	32
fanout-1-repeat-3	385	0	0	32	32
fanout-1-repeat-3	386	0	0	32	32
fanout-1-repeat-3	387	0	0	32	32
fanout-1-repeat-3	388	0	0	32	32
fanout-1-repeat-3	389	0	0	32	32
fanout-1-repeat-3	390	0	0	32	32
fanout-1-repeat-3	391	0	0	32	32
fanout-1-repeat-3	392	0	0	32	32
fanout-1-repeat-3	393	0	0	32	32
fanout-1-repeat-3	394	0	0	32	32
fanout-1-repeat-3	395	0	0	32	32
fanout-1-repeat-3	396	0	0	32	32
fanout-1-repeat-3	397	0	0	32	32
fanout-1-repeat-3	398	0	0	32	32
fanout-1-repeat-3	399	0	0	32	32
fanout-1-repeat-3	400	0	0	32	32
fanout-1-repeat-3	401	0	0	32	32
fanout-1-repeat-3	402	0	0	32	32
fanout-1-repeat-3	403	0	0	32	32
fanout-1-repeat-3	404	0	0	32	32
fanout-1-repeat-3	405	0	0	32	32
fanout-1-repeat-3	406	0	0	32	32
fanout-1-repeat-3	407	0	0	32	32
fanout-1-repeat-3	408	0	0	32	32
fanout-1-repeat-3	409	0	0	32	32
fanout-1-repeat-3	410	0	0	32	32
fanout-1-repeat-3	411	0	0	32	32
fanout-1-repeat-3	412	0	0	32	32
fanout-1-repeat-3	413	0	0	32	32
fanout-1-repeat-3	414	0	0	32	32
fanout-1-repeat-3	415	0	0	32	32
fanout-1-repeat-3	416	0	0	32	32
fanout-1-repeat-3	417	0	0	32	32
fanout-1-repeat-3	418	0	0	32	32
fanout-1-repeat-3	419	0	0	32	32
fanout-1-repeat-3	420	0	0	32	32
fanout-1-repeat-3	421	0	0	32	32
fanout-1-repeat-3	422	0	0	32	32
fanout-1-repeat-3	423	0	0	32	32
fanout-1-repeat-3	424	0	0	32	32
fanout-1-repeat-3	425	0	0	32	32
fanout-1-repeat-3	426	0	0	32	32
fanout-1-repeat-3	427	0	0	32	32
fanout-1-repeat-3	428	0	0	32	32
fanout-1-repeat-3	429	0	0	32	32
fanout-1-repeat-3	430	0	0	32	32
fanout-1-repeat-3	431	0	0	32	32
fanout-1-repeat-3	432	0	0	32	32
fanout-1-repeat-3	433	0	0	32	32
fanout-1-repeat-3	434	0	0	32	32
fanout-1-repeat-3	435	0	0	32	32
fanout-1-repeat-3	436	0	0	32	32
fanout-1-repeat-3	437	0	0	32	32
fanout-1-repeat-3	438	0	0	32	32
fanout-1-repeat-3	439	0	0	32	32
fanout-1-repeat-3	440	0	0	32	32
fanout-1-repeat-3	441	0	0	32	32
fanout-1-repeat-3	442	0	0	32	32
fanout-1-repeat-3	443	0	0	32	32
fanout-1-repeat-3	444	0	0	32	32
fanout-1-repeat-3	445	0	0	32	32
fanout-1-repeat-3	446	0	0	32	32
fanout-1-repeat-3	447	0	0	32	32
fanout-1-repeat-3	448	0	0	32	32
fanout-1-repeat-3	449	0	0	32	32
fanout-1-repeat-3	450	0	0	32	32
fanout-1-repeat-3	451	0	0	32	32
fanout-1-repeat-3	452	0	0	32	32
fanout-1-repeat-3	453	0	0	32	32
fanout-1-repeat-3	454	0	0	32	32
fanout-1-repeat-3	455	0	0	32	32
fanout-1-repeat-3	456	0	0	32	32
fanout-1-repeat-3	457	0	0	32	32
fanout-1-repeat-3	458	0	0	32	32
fanout-1-repeat-3	459	0	0	32	32
fanout-1-repeat-3	460	0	0	32	32
fanout-1-repeat-3	461	0	0	32	32
fanout-1-repeat-3	462	0	0	32	32
fanout-1-repeat-3	463	0	0	32	32
fanout-1-repeat-3	464	0	0	32	32
fanout-1-repeat-3	465	0	0	32	32
fanout-1-repeat-3	466	0	0	32	32
fanout-1-repeat-3	467	0	0	32	32
fanout-1-repeat-3	468	0	0	32	32
fanout-1-repeat-3	469	0	0	32	32
fanout-1-repeat-3	470	0	0	32	32
fanout-1-repeat-3	471	0	0	32	32
fanout-1-repeat-3	472	0	0	32	32
fanout-1-repeat-3	473	0	0	32	32
fanout-1-repeat-3	474	0	0	32	32
fanout-1-repeat-3	475	0	0	32	32
fanout-1-repeat-3	476	0	0	32	32
fanout-1-repeat-3	477	0	0	32	32
fanout-1-repeat-3	478	0	0	32	32
fanout-1-repeat-3	479	0	0	32	32
fanout-1-repeat-3	480	0	0	32	32
fanout-1-repeat-3	481	0	0	32	32
fanout-1-repeat-3	482	0	0	32	32
fanout-1-repeat-3	483	0	0	32	32
fanout-1-repeat-3	484	0	0	32	32
fanout-1-repeat-3	485	0	0	32	32
fanout-1-repeat-3	486	0	0	32	32
fanout-1-repeat-3	487	0	0	32	32
fanout-1-repeat-3	488	0	0	32	32
fanout-1-repeat-3	489	0	0	32	32
fanout-1-repeat-3	490	0	0	32	32
fanout-1-repeat-3	491	0	0	32	32
fanout-1-repeat-3	492	0	0	32	32
fanout-1-repeat-3	493	0	0	32	32
fanout-1-repeat-3	494	0	0	32	32
fanout-1-repeat-3	495	0	0	32	32
fanout-1-repeat-3	496	0	0	32	32
fanout-1-repeat-3	497	0	0	32	32
fanout-1-repeat-3	498	0	0	32	32
fanout-1-repeat-3	499	0	0	32	32
fanout-1-repeat-3	500	0	0	32	32
fanout-1-repeat-3	501	0	0	32	32
fanout-1-repeat-3	502	0	0	32	32
fanout-1-repeat-3	503	0	0	32	32
fanout-1-repeat-3	504	0	0	32	32
fanout-1-repeat-3	505	0	0	32	32
fanout-1-repeat-3	506	0	0	32	32
fanout-1-repeat-3	507	0	0	32	32
fanout-1-repeat-3	508	0	0	32	32
fanout-1-repeat-3	509	0	0	32	32
fanout-1-repeat-3	510	0	0	32	32
fanout-1-repeat-3	511	0	0	32	32
fanout-1-repeat-3	512	0	0	32	32
fanout-1-repeat-3	513	0	0	32	32
fanout-1-repeat-3	514	0	0	32	32
fanout-1-repeat-3	515	0	0	32	32
fanout-1-repeat-3	516	0	0	32	32
fanout-1-repeat-3	517	0	0	32	32
fanout-1-repeat-3	518	0	0	32	32
fanout-1-repeat-3	519	0	0	32	32
fanout-1-repeat-3	520	0	0	32	32
fanout-1-repeat-3	521	0	0	32	32
fanout-1-repeat-3	522	0	0	32	32
fanout-1-repeat-3	523	0	0	32	32
fanout-1-repeat-3	524	0	0	32	32
fanout-1-repeat-3	525	0	0	32	32
fanout-1-repeat-3	526	0	0	32	32
fanout-1-repeat-3	527	0	0	32	32
fanout-1-repeat-3	528	0	0	32	32
fanout-1-repeat-3	529	0	0	32	32
fanout-1-repeat-3	530	0	0	32	32
fanout-1-repeat-3	531	0	0	32	32
fanout-1-repeat-3	532	0	0	32	32
fanout-1-repeat-3	533	0	0	32	32
fanout-1-repeat-3	534	0	0	32	32
fanout-1-repeat-3	535	0	0	32	32
fanout-1-repeat-3	536	0	0	32	32
fanout-1-repeat-3	537	0	0	32	32
fanout-1-repeat-3	538	0	0	32	32
fanout-1-repeat-3	539	0	0	32	32
fanout-1-repeat-3	540	0	0	32	32
fanout-1-repeat-3	541	0	0	32	32
fanout-1-repeat-3	542	0	0	32	32
fanout-1-repeat-3	543	0	0	32	32
fanout-1-repeat-3	544	0	0	32	32
fanout-1-repeat-3	545	0	0	32	32
fanout-1-repeat-3	546	0	0	32	32
fanout-1-repeat-3	547	0	0	32	32
fanout-1-repeat-3	548	0	0	32	32
fanout-1-repeat-3	549	0	0	32	32
fanout-1-repeat-3	550	0	0	32	32
fanout-1-repeat-3	551	0	0	32	32
fanout-1-repeat-3	552	0	0	32	32
fanout-1-repeat-3	553	0	0	32	32
fanout-1-repeat-3	554	0	0	32	32
fanout-1-repeat-3	555	0	0	32	32
fanout-1-repeat-3	556	0	0	32	32
fanout-1-repeat-3	557	0	0	32	32
fanout-1-repeat-3	558	0	0	32	32
fanout-1-repeat-3	559	0	0	32	32
fanout-1-repeat-3	560	0	0	32	32
fanout-1-repeat-3	561	0	0	32	32
fanout-1-repeat-3	562	0	0	32	32
fanout-1-repeat-3	563	0	0	32	32
fanout-1-repeat-3	564	0	0	32	32
fanout-1-repeat-3	565	0	0	32	32
fanout-1-repeat-3	566	0	0	32	32
fanout-1-repeat-3	567	0	0	32	32
fanout-1-repeat-3	568	0	0	32	32
fanout-1-repeat-3	569	0	0	32	32
fanout-1-repeat-3	570	0	0	32	32
fanout-1-repeat-3	571	0	0	32	32
fanout-1-repeat-3	572	0	0	32	32
fanout-1-repeat-3	573	0	0	32	32
fanout-1-repeat-3	574	0	0	32	32
fanout-1-repeat-3	575	0	0	32	32
fanout-1-repeat-3	576	0	0	32	32
fanout-1-repeat-3	577	0	0	32	32
fanout-1-repeat-3	578	0	0	32	32
fanout-1-repeat-3	579	0	0	32	32
fanout-1-repeat-3	580	0	0	32	32
fanout-1-repeat-3	581	0	0	32	32
fanout-1-repeat-3	582	0	0	32	32
fanout-1-repeat-3	583	0	0	32	32
fanout-1-repeat-3	584	0	0	32	32
fanout-1-repeat-3	585	0	0	32	32
fanout-1-repeat-3	586	0	0	32	32
fanout-1-repeat-3	587	0	0	32	32
fanout-1-repeat-3	588	0	0	32	32
fanout-1-repeat-3	589	0	0	32	32
fanout-1-repeat-3	590	0	0	32	32
fanout-1-repeat-3	591	0	0	32	32
fanout-1-repeat-3	592	0	0	32	32
fanout-1-repeat-3	593	0	0	32	32
fanout-1-repeat-3	594	0	0	32	32
fanout-1-repeat-3	595	0	0	32	32
fanout-1-repeat-3	596	0	0	32	32
fanout-1-repeat-3	597	0	0	32	32
fanout-1-repeat-3	598	0	0	32	32
fanout-1-repeat-3	599	0	0	32	32
fanout-1-repeat-3	600	0	0	32	32
fanout-1-repeat-3	601	0	0	32	32
fanout-1-repeat-3	602	0	0	32	32
fanout-1-repeat-3	603	0	0	32	32
fanout-1-repeat-3	604	0	0	32	32
fanout-1-repeat-3	605	0	0	32	32
fanout-1-repeat-3	606	0	0	32	32
fanout-1-repeat-3	607	0	0	32	32
fanout-1-repeat-3	608	0	0	32	32
fanout-1-repeat-3	609	0	0	32	32
fanout-1-repeat-3	610	0	0	32	32
fanout-1-repeat-3	611	0	0	32	32
fanout-1-repeat-3	612	0	0	32	32
fanout-1-repeat-3	613	0	0	32	32
fanout-1-repeat-3	614	0	0	32	32
fanout-1-repeat-3	615	0	0	32	32
fanout-1-repeat-3	616	0	0	32	32
fanout-1-repeat-3	617	0	0	32	32
fanout-1-repeat-3	618	0	0	32	32
fanout-1-repeat-3	619	0	0	32	32
fanout-1-repeat-3	620	0	0	32	32
fanout-1-repeat-3	621	0	0	32	32
fanout-1-repeat-3	622	0	0	32	32
fanout-1-repeat-3	623	0	0	32	32
fanout-1-repeat-3	624	0	0	32	32
fanout-1-repeat-3	625	0	0	32	32
fanout-1-repeat-3	626	0	0	32	32
fanout-1-repeat-3	627	0	0	32	32
fanout-1-repeat-3	628	0	0	32	32
fanout-1-repeat-3	629	0	0	32	32
fanout-1-repeat-3	630	0	0	32	32
fanout-1-repeat-3	631	0	0	32	32
fanout-1-repeat-3	632	0	0	32	32
fanout-1-repeat-3	633	0	0	32	32
fanout-1-repeat-3	634	0	0	32	32
fanout-1-repeat-3	635	0	0	32	32
fanout-1-repeat-3	636	0	0	32	32
fanout-1-repeat-3	637	0	0	32	32
fanout-1-repeat-3	638	0	0	32	32
fanout-1-repeat-3	639	0	0	32	32
fanout-1-repeat-3	640	0	0	32	32
fanout-1-repeat-3	641	0	0	32	32
fanout-1-repeat-3	642	0	0	32	32
fanout-1-repeat-3	643	0	0	32	32
fanout-1-repeat-3	644	0	0	32	32
fanout-1-repeat-3	645	0	0	32	32
fanout-1-repeat-3	646	0	0	32	32
fanout-1-repeat-3	647	0	0	32	32
fanout-1-repeat-3	648	0	0	32	32
fanout-1-repeat-3	649	0	0	32	32
fanout-1-repeat-3	650	0	0	32	32
fanout-1-repeat-3	651	0	0	32	32
fanout-1-repeat-3	652	0	0	32	32
fanout-1-repeat-3	653	0	0	32	32
fanout-1-repeat-3	654	0	0	32	32
fanout-1-repeat-3	655	0	0	32	32
fanout-1-repeat-3	656	0	0	32	32
fanout-1-repeat-3	657	0	0	32	32
fanout-1-repeat-3	658	0	0	32	32
fanout-1-repeat-3	659	0	0	32	32
fanout-1-repeat-3	660	0	0	32	32
fanout-1-repeat-3	661	0	0	32	32
fanout-1-repeat-3	662	0	0	32	32
fanout-1-repeat-3	663	0	0	32	32
fanout-1-repeat-3	664	0	0	32	32
fanout-1-repeat-3	665	0	0	32	32
fanout-1-repeat-3	666	0	0	32	32
fanout-1-repeat-3	667	0	0	32	32
fanout-1-repeat-3	668	0	0	32	32
fanout-1-repeat-3	669	0	0	32	32
fanout-1-repeat-3	670	0	0	32	32
fanout-1-repeat-3	671	0	0	32	32
fanout-1-repeat-3	672	0	0	32	32
fanout-1-repeat-3	673	0	0	32	32
fanout-1-repeat-3	674	0	0	32	32
fanout-1-repeat-3	675	0	0	32	32
fanout-1-repeat-3	676	0	0	32	32
fanout-1-repeat-3	677	0	0	32	32
fanout-1-repeat-3	678	0	0	32	32
fanout-1-repeat-3	679	0	0	32	32
fanout-1-repeat-3	680	0	0	32	32
fanout-1-repeat-3	681	0	0	32	32
fanout-1-repeat-3	682	0	0	32	32
fanout-1-repeat-3	683	0	0	32	32
fanout-1-repeat-3	684	0	0	32	32
fanout-1-repeat-3	685	0	0	32	32
fanout-1-repeat-3	686	0	0	32	32
fanout-1-repeat-3	687	0	0	32	32
fanout-1-repeat-3	688	0	0	32	32
fanout-1-repeat-3	689	0	0	32	32
fanout-1-repeat-3	690	0	0	32	32
fanout-1-repeat-3	691	0	0	32	32
fanout-1-repeat-3	692	0	0	32	32
fanout-1-repeat-3	693	0	0	32	32
fanout-1-repeat-3	694	0	0	32	32
fanout-1-repeat-3	695	0	0	32	32
fanout-1-repeat-3	696	0	0	32	32
fanout-1-repeat-3	697	0	0	32	32
fanout-1-repeat-3	698	0	0	32	32
fanout-1-repeat-3	699	0	0	32	32
fanout-1-repeat-3	700	0	0	32	32
fanout-1-repeat-3	701	0	0	32	32
fanout-1-repeat-3	702	0	0	32	32
fanout-1-repeat-3	703	0	0	32	32
fanout-1-repeat-3	704	0	0	32	32
fanout-1-repeat-3	705	0	0	32	32
fanout-1-repeat-3	706	0	0	32	32
fanout-1-repeat-3	707	0	0	32	32
fanout-1-repeat-3	708	0	0	32	32
fanout-1-repeat-3	709	0	0	32	32
fanout-1-repeat-3	710	0	0	32	32
fanout-1-repeat-3	711	0	0	32	32
fanout-1-repeat-3	712	0	0	32	32
fanout-1-repeat-3	713	0	0	32	32
fanout-1-repeat-3	714	0	0	32	32
fanout-1-repeat-3	715	0	0	32	32
fanout-1-repeat-3	716	0	0	32	32
fanout-1-repeat-3	717	0	0	32	32
fanout-1-repeat-3	718	0	0	32	32
fanout-1-repeat-3	719	0	0	32	32
fanout-1-repeat-3	720	0	0	32	32
fanout-1-repeat-3	721	0	0	32	32
fanout-1-repeat-3	722	0	0	32	32
fanout-1-repeat-3	723	0	0	32	32
fanout-1-repeat-3	724	0	0	32	32
fanout-1-repeat-3	725	0	0	32	32
fanout-1-repeat-3	726	0	0	32	32
fanout-1-repeat-3	727	0	0	32	32
fanout-1-repeat-3	728	0	0	32	32
fanout-1-repeat-3	729	0	0	32	32
fanout-1-repeat-3	730	0	0	32	32
fanout-1-repeat-3	731	0	0	32	32
fanout-1-repeat-3	732	0	0	32	32
fanout-1-repeat-3	733	0	0	32	32
fanout-1-repeat-3	734	0	0	32	32
fanout-1-repeat-3	735	0	0	32	32
fanout-1-repeat-3	736	0	0	32	32
fanout-1-repeat-3	737	0	0	32	32
fanout-1-repeat-3	738	0	0	32	32
fanout-1-repeat-3	739	0	0	32	32
fanout-1-repeat-3	740	0	0	32	32
fanout-1-repeat-3	741	0	0	32	32
fanout-1-repeat-3	742	0	0	32	32
fanout-1-repeat-3	743	0	0	32	32
fanout-1-repeat-3	744	0	0	32	32
fanout-1-repeat-3	745	0	0	32	32
fanout-1-repeat-3	746	0	0	32	32
fanout-1-repeat-3	747	0	0	32	32
fanout-1-repeat-3	748	0	0	32	32
fanout-1-repeat-3	749	0	0	32	32
fanout-1-repeat-3	750	0	0	32	32
fanout-1-repeat-3	751	0	0	32	32
fanout-1-repeat-3	752	0	0	32	32
fanout-1-repeat-3	753	0	0	32	32
fanout-1-repeat-3	754	0	0	32	32
fanout-1-repeat-3	755	0	0	32	32
fanout-1-repeat-3	756	0	0	32	32
fanout-1-repeat-3	757	0	0	32	32
fanout-1-repeat-3	758	0	0	32	32
fanout-1-repeat-3	759	0	0	32	32
fanout-1-repeat-3	760	0	0	32	32
fanout-1-repeat-3	761	0	0	32	32
fanout-1-repeat-3	762	0	0	32	32
fanout-1-repeat-3	763	0	0	32	32
fanout-1-repeat-3	764	0	0	32	32
fanout-1-repeat-3	765	0	0	32	32
fanout-1-repeat-3	766	0	0	32	32
fanout-1-repeat-3	767	0	0	32	32
fanout-1-repeat-3	768	0	0	32	32
fanout-1-repeat-3	769	0	0	32	32
fanout-1-repeat-3	770	0	0	32	32
fanout-1-repeat-3	771	0	0	32	32
fanout-1-repeat-3	772	0	0	32	32
fanout-1-repeat-3	773	0	0	32	32
fanout-1-repeat-3	774	0	0	32	32
fanout-1-repeat-3	775	0	0	32	32
fanout-1-repeat-3	776	0	0	32	32
fanout-1-repeat-3	777	0	0	32	32
fanout-1-repeat-3	778	0	0	32	32
fanout-1-repeat-3	779	0	0	32	32
fanout-1-repeat-3	780	0	0	32	32
fanout-1-repeat-3	781	0	0	32	32
fanout-1-repeat-3	782	0	0	32	32
fanout-1-repeat-3	783	0	0	32	32
fanout-1-repeat-3	784	0	0	32	32
fanout-1-repeat-3	785	0	0	32	32
fanout-1-repeat-3	786	0	0	32	32
fanout-1-repeat-3	787	0	0	32	32
fanout-1-repeat-3	788	0	0	32	32
fanout-1-repeat-3	789	0	0	32	32
fanout-1-repeat-3	790	0	0	32	32
fanout-1-repeat-3	791	0	0	32	32
fanout-1-repeat-3	792	0	0	32	32
fanout-1-repeat-3	793	0	0	32	32
fanout-1-repeat-3	794	0	0	32	32
fanout-1-repeat-3	795	0	0	32	32
fanout-1-repeat-3	796	0	0	32	32
fanout-1-repeat-3	797	0	0	32	32
fanout-1-repeat-3	798	0	0	32	32
fanout-1-repeat-3	799	0	0	32	32
fanout-1-repeat-3	800	0	0	32	32
fanout-1-repeat-3	801	0	0	32	32
fanout-1-repeat-3	802	0	0	32	32
fanout-1-repeat-3	803	0	0	32	32
fanout-1-repeat-3	804	0	0	32	32
fanout-1-repeat-3	805	0	0	32	32
fanout-1-repeat-3	806	0	0	32	32
fanout-1-repeat-3	807	0	0	32	32
fanout-1-repeat-3	808	0	0	32	32
fanout-1-repeat-3	809	0	0	32	32
fanout-1-repeat-3	810	0	0	32	32
fanout-1-repeat-3	811	0	0	32	32
fanout-1-repeat-3	812	0	0	32	32
fanout-1-repeat-3	813	0	0	32	32
fanout-1-repeat-3	814	0	0	32	32
fanout-1-repeat-3	815	0	0	32	32
fanout-1-repeat-3	816	0	0	32	32
fanout-1-repeat-3	817	0	0	32	32
fanout-1-repeat-3	818	0	0	32	32
fanout-1-repeat-3	819	0	0	32	32
fanout-1-repeat-3	820	0	0	32	32
fanout-1-repeat-3	821	0	0	32	32
fanout-1-repeat-3	822	0	0	32	32
fanout-1-repeat-3	823	0	0	32	32
fanout-1-repeat-3	824	0	0	32	32
fanout-1-repeat-3	825	0	0	32	32
fanout-1-repeat-3	826	0	0	32	32
fanout-1-repeat-3	827	0	0	32	32
fanout-1-repeat-3	828	0	0	32	32
fanout-1-repeat-3	829	0	0	32	32
fanout-1-repeat-3	830	0	0	32	32
fanout-1-repeat-3	831	0	0	32	32
fanout-1-repeat-3	832	0	0	32	32
fanout-1-repeat-3	833	0	0	32	32
fanout-1-repeat-3	834	0	0	32	32
fanout-1-repeat-3	835	0	0	32	32
fanout-1-repeat-3	836	0	0	32	32
fanout-1-repeat-3	837	0	0	32	32
fanout-1-repeat-3	838	0	0	32	32
fanout-1-repeat-3	839	0	0	32	32
fanout-1-repeat-3	840	0	0	32	32
fanout-1-repeat-3	841	0	0	32	32
fanout-1-repeat-3	842	0	0	32	32
fanout-1-repeat-3	843	0	0	32	32
fanout-1-repeat-3	844	0	0	32	32
fanout-1-repeat-3	845	0	0	32	32
fanout-1-repeat-3	846	0	0	32	32
fanout-1-repeat-3	847	0	0	32	32
fanout-1-repeat-3	848	0	0	32	32
fanout-1-repeat-3	849	0	0	32	32
fanout-1-repeat-3	850	0	0	32	32
fanout-1-repeat-3	851	0	0	32	32
fanout-1-repeat-3	852	0	0	32	32
fanout-1-repeat-3	853	0	0	32	32
fanout-1-repeat-3	854	0	0	32	32
fanout-1-repeat-3	855	0	0	32	32
fanout-1-repeat-3	856	0	0	32	32
fanout-1-repeat-3	857	0	0	32	32
fanout-1-repeat-3	858	0	0	32	32
fanout-1-repeat-3	859	0	0	32	32
fanout-1-repeat-3	860	0	0	32	32
fanout-1-repeat-3	861	0	0	32	32
fanout-1-repeat-3	862	0	0	32	32
fanout-1-repeat-3	863	0	0	32	32
fanout-1-repeat-3	864	0	0	32	32
fanout-1-repeat-3	865	0	0	32	32
fanout-1-repeat-3	866	0	0	32	32
fanout-1-repeat-3	867	0	0	32	32
fanout-1-repeat-3	868	0	0	32	32
fanout-1-repeat-3	869	0	0	32	32
fanout-1-repeat-3	870	0	0	32	32
fanout-1-repeat-3	871	0	0	32	32
fanout-1-repeat-3	872	0	0	32	32
fanout-1-repeat-3	873	0	0	32	32
fanout-1-repeat-3	874	0	0	32	32
fanout-1-repeat-3	875	0	0	32	32
fanout-1-repeat-3	876	0	0	32	32
fanout-1-repeat-3	877	0	0	32	32
fanout-1-repeat-3	878	0	0	32	32
fanout-1-repeat-3	879	0	0	32	32
fanout-1-repeat-3	880	0	0	32	32
fanout-1-repeat-3	881	0	0	32	32
fanout-1-repeat-3	882	0	0	32	32
fanout-1-repeat-3	883	0	0	32	32
fanout-1-repeat-3	884	0	0	32	32
fanout-1-repeat-3	885	0	0	32	32
fanout-1-repeat-3	886	0	0	32	32
fanout-1-repeat-3	887	0	0	32	32
fanout-1-repeat-3	888	0	0	32	32
fanout-1-repeat-3	889	0	0	32	32
fanout-1-repeat-3	890	0	0	32	32
fanout-1-repeat-3	891	0	0	32	32
fanout-1-repeat-3	892	0	0	32	32
fanout-1-repeat-3	893	0	0	32	32
fanout-1-repeat-3	894	0	0	32	32
fanout-1-repeat-3	895	0	0	32	32
fanout-1-repeat-3	896	0	0	32	32
fanout-1-repeat-3	897	0	0	32	32
fanout-1-repeat-3	898	0	0	32	32
fanout-1-repeat-3	899	0	0	32	32
fanout-1-repeat-3	900	0	0	32	32
fanout-1-repeat-3	901	0	0	32	32
fanout-1-repeat-3	902	0	0	32	32
fanout-1-repeat-3	903	0	0	32	32
fanout-1-repeat-3	904	0	0	32	32
fanout-1-repeat-3	905	0	0	32	32
fanout-1-repeat-3	906	0	0	32	32
fanout-1-repeat-3	907	0	0	32	32
fanout-1-repeat-3	908	0	0	32	32
fanout-1-repeat-3	909	0	0	32	32
fanout-1-repeat-3	910	0	0	32	32
fanout-1-repeat-3	911	0	0	32	32
fanout-1-repeat-3	912	0	0	32	32
fanout-1-repeat-3	913	0	0	32	32
fanout-1-repeat-3	914	0	0	32	32
fanout-1-repeat-3	915	0	0	32	32
fanout-1-repeat-3	916	0	0	32	32
fanout-1-repeat-3	917	0	0	32	32
fanout-1-repeat-3	918	0	0	32	32
fanout-1-repeat-3	919	0	0	32	32
fanout-1-repeat-3	920	0	0	32	32
fanout-1-repeat-3	921	0	0	32	32
fanout-1-repeat-3	922	0	0	32	32
fanout-1-repeat-3	923	0	0	32	32
fanout-1-repeat-3	924	0	0	32	32
fanout-1-repeat-3	925	0	0	32	32
fanout-1-repeat-3	926	0	0	32	32
fanout-1-repeat-3	927	0	0	32	32
fanout-1-repeat-3	928	0	0	32	32
fanout-1-repeat-3	929	0	0	32	32
fanout-1-repeat-3	930	0	0	32	32
fanout-1-repeat-3	931	0	0	32	32
fanout-1-repeat-3	932	0	0	32	32
fanout-1-repeat-3	933	0	0	32	32
fanout-1-repeat-3	934	0	0	32	32
fanout-1-repeat-3	935	0	0	32	32
fanout-1-repeat-3	936	0	0	32	32
fanout-1-repeat-3	937	0	0	32	32
fanout-1-repeat-3	938	0	0	32	32
fanout-1-repeat-3	939	0	0	32	32
fanout-1-repeat-3	940	0	0	32	32
fanout-1-repeat-3	941	0	0	32	32
fanout-1-repeat-3	942	0	0	32	32
fanout-1-repeat-3	943	0	0	32	32
fanout-1-repeat-3	944	0	0	32	32
fanout-1-repeat-3	945	0	0	32	32
fanout-1-repeat-3	946	0	0	32	32
fanout-1-repeat-3	947	0	0	32	32
fanout-1-repeat-3	948	0	0	32	32
fanout-1-repeat-3	949	0	0	32	32
fanout-1-repeat-3	950	0	0	32	32
fanout-1-repeat-3	951	0	0	32	32
fanout-1-repeat-3	952	0	0	32	32
fanout-1-repeat-3	953	0	0	32	32
fanout-1-repeat-3	954	0	0	32	32
fanout-1-repeat-3	955	0	0	32	32
fanout-1-repeat-3	956	0	0	32	32
fanout-1-repeat-3	957	0	0	32	32
fanout-1-repeat-3	958	0	0	32	32
fanout-1-repeat-3	959	0	0	32	32
fanout-1-repeat-3	960	0	0	32	32
fanout-1-repeat-3	961	0	0	32	32
fanout-1-repeat-3	962	0	0	32	32
fanout-1-repeat-3	963	0	0	32	32
fanout-1-repeat-3	964	0	0	32	32
fanout-1-repeat-3	965	0	0	32	32
fanout-1-repeat-3	966	0	0	32	32
fanout-1-repeat-3	967	0	0	32	32
fanout-1-repeat-3	968	0	0	32	32
fanout-1-repeat-3	969	0	0	32	32
fanout-1-repeat-3	970	0	0	32	32
fanout-1-repeat-3	971	0	0	32	32
fanout-1-repeat-3	972	0	0	32	32
fanout-1-repeat-3	973	0	0	32	32
fanout-1-repeat-3	974	0	0	32	32
fanout-1-repeat-3	975	0	0	32	32
fanout-1-repeat-3	976	0	0	32	32
fanout-1-repeat-3	977	0	0	32	32
fanout-1-repeat-3	978	0	0	32	32
fanout-1-repeat-3	979	0	0	32	32
fanout-1-repeat-3	980	0	0	32	32
fanout-1-repeat-3	981	0	0	32	32
fanout-1-repeat-3	982	0	0	32	32
fanout-1-repeat-3	983	0	0	32	32
fanout-1-repeat-3	984	0	0	32	32
fanout-1-repeat-3	985	0	0	32	32
fanout-1-repeat-3	986	0	0	32	32
fanout-1-repeat-3	987	0	0	32	32
fanout-1-repeat-3	988	0	0	32	32
fanout-1-repeat-3	989	0	0	32	32
fanout-1-repeat-3	990	0	0	32	32
fanout-1-repeat-3	991	0	0	32	32
fanout-1-repeat-3	992	0	0	32	32
fanout-1-repeat-3	993	0	0	32	32
fanout-1-repeat-3	994	0	0	32	32
fanout-1-repeat-3	995	0	0	32	32
fanout-1-repeat-3	996	0	0	32	32
fanout-1-repeat-3	997	0	0	32	32
fanout-1-repeat-3	998	0	0	32	32
fanout-1-repeat-3	999	0	0	32	32
fanout-1-repeat-3	1000	0	0	32	32
fanout-1-repeat-3	1001	0	0	32	32
fanout-1-repeat-3	1002	0	0	32	32
fanout-1-repeat-3	1003	0	0	32	32
fanout-1-repeat-3	1004	0	0	32	32
fanout-1-repeat-3	1005	0	0	32	32
fanout-1-repeat-3	1006	0	0	32	32
fanout-1-repeat-3	1007	0	0	32	32
fanout-1-repeat-3	1008	0	0	32	32
fanout-1-repeat-3	1009	0	0	32	32
fanout-1-repeat-3	1010	0	0	32	32
fanout-1-repeat-3	1011	0	0	32	32
fanout-1-repeat-3	1012	0	0	32	32
fanout-1-repeat-3	1013	0	0	32	32
fanout-1-repeat-3	1014	0	0	32	32
fanout-1-repeat-3	1015	0	0	32	32
fanout-1-repeat-3	1016	0	0	32	32
fanout-1-repeat-3	1017	0	0	32	32
fanout-1-repeat-3	1018	0	0	32	32
fanout-1-repeat-3	1019	0	0	32	32
fanout-1-repeat-3	1020	0	0	32	32
fanout-1-repeat-3	1021	0	0	32	32
fanout-1-repeat-3	1022	0	0	32	32
fanout-1-repeat-3	1023	0	0	32	32
fanout-1-repeat-3	1024	0	0	32	32
fanout-1-repeat-3	1025	0	0	32	32
fanout-2-repeat-1	26	0,1	0	32	32,0
fanout-2-repeat-1	27	0,1	0	32	32,0
fanout-2-repeat-1	28	0,1	0	32	32,0
fanout-2-repeat-1	29	0,1	1	32	0,32
fanout-2-repeat-1	30	0,1	0	32	32,0
fanout-2-repeat-1	31	0,1	1	32	0,32
fanout-2-repeat-1	32	0,1	0	32	32,0
fanout-2-repeat-1	33	0,1	1	32	0,32
fanout-2-repeat-1	34	0,1	1	32	0,32
fanout-2-repeat-1	35	0,1	0	32	32,0
fanout-2-repeat-1	36	0,1	0	32	32,0
fanout-2-repeat-1	37	0,1	0	32	32,0
fanout-2-repeat-1	38	0,1	0	32	32,0
fanout-2-repeat-1	39	0,1	1	32	0,32
fanout-2-repeat-1	40	0,1	0	32	32,0
fanout-2-repeat-1	41	0,1	1	32	0,32
fanout-2-repeat-1	42	0,1	1	32	0,32
fanout-2-repeat-1	43	0,1	0	32	32,0
fanout-2-repeat-1	44	0,1	0	32	32,0
fanout-2-repeat-1	45	0,1	1	32	0,32
fanout-2-repeat-1	46	0,1	1	32	0,32
fanout-2-repeat-1	47	0,1	0	32	32,0
fanout-2-repeat-1	48	0,1	0	32	32,0
fanout-2-repeat-1	49	0,1	1	32	0,32
fanout-2-repeat-1	50	0,1	0	32	32,0
fanout-2-repeat-1	51	0,1	1	32	0,32
fanout-2-repeat-1	52	0,1	0	32	32,0
fanout-2-repeat-1	53	0,1	0	32	32,0
fanout-2-repeat-1	54	0,1	0	32	32,0
fanout-2-repeat-1	55	0,1	0	32	32,0
fanout-2-repeat-1	56	0,1	0	32	32,0
fanout-2-repeat-1	57	0,1	0	32	32,0
fanout-2-repeat-1	58	0,1	0	32	32,0
fanout-2-repeat-1	59	0,1	0	32	32,0
fanout-2-repeat-1	60	0,1	0	32	32,0
fanout-2-repeat-1	61	0,1	0	32	32,0
fanout-2-repeat-1	62	0,1	1	32	0,32
fanout-2-repeat-1	63	0,1	0	32	32,0
fanout-2-repeat-1	64	0,1	0	32	32,0
fanout-2-repeat-1	65	0,1	1	32	0,32
fanout-2-repeat-1	66	0,1	1	32	0,32
fanout-2-repeat-1	67	0,1	0	32	32,0
fanout-2-repeat-1	68	0,1	0	32	32,0
fanout-2-repeat-1	69	0,1	1	32	0,32
fanout-2-repeat-1	70	0,1	1	32	0,32
fanout-2-repeat-1	71	0,1	1	32	0,32
fanout-2-repeat-1	72	0,1	0	32	32,0
fanout-2-repeat-1	73	0,1	0	32	32,0
fanout-2-repeat-1	74	0,1	1	32	0,32
fanout-2-repeat-1	75	0,1	1	32	0,32
fanout-2-repeat-1	76	0,1	0	32	32,0
fanout-2-repeat-1	77	0,1	1	32	0,32
fanout-2-repeat-1	78	0,1	1	32	0,32
fanout-2-repeat-1	79	0,1	0	32	32,0
fanout-2-repeat-1	80	0,1	0	32	32,0
fanout-2-repeat-1	81	0,1	0	32	32,0
fanout-2-repeat-1	82	0,1	0	32	32,0
fanout-2-repeat-1	83	0,1	1	32	0,32
fanout-2-repeat-1	84	0,1	0	32	32,0
fanout-2-repeat-1	85	0,1	1	32	0,32
fanout-2-repeat-1	86	0,1	1	32	0,32
fanout-2-repeat-1	87	0,1	1	32	0,32
fanout-2-repeat-1	88	0,1	0	32	32,0
fanout-2-repeat-1	89	0,1	1	32	0,32
fanout-2-repeat-1	90	0,1	0	32	32,0
fanout-2-repeat-1	91	0,1	1	32	0,32
fanout-2-repeat-1	92	0,1	0	32	32,0
fanout-2-repeat-1	93	0,1	0	32	32,0
fanout-2-repeat-1	94	0,1	0	32	32,0
fanout-2-repeat-1	95	0,1	0	32	32,0
fanout-2-repeat-1	96	0,1	0	32	32,0
fanout-2-repeat-1	97	0,1	0	32	32,0
fanout-2-repeat-1	98	0,1	0	32	32,0
fanout-2-repeat-1	99	0,1	0	32	32,0
fanout-2-repeat-1	100	0,1	0	32	32,0
fanout-2-repeat-1	101	0,1	1	32	0,32
fanout-2-repeat-1	102	0,1	1	32	0,32
fanout-2-repeat-1	103	0,1	1	32	0,32
fanout-2-repeat-1	104	0,1	0	32	32,0
fanout-2-repeat-1	105	0,1	0	32	32,0
fanout-2-repeat-1	106	0,1	0	32	32,0
fanout-2-repeat-1	107	0,1	0	32	32,0
fanout-2-repeat-1	108	0,1	0	32	32,0
fanout-2-repeat-1	109	0,1	1	32	0,32
fanout-2-repeat-1	110	0,1	1	32	0,32
fanout-2-repeat-1	111	0,1	1	32	0,32
fanout-2-repeat-1	112	0,1	0	32	32,0
fanout-2-repeat-1	113	0,1	0	32	32,0
fanout-2-repeat-1	114	0,1	0	32	32,0
fanout-2-repeat-1	115	0,1	1	32	0,32
fanout-2-repeat-1	116	0,1	0	32	32,0
fanout-2-repeat-1	117	0,1	0	32	32,0
fanout-2-repeat-1	118	0,1	0	32	32,0
fanout-2-repeat-1	119	0,1	0	32	32,0
fanout-2-repeat-1	120	0,1	0	32	32,0
fanout-2-repeat-1	121	0,1	1	32	0,32
fanout-2-repeat-1	122	0,1	1	32	0,32
fanout-2-repeat-1	123	0,1	0	32	32,0
fanout-2-repeat-1	124	0,1	0	32	32,0
fanout-2-repeat-1	125	0,1	0	32	32,0
fanout-2-repeat-1	126	0,1	0	32	32,0
fanout-2-repeat-1	127	0,1	0	32	32,0
fanout-2-repeat-1	128	0,1	0	32	32,0
fanout-2-repeat-1	129	0,1	0	32	32,0
fanout-2-repeat-1	130	0,1	1	32	0,32
fanout-2-repeat-1	131	0,1	0	32	32,0
fanout-2-repeat-1	132	0,1	0	32	32,0
fanout-2-repeat-1	133	0,1	1	32	0,32
fanout-2-repeat-1	134	0,1	0	32	32,0
fanout-2-repeat-1	135	0,1	0	32	32,0
fanout-2-repeat-1	136	0,1	0	32	32,0
fanout-2-repeat-1	137	0,1	1	32	0,32
fanout-2-repeat-1	138	0,1	1	32	0,32
fanout-2-repeat-1	139	0,1	0	32	32,0
fanout-2-repeat-1	140	0,1	0	32	32,0
fanout-2-repeat-1	141	0,1	0	32	32,0
fanout-2-repeat-1	142	0,1	1	32	0,32
fanout-2-repeat-1	143	0,1	1	32	0,32
fanout-2-repeat-1	144	0,1	0	32	32,0
fanout-2-repeat-1	145	0,1	0	32	32,0
fanout-2-repeat-1	146	0,1	0	32	32,0
fanout-2-repeat-1	147	0,1	1	32	0,32
fanout-2-repeat-1	148	0,1	0	32	32,0
fanout-2-repeat-1	149	0,1	1	32	0,32
fanout-2-repeat-1	150	0,1	1	32	0,32
fanout-2-repeat-1	151	0,1	1	32	0,32
fanout-2-repeat-1	152	0,1	0	32	32,0
fanout-2-repeat-1	153	0,1	1	32	0,32
fanout-2-repeat-1	154	0,1	0	32	32,0
fanout-2-repeat-1	155	0,1	1	32	0,32
fanout-2-repeat-1	156	0,1	0	32	32,0
fanout-2-repeat-1	157	0,1	0	32	32,0
fanout-2-repeat-1	158	0,1	0	32	32,0
fanout-2-repeat-1	159	0,1	0	32	32,0
fanout-2-repeat-1	160	0,1	0	32	32,0
fanout-2-repeat-1	161	0,1	0	32	32,0
fanout-2-repeat-1	162	0,1	0	32	32,0
fanout-2-repeat-1	163	0,1	0	32	32,0
fanout-2-repeat-1	164	0,1	0	32	32,0
fanout-2-repeat-1	165	0,1	1	32	0,32
fanout-2-repeat-1	166	0,1	0	32	32,0
fanout-2-repeat-1	167	0,1	0	32	32,0
fanout-2-repeat-1	168	0,1	0	32	32,0
fanout-2-repeat-1	169	0,1	0	32	32,0
fanout-2-repeat-1	170	0,1	0	32	32,0
fanout-2-repeat-1	171	0,1	1	32	0,32
fanout-2-repeat-1	172	0,1	0	32	32,0
fanout-2-repeat-1	173	0,1	1	32	0,32
fanout-2-repeat-1	174	0,1	0	32	32,0
fanout-2-repeat-1	175	0,1	1	32	0,32
fanout-2-repeat-1	176	0,1	0	32	32,0
fanout-2-repeat-1	177	0,1	0	32	32,0
fanout-2-repeat-1	178	0,1	1	32	0,32
fanout-2-repeat-1	179	0,1	0	32	32,0
fanout-2-repeat-1	180	0,1	0	32	32,0
fanout-2-repeat-1	181	0,1	1	32	0,32
fanout-2-repeat-1	182	0,1	1	32	0,32
fanout-2-repeat-1	183	0,1	1	32	0,32
fanout-2-repeat-1	184	0,1	0	32	32,0
fanout-2-repeat-1	185	0,1	0	32	32,0
fanout-2-repeat-1	186	0,1	0	32	32,0
fanout-2-repeat-1	187	0,1	1	32	0,32
fanout-2-repeat-1	188	0,1	0	32	32,0
fanout-2-repeat-1	189	0,1	1	32	0,32
fanout-2-repeat-1	190	0,1	0	32	32,0
fanout-2-repeat-1	191	0,1	0	32	32,0
fanout-2-repeat-1	192	0,1	0	32	32,0
fanout-2-repeat-1	193	0,1	1	32	0,32
fanout-2-repeat-1	194	0,1	1	32	0,32
fanout-2-repeat-1	195	0,1	0	32	32,0
fanout-2-repeat-1	196	0,1	0	32	32,0
fanout-2-repeat-1	197	0,1	0	32	32,0
fanout-2-repeat-1	198	0,1	0	32	32,0
fanout-2-repeat-1	199	0,1	0	32	32,0
fanout-2-repeat-1	200	0,1	0	32	32,0
fanout-2-repeat-1	201	0,1	0	32	32,0
fanout-2-repeat-1	202	0,1	0	32	32,0
fanout-2-repeat-1	203	0,1	0	32	32,0
fanout-2-repeat-1	204	0,1	0	32	32,0
fanout-2-repeat-1	205	0,1	1	32	0,32
fanout-2-repeat-1	206	0,1	1	32	0,32
fanout-2-repeat-1	207	0,1	0	32	32,0
fanout-2-repeat-1	208	0,1	0	32	32,0
fanout-2-repeat-1	209	0,1	1	32	0,32
fanout-2-repeat-1	210	0,1	1	32	0,32
fanout-2-repeat-1	211	0,1	0	32	32,0
fanout-2-repeat-1	212	0,1	0	32	32,0
fanout-2-repeat-1	213	0,1	0	32	32,0
fanout-2-repeat-1	214	0,1	0	32	32,0
fanout-2-repeat-1	215	0,1	1	32	0,32
fanout-2-repeat-1	216	0,1	0	32	32,0
fanout-2-repeat-1	217	0,1	0	32	32,0
fanout-2-repeat-1	218	0,1	1	32	0,32
fanout-2-repeat-1	219	0,1	0	32	32,0
fanout-2-repeat-1	220	0,1	0	32	32,0
fanout-2-repeat-1	221	0,1	1	32	0,32
fanout-2-repeat-1	222	0,1	1	32	0,32
fanout-2-repeat-1	223	0,1	1	32	0,32
fanout-2-repeat-1	224	0,1	0	32	32,0
fanout-2-repeat-1	225	0,1	1	32	0,32
fanout-2-repeat-1	226	0,1	0	32	32,0
fanout-2-repeat-1	227	0,1	1	32	0,32
fanout-2-repeat-1	228	0,1	0	32	32,0
fanout-2-repeat-1	229	0,1	0	32	32,0
fanout-2-repeat-1	230	0,1	1	32	0,32
fanout-2-repeat-1	231	0,1	1	32	0,32
fanout-2-repeat-1	232	0,1	0	32	32,0
fanout-2-repeat-1	233	0,1	1	32	0,32
fanout-2-repeat-1	234	0,1	1	32	0,32
fanout-2-repeat-1	235	0,1	1	32	0,32
fanout-2-repeat-1	236	0,1	0	32	32,0
fanout-2-repeat-1	237	0,1	1	32	0,32
fanout-2-repeat-1	238	0,1	1	32	0,32
fanout-2-repeat-1	239	0,1	0	32	32,0
fanout-2-repeat-1	240	0,1	0	32	32,0
fanout-2-repeat-1	241	0,1	1	32	0,32
fanout-2-repeat-1	242	0,1	0	32	32,0
fanout-2-repeat-1	243	0,1	1	32	0,32
fanout-2-repeat-1	244	0,1	0	32	32,0
fanout-2-repeat-1	245	0,1	1	32	0,32
fanout-2-repeat-1	246	0,1	1	32	0,32
fanout-2-repeat-1	247	0,1	0	32	32,0
fanout-2-repeat-1	248	0,1	0	32	32,0
fanout-2-repeat-1	249	0,1	1	32	0,32
fanout-2-repeat-1	250	0,1	1	32	0,32
fanout-2-repeat-1	251	0,1	1	32	0,32
fanout-2-repeat-1	252	0,1	0	32	32,0
fanout-2-repeat-1	253	0,1	0	32	32,0
fanout-2-repeat-1	254	0,1	1	32	0,32
fanout-2-repeat-1	255	0,1	0	32	32,0
fanout-2-repeat-1	256	0,1	0	32	32,0
fanout-2-repeat-1	257	0,1	0	32	32,0
fanout-2-repeat-1	258	0,1	0	32	32,0
fanout-2-repeat-1	259	0,1	0	32	32,0
fanout-2-repeat-1	260	0,1	0	32	32,0
fanout-2-repeat-1	261	0,1	1	32	0,32
fanout-2-repeat-1	262	0,1	0	32	32,0
fanout-2-repeat-1	263	0,1	1	32	0,32
fanout-2-repeat-1	264	0,1	0	32	32,0
fanout-2-repeat-1	265	0,1	1	32	0,32
fanout-2-repeat-1	266	0,1	1	32	0,32
fanout-2-repeat-1	267	0,1	0	32	32,0
fanout-2-repeat-1	268	0,1	0	32	32,0
fanout-2-repeat-1	269	0,1	0	32	32,0
fanout-2-repeat-1	270	0,1	0	32	32,0
fanout-2-repeat-1	271	0,1	1	32	0,32
fanout-2-repeat-1	272	0,1	0	32	32,0
fanout-2-repeat-1	273	0,1	1	32	0,32
fanout-2-repeat-1	274	0,1	1	32	0,32
fanout-2-repeat-1	275	0,1	1	32	0,32
fanout-2-repeat-1	276	0,1	0	32	32,0
fanout-2-repeat-1	277	0,1	1	32	0,32
fanout-2-repeat-1	278	0,1	0	32	32,0
fanout-2-repeat-1	279	0,1	1	32	0,32
fanout-2-repeat-1	280	0,1	0	32	32,0
fanout-2-repeat-1	281	0,1	1	32	0,32
fanout-2-repeat-1	282	0,1	1	32	0,32
fanout-2-repeat-1	283	0,1	0	32	32,0
fanout-2-repeat-1	284	0,1	0	32	32,0
fanout-2-repeat-1	285	0,1	1	32	0,32
fanout-2-repeat-1	286	0,1	1	32	0,32
fanout-2-repeat-1	287	0,1	0	32	32,0
fanout-2-repeat-1	288	0,1	0	32	32,0
fanout-2-repeat-1	289	0,1	0	32	32,0
fanout-2-repeat-1	290	0,1	1	32	0,32
fanout-2-repeat-1	291	0,1	0	32	32,0
fanout-2-repeat-1	292	0,1	0	32	32,0
fanout-2-repeat-1	293	0,1	1	32	0,32
fanout-2-repeat-1	294	0,1	0	32	32,0
fanout-2-repeat-1	295	0,1	1	32	0,32
fanout-2-repeat-1	296	0,1	0	32	32,0
fanout-2-repeat-1	297	0,1	0	32	32,0
fanout-2-repeat-1	298	0,1	1	32	0,32
fanout-2-repeat-1	299	0,1	0	32	32,0
fanout-2-repeat-1	300	0,1	0	32	32,0
fanout-2-repeat-1	301	0,1	1	32	0,32
fanout-2-repeat-1	302	0,1	0	32	32,0
fanout-2-repeat-1	303	0,1	0	32	32,0
fanout-2-repeat-1	304	0,1	0	32	32,0
fanout-2-repeat-1	305	0,1	1	32	0,32
fanout-2-repeat-1	306	0,1	0	32	32,0
fanout-2-repeat-1	307	0,1	0	32	32,0
fanout-2-repeat-1	308	0,1	0	32	32,0
fanout-2-repeat-1	309	0,1	1	32	0,32
fanout-2-repeat-1	310	0,1	1	32	0,32
fanout-2-repeat-1	311	0,1	1	32	0,32
fanout-2-repeat-1	312	0,1	0	32	32,0
fanout-2-repeat-1	313	0,1	0	32	32,0
fanout-2-repeat-1	314	0,1	0	32	32,0
fanout-2-repeat-1	315	0,1	1	32	0,32
fanout-2-repeat-1	316	0,1	0	32	32,0
fanout-2-repeat-1	317	0,1	1	32	0,32
fanout-2-repeat-1	318	0,1	0	32	32,0
fanout-2-repeat-1	319	0,1	1	32	0,32
fanout-2-repeat-1	320	0,1	0	32	32,0
fanout-2-repeat-1	321	0,1	0	32	32,0
fanout-2-repeat-1	322	0,1	0	32	32,0
fanout-2-repeat-1	323	0,1	1	32	0,32
fanout-2-repeat-1	324	0,1	0	32	32,0
fanout-2-repeat-1	325	0,1	1	32	0,32
fanout-2-repeat-1	326	0,1	0	32	32,0
fanout-2-repeat-1	327	0,1	1	32	0,32
fanout-2-repeat-1	328	0,1	0	32	32,0
fanout-2-repeat-1	329	0,1	0	32	32,0
fanout-2-repeat-1	330	0,1	1	32	0,32
fanout-2-repeat-1	331	0,1	1	32	0,32
fanout-2-repeat-1	332	0,1	0	32	32,0
fanout-2-repeat-1	333	0,1	0	32	32,0
fanout-2-repeat-1	334	0,1	1	32	0,32
fanout-2-repeat-1	335	0,1	0	32	32,0
fanout-2-repeat-1	336	0,1	0	32	32,0
fanout-2-repeat-1	337	0,1	0	32	32,0
fanout-2-repeat-1	338	0,1	1	32	0,32
fanout-2-repeat-1	339	0,1	1	32	0,32
fanout-2-repeat-1	340	0,1	0	32	32,0
fanout-2-repeat-1	341	0,1	0	32	32,0
fanout-2-repeat-1	342	0,1	0	32	32,0
fanout-2-repeat-1	343	0,1	0	32	32,0
fanout-2-repeat-1	344	0,1	0	32	32,0
fanout-2-repeat-1	345	0,1	0	32	32,0
fanout-2-repeat-1	346	0,1	0	32	32,0
fanout-2-repeat-1	347	0,1	0	32	32,0
fanout-2-repeat-1	348	0,1	0	32	32,0
fanout-2-repeat-1	349	0,1	1	32	0,32
fanout-2-repeat-1	350	0,1	0	32	32,0
fanout-2-repeat-1	351	0,1	0	32	32,0
fanout-2-repeat-1	352	0,1	0	32	32,0
fanout-2-repeat-1	353	0,1	0	32	32,0
fanout-2-repeat-1	354	0,1	0	32	32,0
fanout-2-repeat-1	355	0,1	0	32	32,0
fanout-2-repeat-1	356	0,1	0	32	32,0
fanout-2-repeat-1	357	0,1	0	32	32,0
fanout-2-repeat-1	358	0,1	0	32	32,0
fanout-2-repeat-1	359	0,1	0	32	32,0
fanout-2-repeat-1	360	0,1	0	32	32,0
fanout-2-repeat-1	361	0,1	1	32	0,32
fanout-2-repeat-1	362	0,1	1	32	0,32
fanout-2-repeat-1	363	0,1	1	32	0,32
fanout-2-repeat-1	364	0,1	0	32	32,0
fanout-2-repeat-1	365	0,1	0	32	32,0
fanout-2-repeat-1	366	0,1	0	32	32,0
fanout-2-repeat-1	367	0,1	0	32	32,0
fanout-2-repeat-1	368	0,1	0	32	32,0
fanout-2-repeat-1	369	0,1	1	32	0,32
fanout-2-repeat-1	370	0,1	0	32	32,0
fanout-2-repeat-1	371	0,1	0	32	32,0
fanout-2-repeat-1	372	0,1	0	32	32,0
fanout-2-repeat-1	373	0,1	0	32	32,0
fanout-2-repeat-1	374	0,1	1	32	0,32
fanout-2-repeat-1	375	0,1	1	32	0,32
fanout-2-repeat-1	376	0,1	0	32	32,0
fanout-2-repeat-1	377	0,1	1	32	0,32
fanout-2-repeat-1	378	0,1	1	32	0,32
fanout-2-repeat-1	379	0,1	1	32	0,32
fanout-2-repeat-1	380	0,1	0	32	32,0
fanout-2-repeat-1	381	0,1	0	32	32,0
fanout-2-repeat-1	382	0,1	1	32	0,32
fanout-2-repeat-1	383	0,1	0	32	32,0
fanout-2-repeat-1	384	0,1	0	32	32,0
fanout-2-repeat-1	385	0,1	1	32	0,32
fanout-2-repeat-1	386	0,1	0	32	32,0
fanout-2-repeat-1	387	0,1	0	32	32,0
fanout-2-repeat-1	388	0,1	0	32	32,0
fanout-2-repeat-1	389	0,1	1	32	0,32
fanout-2-repeat-1	390	0,1	0	32	32,0
fanout-2-repeat-1	391	0,1	0	32	32,0
fanout-2-repeat-1	392	0,1	0	32	32,0
fanout-2-repeat-1	393	0,1	0	32	32,0
fanout-2-repeat-1	394	0,1	0	32	32,0
fanout-2-repeat-1	395	0,1	0	32	32,0
fanout-2-repeat-1	396	0,1	0	32	32,0
fanout-2-repeat-1	397	0,1	1	32	0,32
fanout-2-repeat-1	398	0,1	1	32	0,32
fanout-2-repeat-1	399	0,1	1	32	0,32
fanout-2-repeat-1	400	0,1	0	32	32,0
fanout-2-repeat-1	401	0,1	0	32	32,0
fanout-2-repeat-1	402	0,1	0	32	32,0
fanout-2-repeat-1	403	0,1	1	32	0,32
fanout-2-repeat-1	404	0,1	0	32	32,0
fanout-2-repeat-1	405	0,1	0	32	32,0
fanout-2-repeat-1	406	0,1	0	32	32,0
fanout-2-repeat-1	407	0,1	1	32	0,32
fanout-2-repeat-1	408	0,1	0	32	32,0
fanout-2-repeat-1	409	0,1	0	32	32,0
fanout-2-repeat-1	410	0,1	1	32	0,32
fanout-2-repeat-1	411	0,1	0	32	32,0
fanout-2-repeat-1	412	0,1	0	32	32,0
fanout-2-repeat-1	413	0,1	0	32	32,0
fanout-2-repeat-1	414	0,1	1	32	0,32
fanout-2-repeat-1	415	0,1	0	32	32,0
fanout-2-repeat-1	416	0,1	0	32	32,0
fanout-2-repeat-1	417	0,1	0	32	32,0
fanout-2-repeat-1	418	0,1	0	32	32,0
fanout-2-repeat-1	419	0,1	1	32	0,32
fanout-2-repeat-1	420	0,1	0	32	32,0
fanout-2-repeat-1	421	0,1	0	32	32,0
fanout-2-repeat-1	422	0,1	0	32	32,0
fanout-2-repeat-1	423	0,1	0	32	32,0
fanout-2-repeat-1	424	0,1	0	32	32,0
fanout-2-repeat-1	425	0,1	0	32	32,0
fanout-2-repeat-1	426	0,1	0	32	32,0
fanout-2-repeat-1	427	0,1	1	32	0,32
fanout-2-repeat-1	428	0,1	0	32	32,0
fanout-2-repeat-1	429	0,1	1	32	0,32
fanout-2-repeat-1	430	0,1	0	32	32,0
fanout-2-repeat-1	431	0,1	0	32	32,0
fanout-2-repeat-1	432	0,1	0	32	32,0
fanout-2-repeat-1	433	0,1	1	32	0,32
fanout-2-repeat-1	434	0,1	1	32	0,32
fanout-2-repeat-1	435	0,1	1	32	0,32
fanout-2-repeat-1	436	0,1	0	32	32,0
fanout-2-repeat-1	437	0,1	1	32	0,32
fanout-2-repeat-1	438	0,1	0	32	32,0
fanout-2-repeat-1	439	0,1	1	32	0,32
fanout-2-repeat-1	440	0,1	0	32	32,0
fanout-2-repeat-1	441	0,1	0	32	32,0
fanout-2-repeat-1	442	0,1	1	32	0,32
fanout-2-repeat-1	443	0,1	0	32	32,0
fanout-2-repeat-1	444	0,1	0	32	32,0
fanout-2-repeat-1	445	0,1	1	32	0,32
fanout-2-repeat-1	446	0,1	1	32	0,32
fanout-2-repeat-1	447	0,1	0	32	32,0
fanout-2-repeat-1	448	0,1	0	32	32,0
fanout-2-repeat-1	449	0,1	0	32	32,0
fanout-2-repeat-1	450	0,1	1	32	0,32
fanout-2-repeat-1	451	0,1	1	32	0,32
fanout-2-repeat-1	452	0,1	0	32	32,0
fanout-2-repeat-1	453	0,1	1	32	0,32
fanout-2-repeat-1	454	0,1	1	32	0,32
fanout-2-repeat-1	455	0,1	1	32	0,32
fanout-2-repeat-1	456	0,1	0	32	32,0
fanout-2-repeat-1	457	0,1	0	32	32,0
fanout-2-repeat-1	458	0,1	1	32	0,32
fanout-2-repeat-1	459	0,1	0	32	32,0
fanout-2-repeat-1	460	0,1	0	32	32,0
fanout-2-repeat-1	461	0,1	1	32	0,32
fanout-2-repeat-1	462	0,1	0	32	32,0
fanout-2-repeat-1	463	0,1	1	32	0,32
fanout-2-repeat-1	464	0,1	0	32	32,0
fanout-2-repeat-1	465	0,1	0	32	32,0
fanout-2-repeat-1	466	0,1	0	32	32,0
fanout-2-repeat-1	467	0,1	1	32	0,32
fanout-2-repeat-1	468	0,1	0	32	32,0
fanout-2-repeat-1	469	0,1	0	32	32,0
fanout-2-repeat-1	470	0,1	1	32	0,32
fanout-2-repeat-1	471	0,1	0	32	32,0
fanout-2-repeat-1	472	0,1	0	32	32,0
fanout-2-repeat-1	473	0,1	1	32	0,32
fanout-2-repeat-1	474	0,1	0	32	32,0
fanout-2-repeat-1	475	0,1	1	32	0,32
fanout-2-repeat-1	476	0,1	0	32	32,0
fanout-2-repeat-1	477	0,1	1	32	0,32
fanout-2-repeat-1	478	0,1	0	32	32,0
fanout-2-repeat-1	479	0,1	0	32	32,0
fanout-2-repeat-1	480	0,1	0	32	32,0
fanout-2-repeat-1	481	0,1	0	32	32,0
fanout-2-repeat-1	482	0,1	0	32	32,0
fanout-2-repeat-1	483	0,1	0	32	32,0
fanout-2-repeat-1	484	0,1	0	32	32,0
fanout-2-repeat-1	485	0,1	1	32	0,32
fanout-2-repeat-1	486	0,1	1	32	0,32
fanout-2-repeat-1	487	0,1	0	32	32,0
fanout-2-repeat-1	488	0,1	0	32	32,0
fanout-2-repeat-1	489	0,1	0	32	32,0
fanout-2-repeat-1	490	0,1	0	32	32,0
fanout-2-repeat-1	491	0,1	0	32	32,0
fanout-2-repeat-1	492	0,1	0	32	32,0
fanout-2-repeat-1	493	0,1	1	32	0,32
fanout-2-repeat-1	494	0,1	0	32	32,0
fanout-2-repeat-1	495	0,1	1	32	0,32
fanout-2-repeat-1	496	0,1	0	32	32,0
fanout-2-repeat-1	497	0,1	0	32	32,0
fanout-2-repeat-1	498	0,1	1	32	0,32
fanout-2-repeat-1	499	0,1	1	32	0,32
fanout-2-repeat-1	500	0,1	0	32	32,0
fanout-2-repeat-1	501	0,1	1	32	0,32
fanout-2-repeat-1	502	0,1	0	32	32,0
fanout-2-repeat-1	503	0,1	1	32	0,32
fanout-2-repeat-1	504	0,1	0	32	32,0
fanout-2-repeat-1	505	0,1	0	32	32,0
fanout-2-repeat-1	506	0,1	0	32	32,0
fanout-2-repeat-1	507	0,1	0	32	32,0
fanout-2-repeat-1	508	0,1	0	32	32,0
fanout-2-repeat-1	509	0,1	1	32	0,32
fanout-2-repeat-1	510	0,1	0	32	32,0
fanout-2-repeat-1	511	0,1	0	32	32,0
fanout-2-repeat-1	512	0,1	0	32	32,0
fanout-2-repeat-1	513	0,1	1	32	0,32
fanout-2-repeat-1	514	0,1	0	32	32,0
fanout-2-repeat-1	515	0,1	1	32	0,32
fanout-2-repeat-1	516	0,1	0	32	32,0
fanout-2-repeat-1	517	0,1	0	32	32,0
fanout-2-repeat-1	518	0,1	1	32	0,32
fanout-2-repeat-1	519	0,1	1	32	0,32
fanout-2-repeat-1	520	0,1	0	32	32,0
fanout-2-repeat-1	521	0,1	1	32	0,32
fanout-2-repeat-1	522	0,1	1	32	0,32
fanout-2-repeat-1	523	0,1	1	32	0,32
fanout-2-repeat-1	524	0,1	0	32	32,0
fanout-2-repeat-1	525	0,1	0	32	32,0
fanout-2-repeat-1	526	0,1	0	32	32,0
fanout-2-repeat-1	527	0,1	1	32	0,32
fanout-2-repeat-1	528	0,1	0	32	32,0
fanout-2-repeat-1	529	0,1	0	32	32,0
fanout-2-repeat-1	530	0,1	0	32	32,0
fanout-2-repeat-1	531	0,1	0	32	32,0
fanout-2-repeat-1	532	0,1	0	32	32,0
fanout-2-repeat-1	533	0,1	0	32	32,0
fanout-2-repeat-1	534	0,1	1	32	0,32
fanout-2-repeat-1	535	0,1	0	32	32,0
fanout-2-repeat-1	536	0,1	0	32	32,0
fanout-2-repeat-1	537	0,1	0	32	32,0
fanout-2-repeat-1	538	0,1	0	32	32,0
fanout-2-repeat-1	539	0,1	1	32	0,32
fanout-2-repeat-1	540	0,1	0	32	32,0
fanout-2-repeat-1	541	0,1	0	32	32,0
fanout-2-repeat-1	542	0,1	0	32	32,0
fanout-2-repeat-1	543	0,1	0	32	32,0
fanout-2-repeat-1	544	0,1	0	32	32,0
fanout-2-repeat-1	545	0,1	0	32	32,0
fanout-2-repeat-1	546	0,1	1	32	0,32
fanout-2-repeat-1	547	0,1	0	32	32,0
fanout-2-repeat-1	548	0,1	0	32	32,0
fanout-2-repeat-1	549	0,1	0	32	32,0
fanout-2-repeat-1	550	0,1	0	32	32,0
fanout-2-repeat-1	551	0,1	0	32	32,0
fanout-2-repeat-1	552	0,1	0	32	32,0
fanout-2-repeat-1	553	0,1	1	32	0,32
fanout-2-repeat-1	554	0,1	0	32	32,0
fanout-2-repeat-1	555	0,1	1	32	0,32
fanout-2-repeat-1	556	0,1	0	32	32,0
fanout-2-repeat-1	557	0,1	0	32	32,0
fanout-2-repeat-1	558	0,1	1	32	0,32
fanout-2-repeat-1	559	0,1	0	32	32,0
fanout-2-repeat-1	560	0,1	0	32	32,0
fanout-2-repeat-1	561	0,1	1	32	0,32
fanout-2-repeat-1	562	0,1	0	32	32,0
fanout-2-repeat-1	563	0,1	1	32	0,32
fanout-2-repeat-1	564	0,1	0	32	32,0
fanout-2-repeat-1	565	0,1	0	32	32,0
fanout-2-repeat-1	566	0,1	0	32	32,0
fanout-2-repeat-1	567	0,1	1	32	0,32
fanout-2-repeat-1	568	0,1	0	32	32,0
fanout-2-repeat-1	569	0,1	1	32	0,32
fanout-2-repeat-1	570	0,1	0	32	32,0
fanout-2-repeat-1	571	0,1	1	32	0,32
fanout-2-repeat-1	572	0,1	0	32	32,0
fanout-2-repeat-1	573	0,1	1	32	0,32
fanout-2-repeat-1	574	0,1	0	32	32,0
fanout-2-repeat-1	575	0,1	0	32	32,0
fanout-2-repeat-1	576	0,1	0	32	32,0
fanout-2-repeat-1	577	0,1	1	32	0,32
fanout-2-repeat-1	578	0,1	1	32	0,32
fanout-2-repeat-1	579	0,1	0	32	32,0
fanout-2-repeat-1	580	0,1	0	32	32,0
fanout-2-repeat-1	581	0,1	1	32	0,32
fanout-2-repeat-1	582	0,1	1	32	0,32
fanout-2-repeat-1	583	0,1	0	32	32,0
fanout-2-repeat-1	584	0,1	0	32	32,0
fanout-2-repeat-1	585	0,1	0	32	32,0
fanout-2-repeat-1	586	0,1	1	32	0,32
fanout-2-repeat-1	587	0,1	0	32	32,0
fanout-2-repeat-1	588	0,1	0	32	32,0
fanout-2-repeat-1	589	0,1	1	32	0,32
fanout-2-repeat-1	590	0,1	1	32	0,32
fanout-2-repeat-1	591	0,1	1	32	0,32
fanout-2-repeat-1	592	0,1	0	32	32,0
fanout-2-repeat-1	593	0,1	1	32	0,32
fanout-2-repeat-1	594	0,1	1	32	0,32
fanout-2-repeat-1	595	0,1	1	32	0,32
fanout-2-repeat-1	596	0,1	0	32	32,0
fanout-2-repeat-1	597	0,1	1	32	0,32
fanout-2-repeat-1	598	0,1	0	32	32,0
fanout-2-repeat-1	599	0,1	0	32	32,0
fanout-2-repeat-1	600	0,1	0	32	32,0
fanout-2-repeat-1	601	0,1	1	32	0,32
fanout-2-repeat-1	602	0,1	0	32	32,0
fanout-2-repeat-1	603	0,1	0	32	32,0
fanout-2-repeat-1	604	0,1	0	32	32,0
fanout-2-repeat-1	605	0,1	1	32	0,32
fanout-2-repeat-1	606	0,1	1	32	0,32
fanout-2-repeat-1	607	0,1	0	32	32,0
fanout-2-repeat-1	608	0,1	0	32	32,0
fanout-2-repeat-1	609	0,1	1	32	0,32
fanout-2-repeat-1	610	0,1	0	32	32,0
fanout-2-repeat-1	611	0,1	0	32	32,0
fanout-2-repeat-1	612	0,1	0	32	32,0
fanout-2-repeat-1	613	0,1	1	32	0,32
fanout-2-repeat-1	614	0,1	0	32	32,0
fanout-2-repeat-1	615	0,1	1	32	0,32
fanout-2-repeat-1	616	0,1	0	32	32,0
fanout-2-repeat-1	617	0,1	0	32	32,0
fanout-2-repeat-1	618	0,1	0	32	32,0
fanout-2-repeat-1	619	0,1	0	32	32,0
fanout-2-repeat-1	620	0,1	0	32	32,0
fanout-2-repeat-1	621	0,1	0	32	32,0
fanout-2-repeat-1	622	0,1	0	32	32,0
fanout-2-repeat-1	623	0,1	1	32	0,32
fanout-2-repeat-1	624	0,1	0	32	32,0
fanout-2-repeat-1	625	0,1	1	32	0,32
fanout-2-repeat-1	626	0,1	1	32	0,32
fanout-2-repeat-1	627	0,1	0	32	32,0
fanout-2-repeat-1	628	0,1	0	32	32,0
fanout-2-repeat-1	629	0,1	0	32	32,0
fanout-2-repeat-1	630	0,1	1	32	0,32
fanout-2-repeat-1	631	0,1	0	32	32,0
fanout-2-repeat-1	632	0,1	0	32	32,0
fanout-2-repeat-1	633	0,1	1	32	0,32
fanout-2-repeat-1	634	0,1	1	32	0,32
fanout-2-repeat-1	635	0,1	1	32	0,32
fanout-2-repeat-1	636	0,1	0	32	32,0
fanout-2-repeat-1	637	0,1	0	32	32,0
fanout-2-repeat-1	638	0,1	0	32	32,0
fanout-2-repeat-1	639	0,1	1	32	0,32
fanout-2-repeat-1	640	0,1	0	32	32,0
fanout-2-repeat-1	641	0,1	0	32	32,0
fanout-2-repeat-1	642	0,1	0	32	32,0
fanout-2-repeat-1	643	0,1	0	32	32,0
fanout-2-repeat-1	644	0,1	0	32	32,0
fanout-2-repeat-1	645	0,1	0	32	32,0
fanout-2-repeat-1	646	0,1	0	32	32,0
fanout-2-repeat-1	647	0,1	0	32	32,0
fanout-2-repeat-1	648	0,1	0	32	32,0
fanout-2-repeat-1	649	0,1	1	32	0,32
fanout-2-repeat-1	650	0,1	1	32	0,32
fanout-2-repeat-1	651	0,1	1	32	0,32
fanout-2-repeat-1	652	0,1	0	32	32,0
fanout-2-repeat-1	653	0,1	0	32	32,0
fanout-2-repeat-1	654	0,1	1	32	0,32
fanout-2-repeat-1	655	0,1	0	32	32,0
fanout-2-repeat-1	656	0,1	0	32	32,0
fanout-2-repeat-1	657	0,1	0	32	32,0
fanout-2-repeat-1	658	0,1	1	32	0,32
fanout-2-repeat-1	659	0,1	0	32	32,0
fanout-2-repeat-1	660	0,1	0	32	32,0
fanout-2-repeat-1	661	0,1	1	32	0,32
fanout-2-repeat-1	662	0,1	0	32	32,0
fanout-2-repeat-1	663	0,1	1	32	0,32
fanout-2-repeat-1	664	0,1	0	32	32,0
fanout-2-repeat-1	665	0,1	0	32	32,0
fanout-2-repeat-1	666	0,1	1	32	0,32
fanout-2-repeat-1	667	0,1	0	32	32,0
fanout-2-repeat-1	668	0,1	0	32	32,0
fanout-2-repeat-1	669	0,1	0	32	32,0
fanout-2-repeat-1	670	0,1	1	32	0,32
fanout-2-repeat-1	671	0,1	1	32	0,32
fanout-2-repeat-1	672	0,1	0	32	32,0
fanout-2-repeat-1	673	0,1	0	32	32,0
fanout-2-repeat-1	674	0,1	1	32	0,32
fanout-2-repeat-1	675	0,1	0	32	32,0
fanout-2-repeat-1	676	0,1	0	32	32,0
fanout-2-repeat-1	677	0,1	0	32	32,0
fanout-2-repeat-1	678	0,1	0	32	32,0
fanout-2-repeat-1	679	0,1	1	32	0,32
fanout-2-repeat-1	680	0,1	0	32	32,0
fanout-2-repeat-1	681	0,1	0	32	32,0
fanout-2-repeat-1	682	0,1	0	32	32,0
fanout-2-repeat-1	683	0,1	1	32	0,32
fanout-2-repeat-1	684	0,1	0	32	32,0
fanout-2-repeat-1	685	0,1	0	32	32,0
fanout-2-repeat-1	686	0,1	1	32	0,32
fanout-2-repeat-1	687	0,1	1	32	0,32
fanout-2-repeat-1	688	0,1	0	32	32,0
fanout-2-repeat-1	689	0,1	0	32	32,0
fanout-2-repeat-1	690	0,1	0	32	32,0
fanout-2-repeat-1	691	0,1	0	32	32,0
fanout-2-repeat-1	692	0,1	0	32	32,0
fanout-2-repeat-1	693	0,1	1	32	0,32
fanout-2-repeat-1	694	0,1	0	32	32,0
fanout-2-repeat-1	695	0,1	1	32	0,32
fanout-2-repeat-1	696	0,1	0	32	32,0
fanout-2-repeat-1	697	0,1	0	32	32,0
fanout-2-repeat-1	698	0,1	1	32	0,32
fanout-2-repeat-1	699	0,1	1	32	0,32
fanout-2-repeat-1	700	0,1	0	32	32,0
fanout-2-repeat-1	701	0,1	0	32	32,0
fanout-2-repeat-1	702	0,1	0	32	32,0
fanout-2-repeat-1	703	0,1	0	32	32,0
fanout-2-repeat-1	704	0,1	0	32	32,0
fanout-2-repeat-1	705	0,1	1	32	0,32
fanout-2-repeat-1	706	0,1	0	32	32,0
fanout-2-repeat-1	707	0,1	0	32	32,0
fanout-2-repeat-1	708	0,1	0	32	32,0
fanout-2-repeat-1	709	0,1	0	32	32,0
fanout-2-repeat-1	710	0,1	1	32	0,32
fanout-2-repeat-1	711	0,1	0	32	32,0
fanout-2-repeat-1	712	0,1	0	32	32,0
fanout-2-repeat-1	713	0,1	1	32	0,32
fanout-2-repeat-1	714	0,1	0	32	32,0
fanout-2-repeat-1	715	0,1	1	32	0,32
fanout-2-repeat-1	716	0,1	0	32	32,0
fanout-2-repeat-1	717	0,1	1	32	0,32
fanout-2-repeat-1	718	0,1	0	32	32,0
fanout-2-repeat-1	719	0,1	1	32	0,32
fanout-2-repeat-1	720	0,1	0	32	32,0
fanout-2-repeat-1	721	0,1	0	32	32,0
fanout-2-repeat-1	722	0,1	1	32	0,32
fanout-2-repeat-1	723	0,1	1	32	0,32
fanout-2-repeat-1	724	0,1	0	32	32,0
fanout-2-repeat-1	725	0,1	0	32	32,0
fanout-2-repeat-1	726	0,1	1	32	0,32
fanout-2-repeat-1	727	0,1	0	32	32,0
fanout-2-repeat-1	728	0,1	0	32	32,0
fanout-2-repeat-1	729	0,1	0	32	32,0
fanout-2-repeat-1	730	0,1	1	32	0,32
fanout-2-repeat-1	731	0,1	0	32	32,0
fanout-2-repeat-1	732	0,1	0	32	32,0
fanout-2-repeat-1	733	0,1	1	32	0,32
fanout-2-repeat-1	734	0,1	0	32	32,0
fanout-2-repeat-1	735	0,1	0	32	32,0
fanout-2-repeat-1	736	0,1	0	32	32,0
fanout-2-repeat-1	737	0,1	0	32	32,0
fanout-2-repeat-1	738	0,1	0	32	32,0
fanout-2-repeat-1	739	0,1	0	32	32,0
fanout-2-repeat-1	740	0,1	0	32	32,0
fanout-2-repeat-1	741	0,1	0	32	32,0
fanout-2-repeat-1	742	0,1	1	32	0,32
fanout-2-repeat-1	743	0,1	1	32	0,32
fanout-2-repeat-1	744	0,1	0	32	32,0
fanout-2-repeat-1	745	0,1	1	32	0,32
fanout-2-repeat-1	746	0,1	1	32	0,32
fanout-2-repeat-1	747	0,1	1	32	0,32
fanout-2-repeat-1	748	0,1	0	32	32,0
fanout-2-repeat-1	749	0,1	1	32	0,32
fanout-2-repeat-1	750	0,1	1	32	0,32
fanout-2-repeat-1	751	0,1	1	32	0,32
fanout-2-repeat-1	752	0,1	0	32	32,0
fanout-2-repeat-1	753	0,1	1	32	0,32
fanout-2-repeat-1	754	0,1	1	32	0,32
fanout-2-repeat-1	755	0,1	0	32	32,0
fanout-2-repeat-1	756	0,1	0	32	32,0
fanout-2-repeat-1	757	0,1	1	32	0,32
fanout-2-repeat-1	758	0,1	0	32	32,0
fanout-2-repeat-1	759	0,1	0	32	32,0
fanout-2-repeat-1	760	0,1	0	32	32,0
fanout-2-repeat-1	761	0,1	0	32	32,0
fanout-2-repeat-1	762	0,1	1	32	0,32
fanout-2-repeat-1	763	0,1	0	32	32,0
fanout-2-repeat-1	764	0,1	0	32	32,0
fanout-2-repeat-1	765	0,1	0	32	32,0
fanout-2-repeat-1	766	0,1	0	32	32,0
fanout-2-repeat-1	767	0,1	0	32	32,0
fanout-2-repeat-1	768	0,1	0	32	32,0
fanout-2-repeat-1	769	0,1	0	32	32,0
fanout-2-repeat-1	770	0,1	0	32	32,0
fanout-2-repeat-1	771	0,1	0	32	32,0
fanout-2-repeat-1	772	0,1	0	32	32,0
fanout-2-repeat-1	773	0,1	1	32	0,32
fanout-2-repeat-1	774	0,1	1	32	0,32
fanout-2-repeat-1	775	0,1	0	32	32,0
fanout-2-repeat-1	776	0,1	0	32	32,0
fanout-2-repeat-1	777	0,1	1	32	0,32
fanout-2-repeat-1	778	0,1	0	32	32,0
fanout-2-repeat-1	779	0,1	0	32	32,0
fanout-2-repeat-1	780	0,1	0	32	32,0
fanout-2-repeat-1	781	0,1	1	32	0,32
fanout-2-repeat-1	782	0,1	0	32	32,0
fanout-2-repeat-1	783	0,1	0	32	32,0
fanout-2-repeat-1	784	0,1	0	32	32,0
fanout-2-repeat-1	785	0,1	0	32	32,0
fanout-2-repeat-1	786	0,1	1	32	0,32
fanout-2-repeat-1	787	0,1	0	32	32,0
fanout-2-repeat-1	788	0,1	0	32	32,0
fanout-2-repeat-1	789	0,1	1	32	0,32
fanout-2-repeat-1	790	0,1	1	32	0,32
fanout-2-repeat-1	791	0,1	0	32	32,0
fanout-2-repeat-1	792	0,1	0	32	32,0
fanout-2-repeat-1	793	0,1	1	32	0,32
fanout-2-repeat-1	794	0,1	0	32	32,0
fanout-2-repeat-1	795	0,1	1	32	0,32
fanout-2-repeat-1	796	0,1	0	32	32,0
fanout-2-repeat-1	797	0,1	0	32	32,0
fanout-2-repeat-1	798	0,1	1	32	0,32
fanout-2-repeat-1	799	0,1	1	32	0,32
fanout-2-repeat-1	800	0,1	0	32	32,0
fanout-2-repeat-1	801	0,1	0	32	32,0
fanout-2-repeat-1	802	0,1	0	32	32,0
fanout-2-repeat-1	803	0,1	1	32	0,32
fanout-2-repeat-1	804	0,1	0	32	32,0
fanout-2-repeat-1	805	0,1	1	32	0,32
fanout-2-repeat-1	806	0,1	1	32	0,32
fanout-2-repeat-1	807	0,1	1	32	0,32
fanout-2-repeat-1	808	0,1	0	32	32,0
fanout-2-repeat-1	809	0,1	0	32	32,0
fanout-2-repeat-1	810	0,1	1	32	0,32
fanout-2-repeat-1	811	0,1	1	32	0,32
fanout-2-repeat-1	812	0,1	0	32	32,0
fanout-2-repeat-1	813	0,1	0	32	32,0
fanout-2-repeat-1	814	0,1	0	32	32,0
fanout-2-repeat-1	815	0,1	1	32	0,32
fanout-2-repeat-1	816	0,1	0	32	32,0
fanout-2-repeat-1	817	0,1	1	32	0,32
fanout-2-repeat-1	818	0,1	1	32	0,32
fanout-2-repeat-1	819	0,1	1	32	0,32
fanout-2-repeat-1	820	0,1	0	32	32,0
fanout-2-repeat-1	821	0,1	1	32	0,32
fanout-2-repeat-1	822	0,1	1	32	0,32
fanout-2-repeat-1	823	0,1	1	32	0,32
fanout-2-repeat-1	824	0,1	0	32	32,0
fanout-2-repeat-1	825	0,1	1	32	0,32
fanout-2-repeat-1	826	0,1	1	32	0,32
fanout-2-repeat-1	827	0,1	1	32	0,32
fanout-2-repeat-1	828	0,1	0	32	32,0
fanout-2-repeat-1	829	0,1	0	32	32,0
fanout-2-repeat-1	830	0,1	0	32	32,0
fanout-2-repeat-1	831	0,1	1	32	0,32
fanout-2-repeat-1	832	0,1	0	32	32,0
fanout-2-repeat-1	833	0,1	1	32	0,32
fanout-2-repeat-1	834	0,1	0	32	32,0
fanout-2-repeat-1	835	0,1	1	32	0,32
fanout-2-repeat-1	836	0,1	0	32	32,0
fanout-2-repeat-1	837	0,1	0	32	32,0
fanout-2-repeat-1	838	0,1	1	32	0,32
fanout-2-repeat-1	839	0,1	0	32	32,0
fanout-2-repeat-1	840	0,1	0	32	32,0
fanout-2-repeat-1	841	0,1	1	32	0,32
fanout-2-repeat-1	842	0,1	0	32	32,0
fanout-2-repeat-1	843	0,1	1	32	0,32
fanout-2-repeat-1	844	0,1	0	32	32,0
fanout-2-repeat-1	845	0,1	0	32	32,0
fanout-2-repeat-1	846	0,1	0	32	32,0
fanout-2-repeat-1	847	0,1	0	32	32,0
fanout-2-repeat-1	848	0,1	0	32	32,0
fanout-2-repeat-1	849	0,1	0	32	32,0
fanout-2-repeat-1	850	0,1	1	32	0,32
fanout-2-repeat-1	851	0,1	0	32	32,0
fanout-2-repeat-1	852	0,1	0	32	32,0
fanout-2-repeat-1	853	0,1	1	32	0,32
fanout-2-repeat-1	854	0,1	0	32	32,0
fanout-2-repeat-1	855	0,1	0	32	32,0
fanout-2-repeat-1	856	0,1	0	32	32,0
fanout-2-repeat-1	857	0,1	1	32	0,32
fanout-2-repeat-1	858	0,1	0	32	32,0
fanout-2-repeat-1	859	0,1	1	32	0,32
fanout-2-repeat-1	860	0,1	0	32	32,0
fanout-2-repeat-1	861	0,1	0	32	32,0
fanout-2-repeat-1	862	0,1	1	32	0,32
fanout-2-repeat-1	863	0,1	1	32	0,32
fanout-2-repeat-1	864	0,1	0	32	32,0
fanout-2-repeat-1	865	0,1	0	32	32,0
fanout-2-repeat-1	866	0,1	1	32	0,32
fanout-2-repeat-1	867	0,1	0	32	32,0
fanout-2-repeat-1	868	0,1	0	32	32,0
fanout-2-repeat-1	869	0,1	0	32	32,0
fanout-2-repeat-1	870	0,1	1	32	0,32
fanout-2-repeat-1	871	0,1	1	32	0,32
fanout-2-repeat-1	872	0,1	0	32	32,0
fanout-2-repeat-1	873	0,1	0	32	32,0
fanout-2-repeat-1	874	0,1	1	32	0,32
fanout-2-repeat-1	875	0,1	0	32	32,0
fanout-2-repeat-1	876	0,1	0	32	32,0
fanout-2-repeat-1	877	0,1	0	32	32,0
fanout-2-repeat-1	878	0,1	0	32	32,0
fanout-2-repeat-1	879	0,1	0	32	32,0
fanout-2-repeat-1	880	0,1	0	32	32,0
fanout-2-repeat-1	881	0,1	0	32	32,0
fanout-2-repeat-1	882	0,1	1	32	0,32
fanout-2-repeat-1	883	0,1	0	32	32,0
fanout-2-repeat-1	884	0,1	0	32	32,0
fanout-2-repeat-1	885	0,1	1	32	0,32
fanout-2-repeat-1	886	0,1	1	32	0,32
fanout-2-repeat-1	887	0,1	1	32	0,32
fanout-2-repeat-1	888	0,1	0	32	32,0
fanout-2-repeat-1	889	0,1	0	32	32,0
fanout-2-repeat-1	890	0,1	1	32	0,32
fanout-2-repeat-1	891	0,1	1	32	0,32
fanout-2-repeat-1	892	0,1	0	32	32,0
fanout-2-repeat-1	893	0,1	1	32	0,32
fanout-2-repeat-1	894	0,1	0	32	32,0
fanout-2-repeat-1	895	0,1	1	32	0,32
fanout-2-repeat-1	896	0,1	0	32	32,0
fanout-2-repeat-1	897	0,1	0	32	32,0
fanout-2-repeat-1	898	0,1	1	32	0,32
fanout-2-repeat-1	899	0,1	1	32	0,32
fanout-2-repeat-1	900	0,1	0	32	32,0
fanout-2-repeat-1	901	0,1	1	32	0,32
fanout-2-repeat-1	902	0,1	0	32	32,0
fanout-2-repeat-1	903	0,1	1	32	0,32
fanout-2-repeat-1	904	0,1	0	32	32,0
fanout-2-repeat-1	905	0,1	1	32	0,32
fanout-2-repeat-1	906	0,1	0	32	32,0
fanout-2-repeat-1	907	0,1	0	32	32,0
fanout-2-repeat-1	908	0,1	0	32	32,0
fanout-2-repeat-1	909	0,1	0	32	32,0
fanout-2-repeat-1	910	0,1	1	32	0,32
fanout-2-repeat-1	911	0,1	0	32	32,0
fanout-2-repeat-1	912	0,1	0	32	32,0
fanout-2-repeat-1	913	0,1	1	32	0,32
fanout-2-repeat-1	914	0,1	0	32	32,0
fanout-2-repeat-1	915	0,1	1	32	0,32
fanout-2-repeat-1	916	0,1	0	32	32,0
fanout-2-repeat-1	917	0,1	0	32	32,0
fanout-2-repeat-1	918	0,1	0	32	32,0
fanout-2-repeat-1	919	0,1	1	32	0,32
fanout-2-repeat-1	920	0,1	0	32	32,0
fanout-2-repeat-1	921	0,1	1	32	0,32
fanout-2-repeat-1	922	0,1	0	32	32,0
fanout-2-repeat-1	923	0,1	1	32	0,32
fanout-2-repeat-1	924	0,1	0	32	32,0
fanout-2-repeat-1	925	0,1	0	32	32,0
fanout-2-repeat-1	926	0,1	1	32	0,32
fanout-2-repeat-1	927	0,1	0	32	32,0
fanout-2-repeat-1	928	0,1	0	32	32,0
fanout-2-repeat-1	929	0,1	1	32	0,32
fanout-2-repeat-1	930	0,1	1	32	0,32
fanout-2-repeat-1	931	0,1	0	32	32,0
fanout-2-repeat-1	932	0,1	0	32	32,0
fanout-2-repeat-1	933	0,1	0	32	32,0
fanout-2-repeat-1	934	0,1	0	32	32,0
fanout-2-repeat-1	935	0,1	0	32	32,0
fanout-2-repeat-1	936	0,1	0	32	32,0
fanout-2-repeat-1	937	0,1	1	32	0,32
fanout-2-repeat-1	938	0,1	1	32	0,32
fanout-2-repeat-1	939	0,1	1	32	0,32
fanout-2-repeat-1	940	0,1	0	32	32,0
fanout-2-repeat-1	941	0,1	1	32	0,32
fanout-2-repeat-1	942	0,1	0	32	32,0
fanout-2-repeat-1	943	0,1	1	32	0,32
fanout-2-repeat-1	944	0,1	0	32	32,0
fanout-2-repeat-1	945	0,1	1	32	0,32
fanout-2-repeat-1	946	0,1	0	32	32,0
fanout-2-repeat-1	947	0,1	0	32	32,0
fanout-2-repeat-1	948	0,1	0	32	32,0
fanout-2-repeat-1	949	0,1	1	32	0,32
fanout-2-repeat-1	950	0,1	0	32	32,0
fanout-2-repeat-1	951	0,1	0	32	32,0
fanout-2-repeat-1	952	0,1	0	32	32,0
fanout-2-repeat-1	953	0,1	1	32	0,32
fanout-2-repeat-1	954	0,1	1	32	0,32
fanout-2-repeat-1	955	0,1	1	32	0,32
fanout-2-repeat-1	956	0,1	0	32	32,0
fanout-2-repeat-1	957	0,1	0	32	32,0
fanout-2-repeat-1	958	0,1	1	32	0,32
fanout-2-repeat-1	959	0,1	1	32	0,32
fanout-2-repeat-1	960	0,1	0	32	32,0
fanout-2-repeat-1	961	0,1	1	32	0,32
fanout-2-repeat-1	962	0,1	0	32	32,0
fanout-2-repeat-1	963	0,1	0	32	32,0
fanout-2-repeat-1	964	0,1	0	32	32,0
fanout-2-repeat-1	965	0,1	0	32	32,0
fanout-2-repeat-1	966	0,1	0	32	32,0
fanout-2-repeat-1	967	0,1	1	32	0,32
fanout-2-repeat-1	968	0,1	0	32	32,0
fanout-2-repeat-1	969	0,1	1	32	0,32
fanout-2-repeat-1	970	0,1	0	32	32,0
fanout-2-repeat-1	971	0,1	1	32	0,32
fanout-2-repeat-1	972	0,1	0	32	32,0
fanout-2-repeat-1	973	0,1	0	32	32,0
fanout-2-repeat-1	974	0,1	1	32	0,32
fanout-2-repeat-1	975	0,1	1	32	0,32
fanout-2-repeat-1	976	0,1	0	32	32,0
fanout-2-repeat-1	977	0,1	1	32	0,32
fanout-2-repeat-1	978	0,1	1	32	0,32
fanout-2-repeat-1	979	0,1	1	32	0,32
fanout-2-repeat-1	980	0,1	0	32	32,0
fanout-2-repeat-1	981	0,1	0	32	32,0
fanout-2-repeat-1	982	0,1	1	32	0,32
fanout-2-repeat-1	983	0,1	1	32	0,32
fanout-2-repeat-1	984	0,1	0	32	32,0
fanout-2-repeat-1	985	0,1	1	32	0,32
fanout-2-repeat-1	986	0,1	0	32	32,0
fanout-2-repeat-1	987	0,1	0	32	32,0
fanout-2-repeat-1	988	0,1	0	32	32,0
fanout-2-repeat-1	989	0,1	0	32	32,0
fanout-2-repeat-1	990	0,1	1	32	0,32
fanout-2-repeat-1	991	0,1	0	32	32,0
fanout-2-repeat-1	992	0,1	0	32	32,0
fanout-2-repeat-1	993	0,1	0	32	32,0
fanout-2-repeat-1	994	0,1	1	32	0,32
fanout-2-repeat-1	995	0,1	1	32	0,32
fanout-2-repeat-1	996	0,1	0	32	32,0
fanout-2-repeat-1	997	0,1	0	32	32,0
fanout-2-repeat-1	998	0,1	1	32	0,32
fanout-2-repeat-1	999	0,1	1	32	0,32
fanout-2-repeat-1	1000	0,1	0	32	32,0
fanout-2-repeat-1	1001	0,1	1	32	0,32
fanout-2-repeat-1	1002	0,1	1	32	0,32
fanout-2-repeat-1	1003	0,1	1	32	0,32
fanout-2-repeat-1	1004	0,1	0	32	32,0
fanout-2-repeat-1	1005	0,1	0	32	32,0
fanout-2-repeat-1	1006	0,1	1	32	0,32
fanout-2-repeat-1	1007	0,1	1	32	0,32
fanout-2-repeat-1	1008	0,1	0	32	32,0
fanout-2-repeat-1	1009	0,1	0	32	32,0
fanout-2-repeat-1	1010	0,1	0	32	32,0
fanout-2-repeat-1	1011	0,1	0	32	32,0
fanout-2-repeat-1	1012	0,1	0	32	32,0
fanout-2-repeat-1	1013	0,1	0	32	32,0
fanout-2-repeat-1	1014	0,1	0	32	32,0
fanout-2-repeat-1	1015	0,1	0	32	32,0
fanout-2-repeat-1	1016	0,1	0	32	32,0
fanout-2-repeat-1	1017	0,1	0	32	32,0
fanout-2-repeat-1	1018	0,1	0	32	32,0
fanout-2-repeat-1	1019	0,1	0	32	32,0
fanout-2-repeat-1	1020	0,1	0	32	32,0
fanout-2-repeat-1	1021	0,1	0	32	32,0
fanout-2-repeat-1	1022	0,1	0	32	32,0
fanout-2-repeat-1	1023	0,1	1	32	0,32
fanout-2-repeat-1	1024	0,1	0	32	32,0
fanout-2-repeat-1	1025	0,1	1	32	0,32
fanout-2-repeat-2	26	1,0	1	32	0,32
fanout-2-repeat-2	27	1,0	1	32	0,32
fanout-2-repeat-2	28	1,0	1	32	0,32
fanout-2-repeat-2	29	1,0	0	32	32,0
fanout-2-repeat-2	30	1,0	0	32	32,0
fanout-2-repeat-2	31	1,0	0	32	32,0
fanout-2-repeat-2	32	1,0	1	32	0,32
fanout-2-repeat-2	33	1,0	1	32	0,32
fanout-2-repeat-2	34	1,0	0	32	32,0
fanout-2-repeat-2	35	1,0	0	32	32,0
fanout-2-repeat-2	36	1,0	1	32	0,32
fanout-2-repeat-2	37	1,0	0	32	32,0
fanout-2-repeat-2	38	1,0	1	32	0,32
fanout-2-repeat-2	39	1,0	0	32	32,0
fanout-2-repeat-2	40	1,0	1	32	0,32
fanout-2-repeat-2	41	1,0	1	32	0,32
fanout-2-repeat-2	42	1,0	1	32	0,32
fanout-2-repeat-2	43	1,0	0	32	32,0
fanout-2-repeat-2	44	1,0	1	32	0,32
fanout-2-repeat-2	45	1,0	1	32	0,32
fanout-2-repeat-2	46	1,0	0	32	32,0
fanout-2-repeat-2	47	1,0	0	32	32,0
fanout-2-repeat-2	48	1,0	1	32	0,32
fanout-2-repeat-2	49	1,0	0	32	32,0
fanout-2-repeat-2	50	1,0	1	32	0,32
fanout-2-repeat-2	51	1,0	1	32	0,32
fanout-2-repeat-2	52	1,0	1	32	0,32
fanout-2-repeat-2	53	1,0	0	32	32,0
fanout-2-repeat-2	54	1,0	1	32	0,32
fanout-2-repeat-2	55	1,0	1	32	0,32
fanout-2-repeat-2	56	1,0	1	32	0,32
fanout-2-repeat-2	57	1,0	1	32	0,32
fanout-2-repeat-2	58	1,0	0	32	32,0
fanout-2-repeat-2	59	1,0	0	32	32,0
fanout-2-repeat-2	60	1,0	1	32	0,32
fanout-2-repeat-2	61	1,0	0	32	32,0
fanout-2-repeat-2	62	1,0	1	32	0,32
fanout-2-repeat-2	63	1,0	1	32	0,32
fanout-2-repeat-2	64	1,0	1	32	0,32
fanout-2-repeat-2	65	1,0	0	32	32,0
fanout-2-repeat-2	66	1,0	0	32	32,0
fanout-2-repeat-2	67	1,0	1	32	0,32
fanout-2-repeat-2	68	1,0	1	32	0,32
fanout-2-repeat-2	69	1,0	0	32	32,0
fanout-2-repeat-2	70	1,0	0	32	32,0
fanout-2-repeat-2	71	1,0	0	32	32,0
fanout-2-repeat-2	72	1,0	1	32	0,32
fanout-2-repeat-2	73	1,0	0	32	32,0
fanout-2-repeat-2	74	1,0	0	32	32,0
fanout-2-repeat-2	75	1,0	1	32	0,32
fanout-2-repeat-2	76	1,0	1	32	0,32
fanout-2-repeat-2	77	1,0	1	32	0,32
fanout-2-repeat-2	78	1,0	1	32	0,32
fanout-2-repeat-2	79	1,0	1	32	0,32
fanout-2-repeat-2	80	1,0	1	32	0,32
fanout-2-repeat-2	81	1,0	1	32	0,32
fanout-2-repeat-2	82	1,0	1	32	0,32
fanout-2-repeat-2	83	1,0	0	32	32,0
fanout-2-repeat-2	84	1,0	1	32	0,32
fanout-2-repeat-2	85	1,0	1	32	0,32
fanout-2-repeat-2	86	1,0	0	32	32,0
fanout-2-repeat-2	87	1,0	1	32	0,32
fanout-2-repeat-2	88	1,0	1	32	0,32
fanout-2-repeat-2	89	1,0	0	32	32,0
fanout-2-repeat-2	90	1,0	1	32	0,32
fanout-2-repeat-2	91	1,0	0	32	32,0
fanout-2-repeat-2	92	1,0	1	32	0,32
fanout-2-repeat-2	93	1,0	0	32	32,0
fanout-2-repeat-2	94	1,0	0	32	32,0
fanout-2-repeat-2	95	1,0	1	32	0,32
fanout-2-repeat-2	96	1,0	1	32	0,32
fanout-2-repeat-2	97	1,0	0	32	32,0
fanout-2-repeat-2	98	1,0	1	32	0,32
fanout-2-repeat-2	99	1,0	0	32	32,0
fanout-2-repeat-2	100	1,0	1	32	0,32
fanout-2-repeat-2	101	1,0	1	32	0,32
fanout-2-repeat-2	102	1,0	1	32	0,32
fanout-2-repeat-2	103	1,0	0	32	32,0
fanout-2-repeat-2	104	1,0	1	32	0,32
fanout-2-repeat-2	105	1,0	0	32	32,0
fanout-2-repeat-2	106	1,0	1	32	0,32
fanout-2-repeat-2	107	1,0	1	32	0,32
fanout-2-repeat-2	108	1,0	1	32	0,32
fanout-2-repeat-2	109	1,0	1	32	0,32
fanout-2-repeat-2	110	1,0	1	32	0,32
fanout-2-repeat-2	111	1,0	1	32	0,32
fanout-2-repeat-2	112	1,0	1	32	0,32
fanout-2-repeat-2	113	1,0	0	32	32,0
fanout-2-repeat-2	114	1,0	1	32	0,32
fanout-2-repeat-2	115	1,0	1	32	0,32
fanout-2-repeat-2	116	1,0	1	32	0,32
fanout-2-repeat-2	117	1,0	1	32	0,32
fanout-2-repeat-2	118	1,0	0	32	32,0
fanout-2-repeat-2	119	1,0	1	32	0,32
fanout-2-repeat-2	120	1,0	1	32	0,32
fanout-2-repeat-2	121	1,0	0	32	32,0
fanout-2-repeat-2	122	1,0	1	32	0,32
fanout-2-repeat-2	123	1,0	1	32	0,32
fanout-2-repeat-2	124	1,0	1	32	0,32
fanout-2-repeat-2	125	1,0	1	32	0,32
fanout-2-repeat-2	126	1,0	0	32	32,0
fanout-2-repeat-2	127	1,0	1	32	0,32
fanout-2-repeat-2	128	1,0	1	32	0,32
fanout-2-repeat-2	129	1,0	0	32	32,0
fanout-2-repeat-2	130	1,0	0	32	32,0
fanout-2-repeat-2	131	1,0	0	32	32,0
fanout-2-repeat-2	132	1,0	1	32	0,32
fanout-2-repeat-2	133	1,0	1	32	0,32
fanout-2-repeat-2	134	1,0	1	32	0,32
fanout-2-repeat-2	135	1,0	1	32	0,32
fanout-2-repeat-2	136	1,0	1	32	0,32
fanout-2-repeat-2	137	1,0	1	32	0,32
fanout-2-repeat-2	138	1,0	0	32	32,0
fanout-2-repeat-2	139	1,0	1	32	0,32
fanout-2-repeat-2	140	1,0	1	32	0,32
fanout-2-repeat-2	141	1,0	0	32	32,0
fanout-2-repeat-2	142	1,0	0	32	32,0
fanout-2-repeat-2	143	1,0	1	32	0,32
fanout-2-repeat-2	144	1,0	1	32	0,32
fanout-2-repeat-2	145	1,0	1	32	0,32
fanout-2-repeat-2	146	1,0	1	32	0,32
fanout-2-repeat-2	147	1,0	0	32	32,0
fanout-2-repeat-2	148	1,0	1	32	0,32
fanout-2-repeat-2	149	1,0	0	32	32,0
fanout-2-repeat-2	150	1,0	1	32	0,32
fanout-2-repeat-2	151	1,0	0	32	32,0
fanout-2-repeat-2	152	1,0	1	32	0,32
fanout-2-repeat-2	153	1,0	1	32	0,32
fanout-2-repeat-2	154	1,0	0	32	32,0
fanout-2-repeat-2	155	1,0	0	32	32,0
fanout-2-repeat-2	156	1,0	1	32	0,32
fanout-2-repeat-2	157	1,0	0	32	32,0
fanout-2-repeat-2	158	1,0	1	32	0,32
fanout-2-repeat-2	159	1,0	0	32	32,0
fanout-2-repeat-2	160	1,0	1	32	0,32
fanout-2-repeat-2	161	1,0	1	32	0,32
fanout-2-repeat-2	162	1,0	0	32	32,0
fanout-2-repeat-2	163	1,0	0	32	32,0
fanout-2-repeat-2	164	1,0	1	32	0,32
fanout-2-repeat-2	165	1,0	1	32	0,32
fanout-2-repeat-2	166	1,0	0	32	32,0
fanout-2-repeat-2	167	1,0	1	32	0,32
fanout-2-repeat-2	168	1,0	1	32	0,32
fanout-2-repeat-2	169	1,0	0	32	32,0
fanout-2-repeat-2	170	1,0	1	32	0,32
fanout-2-repeat-2	171	1,0	0	32	32,0
fanout-2-repeat-2	172	1,0	1	32	0,32
fanout-2-repeat-2	173	1,0	0	32	32,0
fanout-2-repeat-2	174	1,0	1	32	0,32
fanout-2-repeat-2	175	1,0	1	32	0,32
fanout-2-repeat-2	176	1,0	1	32	0,32
fanout-2-repeat-2	177	1,0	1	32	0,32
fanout-2-repeat-2	178	1,0	1	32	0,32
fanout-2-repeat-2	179	1,0	1	32	0,32
fanout-2-repeat-2	180	1,0	1	32	0,32
fanout-2-repeat-2	181	1,0	1	32	0,32
fanout-2-repeat-2	182	1,0	0	32	32,0
fanout-2-repeat-2	183	1,0	1	32	0,32
fanout-2-repeat-2	184	1,0	1	32	0,32
fanout-2-repeat-2	185	1,0	0	32	32,0
fanout-2-repeat-2	186	1,0	0	32	32,0
fanout-2-repeat-2	187	1,0	0	32	32,0
fanout-2-repeat-2	188	1,0	1	32	0,32
fanout-2-repeat-2	189	1,0	0	32	32,0
fanout-2-repeat-2	190	1,0	0	32	32,0
fanout-2-repeat-2	191	1,0	0	32	32,0
fanout-2-repeat-2	192	1,0	1	32	0,32
fanout-2-repeat-2	193	1,0	0	32	32,0
fanout-2-repeat-2	194	1,0	0	32	32,0
fanout-2-repeat-2	195	1,0	0	32	32,0
fanout-2-repeat-2	196	1,0	1	32	0,32
fanout-2-repeat-2	197	1,0	0	32	32,0
fanout-2-repeat-2	198	1,0	1	32	0,32
fanout-2-repeat-2	199	1,0	1	32	0,32
fanout-2-repeat-2	200	1,0	1	32	0,32
fanout-2-repeat-2	201	1,0	1	32	0,32
fanout-2-repeat-2	202	1,0	1	32	0,32
fanout-2-repeat-2	203	1,0	1	32	0,32
fanout-2-repeat-2	204	1,0	1	32	0,32
fanout-2-repeat-2	205	1,0	0	32	32,0
fanout-2-repeat-2	206	1,0	0	32	32,0
fanout-2-repeat-2	207	1,0	1	32	0,32
fanout-2-repeat-2	208	1,0	1	32	0,32
fanout-2-repeat-2	209	1,0	1	32	0,32
fanout-2-repeat-2	210	1,0	1	32	0,32
fanout-2-repeat-2	211	1,0	0	32	32,0
fanout-2-repeat-2	212	1,0	1	32	0,32
fanout-2-repeat-2	213	1,0	0	32	32,0
fanout-2-repeat-2	214	1,0	1	32	0,32
fanout-2-repeat-2	215	1,0	0	32	32,0
fanout-2-repeat-2	216	1,0	1	32	0,32
fanout-2-repeat-2	217	1,0	1	32	0,32
fanout-2-repeat-2	218	1,0	0	32	32,0
fanout-2-repeat-2	219	1,0	1	32	0,32
fanout-2-repeat-2	220	1,0	1	32	0,32
fanout-2-repeat-2	221	1,0	1	32	0,32
fanout-2-repeat-2	222	1,0	1	32	0,32
fanout-2-repeat-2	223	1,0	1	32	0,32
fanout-2-repeat-2	224	1,0	1	32	0,32
fanout-2-repeat-2	225	1,0	0	32	32,0
fanout-2-repeat-2	226	1,0	0	32	32,0
fanout-2-repeat-2	227	1,0	1	32	0,32
fanout-2-repeat-2	228	1,0	1	32	0,32
fanout-2-repeat-2	229	1,0	0	32	32,0
fanout-2-repeat-2	230	1,0	0	32	32,0
fanout-2-repeat-2	231	1,0	0	32	32,0
fanout-2-repeat-2	232	1,0	1	32	0,32
fanout-2-repeat-2	233	1,0	1	32	0,32
fanout-2-repeat-2	234	1,0	1	32	0,32
fanout-2-repeat-2	235	1,0	1	32	0,32
fanout-2-repeat-2	236	1,0	1	32	0,32
fanout-2-repeat-2	237	1,0	0	32	32,0
fanout-2-repeat-2	238	1,0	0	32	32,0
fanout-2-repeat-2	239	1,0	0	32	32,0
fanout-2-repeat-2	240	1,0	1	32	0,32
fanout-2-repeat-2	241	1,0	1	32	0,32
fanout-2-repeat-2	242	1,0	1	32	0,32
fanout-2-repeat-2	243	1,0	1	32	0,32
fanout-2-repeat-2	244	1,0	1	32	0,32
fanout-2-repeat-2	245	1,0	0	32	32,0
fanout-2-repeat-2	246	1,0	1	32	0,32
fanout-2-repeat-2	247	1,0	0	32	32,0
fanout-2-repeat-2	248	1,0	1	32	0,32
fanout-2-repeat-2	249	1,0	0	32	32,0
fanout-2-repeat-2	250	1,0	1	32	0,32
fanout-2-repeat-2	251	1,0	1	32	0,32
fanout-2-repeat-2	252	1,0	1	32	0,32
fanout-2-repeat-2	253	1,0	1	32	0,32
fanout-2-repeat-2	254	1,0	1	32	0,32
fanout-2-repeat-2	255	1,0	1	32	0,32
fanout-2-repeat-2	256	1,0	1	32	0,32
fanout-2-repeat-2	257	1,0	0	32	32,0
fanout-2-repeat-2	258	1,0	0	32	32,0
fanout-2-repeat-2	259	1,0	0	32	32,0
fanout-2-repeat-2	260	1,0	1	32	0,32
fanout-2-repeat-2	261	1,0	0	32	32,0
fanout-2-repeat-2	262	1,0	0	32	32,0
fanout-2-repeat-2	263	1,0	1	32	0,32
fanout-2-repeat-2	264	1,0	1	32	0,32
fanout-2-repeat-2	265	1,0	0	32	32,0
fanout-2-repeat-2	266	1,0	1	32	0,32
fanout-2-repeat-2	267	1,0	1	32	0,32
fanout-2-repeat-2	268	1,0	1	32	0,32
fanout-2-repeat-2	269	1,0	0	32	32,0
fanout-2-repeat-2	270	1,0	0	32	32,0
fanout-2-repeat-2	271	1,0	0	32	32,0
fanout-2-repeat-2	272	1,0	1	32	0,32
fanout-2-repeat-2	273	1,0	1	32	0,32
fanout-2-repeat-2	274	1,0	0	32	32,0
fanout-2-repeat-2	275	1,0	0	32	32,0
fanout-2-repeat-2	276	1,0	1	32	0,32
fanout-2-repeat-2	277	1,0	0	32	32,0
fanout-2-repeat-2	278	1,0	0	32	32,0
fanout-2-repeat-2	279	1,0	0	32	32,0
fanout-2-repeat-2	280	1,0	1	32	0,32
fanout-2-repeat-2	281	1,0	1	32	0,32
fanout-2-repeat-2	282	1,0	1	32	0,32
fanout-2-repeat-2	283	1,0	1	32	0,32
fanout-2-repeat-2	284	1,0	1	32	0,32
fanout-2-repeat-2	285	1,0	0	32	32,0
fanout-2-repeat-2	286	1,0	0	32	32,0
fanout-2-repeat-2	287	1,0	1	32	0,32
fanout-2-repeat-2	288	1,0	1	32	0,32
fanout-2-repeat-2	289	1,0	1	32	0,32
fanout-2-repeat-2	290	1,0	0	32	32,0
fanout-2-repeat-2	291	1,0	0	32	32,0
fanout-2-repeat-2	292	1,0	1	32	0,32
fanout-2-repeat-2	293	1,0	0	32	32,0
fanout-2-repeat-2	294	1,0	0	32	32,0
fanout-2-repeat-2	295	1,0	1	32	0,32
fanout-2-repeat-2	296	1,0	1	32	0,32
fanout-2-repeat-2	297	1,0	1	32	0,32
fanout-2-repeat-2	298	1,0	1	32	0,32
fanout-2-repeat-2	299	1,0	1	32	0,32
fanout-2-repeat-2	300	1,0	1	32	0,32
fanout-2-repeat-2	301	1,0	1	32	0,32
fanout-2-repeat-2	302	1,0	1	32	0,32
fanout-2-repeat-2	303	1,0	1	32	0,32
fanout-2-repeat-2	304	1,0	1	32	0,32
fanout-2-repeat-2	305	1,0	1	32	0,32
fanout-2-repeat-2	306	1,0	0	32	32,0
fanout-2-repeat-2	307	1,0	0	32	32,0
fanout-2-repeat-2	308	1,0	1	32	0,32
fanout-2-repeat-2	309	1,0	0	32	32,0
fanout-2-repeat-2	310	1,0	0	32	32,0
fanout-2-repeat-2	311	1,0	1	32	0,32
fanout-2-repeat-2	312	1,0	1	32	0,32
fanout-2-repeat-2	313	1,0	0	32	32,0
fanout-2-repeat-2	314	1,0	1	32	0,32
fanout-2-repeat-2	315	1,0	0	32	32,0
fanout-2-repeat-2	316	1,0	1	32	0,32
fanout-2-repeat-2	317	1,0	1	32	0,32
fanout-2-repeat-2	318	1,0	1	32	0,32
fanout-2-repeat-2	319	1,0	0	32	32,0
fanout-2-repeat-2	320	1,0	1	32	0,32
fanout-2-repeat-2	321	1,0	1	32	0,32
fanout-2-repeat-2	322	1,0	1	32	0,32
fanout-2-repeat-2	323	1,0	0	32	32,0
fanout-2-repeat-2	324	1,0	1	32	0,32
fanout-2-repeat-2	325	1,0	1	32	0,32
fanout-2-repeat-2	326	1,0	0	32	32,0
fanout-2-repeat-2	327	1,0	0	32	32,0
fanout-2-repeat-2	328	1,0	1	32	0,32
fanout-2-repeat-2	329	1,0	1	32	0,32
fanout-2-repeat-2	330	1,0	1	32	0,32
fanout-2-repeat-2	331	1,0	1	32	0,32
fanout-2-repeat-2	332	1,0	1	32	0,32
fanout-2-repeat-2	333	1,0	0	32	32,0
fanout-2-repeat-2	334	1,0	1	32	0,32
fanout-2-repeat-2	335	1,0	1	32	0,32
fanout-2-repeat-2	336	1,0	1	32	0,32
fanout-2-repeat-2	337	1,0	1	32	0,32
fanout-2-repeat-2	338	1,0	1	32	0,32
fanout-2-repeat-2	339	1,0	0	32	32,0
fanout-2-repeat-2	340	1,0	1	32	0,32
fanout-2-repeat-2	341	1,0	0	32	32,0
fanout-2-repeat-2	342	1,0	1	32	0,32
fanout-2-repeat-2	343	1,0	1	32	0,32
fanout-2-repeat-2	344	1,0	1	32	0,32
fanout-2-repeat-2	345	1,0	1	32	0,32
fanout-2-repeat-2	346	1,0	1	32	0,32
fanout-2-repeat-2	347	1,0	1	32	0,32
fanout-2-repeat-2	348	1,0	1	32	0,32
fanout-2-repeat-2	349	1,0	1	32	0,32
fanout-2-repeat-2	350	1,0	1	32	0,32
fanout-2-repeat-2	351	1,0	0	32	32,0
fanout-2-repeat-2	352	1,0	1	32	0,32
fanout-2-repeat-2	353	1,0	1	32	0,32
fanout-2-repeat-2	354	1,0	0	32	32,0
fanout-2-repeat-2	355	1,0	1	32	0,32
fanout-2-repeat-2	356	1,0	1	32	0,32
fanout-2-repeat-2	357	1,0	1	32	0,32
fanout-2-repeat-2	358	1,0	0	32	32,0
fanout-2-repeat-2	359	1,0	0	32	32,0
fanout-2-repeat-2	360	1,0	1	32	0,32
fanout-2-repeat-2	361	1,0	1	32	0,32
fanout-2-repeat-2	362	1,0	0	32	32,0
fanout-2-repeat-2	363	1,0	1	32	0,32
fanout-2-repeat-2	364	1,0	1	32	0,32
fanout-2-repeat-2	365	1,0	1	32	0,32
fanout-2-repeat-2	366	1,0	0	32	32,0
fanout-2-repeat-2	367	1,0	1	32	0,32
fanout-2-repeat-2	368	1,0	1	32	0,32
fanout-2-repeat-2	369	1,0	0	32	32,0
fanout-2-repeat-2	370	1,0	0	32	32,0
fanout-2-repeat-2	371	1,0	1	32	0,32
fanout-2-repeat-2	372	1,0	1	32	0,32
fanout-2-repeat-2	373	1,0	1	32	0,32
fanout-2-repeat-2	374	1,0	0	32	32,0
fanout-2-repeat-2	375	1,0	0	32	32,0
fanout-2-repeat-2	376	1,0	1	32	0,32
fanout-2-repeat-2	377	1,0	0	32	32,0
fanout-2-repeat-2	378	1,0	0	32	32,0
fanout-2-repeat-2	379	1,0	1	32	0,32
fanout-2-repeat-2	380	1,0	1	32	0,32
fanout-2-repeat-2	381	1,0	1	32	0,32
fanout-2-repeat-2	382	1,0	1	32	0,32
fanout-2-repeat-2	383	1,0	0	32	32,0
fanout-2-repeat-2	384	1,0	1	32	0,32
fanout-2-repeat-2	385	1,0	1	32	0,32
fanout-2-repeat-2	386	1,0	1	32	0,32
fanout-2-repeat-2	387	1,0	1	32	0,32
fanout-2-repeat-2	388	1,0	1	32	0,32
fanout-2-repeat-2	389	1,0	1	32	0,32
fanout-2-repeat-2	390	1,0	0	32	32,0
fanout-2-repeat-2	391	1,0	1	32	0,32
fanout-2-repeat-2	392	1,0	1	32	0,32
fanout-2-repeat-2	393	1,0	0	32	32,0
fanout-2-repeat-2	394	1,0	1	32	0,32
fanout-2-repeat-2	395	1,0	0	32	32,0
fanout-2-repeat-2	396	1,0	1	32	0,32
fanout-2-repeat-2	397	1,0	0	32	32,0
fanout-2-repeat-2	398	1,0	0	32	32,0
fanout-2-repeat-2	399	1,0	0	32	32,0
fanout-2-repeat-2	400	1,0	1	32	0,32
fanout-2-repeat-2	401	1,0	1	32	0,32
fanout-2-repeat-2	402	1,0	1	32	0,32
fanout-2-repeat-2	403	1,0	1	32	0,32
fanout-2-repeat-2	404	1,0	1	32	0,32
fanout-2-repeat-2	405	1,0	0	32	32,0
fanout-2-repeat-2	406	1,0	0	32	32,0
fanout-2-repeat-2	407	1,0	0	32	32,0
fanout-2-repeat-2	408	1,0	1	32	0,32
fanout-2-repeat-2	409	1,0	0	32	32,0
fanout-2-repeat-2	410	1,0	0	32	32,0
fanout-2-repeat-2	411	1,0	0	32	32,0
fanout-2-repeat-2	412	1,0	1	32	0,32
fanout-2-repeat-2	413	1,0	1	32	0,32
fanout-2-repeat-2	414	1,0	0	32	32,0
fanout-2-repeat-2	415	1,0	1	32	0,32
fanout-2-repeat-2	416	1,0	1	32	0,32
fanout-2-repeat-2	417	1,0	0	32	32,0
fanout-2-repeat-2	418	1,0	0	32	32,0
fanout-2-repeat-2	419	1,0	0	32	32,0
fanout-2-repeat-2	420	1,0	1	32	0,32
fanout-2-repeat-2	421	1,0	1	32	0,32
fanout-2-repeat-2	422	1,0	0	32	32,0
fanout-2-repeat-2	423	1,0	0	32	32,0
fanout-2-repeat-2	424	1,0	1	32	0,32
fanout-2-repeat-2	425	1,0	0	32	32,0
fanout-2-repeat-2	426	1,0	0	32	32,0
fanout-2-repeat-2	427	1,0	0	32	32,0
fanout-2-repeat-2	428	1,0	1	32	0,32
fanout-2-repeat-2	429	1,0	1	32	0,32
fanout-2-repeat-2	430	1,0	0	32	32,0
fanout-2-repeat-2	431	1,0	0	32	32,0
fanout-2-repeat-2	432	1,0	1	32	0,32
fanout-2-repeat-2	433	1,0	0	32	32,0
fanout-2-repeat-2	434	1,0	0	32	32,0
fanout-2-repeat-2	435	1,0	0	32	32,0
fanout-2-repeat-2	436	1,0	1	32	0,32
fanout-2-repeat-2	437	1,0	1	32	0,32
fanout-2-repeat-2	438	1,0	1	32	0,32
fanout-2-repeat-2	439	1,0	1	32	0,32
fanout-2-repeat-2	440	1,0	1	32	0,32
fanout-2-repeat-2	441	1,0	0	32	32,0
fanout-2-repeat-2	442	1,0	0	32	32,0
fanout-2-repeat-2	443	1,0	0	32	32,0
fanout-2-repeat-2	444	1,0	1	32	0,32
fanout-2-repeat-2	445	1,0	0	32	32,0
fanout-2-repeat-2	446	1,0	1	32	0,32
fanout-2-repeat-2	447	1,0	0	32	32,0
fanout-2-repeat-2	448	1,0	1	32	0,32
fanout-2-repeat-2	449	1,0	0	32	32,0
fanout-2-repeat-2	450	1,0	0	32	32,0
fanout-2-repeat-2	451	1,0	0	32	32,0
fanout-2-repeat-2	452	1,0	1	32	0,32
fanout-2-repeat-2	453	1,0	0	32	32,0
fanout-2-repeat-2	454	1,0	1	32	0,32
fanout-2-repeat-2	455	1,0	1	32	0,32
fanout-2-repeat-2	456	1,0	1	32	0,32
fanout-2-repeat-2	457	1,0	0	32	32,0
fanout-2-repeat-2	458	1,0	1	32	0,32
fanout-2-repeat-2	459	1,0	1	32	0,32
fanout-2-repeat-2	460	1,0	1	32	0,32
fanout-2-repeat-2	461	1,0	1	32	0,32
fanout-2-repeat-2	462	1,0	0	32	32,0
fanout-2-repeat-2	463	1,0	0	32	32,0
fanout-2-repeat-2	464	1,0	1	32	0,32
fanout-2-repeat-2	465	1,0	0	32	32,0
fanout-2-repeat-2	466	1,0	1	32	0,32
fanout-2-repeat-2	467	1,0	0	32	32,0
fanout-2-repeat-2	468	1,0	1	32	0,32
fanout-2-repeat-2	469	1,0	1	32	0,32
fanout-2-repeat-2	470	1,0	1	32	0,32
fanout-2-repeat-2	471	1,0	1	32	0,32
fanout-2-repeat-2	472	1,0	1	32	0,32
fanout-2-repeat-2	473	1,0	1	32	0,32
fanout-2-repeat-2	474	1,0	1	32	0,32
fanout-2-repeat-2	475	1,0	0	32	32,0
fanout-2-repeat-2	476	1,0	1	32	0,32
fanout-2-repeat-2	477	1,0	1	32	0,32
fanout-2-repeat-2	478	1,0	0	32	32,0
fanout-2-repeat-2	479	1,0	1	32	0,32
fanout-2-repeat-2	480	1,0	1	32	0,32
fanout-2-repeat-2	481	1,0	1	32	0,32
fanout-2-repeat-2	482	1,0	0	32	32,0
fanout-2-repeat-2	483	1,0	0	32	32,0
fanout-2-repeat-2	484	1,0	1	32	0,32
fanout-2-repeat-2	485	1,0	0	32	32,0
fanout-2-repeat-2	486	1,0	1	32	0,32
fanout-2-repeat-2	487	1,0	0	32	32,0
fanout-2-repeat-2	488	1,0	1	32	0,32
fanout-2-repeat-2	489	1,0	1	32	0,32
fanout-2-repeat-2	490	1,0	0	32	32,0
fanout-2-repeat-2	491	1,0	1	32	0,32
fanout-2-repeat-2	492	1,0	1	32	0,32
fanout-2-repeat-2	493	1,0	0	32	32,0
fanout-2-repeat-2	494	1,0	1	32	0,32
fanout-2-repeat-2	495	1,0	0	32	32,0
fanout-2-repeat-2	496	1,0	1	32	0,32
fanout-2-repeat-2	497	1,0	1	32	0,32
fanout-2-repeat-2	498	1,0	1	32	0,32
fanout-2-repeat-2	499	1,0	1	32	0,32
fanout-2-repeat-2	500	1,0	1	32	0,32
fanout-2-repeat-2	501	1,0	0	32	32,0
fanout-2-repeat-2	502	1,0	0	32	32,0
fanout-2-repeat-2	503	1,0	0	32	32,0
fanout-2-repeat-2	504	1,0	1	32	0,32
fanout-2-repeat-2	505	1,0	0	32	32,0
fanout-2-repeat-2	506	1,0	1	32	0,32
fanout-2-repeat-2	507	1,0	1	32	0,32
fanout-2-repeat-2	508	1,0	1	32	0,32
fanout-2-repeat-2	509	1,0	0	32	32,0
fanout-2-repeat-2	510	1,0	0	32	32,0
fanout-2-repeat-2	511	1,0	1	32	0,32
fanout-2-repeat-2	512	1,0	1	32	0,32
fanout-2-repeat-2	513	1,0	0	32	32,0
fanout-2-repeat-2	514	1,0	1	32	0,32
fanout-2-repeat-2	515	1,0	1	32	0,32
fanout-2-repeat-2	516	1,0	1	32	0,32
fanout-2-repeat-2	517	1,0	0	32	32,0
fanout-2-repeat-2	518	1,0	1	32	0,32
fanout-2-repeat-2	519	1,0	0	32	32,0
fanout-2-repeat-2	520	1,0	1	32	0,32
fanout-2-repeat-2	521	1,0	1	32	0,32
fanout-2-repeat-2	522	1,0	1	32	0,32
fanout-2-repeat-2	523	1,0	1	32	0,32
fanout-2-repeat-2	524	1,0	1	32	0,32
fanout-2-repeat-2	525	1,0	1	32	0,32
fanout-2-repeat-2	526	1,0	1	32	0,32
fanout-2-repeat-2	527	1,0	1	32	0,32
fanout-2-repeat-2	528	1,0	1	32	0,32
fanout-2-repeat-2	529	1,0	0	32	32,0
fanout-2-repeat-2	530	1,0	1	32	0,32
fanout-2-repeat-2	531	1,0	0	32	32,0
fanout-2-repeat-2	532	1,0	1	32	0,32
fanout-2-repeat-2	533	1,0	0	32	32,0
fanout-2-repeat-2	534	1,0	0	32	32,0
fanout-2-repeat-2	535	1,0	1	32	0,32
fanout-2-repeat-2	536	1,0	1	32	0,32
fanout-2-repeat-2	537	1,0	0	32	32,0
fanout-2-repeat-2	538	1,0	0	32	32,0
fanout-2-repeat-2	539	1,0	1	32	0,32
fanout-2-repeat-2	540	1,0	1	32	0,32
fanout-2-repeat-2	541	1,0	1	32	0,32
fanout-2-repeat-2	542	1,0	1	32	0,32
fanout-2-repeat-2	543	1,0	1	32	0,32
fanout-2-repeat-2	544	1,0	1	32	0,32
fanout-2-repeat-2	545	1,0	0	32	32,0
fanout-2-repeat-2	546	1,0	0	32	32,0
fanout-2-repeat-2	547	1,0	1	32	0,32
fanout-2-repeat-2	548	1,0	1	32	0,32
fanout-2-repeat-2	549	1,0	1	32	0,32
fanout-2-repeat-2	550	1,0	0	32	32,0
fanout-2-repeat-2	551	1,0	1	32	0,32
fanout-2-repeat-2	552	1,0	1	32	0,32
fanout-2-repeat-2	553	1,0	0	32	32,0
fanout-2-repeat-2	554	1,0	1	32	0,32
fanout-2-repeat-2	555	1,0	1	32	0,32
fanout-2-repeat-2	556	1,0	1	32	0,32
fanout-2-repeat-2	557	1,0	1	32	0,32
fanout-2-repeat-2	558	1,0	0	32	32,0
fanout-2-repeat-2	559	1,0	0	32	32,0
fanout-2-repeat-2	560	1,0	1	32	0,32
fanout-2-repeat-2	561	1,0	0	32	32,0
fanout-2-repeat-2	562	1,0	1	32	0,32
fanout-2-repeat-2	563	1,0	1	32	0,32
fanout-2-repeat-2	564	1,0	1	32	0,32
fanout-2-repeat-2	565	1,0	0	32	32,0
fanout-2-repeat-2	566	1,0	0	32	32,0
fanout-2-repeat-2	567	1,0	0	32	32,0
fanout-2-repeat-2	568	1,0	1	32	0,32
fanout-2-repeat-2	569	1,0	1	32	0,32
fanout-2-repeat-2	570	1,0	0	32	32,0
fanout-2-repeat-2	571	1,0	0	32	32,0
fanout-2-repeat-2	572	1,0	1	32	0,32
fanout-2-repeat-2	573	1,0	1	32	0,32
fanout-2-repeat-2	574	1,0	1	32	0,32
fanout-2-repeat-2	575	1,0	1	32	0,32
fanout-2-repeat-2	576	1,0	1	32	0,32
fanout-2-repeat-2	577	1,0	0	32	32,0
fanout-2-repeat-2	578	1,0	1	32	0,32
fanout-2-repeat-2	579	1,0	1	32	0,32
fanout-2-repeat-2	580	1,0	1	32	0,32
fanout-2-repeat-2	581	1,0	0	32	32,0
fanout-2-repeat-2	582	1,0	0	32	32,0
fanout-2-repeat-2	583	1,0	1	32	0,32
fanout-2-repeat-2	584	1,0	1	32	0,32
fanout-2-repeat-2	585	1,0	1	32	0,32
fanout-2-repeat-2	586	1,0	0	32	32,0
fanout-2-repeat-2	587	1,0	0	32	32,0
fanout-2-repeat-2	588	1,0	1	32	0,32
fanout-2-repeat-2	589	1,0	0	32	32,0
fanout-2-repeat-2	590	1,0	0	32	32,0
fanout-2-repeat-2	591	1,0	1	32	0,32
fanout-2-repeat-2	592	1,0	1	32	0,32
fanout-2-repeat-2	593	1,0	1	32	0,32
fanout-2-repeat-2	594	1,0	1	32	0,32
fanout-2-repeat-2	595	1,0	1	32	0,32
fanout-2-repeat-2	596	1,0	1	32	0,32
fanout-2-repeat-2	597	1,0	1	32	0,32
fanout-2-repeat-2	598	1,0	0	32	32,0
fanout-2-repeat-2	599	1,0	1	32	0,32
fanout-2-repeat-2	600	1,0	1	32	0,32
fanout-2-repeat-2	601	1,0	0	32	32,0
fanout-2-repeat-2	602	1,0	1	32	0,32
fanout-2-repeat-2	603	1,0	1	32	0,32
fanout-2-repeat-2	604	1,0	1	32	0,32
fanout-2-repeat-2	605	1,0	1	32	0,32
fanout-2-repeat-2	606	1,0	0	32	32,0
fanout-2-repeat-2	607	1,0	0	32	32,0
fanout-2-repeat-2	608	1,0	1	32	0,32
fanout-2-repeat-2	609	1,0	1	32	0,32
fanout-2-repeat-2	610	1,0	1	32	0,32
fanout-2-repeat-2	611	1,0	1	32	0,32
fanout-2-repeat-2	612	1,0	1	32	0,32
fanout-2-repeat-2	613	1,0	0	32	32,0
fanout-2-repeat-2	614	1,0	1	32	0,32
fanout-2-repeat-2	615	1,0	1	32	0,32
fanout-2-repeat-2	616	1,0	1	32	0,32
fanout-2-repeat-2	617	1,0	1	32	0,32
fanout-2-repeat-2	618	1,0	1	32	0,32
fanout-2-repeat-2	619	1,0	1	32	0,32
fanout-2-repeat-2	620	1,0	1	32	0,32
fanout-2-repeat-2	621	1,0	0	32	32,0
fanout-2-repeat-2	622	1,0	0	32	32,0
fanout-2-repeat-2	623	1,0	0	32	32,0
fanout-2-repeat-2	624	1,0	1	32	0,32
fanout-2-repeat-2	625	1,0	1	32	0,32
fanout-2-repeat-2	626	1,0	1	32	0,32
fanout-2-repeat-2	627	1,0	1	32	0,32
fanout-2-repeat-2	628	1,0	1	32	0,32
fanout-2-repeat-2	629	1,0	1	32	0,32
fanout-2-repeat-2	630	1,0	1	32	0,32
fanout-2-repeat-2	631	1,0	0	32	32,0
fanout-2-repeat-2	632	1,0	1	32	0,32
fanout-2-repeat-2	633	1,0	1	32	0,32
fanout-2-repeat-2	634	1,0	1	32	0,32
fanout-2-repeat-2	635	1,0	0	32	32,0
fanout-2-repeat-2	636	1,0	1	32	0,32
fanout-2-repeat-2	637	1,0	0	32	32,0
fanout-2-repeat-2	638	1,0	0	32	32,0
fanout-2-repeat-2	639	1,0	1	32	0,32
fanout-2-repeat-2	640	1,0	1	32	0,32
fanout-2-repeat-2	641	1,0	0	32	32,0
fanout-2-repeat-2	642	1,0	0	32	32,0
fanout-2-repeat-2	643	1,0	0	32	32,0
fanout-2-repeat-2	644	1,0	1	32	0,32
fanout-2-repeat-2	645	1,0	1	32	0,32
fanout-2-repeat-2	646	1,0	1	32	0,32
fanout-2-repeat-2	647	1,0	1	32	0,32
fanout-2-repeat-2	648	1,0	1	32	0,32
fanout-2-repeat-2	649	1,0	0	32	32,0
fanout-2-repeat-2	650	1,0	0	32	32,0
fanout-2-repeat-2	651	1,0	0	32	32,0
fanout-2-repeat-2	652	1,0	1	32	0,32
fanout-2-repeat-2	653	1,0	0	32	32,0
fanout-2-repeat-2	654	1,0	0	32	32,0
fanout-2-repeat-2	655	1,0	0	32	32,0
fanout-2-repeat-2	656	1,0	1	32	0,32
fanout-2-repeat-2	657	1,0	0	32	32,0
fanout-2-repeat-2	658	1,0	0	32	32,0
fanout-2-repeat-2	659	1,0	0	32	32,0
fanout-2-repeat-2	660	1,0	1	32	0,32
fanout-2-repeat-2	661	1,0	1	32	0,32
fanout-2-repeat-2	662	1,0	0	32	32,0
fanout-2-repeat-2	663	1,0	1	32	0,32
fanout-2-repeat-2	664	1,0	1	32	0,32
fanout-2-repeat-2	665	1,0	1	32	0,32
fanout-2-repeat-2	666	1,0	1	32	0,32
fanout-2-repeat-2	667	1,0	1	32	0,32
fanout-2-repeat-2	668	1,0	1	32	0,32
fanout-2-repeat-2	669	1,0	1	32	0,32
fanout-2-repeat-2	670	1,0	0	32	32,0
fanout-2-repeat-2	671	1,0	0	32	32,0
fanout-2-repeat-2	672	1,0	1	32	0,32
fanout-2-repeat-2	673	1,0	0	32	32,0
fanout-2-repeat-2	674	1,0	0	32	32,0
fanout-2-repeat-2	675	1,0	0	32	32,0
fanout-2-repeat-2	676	1,0	1	32	0,32
fanout-2-repeat-2	677	1,0	0	32	32,0
fanout-2-repeat-2	678	1,0	0	32	32,0
fanout-2-repeat-2	679	1,0	0	32	32,0
fanout-2-repeat-2	680	1,0	1	32	0,32
fanout-2-repeat-2	681	1,0	1	32	0,32
fanout-2-repeat-2	682	1,0	0	32	32,0
fanout-2-repeat-2	683	1,0	1	32	0,32
fanout-2-repeat-2	684	1,0	1	32	0,32
fanout-2-repeat-2	685	1,0	0	32	32,0
fanout-2-repeat-2	686	1,0	1	32	0,32
fanout-2-repeat-2	687	1,0	0	32	32,0
fanout-2-repeat-2	688	1,0	1	32	0,32
fanout-2-repeat-2	689	1,0	0	32	32,0
fanout-2-repeat-2	690	1,0	1	32	0,32
fanout-2-repeat-2	691	1,0	1	32	0,32
fanout-2-repeat-2	692	1,0	1	32	0,32
fanout-2-repeat-2	693	1,0	1	32	0,32
fanout-2-repeat-2	694	1,0	1	32	0,32
fanout-2-repeat-2	695	1,0	0	32	32,0
fanout-2-repeat-2	696	1,0	1	32	0,32
fanout-2-repeat-2	697	1,0	0	32	32,0
fanout-2-repeat-2	698	1,0	1	32	0,32
fanout-2-repeat-2	699	1,0	1	32	0,32
fanout-2-repeat-2	700	1,0	1	32	0,32
fanout-2-repeat-2	701	1,0	1	32	0,32
fanout-2-repeat-2	702	1,0	0	32	32,0
fanout-2-repeat-2	703	1,0	1	32	0,32
fanout-2-repeat-2	704	1,0	1	32	0,32
fanout-2-repeat-2	705	1,0	0	32	32,0
fanout-2-repeat-2	706	1,0	1	32	0,32
fanout-2-repeat-2	707	1,0	0	32	32,0
fanout-2-repeat-2	708	1,0	1	32	0,32
fanout-2-repeat-2	709	1,0	0	32	32,0
fanout-2-repeat-2	710	1,0	1	32	0,32
fanout-2-repeat-2	711	1,0	1	32	0,32
fanout-2-repeat-2	712	1,0	1	32	0,32
fanout-2-repeat-2	713	1,0	0	32	32,0
fanout-2-repeat-2	714	1,0	1	32	0,32
fanout-2-repeat-2	715	1,0	0	32	32,0
fanout-2-repeat-2	716	1,0	1	32	0,32
fanout-2-repeat-2	717	1,0	1	32	0,32
fanout-2-repeat-2	718	1,0	1	32	0,32
fanout-2-repeat-2	719	1,0	0	32	32,0
fanout-2-repeat-2	720	1,0	1	32	0,32
fanout-2-repeat-2	721	1,0	1	32	0,32
fanout-2-repeat-2	722	1,0	1	32	0,32
fanout-2-repeat-2	723	1,0	1	32	0,32
fanout-2-repeat-2	724	1,0	1	32	0,32
fanout-2-repeat-2	725	1,0	0	32	32,0
fanout-2-repeat-2	726	1,0	0	32	32,0
fanout-2-repeat-2	727	1,0	1	32	0,32
fanout-2-repeat-2	728	1,0	1	32	0,32
fanout-2-repeat-2	729	1,0	0	32	32,0
fanout-2-repeat-2	730	1,0	0	32	32,0
fanout-2-repeat-2	731	1,0	0	32	32,0
fanout-2-repeat-2	732	1,0	1	32	0,32
fanout-2-repeat-2	733	1,0	1	32	0,32
fanout-2-repeat-2	734	1,0	1	32	0,32
fanout-2-repeat-2	735	1,0	0	32	32,0
fanout-2-repeat-2	736	1,0	1	32	0,32
fanout-2-repeat-2	737	1,0	1	32	0,32
fanout-2-repeat-2	738	1,0	1	32	0,32
fanout-2-repeat-2	739	1,0	0	32	32,0
fanout-2-repeat-2	740	1,0	1	32	0,32
fanout-2-repeat-2	741	1,0	1	32	0,32
fanout-2-repeat-2	742	1,0	0	32	32,0
fanout-2-repeat-2	743	1,0	0	32	32,0
fanout-2-repeat-2	744	1,0	1	32	0,32
fanout-2-repeat-2	745	1,0	0	32	32,0
fanout-2-repeat-2	746	1,0	0	32	32,0
fanout-2-repeat-2	747	1,0	1	32	0,32
fanout-2-repeat-2	748	1,0	1	32	0,32
fanout-2-repeat-2	749	1,0	1	32	0,32
fanout-2-repeat-2	750	1,0	0	32	32,0
fanout-2-repeat-2	751	1,0	0	32	32,0
fanout-2-repeat-2	752	1,0	1	32	0,32
fanout-2-repeat-2	753	1,0	1	32	0,32
fanout-2-repeat-2	754	1,0	1	32	0,32
fanout-2-repeat-2	755	1,0	0	32	32,0
fanout-2-repeat-2	756	1,0	1	32	0,32
fanout-2-repeat-2	757	1,0	0	32	32,0
fanout-2-repeat-2	758	1,0	1	32	0,32
fanout-2-repeat-2	759	1,0	0	32	32,0
fanout-2-repeat-2	760	1,0	1	32	0,32
fanout-2-repeat-2	761	1,0	0	32	32,0
fanout-2-repeat-2	762	1,0	0	32	32,0
fanout-2-repeat-2	763	1,0	1	32	0,32
fanout-2-repeat-2	764	1,0	1	32	0,32
fanout-2-repeat-2	765	1,0	1	32	0,32
fanout-2-repeat-2	766	1,0	1	32	0,32
fanout-2-repeat-2	767	1,0	1	32	0,32
fanout-2-repeat-2	768	1,0	1	32	0,32
fanout-2-repeat-2	769	1,0	1	32	0,32
fanout-2-repeat-2	770	1,0	0	32	32,0
fanout-2-repeat-2	771	1,0	1	32	0,32
fanout-2-repeat-2	772	1,0	1	32	0,32
fanout-2-repeat-2	773	1,0	1	32	0,32
fanout-2-repeat-2	774	1,0	1	32	0,32
fanout-2-repeat-2	775	1,0	1	32	0,32
fanout-2-repeat-2	776	1,0	1	32	0,32
fanout-2-repeat-2	777	1,0	0	32	32,0
fanout-2-repeat-2	778	1,0	0	32	32,0
fanout-2-repeat-2	779	1,0	1	32	0,32
fanout-2-repeat-2	780	1,0	1	32	0,32
fanout-2-repeat-2	781	1,0	0	32	32,0
fanout-2-repeat-2	782	1,0	1	32	0,32
fanout-2-repeat-2	783	1,0	1	32	0,32
fanout-2-repeat-2	784	1,0	1	32	0,32
fanout-2-repeat-2	785	1,0	0	32	32,0
fanout-2-repeat-2	786	1,0	0	32	32,0
fanout-2-repeat-2	787	1,0	0	32	32,0
fanout-2-repeat-2	788	1,0	1	32	0,32
fanout-2-repeat-2	789	1,0	0	32	32,0
fanout-2-repeat-2	790	1,0	1	32	0,32
fanout-2-repeat-2	791	1,0	0	32	32,0
fanout-2-repeat-2	792	1,0	1	32	0,32
fanout-2-repeat-2	793	1,0	0	32	32,0
fanout-2-repeat-2	794	1,0	1	32	0,32
fanout-2-repeat-2	795	1,0	0	32	32,0
fanout-2-repeat-2	796	1,0	1	32	0,32
fanout-2-repeat-2	797	1,0	1	32	0,32
fanout-2-repeat-2	798	1,0	1	32	0,32
fanout-2-repeat-2	799	1,0	0	32	32,0
fanout-2-repeat-2	800	1,0	1	32	0,32
fanout-2-repeat-2	801	1,0	0	32	32,0
fanout-2-repeat-2	802	1,0	0	32	32,0
fanout-2-repeat-2	803	1,0	0	32	32,0
fanout-2-repeat-2	804	1,0	1	32	0,32
fanout-2-repeat-2	805	1,0	1	32	0,32
fanout-2-repeat-2	806	1,0	1	32	0,32
fanout-2-repeat-2	807	1,0	0	32	32,0
fanout-2-repeat-2	808	1,0	1	32	0,32
fanout-2-repeat-2	809	1,0	0	32	32,0
fanout-2-repeat-2	810	1,0	0	32	32,0
fanout-2-repeat-2	811	1,0	0	32	32,0
fanout-2-repeat-2	812	1,0	1	32	0,32
fanout-2-repeat-2	813	1,0	1	32	0,32
fanout-2-repeat-2	814	1,0	1	32	0,32
fanout-2-repeat-2	815	1,0	0	32	32,0
fanout-2-repeat-2	816	1,0	1	32	0,32
fanout-2-repeat-2	817	1,0	0	32	32,0
fanout-2-repeat-2	818	1,0	1	32	0,32
fanout-2-repeat-2	819	1,0	1	32	0,32
fanout-2-repeat-2	820	1,0	1	32	0,32
fanout-2-repeat-2	821	1,0	0	32	32,0
fanout-2-repeat-2	822	1,0	0	32	32,0
fanout-2-repeat-2	823	1,0	0	32	32,0
fanout-2-repeat-2	824	1,0	1	32	0,32
fanout-2-repeat-2	825	1,0	1	32	0,32
fanout-2-repeat-2	826	1,0	0	32	32,0
fanout-2-repeat-2	827	1,0	1	32	0,32
fanout-2-repeat-2	828	1,0	1	32	0,32
fanout-2-repeat-2	829	1,0	0	32	32,0
fanout-2-repeat-2	830	1,0	0	32	32,0
fanout-2-repeat-2	831	1,0	1	32	0,32
fanout-2-repeat-2	832	1,0	1	32	0,32
fanout-2-repeat-2	833	1,0	1	32	0,32
fanout-2-repeat-2	834	1,0	1	32	0,32
fanout-2-repeat-2	835	1,0	1	32	0,32
fanout-2-repeat-2	836	1,0	1	32	0,32
fanout-2-repeat-2	837	1,0	0	32	32,0
fanout-2-repeat-2	838	1,0	1	32	0,32
fanout-2-repeat-2	839	1,0	0	32	32,0
fanout-2-repeat-2	840	1,0	1	32	0,32
fanout-2-repeat-2	841	1,0	1	32	0,32
fanout-2-repeat-2	842	1,0	0	32	32,0
fanout-2-repeat-2	843	1,0	0	32	32,0
fanout-2-repeat-2	844	1,0	1	32	0,32
fanout-2-repeat-2	845	1,0	0	32	32,0
fanout-2-repeat-2	846	1,0	1	32	0,32
fanout-2-repeat-2	847	1,0	0	32	32,0
fanout-2-repeat-2	848	1,0	1	32	0,32
fanout-2-repeat-2	849	1,0	0	32	32,0
fanout-2-repeat-2	850	1,0	1	32	0,32
fanout-2-repeat-2	851	1,0	1	32	0,32
fanout-2-repeat-2	852	1,0	1	32	0,32
fanout-2-repeat-2	853	1,0	0	32	32,0
fanout-2-repeat-2	854	1,0	1	32	0,32
fanout-2-repeat-2	855	1,0	1	32	0,32
fanout-2-repeat-2	856	1,0	1	32	0,32
fanout-2-repeat-2	857	1,0	1	32	0,32
fanout-2-repeat-2	858	1,0	1	32	0,32
fanout-2-repeat-2	859	1,0	1	32	0,32
fanout-2-repeat-2	860	1,0	1	32	0,32
fanout-2-repeat-2	861	1,0	1	32	0,32
fanout-2-repeat-2	862	1,0	1	32	0,32
fanout-2-repeat-2	863	1,0	0	32	32,0
fanout-2-repeat-2	864	1,0	1	32	0,32
fanout-2-repeat-2	865	1,0	0	32	32,0
fanout-2-repeat-2	866	1,0	1	32	0,32
fanout-2-repeat-2	867	1,0	1	32	0,32
fanout-2-repeat-2	868	1,0	1	32	0,32
fanout-2-repeat-2	869	1,0	1	32	0,32
fanout-2-repeat-2	870	1,0	0	32	32,0
fanout-2-repeat-2	871	1,0	1	32	0,32
fanout-2-repeat-2	872	1,0	1	32	0,32
fanout-2-repeat-2	873	1,0	0	32	32,0
fanout-2-repeat-2	874	1,0	1	32	0,32
fanout-2-repeat-2	875	1,0	1	32	0,32
fanout-2-repeat-2	876	1,0	1	32	0,32
fanout-2-repeat-2	877	1,0	0	32	32,0
fanout-2-repeat-2	878	1,0	0	32	32,0
fanout-2-repeat-2	879	1,0	1	32	0,32
fanout-2-repeat-2	880	1,0	1	32	0,32
fanout-2-repeat-2	881	1,0	0	32	32,0
fanout-2-repeat-2	882	1,0	1	32	0,32
fanout-2-repeat-2	883	1,0	0	32	32,0
fanout-2-repeat-2	884	1,0	1	32	0,32
fanout-2-repeat-2	885	1,0	1	32	0,32
fanout-2-repeat-2	886	1,0	0	32	32,0
fanout-2-repeat-2	887	1,0	0	32	32,0
fanout-2-repeat-2	888	1,0	1	32	0,32
fanout-2-repeat-2	889	1,0	0	32	32,0
fanout-2-repeat-2	890	1,0	0	32	32,0
fanout-2-repeat-2	891	1,0	1	32	0,32
fanout-2-repeat-2	892	1,0	1	32	0,32
fanout-2-repeat-2	893	1,0	0	32	32,0
fanout-2-repeat-2	894	1,0	1	32	0,32
fanout-2-repeat-2	895	1,0	1	32	0,32
fanout-2-repeat-2	896	1,0	1	32	0,32
fanout-2-repeat-2	897	1,0	1	32	0,32
fanout-2-repeat-2	898	1,0	1	32	0,32
fanout-2-repeat-2	899	1,0	1	32	0,32
fanout-2-repeat-2	900	1,0	1	32	0,32
fanout-2-repeat-2	901	1,0	1	32	0,32
fanout-2-repeat-2	902	1,0	1	32	0,32
fanout-2-repeat-2	903	1,0	1	32	0,32
fanout-2-repeat-2	904	1,0	1	32	0,32
fanout-2-repeat-2	905	1,0	0	32	32,0
fanout-2-repeat-2	906	1,0	0	32	32,0
fanout-2-repeat-2	907	1,0	1	32	0,32
fanout-2-repeat-2	908	1,0	1	32	0,32
fanout-2-repeat-2	909	1,0	1	32	0,32
fanout-2-repeat-2	910	1,0	1	32	0,32
fanout-2-repeat-2	911	1,0	1	32	0,32
fanout-2-repeat-2	912	1,0	1	32	0,32
fanout-2-repeat-2	913	1,0	0	32	32,0
fanout-2-repeat-2	914	1,0	1	32	0,32
fanout-2-repeat-2	915	1,0	0	32	32,0
fanout-2-repeat-2	916	1,0	1	32	0,32
fanout-2-repeat-2	917	1,0	0	32	32,0
fanout-2-repeat-2	918	1,0	1	32	0,32
fanout-2-repeat-2	919	1,0	1	32	0,32
fanout-2-repeat-2	920	1,0	1	32	0,32
fanout-2-repeat-2	921	1,0	0	32	32,0
fanout-2-repeat-2	922	1,0	1	32	0,32
fanout-2-repeat-2	923	1,0	0	32	32,0
fanout-2-repeat-2	924	1,0	1	32	0,32
fanout-2-repeat-2	925	1,0	0	32	32,0
fanout-2-repeat-2	926	1,0	0	32	32,0
fanout-2-repeat-2	927	1,0	0	32	32,0
fanout-2-repeat-2	928	1,0	1	32	0,32
fanout-2-repeat-2	929	1,0	0	32	32,0
fanout-2-repeat-2	930	1,0	1	32	0,32
fanout-2-repeat-2	931	1,0	0	32	32,0
fanout-2-repeat-2	932	1,0	1	32	0,32
fanout-2-repeat-2	933	1,0	1	32	0,32
fanout-2-repeat-2	934	1,0	1	32	0,32
fanout-2-repeat-2	935	1,0	0	32	32,0
fanout-2-repeat-2	936	1,0	1	32	0,32
fanout-2-repeat-2	937	1,0	1	32	0,32
fanout-2-repeat-2	938	1,0	1	32	0,32
fanout-2-repeat-2	939	1,0	1	32	0,32
fanout-2-repeat-2	940	1,0	1	32	0,32
fanout-2-repeat-2	941	1,0	1	32	0,32
fanout-2-repeat-2	942	1,0	0	32	32,0
fanout-2-repeat-2	943	1,0	0	32	32,0
fanout-2-repeat-2	944	1,0	1	32	0,32
fanout-2-repeat-2	945	1,0	1	32	0,32
fanout-2-repeat-2	946	1,0	1	32	0,32
fanout-2-repeat-2	947	1,0	0	32	32,0
fanout-2-repeat-2	948	1,0	1	32	0,32
fanout-2-repeat-2	949	1,0	0	32	32,0
fanout-2-repeat-2	950	1,0	0	32	32,0
fanout-2-repeat-2	951	1,0	0	32	32,0
fanout-2-repeat-2	952	1,0	1	32	0,32
fanout-2-repeat-2	953	1,0	1	32	0,32
fanout-2-repeat-2	954	1,0	0	32	32,0
fanout-2-repeat-2	955	1,0	1	32	0,32
fanout-2-repeat-2	956	1,0	1	32	0,32
fanout-2-repeat-2	957	1,0	0	32	32,0
fanout-2-repeat-2	958	1,0	0	32	32,0
fanout-2-repeat-2	959	1,0	0	32	32,0
fanout-2-repeat-2	960	1,0	1	32	0,32
fanout-2-repeat-2	961	1,0	1	32	0,32
fanout-2-repeat-2	962	1,0	1	32	0,32
fanout-2-repeat-2	963	1,0	1	32	0,32
fanout-2-repeat-2	964	1,0	1	32	0,32
fanout-2-repeat-2	965	1,0	1	32	0,32
fanout-2-repeat-2	966	1,0	0	32	32,0
fanout-2-repeat-2	967	1,0	1	32	0,32
fanout-2-repeat-2	968	1,0	1	32	0,32
fanout-2-repeat-2	969	1,0	0	32	32,0
fanout-2-repeat-2	970	1,0	1	32	0,32
fanout-2-repeat-2	971	1,0	1	32	0,32
fanout-2-repeat-2	972	1,0	1	32	0,32
fanout-2-repeat-2	973	1,0	1	32	0,32
fanout-2-repeat-2	974	1,0	0	32	32,0
fanout-2-repeat-2	975	1,0	0	32	32,0
fanout-2-repeat-2	976	1,0	1	32	0,32
fanout-2-repeat-2	977	1,0	0	32	32,0
fanout-2-repeat-2	978	1,0	0	32	32,0
fanout-2-repeat-2	979	1,0	1	32	0,32
fanout-2-repeat-2	980	1,0	1	32	0,32
fanout-2-repeat-2	981	1,0	1	32	0,32
fanout-2-repeat-2	982	1,0	0	32	32,0
fanout-2-repeat-2	983	1,0	1	32	0,32
fanout-2-repeat-2	984	1,0	1	32	0,32
fanout-2-repeat-2	985	1,0	0	32	32,0
fanout-2-repeat-2	986	1,0	0	32	32,0
fanout-2-repeat-2	987	1,0	0	32	32,0
fanout-2-repeat-2	988	1,0	1	32	0,32
fanout-2-repeat-2	989	1,0	0	32	32,0
fanout-2-repeat-2	990	1,0	0	32	32,0
fanout-2-repeat-2	991	1,0	0	32	32,0
fanout-2-repeat-2	992	1,0	1	32	0,32
fanout-2-repeat-2	993	1,0	1	32	0,32
fanout-2-repeat-2	994	1,0	0	32	32,0
fanout-2-repeat-2	995	1,0	0	32	32,0
fanout-2-repeat-2	996	1,0	1	32	0,32
fanout-2-repeat-2	997	1,0	1	32	0,32
fanout-2-repeat-2	998	1,0	1	32	0,32
fanout-2-repeat-2	999	1,0	0	32	32,0
fanout-2-repeat-2	1000	1,0	1	32	0,32
fanout-2-repeat-2	1001	1,0	0	32	32,0
fanout-2-repeat-2	1002	1,0	0	32	32,0
fanout-2-repeat-2	1003	1,0	0	32	32,0
fanout-2-repeat-2	1004	1,0	1	32	0,32
fanout-2-repeat-2	1005	1,0	1	32	0,32
fanout-2-repeat-2	1006	1,0	0	32	32,0
fanout-2-repeat-2	1007	1,0	1	32	0,32
fanout-2-repeat-2	1008	1,0	1	32	0,32
fanout-2-repeat-2	1009	1,0	1	32	0,32
fanout-2-repeat-2	1010	1,0	0	32	32,0
fanout-2-repeat-2	1011	1,0	1	32	0,32
fanout-2-repeat-2	1012	1,0	1	32	0,32
fanout-2-repeat-2	1013	1,0	1	32	0,32
fanout-2-repeat-2	1014	1,0	1	32	0,32
fanout-2-repeat-2	1015	1,0	1	32	0,32
fanout-2-repeat-2	1016	1,0	1	32	0,32
fanout-2-repeat-2	1017	1,0	1	32	0,32
fanout-2-repeat-2	1018	1,0	1	32	0,32
fanout-2-repeat-2	1019	1,0	0	32	32,0
fanout-2-repeat-2	1020	1,0	1	32	0,32
fanout-2-repeat-2	1021	1,0	0	32	32,0
fanout-2-repeat-2	1022	1,0	0	32	32,0
fanout-2-repeat-2	1023	1,0	0	32	32,0
fanout-2-repeat-2	1024	1,0	1	32	0,32
fanout-2-repeat-2	1025	1,0	0	32	32,0
fanout-2-repeat-3	26	1,0	1	32	0,32
fanout-2-repeat-3	27	1,0	1	32	0,32
fanout-2-repeat-3	28	1,0	1	32	0,32
fanout-2-repeat-3	29	1,0	0	32	32,0
fanout-2-repeat-3	30	1,0	1	32	0,32
fanout-2-repeat-3	31	1,0	0	32	32,0
fanout-2-repeat-3	32	1,0	1	32	0,32
fanout-2-repeat-3	33	1,0	0	32	32,0
fanout-2-repeat-3	34	1,0	1	32	0,32
fanout-2-repeat-3	35	1,0	0	32	32,0
fanout-2-repeat-3	36	1,0	1	32	0,32
fanout-2-repeat-3	37	1,0	1	32	0,32
fanout-2-repeat-3	38	1,0	0	32	32,0
fanout-2-repeat-3	39	1,0	0	32	32,0
fanout-2-repeat-3	40	1,0	1	32	0,32
fanout-2-repeat-3	41	1,0	1	32	0,32
fanout-2-repeat-3	42	1,0	1	32	0,32
fanout-2-repeat-3	43	1,0	0	32	32,0
fanout-2-repeat-3	44	1,0	1	32	0,32
fanout-2-repeat-3	45	1,0	1	32	0,32
fanout-2-repeat-3	46	1,0	0	32	32,0
fanout-2-repeat-3	47	1,0	1	32	0,32
fanout-2-repeat-3	48	1,0	1	32	0,32
fanout-2-repeat-3	49	1,0	1	32	0,32
fanout-2-repeat-3	50	1,0	1	32	0,32
fanout-2-repeat-3	51	1,0	1	32	0,32
fanout-2-repeat-3	52	1,0	1	32	0,32
fanout-2-repeat-3	53	1,0	1	32	0,32
fanout-2-repeat-3	54	1,0	1	32	0,32
fanout-2-repeat-3	55	1,0	1	32	0,32
fanout-2-repeat-3	56	1,0	1	32	0,32
fanout-2-repeat-3	57	1,0	0	32	32,0
fanout-2-repeat-3	58	1,0	1	32	0,32
fanout-2-repeat-3	59	1,0	0	32	32,0
fanout-2-repeat-3	60	1,0	1	32	0,32
fanout-2-repeat-3	61	1,0	1	32	0,32
fanout-2-repeat-3	62	1,0	0	32	32,0
fanout-2-repeat-3	63	1,0	1	32	0,32
fanout-2-repeat-3	64	1,0	1	32	0,32
fanout-2-repeat-3	65	1,0	1	32	0,32
fanout-2-repeat-3	66	1,0	1	32	0,32
fanout-2-repeat-3	67	1,0	1	32	0,32
fanout-2-repeat-3	68	1,0	1	32	0,32
fanout-2-repeat-3	69	1,0	0	32	32,0
fanout-2-repeat-3	70	1,0	0	32	32,0
fanout-2-repeat-3	71	1,0	1	32	0,32
fanout-2-repeat-3	72	1,0	1	32	0,32
fanout-2-repeat-3	73	1,0	1	32	0,32
fanout-2-repeat-3	74	1,0	0	32	32,0
fanout-2-repeat-3	75	1,0	0	32	32,0
fanout-2-repeat-3	76	1,0	1	32	0,32
fanout-2-repeat-3	77	1,0	0	32	32,0
fanout-2-repeat-3	78	1,0	0	32	32,0
fanout-2-repeat-3	79	1,0	1	32	0,32
fanout-2-repeat-3	80	1,0	1	32	0,32
fanout-2-repeat-3	81	1,0	0	32	32,0
fanout-2-repeat-3	82	1,0	0	32	32,0
fanout-2-repeat-3	83	1,0	1	32	0,32
fanout-2-repeat-3	84	1,0	1	32	0,32
fanout-2-repeat-3	85	1,0	0	32	32,0
fanout-2-repeat-3	86	1,0	1	32	0,32
fanout-2-repeat-3	87	1,0	1	32	0,32
fanout-2-repeat-3	88	1,0	1	32	0,32
fanout-2-repeat-3	89	1,0	0	32	32,0
fanout-2-repeat-3	90	1,0	0	32	32,0
fanout-2-repeat-3	91	1,0	1	32	0,32
fanout-2-repeat-3	92	1,0	1	32	0,32
fanout-2-repeat-3	93	1,0	1	32	0,32
fanout-2-repeat-3	94	1,0	0	32	32,0
fanout-2-repeat-3	95	1,0	0	32	32,0
fanout-2-repeat-3	96	1,0	1	32	0,32
fanout-2-repeat-3	97	1,0	0	32	32,0
fanout-2-repeat-3	98	1,0	0	32	32,0
fanout-2-repeat-3	99	1,0	1	32	0,32
fanout-2-repeat-3	100	1,0	1	32	0,32
fanout-2-repeat-3	101	1,0	1	32	0,32
fanout-2-repeat-3	102	1,0	1	32	0,32
fanout-2-repeat-3	103	1,0	0	32	32,0
fanout-2-repeat-3	104	1,0	1	32	0,32
fanout-2-repeat-3	105	1,0	0	32	32,0
fanout-2-repeat-3	106	1,0	0	32	32,0
fanout-2-repeat-3	107	1,0	0	32	32,0
fanout-2-repeat-3	108	1,0	1	32	0,32
fanout-2-repeat-3	109	1,0	1	32	0,32
fanout-2-repeat-3	110	1,0	0	32	32,0
fanout-2-repeat-3	111	1,0	0	32	32,0
fanout-2-repeat-3	112	1,0	1	32	0,32
fanout-2-repeat-3	113	1,0	1	32	0,32
fanout-2-repeat-3	114	1,0	0	32	32,0
fanout-2-repeat-3	115	1,0	1	32	0,32
fanout-2-repeat-3	116	1,0	1	32	0,32
fanout-2-repeat-3	117	1,0	0	32	32,0
fanout-2-repeat-3	118	1,0	0	32	32,0
fanout-2-repeat-3	119	1,0	1	32	0,32
fanout-2-repeat-3	120	1,0	1	32	0,32
fanout-2-repeat-3	121	1,0	0	32	32,0
fanout-2-repeat-3	122	1,0	0	32	32,0
fanout-2-repeat-3	123	1,0	1	32	0,32
fanout-2-repeat-3	124	1,0	1	32	0,32
fanout-2-repeat-3	125	1,0	1	32	0,32
fanout-2-repeat-3	126	1,0	1	32	0,32
fanout-2-repeat-3	127	1,0	1	32	0,32
fanout-2-repeat-3	128	1,0	1	32	0,32
fanout-2-repeat-3	129	1,0	0	32	32,0
fanout-2-repeat-3	130	1,0	0	32	32,0
fanout-2-repeat-3	131	1,0	1	32	0,32
fanout-2-repeat-3	132	1,0	1	32	0,32
fanout-2-repeat-3	133	1,0	0	32	32,0
fanout-2-repeat-3	134	1,0	0	32	32,0
fanout-2-repeat-3	135	1,0	0	32	32,0
fanout-2-repeat-3	136	1,0	1	32	0,32
fanout-2-repeat-3	137	1,0	1	32	0,32
fanout-2-repeat-3	138	1,0	0	32	32,0
fanout-2-repeat-3	139	1,0	1	32	0,32
fanout-2-repeat-3	140	1,0	1	32	0,32
fanout-2-repeat-3	141	1,0	0	32	32,0
fanout-2-repeat-3	142	1,0	0	32	32,0
fanout-2-repeat-3	143	1,0	1	32	0,32
fanout-2-repeat-3	144	1,0	1	32	0,32
fanout-2-repeat-3	145	1,0	1	32	0,32
fanout-2-repeat-3	146	1,0	1	32	0,32
fanout-2-repeat-3	147	1,0	0	32	32,0
fanout-2-repeat-3	148	1,0	1	32	0,32
fanout-2-repeat-3	149	1,0	1	32	0,32
fanout-2-repeat-3	150	1,0	1	32	0,32
fanout-2-repeat-3	151	1,0	1	32	0,32
fanout-2-repeat-3	152	1,0	1	32	0,32
fanout-2-repeat-3	153	1,0	1	32	0,32
fanout-2-repeat-3	154	1,0	0	32	32,0
fanout-2-repeat-3	155	1,0	1	32	0,32
fanout-2-repeat-3	156	1,0	1	32	0,32
fanout-2-repeat-3	157	1,0	0	32	32,0
fanout-2-repeat-3	158	1,0	0	32	32,0
fanout-2-repeat-3	159	1,0	1	32	0,32
fanout-2-repeat-3	160	1,0	1	32	0,32
fanout-2-repeat-3	161	1,0	1	32	0,32
fanout-2-repeat-3	162	1,0	0	32	32,0
fanout-2-repeat-3	163	1,0	1	32	0,32
fanout-2-repeat-3	164	1,0	1	32	0,32
fanout-2-repeat-3	165	1,0	1	32	0,32
fanout-2-repeat-3	166	1,0	0	32	32,0
fanout-2-repeat-3	167	1,0	0	32	32,0
fanout-2-repeat-3	168	1,0	1	32	0,32
fanout-2-repeat-3	169	1,0	0	32	32,0
fanout-2-repeat-3	170	1,0	1	32	0,32
fanout-2-repeat-3	171	1,0	1	32	0,32
fanout-2-repeat-3	172	1,0	1	32	0,32
fanout-2-repeat-3	173	1,0	1	32	0,32
fanout-2-repeat-3	174	1,0	1	32	0,32
fanout-2-repeat-3	175	1,0	0	32	32,0
fanout-2-repeat-3	176	1,0	1	32	0,32
fanout-2-repeat-3	177	1,0	1	32	0,32
fanout-2-repeat-3	178	1,0	0	32	32,0
fanout-2-repeat-3	179	1,0	0	32	32,0
fanout-2-repeat-3	180	1,0	1	32	0,32
fanout-2-repeat-3	181	1,0	1	32	0,32
fanout-2-repeat-3	182	1,0	0	32	32,0
fanout-2-repeat-3	183	1,0	0	32	32,0
fanout-2-repeat-3	184	1,0	1	32	0,32
fanout-2-repeat-3	185	1,0	0	32	32,0
fanout-2-repeat-3	186	1,0	1	32	0,32
fanout-2-repeat-3	187	1,0	1	32	0,32
fanout-2-repeat-3	188	1,0	1	32	0,32
fanout-2-repeat-3	189	1,0	0	32	32,0
fanout-2-repeat-3	190	1,0	1	32	0,32
fanout-2-repeat-3	191	1,0	0	32	32,0
fanout-2-repeat-3	192	1,0	1	32	0,32
fanout-2-repeat-3	193	1,0	1	32	0,32
fanout-2-repeat-3	194	1,0	1	32	0,32
fanout-2-repeat-3	195	1,0	0	32	32,0
fanout-2-repeat-3	196	1,0	1	32	0,32
fanout-2-repeat-3	197	1,0	0	32	32,0
fanout-2-repeat-3	198	1,0	1	32	0,32
fanout-2-repeat-3	199	1,0	1	32	0,32
fanout-2-repeat-3	200	1,0	1	32	0,32
fanout-2-repeat-3	201	1,0	1	32	0,32
fanout-2-repeat-3	202	1,0	0	32	32,0
fanout-2-repeat-3	203	1,0	0	32	32,0
fanout-2-repeat-3	204	1,0	1	32	0,32
fanout-2-repeat-3	205	1,0	1	32	0,32
fanout-2-repeat-3	206	1,0	0	32	32,0
fanout-2-repeat-3	207	1,0	0	32	32,0
fanout-2-repeat-3	208	1,0	1	32	0,32
fanout-2-repeat-3	209	1,0	1	32	0,32
fanout-2-repeat-3	210	1,0	1	32	0,32
fanout-2-repeat-3	211	1,0	1	32	0,32
fanout-2-repeat-3	212	1,0	1	32	0,32
fanout-2-repeat-3	213	1,0	1	32	0,32
fanout-2-repeat-3	214	1,0	0	32	32,0
fanout-2-repeat-3	215	1,0	1	32	0,32
fanout-2-repeat-3	216	1,0	1	32	0,32
fanout-2-repeat-3	217	1,0	0	32	32,0
fanout-2-repeat-3	218	1,0	0	32	32,0
fanout-2-repeat-3	219	1,0	0	32	32,0
fanout-2-repeat-3	220	1,0	1	32	0,32
fanout-2-repeat-3	221	1,0	1	32	0,32
fanout-2-repeat-3	222	1,0	0	32	32,0
fanout-2-repeat-3	223	1,0	0	32	32,0
fanout-2-repeat-3	224	1,0	1	32	0,32
fanout-2-repeat-3	225	1,0	0	32	32,0
fanout-2-repeat-3	226	1,0	0	32	32,0
fanout-2-repeat-3	227	1,0	1	32	0,32
fanout-2-repeat-3	228	1,0	1	32	0,32
fanout-2-repeat-3	229	1,0	1	32	0,32
fanout-2-repeat-3	230	1,0	0	32	32,0
fanout-2-repeat-3	231	1,0	0	32	32,0
fanout-2-repeat-3	232	1,0	1	32	0,32
fanout-2-repeat-3	233	1,0	1	32	0,32
fanout-2-repeat-3	234	1,0	0	32	32,0
fanout-2-repeat-3	235	1,0	1	32	0,32
fanout-2-repeat-3	236	1,0	1	32	0,32
fanout-2-repeat-3	237	1,0	1	32	0,32
fanout-2-repeat-3	238	1,0	1	32	0,32
fanout-2-repeat-3	239	1,0	1	32	0,32
fanout-2-repeat-3	240	1,0	1	32	0,32
fanout-2-repeat-3	241	1,0	1	32	0,32
fanout-2-repeat-3	242	1,0	0	32	32,0
fanout-2-repeat-3	243	1,0	1	32	0,32
fanout-2-repeat-3	244	1,0	1	32	0,32
fanout-2-repeat-3	245	1,0	1	32	0,32
fanout-2-repeat-3	246	1,0	1	32	0,32
fanout-2-repeat-3	247	1,0	1	32	0,32
fanout-2-repeat-3	248	1,0	1	32	0,32
fanout-2-repeat-3	249	1,0	1	32	0,32
fanout-2-repeat-3	250	1,0	0	32	32,0
fanout-2-repeat-3	251	1,0	1	32	0,32
fanout-2-repeat-3	252	1,0	1	32	0,32
fanout-2-repeat-3	253	1,0	0	32	32,0
fanout-2-repeat-3	254	1,0	1	32	0,32
fanout-2-repeat-3	255	1,0	1	32	0,32
fanout-2-repeat-3	256	1,0	1	32	0,32
fanout-2-repeat-3	257	1,0	0	32	32,0
fanout-2-repeat-3	258	1,0	1	32	0,32
fanout-2-repeat-3	259	1,0	0	32	32,0
fanout-2-repeat-3	260	1,0	1	32	0,32
fanout-2-repeat-3	261	1,0	0	32	32,0
fanout-2-repeat-3	262	1,0	0	32	32,0
fanout-2-repeat-3	263	1,0	1	32	0,32
fanout-2-repeat-3	264	1,0	1	32	0,32
fanout-2-repeat-3	265	1,0	0	32	32,0
fanout-2-repeat-3	266	1,0	0	32	32,0
fanout-2-repeat-3	267	1,0	1	32	0,32
fanout-2-repeat-3	268	1,0	1	32	0,32
fanout-2-repeat-3	269	1,0	1	32	0,32
fanout-2-repeat-3	270	1,0	1	32	0,32
fanout-2-repeat-3	271	1,0	0	32	32,0
fanout-2-repeat-3	272	1,0	1	32	0,32
fanout-2-repeat-3	273	1,0	1	32	0,32
fanout-2-repeat-3	274	1,0	0	32	32,0
fanout-2-repeat-3	275	1,0	0	32	32,0
fanout-2-repeat-3	276	1,0	1	32	0,32
fanout-2-repeat-3	277	1,0	0	32	32,0
fanout-2-repeat-3	278	1,0	0	32	32,0
fanout-2-repeat-3	279	1,0	1	32	0,32
fanout-2-repeat-3	280	1,0	1	32	0,32
fanout-2-repeat-3	281	1,0	0	32	32,0
fanout-2-repeat-3	282	1,0	1	32	0,32
fanout-2-repeat-3	283	1,0	0	32	32,0
fanout-2-repeat-3	284	1,0	1	32	0,32
fanout-2-repeat-3	285	1,0	1	32	0,32
fanout-2-repeat-3	286	1,0	1	32	0,32
fanout-2-repeat-3	287	1,0	1	32	0,32
fanout-2-repeat-3	288	1,0	1	32	0,32
fanout-2-repeat-3	289	1,0	0	32	32,0
fanout-2-repeat-3	290	1,0	0	32	32,0
fanout-2-repeat-3	291	1,0	1	32	0,32
fanout-2-repeat-3	292	1,0	1	32	0,32
fanout-2-repeat-3	293	1,0	0	32	32,0
fanout-2-repeat-3	294	1,0	1	32	0,32
fanout-2-repeat-3	295	1,0	0	32	32,0
fanout-2-repeat-3	296	1,0	1	32	0,32
fanout-2-repeat-3	297	1,0	1	32	0,32
fanout-2-repeat-3	298	1,0	0	32	32,0
fanout-2-repeat-3	299	1,0	1	32	0,32
fanout-2-repeat-3	300	1,0	1	32	0,32
fanout-2-repeat-3	301	1,0	1	32	0,32
fanout-2-repeat-3	302	1,0	1	32	0,32
fanout-2-repeat-3	303	1,0	1	32	0,32
fanout-2-repeat-3	304	1,0	1	32	0,32
fanout-2-repeat-3	305	1,0	1	32	0,32
fanout-2-repeat-3	306	1,0	0	32	32,0
fanout-2-repeat-3	307	1,0	1	32	0,32
fanout-2-repeat-3	308	1,0	1	32	0,32
fanout-2-repeat-3	309	1,0	0	32	32,0
fanout-2-repeat-3	310	1,0	0	32	32,0
fanout-2-repeat-3	311	1,0	0	32	32,0
fanout-2-repeat-3	312	1,0	1	32	0,32
fanout-2-repeat-3	313	1,0	0	32	32,0
fanout-2-repeat-3	314	1,0	1	32	0,32
fanout-2-repeat-3	315	1,0	1	32	0,32
fanout-2-repeat-3	316	1,0	1	32	0,32
fanout-2-repeat-3	317	1,0	1	32	0,32
fanout-2-repeat-3	318	1,0	1	32	0,32
fanout-2-repeat-3	319	1,0	1	32	0,32
fanout-2-repeat-3	320	1,0	1	32	0,32
fanout-2-repeat-3	321	1,0	0	32	32,0
fanout-2-repeat-3	322	1,0	1	32	0,32
fanout-2-repeat-3	323	1,0	1	32	0,32
fanout-2-repeat-3	324	1,0	1	32	0,32
fanout-2-repeat-3	325	1,0	0	32	32,0
fanout-2-repeat-3	326	1,0	0	32	32,0
fanout-2-repeat-3	327	1,0	1	32	0,32
fanout-2-repeat-3	328	1,0	1	32	0,32
fanout-2-repeat-3	329	1,0	0	32	32,0
fanout-2-repeat-3	330	1,0	0	32	32,0
fanout-2-repeat-3	331	1,0	0	32	32,0
fanout-2-repeat-3	332	1,0	1	32	0,32
fanout-2-repeat-3	333	1,0	1	32	0,32
fanout-2-repeat-3	334	1,0	0	32	32,0
fanout-2-repeat-3	335	1,0	1	32	0,32
fanout-2-repeat-3	336	1,0	1	32	0,32
fanout-2-repeat-3	337	1,0	0	32	32,0
fanout-2-repeat-3	338	1,0	1	32	0,32
fanout-2-repeat-3	339	1,0	0	32	32,0
fanout-2-repeat-3	340	1,0	1	32	0,32
fanout-2-repeat-3	341	1,0	0	32	32,0
fanout-2-repeat-3	342	1,0	0	32	32,0
fanout-2-repeat-3	343	1,0	1	32	0,32
fanout-2-repeat-3	344	1,0	1	32	0,32
fanout-2-repeat-3	345	1,0	1	32	0,32
fanout-2-repeat-3	346	1,0	0	32	32,0
fanout-2-repeat-3	347	1,0	1	32	0,32
fanout-2-repeat-3	348	1,0	1	32	0,32
fanout-2-repeat-3	349	1,0	1	32	0,32
fanout-2-repeat-3	350	1,0	1	32	0,32
fanout-2-repeat-3	351	1,0	0	32	32,0
fanout-2-repeat-3	352	1,0	1	32	0,32
fanout-2-repeat-3	353	1,0	0	32	32,0
fanout-2-repeat-3	354	1,0	1	32	0,32
fanout-2-repeat-3	355	1,0	0	32	32,0
fanout-2-repeat-3	356	1,0	1	32	0,32
fanout-2-repeat-3	357	1,0	1	32	0,32
fanout-2-repeat-3	358	1,0	1	32	0,32
fanout-2-repeat-3	359	1,0	1	32	0,32
fanout-2-repeat-3	360	1,0	1	32	0,32
fanout-2-repeat-3	361	1,0	0	32	32,0
fanout-2-repeat-3	362	1,0	0	32	32,0
fanout-2-repeat-3	363	1,0	1	32	0,32
fanout-2-repeat-3	364	1,0	1	32	0,32
fanout-2-repeat-3	365	1,0	1	32	0,32
fanout-2-repeat-3	366	1,0	0	32	32,0
fanout-2-repeat-3	367	1,0	0	32	32,0
fanout-2-repeat-3	368	1,0	1	32	0,32
fanout-2-repeat-3	369	1,0	1	32	0,32
fanout-2-repeat-3	370	1,0	0	32	32,0
fanout-2-repeat-3	371	1,0	1	32	0,32
fanout-2-repeat-3	372	1,0	1	32	0,32
fanout-2-repeat-3	373	1,0	0	32	32,0
fanout-2-repeat-3	374	1,0	1	32	0,32
fanout-2-repeat-3	375	1,0	0	32	32,0
fanout-2-repeat-3	376	1,0	1	32	0,32
fanout-2-repeat-3	377	1,0	1	32	0,32
fanout-2-repeat-3	378	1,0	0	32	32,0
fanout-2-repeat-3	379	1,0	1	32	0,32
fanout-2-repeat-3	380	1,0	1	32	0,32
fanout-2-repeat-3	381	1,0	1	32	0,32
fanout-2-repeat-3	382	1,0	0	32	32,0
fanout-2-repeat-3	383	1,0	1	32	0,32
fanout-2-repeat-3	384	1,0	1	32	0,32
fanout-2-repeat-3	385	1,0	1	32	0,32
fanout-2-repeat-3	386	1,0	1	32	0,32
fanout-2-repeat-3	387	1,0	0	32	32,0
fanout-2-repeat-3	388	1,0	1	32	0,32
fanout-2-repeat-3	389	1,0	0	32	32,0
fanout-2-repeat-3	390	1,0	0	32	32,0
fanout-2-repeat-3	391	1,0	0	32	32,0
fanout-2-repeat-3	392	1,0	1	32	0,32
fanout-2-repeat-3	393	1,0	1	32	0,32
fanout-2-repeat-3	394	1,0	1	32	0,32
fanout-2-repeat-3	395	1,0	0	32	32,0
fanout-2-repeat-3	396	1,0	1	32	0,32
fanout-2-repeat-3	397	1,0	1	32	0,32
fanout-2-repeat-3	398	1,0	1	32	0,32
fanout-2-repeat-3	399	1,0	0	32	32,0
fanout-2-repeat-3	400	1,0	1	32	0,32
fanout-2-repeat-3	401	1,0	1	32	0,32
fanout-2-repeat-3	402	1,0	0	32	32,0
fanout-2-repeat-3	403	1,0	1	32	0,32
fanout-2-repeat-3	404	1,0	1	32	0,32
fanout-2-repeat-3	405	1,0	0	32	32,0
fanout-2-repeat-3	406	1,0	0	32	32,0
fanout-2-repeat-3	407	1,0	1	32	0,32
fanout-2-repeat-3	408	1,0	1	32	0,32
fanout-2-repeat-3	409	1,0	0	32	32,0
fanout-2-repeat-3	410	1,0	1	32	0,32
fanout-2-repeat-3	411	1,0	1	32	0,32
fanout-2-repeat-3	412	1,0	1	32	0,32
fanout-2-repeat-3	413	1,0	1	32	0,32
fanout-2-repeat-3	414	1,0	1	32	0,32
fanout-2-repeat-3	415	1,0	1	32	0,32
fanout-2-repeat-3	416	1,0	1	32	0,32
fanout-2-repeat-3	417	1,0	0	32	32,0
fanout-2-repeat-3	418	1,0	0	32	32,0
fanout-2-repeat-3	419	1,0	1	32	0,32
fanout-2-repeat-3	420	1,0	1	32	0,32
fanout-2-repeat-3	421	1,0	1	32	0,32
fanout-2-repeat-3	422	1,0	0	32	32,0
fanout-2-repeat-3	423	1,0	1	32	0,32
fanout-2-repeat-3	424	1,0	1	32	0,32
fanout-2-repeat-3	425	1,0	0	32	32,0
fanout-2-repeat-3	426	1,0	0	32	32,0
fanout-2-repeat-3	427	1,0	1	32	0,32
fanout-2-repeat-3	428	1,0	1	32	0,32
fanout-2-repeat-3	429	1,0	1	32	0,32
fanout-2-repeat-3	430	1,0	1	32	0,32
fanout-2-repeat-3	431	1,0	0	32	32,0
fanout-2-repeat-3	432	1,0	1	32	0,32
fanout-2-repeat-3	433	1,0	0	32	32,0
fanout-2-repeat-3	434	1,0	1	32	0,32
fanout-2-repeat-3	435	1,0	1	32	0,32
fanout-2-repeat-3	436	1,0	1	32	0,32
fanout-2-repeat-3	437	1,0	0	32	32,0
fanout-2-repeat-3	438	1,0	0	32	32,0
fanout-2-repeat-3	439	1,0	1	32	0,32
fanout-2-repeat-3	440	1,0	1	32	0,32
fanout-2-repeat-3	441	1,0	1	32	0,32
fanout-2-repeat-3	442	1,0	1	32	0,32
fanout-2-repeat-3	443	1,0	1	32	0,32
fanout-2-repeat-3	444	1,0	1	32	0,32
fanout-2-repeat-3	445	1,0	1	32	0,32
fanout-2-repeat-3	446	1,0	0	32	32,0
fanout-2-repeat-3	447	1,0	1	32	0,32
fanout-2-repeat-3	448	1,0	1	32	0,32
fanout-2-repeat-3	449	1,0	1	32	0,32
fanout-2-repeat-3	450	1,0	0	32	32,0
fanout-2-repeat-3	451	1,0	1	32	0,32
fanout-2-repeat-3	452	1,0	1	32	0,32
fanout-2-repeat-3	453	1,0	1	32	0,32
fanout-2-repeat-3	454	1,0	0	32	32,0
fanout-2-repeat-3	455	1,0	0	32	32,0
fanout-2-repeat-3	456	1,0	1	32	0,32
fanout-2-repeat-3	457	1,0	1	32	0,32
fanout-2-repeat-3	458	1,0	0	32	32,0
fanout-2-repeat-3	459	1,0	1	32	0,32
fanout-2-repeat-3	460	1,0	1	32	0,32
fanout-2-repeat-3	461	1,0	0	32	32,0
fanout-2-repeat-3	462	1,0	0	32	32,0
fanout-2-repeat-3	463	1,0	0	32	32,0
fanout-2-repeat-3	464	1,0	1	32	0,32
fanout-2-repeat-3	465	1,0	1	32	0,32
fanout-2-repeat-3	466	1,0	1	32	0,32
fanout-2-repeat-3	467	1,0	1	32	0,32
fanout-2-repeat-3	468	1,0	1	32	0,32
fanout-2-repeat-3	469	1,0	1	32	0,32
fanout-2-repeat-3	470	1,0	1	32	0,32
fanout-2-repeat-3	471	1,0	1	32	0,32
fanout-2-repeat-3	472	1,0	1	32	0,32
fanout-2-repeat-3	473	1,0	0	32	32,0
fanout-2-repeat-3	474	1,0	1	32	0,32
fanout-2-repeat-3	475	1,0	0	32	32,0
fanout-2-repeat-3	476	1,0	1	32	0,32
fanout-2-repeat-3	477	1,0	1	32	0,32
fanout-2-repeat-3	478	1,0	1	32	0,32
fanout-2-repeat-3	479	1,0	0	32	32,0
fanout-2-repeat-3	480	1,0	1	32	0,32
fanout-2-repeat-3	481	1,0	0	32	32,0
fanout-2-repeat-3	482	1,0	0	32	32,0
fanout-2-repeat-3	483	1,0	0	32	32,0
fanout-2-repeat-3	484	1,0	1	32	0,32
fanout-2-repeat-3	485	1,0	0	32	32,0
fanout-2-repeat-3	486	1,0	0	32	32,0
fanout-2-repeat-3	487	1,0	1	32	0,32
fanout-2-repeat-3	488	1,0	1	32	0,32
fanout-2-repeat-3	489	1,0	0	32	32,0
fanout-2-repeat-3	490	1,0	0	32	32,0
fanout-2-repeat-3	491	1,0	0	32	32,0
fanout-2-repeat-3	492	1,0	1	32	0,32
fanout-2-repeat-3	493	1,0	0	32	32,0
fanout-2-repeat-3	494	1,0	1	32	0,32
fanout-2-repeat-3	495	1,0	0	32	32,0
fanout-2-repeat-3	496	1,0	1	32	0,32
fanout-2-repeat-3	497	1,0	0	32	32,0
fanout-2-repeat-3	498	1,0	1	32	0,32
fanout-2-repeat-3	499	1,0	0	32	32,0
fanout-2-repeat-3	500	1,0	1	32	0,32
fanout-2-repeat-3	501	1,0	0	32	32,0
fanout-2-repeat-3	502	1,0	0	32	32,0
fanout-2-repeat-3	503	1,0	1	32	0,32
fanout-2-repeat-3	504	1,0	1	32	0,32
fanout-2-repeat-3	505	1,0	0	32	32,0
fanout-2-repeat-3	506	1,0	1	32	0,32
fanout-2-repeat-3	507	1,0	1	32	0,32
fanout-2-repeat-3	508	1,0	1	32	0,32
fanout-2-repeat-3	509	1,0	0	32	32,0
fanout-2-repeat-3	510	1,0	0	32	32,0
fanout-2-repeat-3	511	1,0	0	32	32,0
fanout-2-repeat-3	512	1,0	1	32	0,32
fanout-2-repeat-3	513	1,0	1	32	0,32
fanout-2-repeat-3	514	1,0	1	32	0,32
fanout-2-repeat-3	515	1,0	0	32	32,0
fanout-2-repeat-3	516	1,0	1	32	0,32
fanout-2-repeat-3	517	1,0	1	32	0,32
fanout-2-repeat-3	518	1,0	1	32	0,32
fanout-2-repeat-3	519	1,0	1	32	0,32
fanout-2-repeat-3	520	1,0	1	32	0,32
fanout-2-repeat-3	521	1,0	0	32	32,0
fanout-2-repeat-3	522	1,0	1	32	0,32
fanout-2-repeat-3	523	1,0	1	32	0,32
fanout-2-repeat-3	524	1,0	1	32	0,32
fanout-2-repeat-3	525	1,0	0	32	32,0
fanout-2-repeat-3	526	1,0	1	32	0,32
fanout-2-repeat-3	527	1,0	1	32	0,32
fanout-2-repeat-3	528	1,0	1	32	0,32
fanout-2-repeat-3	529	1,0	1	32	0,32
fanout-2-repeat-3	530	1,0	1	32	0,32
fanout-2-repeat-3	531	1,0	1	32	0,32
fanout-2-repeat-3	532	1,0	1	32	0,32
fanout-2-repeat-3	533	1,0	0	32	32,0
fanout-2-repeat-3	534	1,0	0	32	32,0
fanout-2-repeat-3	535	1,0	1	32	0,32
fanout-2-repeat-3	536	1,0	1	32	0,32
fanout-2-repeat-3	537	1,0	0	32	32,0
fanout-2-repeat-3	538	1,0	1	32	0,32
fanout-2-repeat-3	539	1,0	1	32	0,32
fanout-2-repeat-3	540	1,0	1	32	0,32
fanout-2-repeat-3	541	1,0	0	32	32,0
fanout-2-repeat-3	542	1,0	1	32	0,32
fanout-2-repeat-3	543	1,0	0	32	32,0
fanout-2-repeat-3	544	1,0	1	32	0,32
fanout-2-repeat-3	545	1,0	1	32	0,32
fanout-2-repeat-3	546	1,0	0	32	32,0
fanout-2-repeat-3	547	1,0	1	32	0,32
fanout-2-repeat-3	548	1,0	1	32	0,32
fanout-2-repeat-3	549	1,0	0	32	32,0
fanout-2-repeat-3	550	1,0	1	32	0,32
fanout-2-repeat-3	551	1,0	1	32	0,32
fanout-2-repeat-3	552	1,0	1	32	0,32
fanout-2-repeat-3	553	1,0	1	32	0,32
fanout-2-repeat-3	554	1,0	1	32	0,32
fanout-2-repeat-3	555	1,0	1	32	0,32
fanout-2-repeat-3	556	1,0	1	32	0,32
fanout-2-repeat-3	557	1,0	1	32	0,32
fanout-2-repeat-3	558	1,0	1	32	0,32
fanout-2-repeat-3	559	1,0	1	32	0,32
fanout-2-repeat-3	560	1,0	1	32	0,32
fanout-2-repeat-3	561	1,0	1	32	0,32
fanout-2-repeat-3	562	1,0	1	32	0,32
fanout-2-repeat-3	563	1,0	0	32	32,0
fanout-2-repeat-3	564	1,0	1	32	0,32
fanout-2-repeat-3	565	1,0	1	32	0,32
fanout-2-repeat-3	566	1,0	0	32	32,0
fanout-2-repeat-3	567	1,0	1	32	0,32
fanout-2-repeat-3	568	1,0	1	32	0,32
fanout-2-repeat-3	569	1,0	0	32	32,0
fanout-2-repeat-3	570	1,0	1	32	0,32
fanout-2-repeat-3	571	1,0	1	32	0,32
fanout-2-repeat-3	572	1,0	1	32	0,32
fanout-2-repeat-3	573	1,0	1	32	0,32
fanout-2-repeat-3	574	1,0	1	32	0,32
fanout-2-repeat-3	575	1,0	1	32	0,32
fanout-2-repeat-3	576	1,0	1	32	0,32
fanout-2-repeat-3	577	1,0	0	32	32,0
fanout-2-repeat-3	578	1,0	0	32	32,0
fanout-2-repeat-3	579	1,0	1	32	0,32
fanout-2-repeat-3	580	1,0	1	32	0,32
fanout-2-repeat-3	581	1,0	0	32	32,0
fanout-2-repeat-3	582	1,0	1	32	0,32
fanout-2-repeat-3	583	1,0	1	32	0,32
fanout-2-repeat-3	584	1,0	1	32	0,32
fanout-2-repeat-3	585	1,0	1	32	0,32
fanout-2-repeat-3	586	1,0	0	32	32,0
fanout-2-repeat-3	587	1,0	0	32	32,0
fanout-2-repeat-3	588	1,0	1	32	0,32
fanout-2-repeat-3	589	1,0	0	32	32,0
fanout-2-repeat-3	590	1,0	1	32	0,32
fanout-2-repeat-3	591	1,0	0	32	32,0
fanout-2-repeat-3	592	1,0	1	32	0,32
fanout-2-repeat-3	593	1,0	1	32	0,32
fanout-2-repeat-3	594	1,0	0	32	32,0
fanout-2-repeat-3	595	1,0	0	32	32,0
fanout-2-repeat-3	596	1,0	1	32	0,32
fanout-2-repeat-3	597	1,0	0	32	32,0
fanout-2-repeat-3	598	1,0	1	32	0,32
fanout-2-repeat-3	599	1,0	0	32	32,0
fanout-2-repeat-3	600	1,0	1	32	0,32
fanout-2-repeat-3	601	1,0	1	32	0,32
fanout-2-repeat-3	602	1,0	1	32	0,32
fanout-2-repeat-3	603	1,0	0	32	32,0
fanout-2-repeat-3	604	1,0	1	32	0,32
fanout-2-repeat-3	605	1,0	1	32	0,32
fanout-2-repeat-3	606	1,0	1	32	0,32
fanout-2-repeat-3	607	1,0	0	32	32,0
fanout-2-repeat-3	608	1,0	1	32	0,32
fanout-2-repeat-3	609	1,0	0	32	32,0
fanout-2-repeat-3	610	1,0	0	32	32,0
fanout-2-repeat-3	611	1,0	0	32	32,0
fanout-2-repeat-3	612	1,0	1	32	0,32
fanout-2-repeat-3	613	1,0	1	32	0,32
fanout-2-repeat-3	614	1,0	1	32	0,32
fanout-2-repeat-3	615	1,0	1	32	0,32
fanout-2-repeat-3	616	1,0	1	32	0,32
fanout-2-repeat-3	617	1,0	1	32	0,32
fanout-2-repeat-3	618	1,0	0	32	32,0
fanout-2-repeat-3	619	1,0	1	32	0,32
fanout-2-repeat-3	620	1,0	1	32	0,32
fanout-2-repeat-3	621	1,0	1	32	0,32
fanout-2-repeat-3	622	1,0	1	32	0,32
fanout-2-repeat-3	623	1,0	1	32	0,32
fanout-2-repeat-3	624	1,0	1	32	0,32
fanout-2-repeat-3	625	1,0	1	32	0,32
fanout-2-repeat-3	626	1,0	1	32	0,32
fanout-2-repeat-3	627	1,0	0	32	32,0
fanout-2-repeat-3	628	1,0	1	32	0,32
fanout-2-repeat-3	629	1,0	0	32	32,0
fanout-2-repeat-3	630	1,0	0	32	32,0
fanout-2-repeat-3	631	1,0	1	32	0,32
fanout-2-repeat-3	632	1,0	1	32	0,32
fanout-2-repeat-3	633	1,0	0	32	32,0
fanout-2-repeat-3	634	1,0	0	32	32,0
fanout-2-repeat-3	635	1,0	1	32	0,32
fanout-2-repeat-3	636	1,0	1	32	0,32
fanout-2-repeat-3	637	1,0	1	32	0,32
fanout-2-repeat-3	638	1,0	0	32	32,0
fanout-2-repeat-3	639	1,0	0	32	32,0
fanout-2-repeat-3	640	1,0	1	32	0,32
fanout-2-repeat-3	641	1,0	1	32	0,32
fanout-2-repeat-3	642	1,0	0	32	32,0
fanout-2-repeat-3	643	1,0	1	32	0,32
fanout-2-repeat-3	644	1,0	1	32	0,32
fanout-2-repeat-3	645	1,0	0	32	32,0
fanout-2-repeat-3	646	1,0	0	32	32,0
fanout-2-repeat-3	647	1,0	0	32	32,0
fanout-2-repeat-3	648	1,0	1	32	0,32
fanout-2-repeat-3	649	1,0	1	32	0,32
fanout-2-repeat-3	650	1,0	1	32	0,32
fanout-2-repeat-3	651	1,0	0	32	32,0
fanout-2-repeat-3	652	1,0	1	32	0,32
fanout-2-repeat-3	653	1,0	0	32	32,0
fanout-2-repeat-3	654	1,0	0	32	32,0
fanout-2-repeat-3	655	1,0	0	32	32,0
fanout-2-repeat-3	656	1,0	1	32	0,32
fanout-2-repeat-3	657	1,0	1	32	0,32
fanout-2-repeat-3	658	1,0	0	32	32,0
fanout-2-repeat-3	659	1,0	0	32	32,0
fanout-2-repeat-3	660	1,0	1	32	0,32
fanout-2-repeat-3	661	1,0	0	32	32,0
fanout-2-repeat-3	662	1,0	1	32	0,32
fanout-2-repeat-3	663	1,0	1	32	0,32
fanout-2-repeat-3	664	1,0	1	32	0,32
fanout-2-repeat-3	665	1,0	0	32	32,0
fanout-2-repeat-3	666	1,0	1	32	0,32
fanout-2-repeat-3	667	1,0	0	32	32,0
fanout-2-repeat-3	668	1,0	1	32	0,32
fanout-2-repeat-3	669	1,0	0	32	32,0
fanout-2-repeat-3	670	1,0	0	32	32,0
fanout-2-repeat-3	671	1,0	0	32	32,0
fanout-2-repeat-3	672	1,0	1	32	0,32
fanout-2-repeat-3	673	1,0	0	32	32,0
fanout-2-repeat-3	674	1,0	0	32	32,0
fanout-2-repeat-3	675	1,0	1	32	0,32
fanout-2-repeat-3	676	1,0	1	32	0,32
fanout-2-repeat-3	677	1,0	0	32	32,0
fanout-2-repeat-3	678	1,0	1	32	0,32
fanout-2-repeat-3	679	1,0	0	32	32,0
fanout-2-repeat-3	680	1,0	1	32	0,32
fanout-2-repeat-3	681	1,0	0	32	32,0
fanout-2-repeat-3	682	1,0	0	32	32,0
fanout-2-repeat-3	683	1,0	0	32	32,0
fanout-2-repeat-3	684	1,0	1	32	0,32
fanout-2-repeat-3	685	1,0	1	32	0,32
fanout-2-repeat-3	686	1,0	1	32	0,32
fanout-2-repeat-3	687	1,0	0	32	32,0
fanout-2-repeat-3	688	1,0	1	32	0,32
fanout-2-repeat-3	689	1,0	0	32	32,0
fanout-2-repeat-3	690	1,0	0	32	32,0
fanout-2-repeat-3	691	1,0	1	32	0,32
fanout-2-repeat-3	692	1,0	1	32	0,32
fanout-2-repeat-3	693	1,0	0	32	32,0
fanout-2-repeat-3	694	1,0	1	32	0,32
fanout-2-repeat-3	695	1,0	0	32	32,0
fanout-2-repeat-3	696	1,0	1	32	0,32
fanout-2-repeat-3	697	1,0	0	32	32,0
fanout-2-repeat-3	698	1,0	0	32	32,0
fanout-2-repeat-3	699	1,0	0	32	32,0
fanout-2-repeat-3	700	1,0	1	32	0,32
fanout-2-repeat-3	701	1,0	1	32	0,32
fanout-2-repeat-3	702	1,0	1	32	0,32
fanout-2-repeat-3	703	1,0	1	32	0,32
fanout-2-repeat-3	704	1,0	1	32	0,32
fanout-2-repeat-3	705	1,0	0	32	32,0
fanout-2-repeat-3	706	1,0	1	32	0,32
fanout-2-repeat-3	707	1,0	0	32	32,0
fanout-2-repeat-3	708	1,0	1	32	0,32
fanout-2-repeat-3	709	1,0	0	32	32,0
fanout-2-repeat-3	710	1,0	1	32	0,32
fanout-2-repeat-3	711	1,0	0	32	32,0
fanout-2-repeat-3	712	1,0	1	32	0,32
fanout-2-repeat-3	713	1,0	0	32	32,0
fanout-2-repeat-3	714	1,0	0	32	32,0
fanout-2-repeat-3	715	1,0	0	32	32,0
fanout-2-repeat-3	716	1,0	1	32	0,32
fanout-2-repeat-3	717	1,0	0	32	32,0
fanout-2-repeat-3	718	1,0	0	32	32,0
fanout-2-repeat-3	719	1,0	1	32	0,32
fanout-2-repeat-3	720	1,0	1	32	0,32
fanout-2-repeat-3	721	1,0	0	32	32,0
fanout-2-repeat-3	722	1,0	1	32	0,32
fanout-2-repeat-3	723	1,0	1	32	0,32
fanout-2-repeat-3	724	1,0	1	32	0,32
fanout-2-repeat-3	725	1,0	1	32	0,32
fanout-2-repeat-3	726	1,0	0	32	32,0
fanout-2-repeat-3	727	1,0	0	32	32,0
fanout-2-repeat-3	728	1,0	1	32	0,32
fanout-2-repeat-3	729	1,0	0	32	32,0
fanout-2-repeat-3	730	1,0	1	32	0,32
fanout-2-repeat-3	731	1,0	1	32	0,32
fanout-2-repeat-3	732	1,0	1	32	0,32
fanout-2-repeat-3	733	1,0	0	32	32,0
fanout-2-repeat-3	734	1,0	1	32	0,32
fanout-2-repeat-3	735	1,0	1	32	0,32
fanout-2-repeat-3	736	1,0	1	32	0,32
fanout-2-repeat-3	737	1,0	1	32	0,32
fanout-2-repeat-3	738	1,0	0	32	32,0
fanout-2-repeat-3	739	1,0	1	32	0,32
fanout-2-repeat-3	740	1,0	1	32	0,32
fanout-2-repeat-3	741	1,0	1	32	0,32
fanout-2-repeat-3	742	1,0	0	32	32,0
fanout-2-repeat-3	743	1,0	1	32	0,32
fanout-2-repeat-3	744	1,0	1	32	0,32
fanout-2-repeat-3	745	1,0	1	32	0,32
fanout-2-repeat-3	746	1,0	1	32	0,32
fanout-2-repeat-3	747	1,0	1	32	0,32
fanout-2-repeat-3	748	1,0	1	32	0,32
fanout-2-repeat-3	749	1,0	0	32	32,0
fanout-2-repeat-3	750	1,0	0	32	32,0
fanout-2-repeat-3	751	1,0	1	32	0,32
fanout-2-repeat-3	752	1,0	1	32	0,32
fanout-2-repeat-3	753	1,0	1	32	0,32
fanout-2-repeat-3	754	1,0	1	32	0,32
fanout-2-repeat-3	755	1,0	0	32	32,0
fanout-2-repeat-3	756	1,0	1	32	0,32
fanout-2-repeat-3	757	1,0	1	32	0,32
fanout-2-repeat-3	758	1,0	1	32	0,32
fanout-2-repeat-3	759	1,0	1	32	0,32
fanout-2-repeat-3	760	1,0	1	32	0,32
fanout-2-repeat-3	761	1,0	0	32	32,0
fanout-2-repeat-3	762	1,0	0	32	32,0
fanout-2-repeat-3	763	1,0	0	32	32,0
fanout-2-repeat-3	764	1,0	1	32	0,32
fanout-2-repeat-3	765	1,0	1	32	0,32
fanout-2-repeat-3	766	1,0	0	32	32,0
fanout-2-repeat-3	767	1,0	1	32	0,32
fanout-2-repeat-3	768	1,0	1	32	0,32
fanout-2-repeat-3	769	1,0	0	32	32,0
fanout-2-repeat-3	770	1,0	0	32	32,0
fanout-2-repeat-3	771	1,0	0	32	32,0
fanout-2-repeat-3	772	1,0	1	32	0,32
fanout-2-repeat-3	773	1,0	0	32	32,0
fanout-2-repeat-3	774	1,0	0	32	32,0
fanout-2-repeat-3	775	1,0	1	32	0,32
fanout-2-repeat-3	776	1,0	1	32	0,32
fanout-2-repeat-3	777	1,0	1	32	0,32
fanout-2-repeat-3	778	1,0	1	32	0,32
fanout-2-repeat-3	779	1,0	0	32	32,0
fanout-2-repeat-3	780	1,0	1	32	0,32
fanout-2-repeat-3	781	1,0	1	32	0,32
fanout-2-repeat-3	782	1,0	0	32	32,0
fanout-2-repeat-3	783	1,0	0	32	32,0
fanout-2-repeat-3	784	1,0	1	32	0,32
fanout-2-repeat-3	785	1,0	1	32	0,32
fanout-2-repeat-3	786	1,0	1	32	0,32
fanout-2-repeat-3	787	1,0	1	32	0,32
fanout-2-repeat-3	788	1,0	1	32	0,32
fanout-2-repeat-3	789	1,0	0	32	32,0
fanout-2-repeat-3	790	1,0	1	32	0,32
fanout-2-repeat-3	791	1,0	0	32	32,0
fanout-2-repeat-3	792	1,0	1	32	0,32
fanout-2-repeat-3	793	1,0	0	32	32,0
fanout-2-repeat-3	794	1,0	0	32	32,0
fanout-2-repeat-3	795	1,0	0	32	32,0
fanout-2-repeat-3	796	1,0	1	32	0,32
fanout-2-repeat-3	797	1,0	0	32	32,0
fanout-2-repeat-3	798	1,0	0	32	32,0
fanout-2-repeat-3	799	1,0	0	32	32,0
fanout-2-repeat-3	800	1,0	1	32	0,32
fanout-2-repeat-3	801	1,0	1	32	0,32
fanout-2-repeat-3	802	1,0	0	32	32,0
fanout-2-repeat-3	803	1,0	0	32	32,0
fanout-2-repeat-3	804	1,0	1	32	0,32
fanout-2-repeat-3	805	1,0	0	32	32,0
fanout-2-repeat-3	806	1,0	1	32	0,32
fanout-2-repeat-3	807	1,0	1	32	0,32
fanout-2-repeat-3	808	1,0	1	32	0,32
fanout-2-repeat-3	809	1,0	0	32	32,0
fanout-2-repeat-3	810	1,0	1	32	0,32
fanout-2-repeat-3	811	1,0	0	32	32,0
fanout-2-repeat-3	812	1,0	1	32	0,32
fanout-2-repeat-3	813	1,0	1	32	0,32
fanout-2-repeat-3	814	1,0	0	32	32,0
fanout-2-repeat-3	815	1,0	0	32	32,0
fanout-2-repeat-3	816	1,0	1	32	0,32
fanout-2-repeat-3	817	1,0	0	32	32,0
fanout-2-repeat-3	818	1,0	0	32	32,0
fanout-2-repeat-3	819	1,0	0	32	32,0
fanout-2-repeat-3	820	1,0	1	32	0,32
fanout-2-repeat-3	821	1,0	0	32	32,0
fanout-2-repeat-3	822	1,0	0	32	32,0
fanout-2-repeat-3	823	1,0	0	32	32,0
fanout-2-repeat-3	824	1,0	1	32	0,32
fanout-2-repeat-3	825	1,0	1	32	0,32
fanout-2-repeat-3	826	1,0	1	32	0,32
fanout-2-repeat-3	827	1,0	0	32	32,0
fanout-2-repeat-3	828	1,0	1	32	0,32
fanout-2-repeat-3	829	1,0	0	32	32,0
fanout-2-repeat-3	830	1,0	1	32	0,32
fanout-2-repeat-3	831	1,0	0	32	32,0
fanout-2-repeat-3	832	1,0	1	32	0,32
fanout-2-repeat-3	833	1,0	0	32	32,0
fanout-2-repeat-3	834	1,0	1	32	0,32
fanout-2-repeat-3	835	1,0	0	32	32,0
fanout-2-repeat-3	836	1,0	1	32	0,32
fanout-2-repeat-3	837	1,0	1	32	0,32
fanout-2-repeat-3	838	1,0	0	32	32,0
fanout-2-repeat-3	839	1,0	0	32	32,0
fanout-2-repeat-3	840	1,0	1	32	0,32
fanout-2-repeat-3	841	1,0	1	32	0,32
fanout-2-repeat-3	842	1,0	0	32	32,0
fanout-2-repeat-3	843	1,0	0	32	32,0
fanout-2-repeat-3	844	1,0	1	32	0,32
fanout-2-repeat-3	845	1,0	1	32	0,32
fanout-2-repeat-3	846	1,0	0	32	32,0
fanout-2-repeat-3	847	1,0	1	32	0,32
fanout-2-repeat-3	848	1,0	1	32	0,32
fanout-2-repeat-3	849	1,0	0	32	32,0
fanout-2-repeat-3	850	1,0	0	32	32,0
fanout-2-repeat-3	851	1,0	0	32	32,0
fanout-2-repeat-3	852	1,0	1	32	0,32
fanout-2-repeat-3	853	1,0	0	32	32,0
fanout-2-repeat-3	854	1,0	1	32	0,32
fanout-2-repeat-3	855	1,0	1	32	0,32
fanout-2-repeat-3	856	1,0	1	32	0,32
fanout-2-repeat-3	857	1,0	1	32	0,32
fanout-2-repeat-3	858	1,0	1	32	0,32
fanout-2-repeat-3	859	1,0	1	32	0,32
fanout-2-repeat-3	860	1,0	1	32	0,32
fanout-2-repeat-3	861	1,0	0	32	32,0
fanout-2-repeat-3	862	1,0	0	32	32,0
fanout-2-repeat-3	863	1,0	0	32	32,0
fanout-2-repeat-3	864	1,0	1	32	0,32
fanout-2-repeat-3	865	1,0	0	32	32,0
fanout-2-repeat-3	866	1,0	0	32	32,0
fanout-2-repeat-3	867	1,0	1	32	0,32
fanout-2-repeat-3	868	1,0	1	32	0,32
fanout-2-repeat-3	869	1,0	1	32	0,32
fanout-2-repeat-3	870	1,0	1	32	0,32
fanout-2-repeat-3	871	1,0	1	32	0,32
fanout-2-repeat-3	872	1,0	1	32	0,32
fanout-2-repeat-3	873	1,0	0	32	32,0
fanout-2-repeat-3	874	1,0	1	32	0,32
fanout-2-repeat-3	875	1,0	1	32	0,32
fanout-2-repeat-3	876	1,0	1	32	0,32
fanout-2-repeat-3	877	1,0	1	32	0,32
fanout-2-repeat-3	878	1,0	0	32	32,0
fanout-2-repeat-3	879	1,0	1	32	0,32
fanout-2-repeat-3	880	1,0	1	32	0,32
fanout-2-repeat-3	881	1,0	1	32	0,32
fanout-2-repeat-3	882	1,0	0	32	32,0
fanout-2-repeat-3	883	1,0	0	32	32,0
fanout-2-repeat-3	884	1,0	1	32	0,32
fanout-2-repeat-3	885	1,0	1	32	0,32
fanout-2-repeat-3	886	1,0	0	32	32,0
fanout-2-repeat-3	887	1,0	0	32	32,0
fanout-2-repeat-3	888	1,0	1	32	0,32
fanout-2-repeat-3	889	1,0	0	32	32,0
fanout-2-repeat-3	890	1,0	0	32	32,0
fanout-2-repeat-3	891	1,0	0	32	32,0
fanout-2-repeat-3	892	1,0	1	32	0,32
fanout-2-repeat-3	893	1,0	1	32	0,32
fanout-2-repeat-3	894	1,0	1	32	0,32
fanout-2-repeat-3	895	1,0	0	32	32,0
fanout-2-repeat-3	896	1,0	1	32	0,32
fanout-2-repeat-3	897	1,0	1	32	0,32
fanout-2-repeat-3	898	1,0	0	32	32,0
fanout-2-repeat-3	899	1,0	1	32	0,32
fanout-2-repeat-3	900	1,0	1	32	0,32
fanout-2-repeat-3	901	1,0	0	32	32,0
fanout-2-repeat-3	902	1,0	1	32	0,32
fanout-2-repeat-3	903	1,0	0	32	32,0
fanout-2-repeat-3	904	1,0	1	32	0,32
fanout-2-repeat-3	905	1,0	0	32	32,0
fanout-2-repeat-3	906	1,0	1	32	0,32
fanout-2-repeat-3	907	1,0	0	32	32,0
fanout-2-repeat-3	908	1,0	1	32	0,32
fanout-2-repeat-3	909	1,0	1	32	0,32
fanout-2-repeat-3	910	1,0	1	32	0,32
fanout-2-repeat-3	911	1,0	1	32	0,32
fanout-2-repeat-3	912	1,0	1	32	0,32
fanout-2-repeat-3	913	1,0	1	32	0,32
fanout-2-repeat-3	914	1,0	1	32	0,32
fanout-2-repeat-3	915	1,0	0	32	32,0
fanout-2-repeat-3	916	1,0	1	32	0,32
fanout-2-repeat-3	917	1,0	1	32	0,32
fanout-2-repeat-3	918	1,0	1	32	0,32
fanout-2-repeat-3	919	1,0	1	32	0,32
fanout-2-repeat-3	920	1,0	1	32	0,32
fanout-2-repeat-3	921	1,0	0	32	32,0
fanout-2-repeat-3	922	1,0	1	32	0,32
fanout-2-repeat-3	923	1,0	0	32	32,0
fanout-2-repeat-3	924	1,0	1	32	0,32
fanout-2-repeat-3	925	1,0	0	32	32,0
fanout-2-repeat-3	926	1,0	0	32	32,0
fanout-2-repeat-3	927	1,0	0	32	32,0
fanout-2-repeat-3	928	1,0	1	32	0,32
fanout-2-repeat-3	929	1,0	1	32	0,32
fanout-2-repeat-3	930	1,0	1	32	0,32
fanout-2-repeat-3	931	1,0	1	32	0,32
fanout-2-repeat-3	932	1,0	1	32	0,32
fanout-2-repeat-3	933	1,0	0	32	32,0
fanout-2-repeat-3	934	1,0	0	32	32,0
fanout-2-repeat-3	935	1,0	1	32	0,32
fanout-2-repeat-3	936	1,0	1	32	0,32
fanout-2-repeat-3	937	1,0	1	32	0,32
fanout-2-repeat-3	938	1,0	0	32	32,0
fanout-2-repeat-3	939	1,0	1	32	0,32
fanout-2-repeat-3	940	1,0	1	32	0,32
fanout-2-repeat-3	941	1,0	1	32	0,32
fanout-2-repeat-3	942	1,0	0	32	32,0
fanout-2-repeat-3	943	1,0	1	32	0,32
fanout-2-repeat-3	944	1,0	1	32	0,32
fanout-2-repeat-3	945	1,0	1	32	0,32
fanout-2-repeat-3	946	1,0	1	32	0,32
fanout-2-repeat-3	947	1,0	1	32	0,32
fanout-2-repeat-3	948	1,0	1	32	0,32
fanout-2-repeat-3	949	1,0	1	32	0,32
fanout-2-repeat-3	950	1,0	1	32	0,32
fanout-2-repeat-3	951	1,0	1	32	0,32
fanout-2-repeat-3	952	1,0	1	32	0,32
fanout-2-repeat-3	953	1,0	1	32	0,32
fanout-2-repeat-3	954	1,0	1	32	0,32
fanout-2-repeat-3	955	1,0	0	32	32,0
fanout-2-repeat-3	956	1,0	1	32	0,32
fanout-2-repeat-3	957	1,0	1	32	0,32
fanout-2-repeat-3	958	1,0	1	32	0,32
fanout-2-repeat-3	959	1,0	1	32	0,32
fanout-2-repeat-3	960	1,0	1	32	0,32
fanout-2-repeat-3	961	1,0	0	32	32,0
fanout-2-repeat-3	962	1,0	0	32	32,0
fanout-2-repeat-3	963	1,0	0	32	32,0
fanout-2-repeat-3	964	1,0	1	32	0,32
fanout-2-repeat-3	965	1,0	1	32	0,32
fanout-2-repeat-3	966	1,0	1	32	0,32
fanout-2-repeat-3	967	1,0	1	32	0,32
fanout-2-repeat-3	968	1,0	1	32	0,32
fanout-2-repeat-3	969	1,0	1	32	0,32
fanout-2-repeat-3	970	1,0	1	32	0,32
fanout-2-repeat-3	971	1,0	1	32	0,32
fanout-2-repeat-3	972	1,0	1	32	0,32
fanout-2-repeat-3	973	1,0	0	32	32,0
fanout-2-repeat-3	974	1,0	1	32	0,32
fanout-2-repeat-3	975	1,0	0	32	32,0
fanout-2-repeat-3	976	1,0	1	32	0,32
fanout-2-repeat-3	977	1,0	1	32	0,32
fanout-2-repeat-3	978	1,0	1	32	0,32
fanout-2-repeat-3	979	1,0	1	32	0,32
fanout-2-repeat-3	980	1,0	1	32	0,32
fanout-2-repeat-3	981	1,0	0	32	32,0
fanout-2-repeat-3	982	1,0	1	32	0,32
fanout-2-repeat-3	983	1,0	0	32	32,0
fanout-2-repeat-3	984	1,0	1	32	0,32
fanout-2-repeat-3	985	1,0	0	32	32,0
fanout-2-repeat-3	986	1,0	0	32	32,0
fanout-2-repeat-3	987	1,0	0	32	32,0
fanout-2-repeat-3	988	1,0	1	32	0,32
fanout-2-repeat-3	989	1,0	1	32	0,32
fanout-2-repeat-3	990	1,0	1	32	0,32
fanout-2-repeat-3	991	1,0	1	32	0,32
fanout-2-repeat-3	992	1,0	1	32	0,32
fanout-2-repeat-3	993	1,0	0	32	32,0
fanout-2-repeat-3	994	1,0	1	32	0,32
fanout-2-repeat-3	995	1,0	1	32	0,32
fanout-2-repeat-3	996	1,0	1	32	0,32
fanout-2-repeat-3	997	1,0	0	32	32,0
fanout-2-repeat-3	998	1,0	0	32	32,0
fanout-2-repeat-3	999	1,0	0	32	32,0
fanout-2-repeat-3	1000	1,0	1	32	0,32
fanout-2-repeat-3	1001	1,0	1	32	0,32
fanout-2-repeat-3	1002	1,0	1	32	0,32
fanout-2-repeat-3	1003	1,0	1	32	0,32
fanout-2-repeat-3	1004	1,0	1	32	0,32
fanout-2-repeat-3	1005	1,0	0	32	32,0
fanout-2-repeat-3	1006	1,0	0	32	32,0
fanout-2-repeat-3	1007	1,0	1	32	0,32
fanout-2-repeat-3	1008	1,0	1	32	0,32
fanout-2-repeat-3	1009	1,0	1	32	0,32
fanout-2-repeat-3	1010	1,0	1	32	0,32
fanout-2-repeat-3	1011	1,0	1	32	0,32
fanout-2-repeat-3	1012	1,0	1	32	0,32
fanout-2-repeat-3	1013	1,0	0	32	32,0
fanout-2-repeat-3	1014	1,0	1	32	0,32
fanout-2-repeat-3	1015	1,0	0	32	32,0
fanout-2-repeat-3	1016	1,0	1	32	0,32
fanout-2-repeat-3	1017	1,0	0	32	32,0
fanout-2-repeat-3	1018	1,0	1	32	0,32
fanout-2-repeat-3	1019	1,0	0	32	32,0
fanout-2-repeat-3	1020	1,0	1	32	0,32
fanout-2-repeat-3	1021	1,0	1	32	0,32
fanout-2-repeat-3	1022	1,0	0	32	32,0
fanout-2-repeat-3	1023	1,0	1	32	0,32
fanout-2-repeat-3	1024	1,0	1	32	0,32
fanout-2-repeat-3	1025	1,0	1	32	0,32
fanout-4-repeat-1	26	0,1,2,3	3	32	0,0,0,32
fanout-4-repeat-1	27	0,1,2,3	1	32	0,32,0,0
fanout-4-repeat-1	28	0,1,2,3	0	32	32,0,0,0
fanout-4-repeat-1	29	0,1,2,3	2	32	0,0,32,0
fanout-4-repeat-1	30	0,1,2,3	0	32	32,0,0,0
fanout-4-repeat-1	31	0,1,2,3	1	32	0,32,0,0
fanout-4-repeat-1	32	0,1,2,3	0	32	32,0,0,0
fanout-4-repeat-1	33	0,1,2,3	1	32	0,32,0,0
fanout-4-repeat-1	34	0,1,2,3	2	32	0,0,32,0
fanout-4-repeat-1	35	0,1,2,3	2	32	0,0,32,0
fanout-4-repeat-1	36	0,1,2,3	0	32	32,0,0,0
fanout-4-repeat-1	37	0,1,2,3	2	32	0,0,32,0
fanout-4-repeat-1	38	0,1,2,3	3	32	0,0,0,32
fanout-4-repeat-1	39	0,1,2,3	3	32	0,0,0,32
fanout-4-repeat-1	40	0,1,2,3	0	32	32,0,0,0
fanout-4-repeat-1	41	0,1,2,3	1	32	0,32,0,0
fanout-4-repeat-1	42	0,1,2,3	0	32	32,0,0,0
fanout-4-repeat-1	43	0,1,2,3	1	32	0,32,0,0
fanout-4-repeat-1	44	0,1,2,3	0	32	32,0,0,0
fanout-4-repeat-1	45	0,1,2,3	3	32	0,0,0,32
fanout-4-repeat-1	46	0,1,2,3	3	32	0,0,0,32
fanout-4-repeat-1	47	0,1,2,3	3	32	0,0,0,32
fanout-4-repeat-1	48	0,1,2,3	0	32	32,0,0,0
fanout-4-repeat-1	49	0,1,2,3	3	32	0,0,0,32
fanout-4-repeat-1	50	0,1,2,3	2	32	0,0,32,0
fanout-4-repeat-1	51	0,1,2,3	2	32	0,0,32,0
fanout-4-repeat-1	52	0,1,2,3	0	32	32,0,0,0
fanout-4-repeat-1	53	0,1,2,3	1	32	0,32,0,0
fanout-4-repeat-1	54	0,1,2,3	1	32	0,32,0,0
fanout-4-repeat-1	55	0,1,2,3	0	32	32,0,0,0
fanout-4-repeat-1	56	0,1,2,3	0	32	32,0,0,0
fanout-4-repeat-1	57	0,1,2,3	0	32	32,0,0,0
fanout-4-repeat-1	58	0,1,2,3	1	32	0,32,0,0
fanout-4-repeat-1	59	0,1,2,3	0	32	32,0,0,0
fanout-4-repeat-1	60	0,1,2,3	0	32	32,0,0,0
fanout-4-repeat-1	61	0,1,2,3	0	32	32,0,0,0
fanout-4-repeat-1	62	0,1,2,3	2	32	0,0,32,0
fanout-4-repeat-1	63	0,1,2,3	3	32	0,0,0,32
fanout-4-repeat-1	64	0,1,2,3	0	32	32,0,0,0
fanout-4-repeat-1	65	0,1,2,3	3	32	0,0,0,32
fanout-4-repeat-1	66	0,1,2,3	1	32	0,32,0,0
fanout-4-repeat-1	67	0,1,2,3	2	32	0,0,32,0
fanout-4-repeat-1	68	0,1,2,3	0	32	32,0,0,0
fanout-4-repeat-1	69	0,1,2,3	0	32	32,0,0,0
fanout-4-repeat-1	70	0,1,2,3	1	32	0,32,0,0
fanout-4-repeat-1	71	0,1,2,3	2	32	0,0,32,0
fanout-4-repeat-1	72	0,1,2,3	0	32	32,0,0,0
fanout-4-repeat-1	73	0,1,2,3	1	32	0,32,0,0
fanout-4-repeat-1	74	0,1,2,3	3	32	0,0,0,32
fanout-4-repeat-1	75	0,1,2,3	2	32	0,0,32,0
fanout-4-repeat-1	76	0,1,2,3	0	32	32,0,0,0
fanout-4-repeat-1	77	0,1,2,3	0	32	32,0,0,0
fanout-4-repeat-1	78	0,1,2,3	2	32	0,0,32,0
fanout-4-repeat-1	79	0,1,2,3	0	32	32,0,0,0
fanout-4-repeat-1	80	0,1,2,3	0	32	32,0,0,0
fanout-4-repeat-1	81	0,1,2,3	3	32	0,0,0,32
fanout-4-repeat-1	82	0,1,2,3	3	32	0,0,0,32
fanout-4-repeat-1	83	0,1,2,3	3	32	0,0,0,32
fanout-4-repeat-1	84	0,1,2,3	0	32	32,0,0,0
fanout-4-repeat-1	85	0,1,2,3	1	32	0,32,0,0
fanout-4-repeat-1	86	0,1,2,3	1	32	0,32,0,0
fanout-4-repeat-1	87	0,1,2,3	2	32	0,0,32,0
fanout-4-repeat-1	88	0,1,2,3	0	32	32,0,0,0
fanout-4-repeat-1	89	0,1,2,3	1	32	0,32,0,0
fanout-4-repeat-1	90	0,1,2,3	3	32	0,0,0,32
fanout-4-repeat-1	91	0,1,2,3	1	32	0,32,0,0
fanout-4-repeat-1	92	0,1,2,3	0	32	32,0,0,0
fanout-4-repeat-1	93	0,1,2,3	3	32	0,0,0,32
fanout-4-repeat-1	94	0,1,2,3	0	32	32,0,0,0
fanout-4-repeat-1	95	0,1,2,3	1	32	0,32,0,0
fanout-4-repeat-1	96	0,1,2,3	0	32	32,0,0,0
fanout-4-repeat-1	97	0,1,2,3	1	32	0,32,0,0
fanout-4-repeat-1	98	0,1,2,3	1	32	0,32,0,0
fanout-4-repeat-1	99	0,1,2,3	3	32	0,0,0,32
fanout-4-repeat-1	100	0,1,2,3	0	32	32,0,0,0
fanout-4-repeat-1	101	0,1,2,3	0	32	32,0,0,0
fanout-4-repeat-1	102	0,1,2,3	1	32	0,32,0,0
fanout-4-repeat-1	103	0,1,2,3	3	32	0,0,0,32
fanout-4-repeat-1	104	0,1,2,3	0	32	32,0,0,0
fanout-4-repeat-1	105	0,1,2,3	0	32	32,0,0,0
fanout-4-repeat-1	106	0,1,2,3	0	32	32,0,0,0
fanout-4-repeat-1	107	0,1,2,3	2	32	0,0,32,0
fanout-4-repeat-1	108	0,1,2,3	0	32	32,0,0,0
fanout-4-repeat-1	109	0,1,2,3	2	32	0,0,32,0
fanout-4-repeat-1	110	0,1,2,3	1	32	0,32,0,0
fanout-4-repeat-1	111	0,1,2,3	1	32	0,32,0,0
fanout-4-repeat-1	112	0,1,2,3	0	32	32,0,0,0
fanout-4-repeat-1	113	0,1,2,3	0	32	32,0,0,0
fanout-4-repeat-1	114	0,1,2,3	3	32	0,0,0,32
fanout-4-repeat-1	115	0,1,2,3	0	32	32,0,0,0
fanout-4-repeat-1	116	0,1,2,3	0	32	32,0,0,0
fanout-4-repeat-1	117	0,1,2,3	3	32	0,0,0,32
fanout-4-repeat-1	118	0,1,2,3	0	32	32,0,0,0
fanout-4-repeat-1	119	0,1,2,3	1	32	0,32,0,0
fanout-4-repeat-1	120	0,1,2,3	0	32	32,0,0,0
fanout-4-repeat-1	121	0,1,2,3	2	32	0,0,32,0
fanout-4-repeat-1	122	0,1,2,3	2	32	0,0,32,0
fanout-4-repeat-1	123	0,1,2,3	0	32	32,0,0,0
fanout-4-repeat-1	124	0,1,2,3	0	32	32,0,0,0
fanout-4-repeat-1	125	0,1,2,3	3	32	0,0,0,32
fanout-4-repeat-1	126	0,1,2,3	1	32	0,32,0,0
fanout-4-repeat-1	127	0,1,2,3	0	32	32,0,0,0
fanout-4-repeat-1	128	0,1,2,3	0	32	32,0,0,0
fanout-4-repeat-1	129	0,1,2,3	0	32	32,0,0,0
fanout-4-repeat-1	130	0,1,2,3	0	32	32,0,0,0
fanout-4-repeat-1	131	0,1,2,3	2	32	0,0,32,0
fanout-4-repeat-1	132	0,1,2,3	0	32	32,0,0,0
fanout-4-repeat-1	133	0,1,2,3	2	32	0,0,32,0
fanout-4-repeat-1	134	0,1,2,3	3	32	0,0,0,32
fanout-4-repeat-1	135	0,1,2,3	3	32	0,0,0,32
fanout-4-repeat-1	136	0,1,2,3	0	32	32,0,0,0
fanout-4-repeat-1	137	0,1,2,3	1	32	0,32,0,0
fanout-4-repeat-1	138	0,1,2,3	0	32	32,0,0,0
fanout-4-repeat-1	139	0,1,2,3	2	32	0,0,32,0
fanout-4-repeat-1	140	0,1,2,3	0	32	32,0,0,0
fanout-4-repeat-1	141	0,1,2,3	0	32	32,0,0,0
fanout-4-repeat-1	142	0,1,2,3	1	32	0,32,0,0
fanout-4-repeat-1	143	0,1,2,3	0	32	32,0,0,0
fanout-4-repeat-1	144	0,1,2,3	0	32	32,0,0,0
fanout-4-repeat-1	145	0,1,2,3	2	32	0,0,32,0
fanout-4-repeat-1	146	0,1,2,3	0	32	32,0,0,0
fanout-4-repeat-1	147	0,1,2,3	0	32	32,0,0,0
fanout-4-repeat-1	148	0,1,2,3	0	32	32,0,0,0
fanout-4-repeat-1	149	0,1,2,3	1	32	0,32,0,0
fanout-4-repeat-1	150	0,1,2,3	0	32	32,0,0,0
fanout-4-repeat-1	151	0,1,2,3	2	32	0,0,32,0
fanout-4-repeat-1	152	0,1,2,3	0	32	32,0,0,0
fanout-4-repeat-1	153	0,1,2,3	2	32	0,0,32,0
fanout-4-repeat-1	154	0,1,2,3	1	32	0,32,0,0
fanout-4-repeat-1	155	0,1,2,3	3	32	0,0,0,32
fanout-4-repeat-1	156	0,1,2,3	0	32	32,0,0,0
fanout-4-repeat-1	157	0,1,2,3	2	32	0,0,32,0
fanout-4-repeat-1	158	0,1,2,3	1	32	0,32,0,0
fanout-4-repeat-1	159	0,1,2,3	1	32	0,32,0,0
fanout-4-repeat-1	160	0,1,2,3	0	32	32,0,0,0
fanout-4-repeat-1	161	0,1,2,3	3	32	0,0,0,32
fanout-4-repeat-1	162	0,1,2,3	3	32	0,0,0,32
fanout-4-repeat-1	163	0,1,2,3	2	32	0,0,32,0
fanout-4-repeat-1	164	0,1,2,3	0	32	32,0,0,0
fanout-4-repeat-1	165	0,1,2,3	3	32	0,0,0,32
fanout-4-repeat-1	166	0,1,2,3	1	32	0,32,0,0
fanout-4-repeat-1	167	0,1,2,3	2	32	0,0,32,0
fanout-4-repeat-1	168	0,1,2,3	0	32	32,0,0,0
fanout-4-repeat-1	169	0,1,2,3	3	32	0,0,0,32
fanout-4-repeat-1	170	0,1,2,3	3	32	0,0,0,32
fanout-4-repeat-1	171	0,1,2,3	0	32	32,0,0,0
fanout-4-repeat-1	172	0,1,2,3	0	32	32,0,0,0
fanout-4-repeat-1	173	0,1,2,3	1	32	0,32,0,0
fanout-4-repeat-1	174	0,1,2,3	3	32	0,0,0,32
fanout-4-repeat-1	175	0,1,2,3	3	32	0,0,0,32
fanout-4-repeat-1	176	0,1,2,3	0	32	32,0,0,0
fanout-4-repeat-1	177	0,1,2,3	0	32	32,0,0,0
fanout-4-repeat-1	178	0,1,2,3	2	32	0,0,32,0
fanout-4-repeat-1	179	0,1,2,3	0	32	32,0,0,0
fanout-4-repeat-1	180	0,1,2,3	0	32	32,0,0,0
fanout-4-repeat-1	181	0,1,2,3	0	32	32,0,0,0
fanout-4-repeat-1	182	0,1,2,3	2	32	0,0,32,0
fanout-4-repeat-1	183	0,1,2,3	1	32	0,32,0,0
fanout-4-repeat-1	184	0,1,2,3	0	32	32,0,0,0
fanout-4-repeat-1	185	0,1,2,3	0	32	32,0,0,0
fanout-4-repeat-1	186	0,1,2,3	1	32	0,32,0,0
fanout-4-repeat-1	187	0,1,2,3	0	32	32,0,0,0
fanout-4-repeat-1	188	0,1,2,3	0	32	32,0,0,0
fanout-4-repeat-1	189	0,1,2,3	3	32	0,0,0,32
fanout-4-repeat-1	190	0,1,2,3	3	32	0,0,0,32
fanout-4-repeat-1	191	0,1,2,3	0	32	32,0,0,0
fanout-4-repeat-1	192	0,1,2,3	0	32	32,0,0,0
fanout-4-repeat-1	193	0,1,2,3	1	32	0,32,0,0
fanout-4-repeat-1	194	0,1,2,3	3	32	0,0,0,32
fanout-4-repeat-1	195	0,1,2,3	3	32	0,0,0,32
fanout-4-repeat-1	196	0,1,2,3	0	32	32,0,0,0
fanout-4-repeat-1	197	0,1,2,3	3	32	0,0,0,32
fanout-4-repeat-1	198	0,1,2,3	0	32	32,0,0,0
fanout-4-repeat-1	199	0,1,2,3	1	32	0,32,0,0
fanout-4-repeat-1	200	0,1,2,3	0	32	32,0,0,0
fanout-4-repeat-1	201	0,1,2,3	3	32	0,0,0,32
fanout-4-repeat-1	202	0,1,2,3	1	32	0,32,0,0
fanout-4-repeat-1	203	0,1,2,3	0	32	32,0,0,0
fanout-4-repeat-1	204	0,1,2,3	0	32	32,0,0,0
fanout-4-repeat-1	205	0,1,2,3	1	32	0,32,0,0
fanout-4-repeat-1	206	0,1,2,3	2	32	0,0,32,0
fanout-4-repeat-1	207	0,1,2,3	0	32	32,0,0,0
fanout-4-repeat-1	208	0,1,2,3	0	32	32,0,0,0
fanout-4-repeat-1	209	0,1,2,3	2	32	0,0,32,0
fanout-4-repeat-1	210	0,1,2,3	1	32	0,32,0,0
fanout-4-repeat-1	211	0,1,2,3	3	32	0,0,0,32
fanout-4-repeat-1	212	0,1,2,3	0	32	32,0,0,0
fanout-4-repeat-1	213	0,1,2,3	2	32	0,0,32,0
fanout-4-repeat-1	214	0,1,2,3	1	32	0,32,0,0
fanout-4-repeat-1	215	0,1,2,3	2	32	0,0,32,0
fanout-4-repeat-1	216	0,1,2,3	0	32	32,0,0,0
fanout-4-repeat-1	217	0,1,2,3	0	32	32,0,0,0
fanout-4-repeat-1	218	0,1,2,3	1	32	0,32,0,0
fanout-4-repeat-1	219	0,1,2,3	3	32	0,0,0,32
fanout-4-repeat-1	220	0,1,2,3	0	32	32,0,0,0
fanout-4-repeat-1	221	0,1,2,3	0	32	32,0,0,0
fanout-4-repeat-1	222	0,1,2,3	1	32	0,32,0,0
fanout-4-repeat-1	223	0,1,2,3	3	32	0,0,0,32
fanout-4-repeat-1	224	0,1,2,3	0	32	32,0,0,0
fanout-4-repeat-1	225	0,1,2,3	2	32	0,0,32,0
fanout-4-repeat-1	226	0,1,2,3	1	32	0,32,0,0
fanout-4-repeat-1	227	0,1,2,3	2	32	0,0,32,0
fanout-4-repeat-1	228	0,1,2,3	0	32	32,0,0,0
fanout-4-repeat-1	229	0,1,2,3	1	32	0,32,0,0
fanout-4-repeat-1	230	0,1,2,3	1	32	0,32,0,0
fanout-4-repeat-1	231	0,1,2,3	2	32	0,0,32,0
fanout-4-repeat-1	232	0,1,2,3	0	32	32,0,0,0
fanout-4-repeat-1	233	0,1,2,3	0	32	32,0,0,0
fanout-4-repeat-1	234	0,1,2,3	0	32	32,0,0,0
fanout-4-repeat-1	235	0,1,2,3	0	32	32,0,0,0
fanout-4-repeat-1	236	0,1,2,3	0	32	32,0,0,0
fanout-4-repeat-1	237	0,1,2,3	0	32	32,0,0,0
fanout-4-repeat-1	238	0,1,2,3	3	32	0,0,0,32
fanout-4-repeat-1	239	0,1,2,3	3	32	0,0,0,32
fanout-4-repeat-1	240	0,1,2,3	0	32	32,0,0,0
fanout-4-repeat-1	241	0,1,2,3	2	32	0,0,32,0
fanout-4-repeat-1	242	0,1,2,3	0	32	32,0,0,0
fanout-4-repeat-1	243	0,1,2,3	1	32	0,32,0,0
fanout-4-repeat-1	244	0,1,2,3	0	32	32,0,0,0
fanout-4-repeat-1	245	0,1,2,3	3	32	0,0,0,32
fanout-4-repeat-1	246	0,1,2,3	1	32	0,32,0,0
fanout-4-repeat-1	247	0,1,2,3	2	32	0,0,32,0
fanout-4-repeat-1	248	0,1,2,3	0	32	32,0,0,0
fanout-4-repeat-1	249	0,1,2,3	3	32	0,0,0,32
fanout-4-repeat-1	250	0,1,2,3	0	32	32,0,0,0
fanout-4-repeat-1	251	0,1,2,3	1	32	0,32,0,0
fanout-4-repeat-1	252	0,1,2,3	0	32	32,0,0,0
fanout-4-repeat-1	253	0,1,2,3	0	32	32,0,0,0
fanout-4-repeat-1	254	0,1,2,3	0	32	32,0,0,0
fanout-4-repeat-1	255	0,1,2,3	2	32	0,0,32,0
fanout-4-repeat-1	256	0,1,2,3	0	32	32,0,0,0
fanout-4-repeat-1	257	0,1,2,3	0	32	32,0,0,0
fanout-4-repeat-1	258	0,1,2,3	3	32	0,0,0,32
fanout-4-repeat-1	259	0,1,2,3	1	32	0,32,0,0
fanout-4-repeat-1	260	0,1,2,3	0	32	32,0,0,0
fanout-4-repeat-1	261	0,1,2,3	0	32	32,0,0,0
fanout-4-repeat-1	262	0,1,2,3	3	32	0,0,0,32
fanout-4-repeat-1	263	0,1,2,3	3	32	0,0,0,32
fanout-4-repeat-1	264	0,1,2,3	0	32	32,0,0,0
fanout-4-repeat-1	265	0,1,2,3	2	32	0,0,32,0
fanout-4-repeat-1	266	0,1,2,3	2	32	0,0,32,0
fanout-4-repeat-1	267	0,1,2,3	3	32	0,0,0,32
fanout-4-repeat-1	268	0,1,2,3	0	32	32,0,0,0
fanout-4-repeat-1	269	0,1,2,3	2	32	0,0,32,0
fanout-4-repeat-1	270	0,1,2,3	1	32	0,32,0,0
fanout-4-repeat-1	271	0,1,2,3	2	32	0,0,32,0
fanout-4-repeat-1	272	0,1,2,3	0	32	32,0,0,0
fanout-4-repeat-1	273	0,1,2,3	0	32	32,0,0,0
fanout-4-repeat-1	274	0,1,2,3	3	32	0,0,0,32
fanout-4-repeat-1	275	0,1,2,3	2	32	0,0,32,0
fanout-4-repeat-1	276	0,1,2,3	0	32	32,0,0,0
fanout-4-repeat-1	277	0,1,2,3	2	32	0,0,32,0
fanout-4-repeat-1	278	0,1,2,3	1	32	0,32,0,0
fanout-4-repeat-1	279	0,1,2,3	2	32	0,0,32,0
fanout-4-repeat-1	280	0,1,2,3	0	32	32,0,0,0
fanout-4-repeat-1	281	0,1,2,3	1	32	0,32,0,0
fanout-4-repeat-1	282	0,1,2,3	2	32	0,0,32,0
fanout-4-repeat-1	283	0,1,2,3	2	32	0,0,32,0
fanout-4-repeat-1	284	0,1,2,3	0	32	32,0,0,0
fanout-4-repeat-1	285	0,1,2,3	2	32	0,0,32,0
fanout-4-repeat-1	286	0,1,2,3	1	32	0,32,0,0
fanout-4-repeat-1	287	0,1,2,3	3	32	0,0,0,32
fanout-4-repeat-1	288	0,1,2,3	0	32	32,0,0,0
fanout-4-repeat-1	289	0,1,2,3	2	32	0,0,32,0
fanout-4-repeat-1	290	0,1,2,3	1	32	0,32,0,0
fanout-4-repeat-1	291	0,1,2,3	1	32	0,32,0,0
fanout-4-repeat-1	292	0,1,2,3	0	32	32,0,0,0
fanout-4-repeat-1	293	0,1,2,3	0	32	32,0,0,0
fanout-4-repeat-1	294	0,1,2,3	2	32	0,0,32,0
fanout-4-repeat-1	295	0,1,2,3	2	32	0,0,32,0
fanout-4-repeat-1	296	0,1,2,3	0	32	32,0,0,0
fanout-4-repeat-1	297	0,1,2,3	0	32	32,0,0,0
fanout-4-repeat-1	298	0,1,2,3	3	32	0,0,0,32
fanout-4-repeat-1	299	0,1,2,3	1	32	0,32,0,0
fanout-4-repeat-1	300	0,1,2,3	0	32	32,0,0,0
fanout-4-repeat-1	301	0,1,2,3	2	32	0,0,32,0
fanout-4-repeat-1	302	0,1,2,3	2	32	0,0,32,0
fanout-4-repeat-1	303	0,1,2,3	2	32	0,0,32,0
fanout-4-repeat-1	304	0,1,2,3	0	32	32,0,0,0
fanout-4-repeat-1	305	0,1,2,3	2	32	0,0,32,0
fanout-4-repeat-1	306	0,1,2,3	2	32	0,0,32,0
fanout-4-repeat-1	307	0,1,2,3	2	32	0,0,32,0
fanout-4-repeat-1	308	0,1,2,3	0	32	32,0,0,0
fanout-4-repeat-1	309	0,1,2,3	2	32	0,0,32,0
fanout-4-repeat-1	310	0,1,2,3	2	32	0,0,32,0
fanout-4-repeat-1	311	0,1,2,3	3	32	0,0,0,32
fanout-4-repeat-1	312	0,1,2,3	0	32	32,0,0,0
fanout-4-repeat-1	313	0,1,2,3	0	32	32,0,0,0
fanout-4-repeat-1	314	0,1,2,3	3	32	0,0,0,32
fanout-4-repeat-1	315	0,1,2,3	1	32	0,32,0,0
fanout-4-repeat-1	316	0,1,2,3	0	32	32,0,0,0
fanout-4-repeat-1	317	0,1,2,3	1	32	0,32,0,0
fanout-4-repeat-1	318	0,1,2,3	1	32	0,32,0,0
fanout-4-repeat-1	319	0,1,2,3	1	32	0,32,0,0
fanout-4-repeat-1	320	0,1,2,3	0	32	32,0,0,0
fanout-4-repeat-1	321	0,1,2,3	0	32	32,0,0,0
fanout-4-repeat-1	322	0,1,2,3	1	32	0,32,0,0
fanout-4-repeat-1	323	0,1,2,3	2	32	0,0,32,0
fanout-4-repeat-1	324	0,1,2,3	0	32	32,0,0,0
fanout-4-repeat-1	325	0,1,2,3	3	32	0,0,0,32
fanout-4-repeat-1	326	0,1,2,3	1	32	0,32,0,0
fanout-4-repeat-1	327	0,1,2,3	3	32	0,0,0,32
fanout-4-repeat-1	328	0,1,2,3	0	32	32,0,0,0
fanout-4-repeat-1	329	0,1,2,3	0	32	32,0,0,0
fanout-4-repeat-1	330	0,1,2,3	0	32	32,0,0,0
fanout-4-repeat-1	331	0,1,2,3	3	32	0,0,0,32
fanout-4-repeat-1	332	0,1,2,3	0	32	32,0,0,0
fanout-4-repeat-1	333	0,1,2,3	1	32	0,32,0,0
fanout-4-repeat-1	334	0,1,2,3	3	32	0,0,0,32
fanout-4-repeat-1	335	0,1,2,3	1	32	0,32,0,0
fanout-4-repeat-1	336	0,1,2,3	0	32	32,0,0,0
fanout-4-repeat-1	337	0,1,2,3	0	32	32,0,0,0
fanout-4-repeat-1	338	0,1,2,3	0	32	32,0,0,0
fanout-4-repeat-1	339	0,1,2,3	3	32	0,0,0,32
fanout-4-repeat-1	340	0,1,2,3	0	32	32,0,0,0
fanout-4-repeat-1	341	0,1,2,3	3	32	0,0,0,32
fanout-4-repeat-1	342	0,1,2,3	0	32	32,0,0,0
fanout-4-repeat-1	343	0,1,2,3	2	32	0,0,32,0
fanout-4-repeat-1	344	0,1,2,3	0	32	32,0,0,0
fanout-4-repeat-1	345	0,1,2,3	2	32	0,0,32,0
fanout-4-repeat-1	346	0,1,2,3	1	32	0,32,0,0
fanout-4-repeat-1	347	0,1,2,3	0	32	32,0,0,0
fanout-4-repeat-1	348	0,1,2,3	0	32	32,0,0,0
fanout-4-repeat-1	349	0,1,2,3	2	32	0,0,32,0
fanout-4-repeat-1	350	0,1,2,3	3	32	0,0,0,32
fanout-4-repeat-1	351	0,1,2,3	0	32	32,0,0,0
fanout-4-repeat-1	352	0,1,2,3	0	32	32,0,0,0
fanout-4-repeat-1	353	0,1,2,3	3	32	0,0,0,32
fanout-4-repeat-1	354	0,1,2,3	3	32	0,0,0,32
fanout-4-repeat-1	355	0,1,2,3	3	32	0,0,0,32
fanout-4-repeat-1	356	0,1,2,3	0	32	32,0,0,0
fanout-4-repeat-1	357	0,1,2,3	3	32	0,0,0,32
fanout-4-repeat-1	358	0,1,2,3	2	32	0,0,32,0
fanout-4-repeat-1	359	0,1,2,3	3	32	0,0,0,32
fanout-4-repeat-1	360	0,1,2,3	0	32	32,0,0,0
fanout-4-repeat-1	361	0,1,2,3	3	32	0,0,0,32
fanout-4-repeat-1	362	0,1,2,3	1	32	0,32,0,0
fanout-4-repeat-1	363	0,1,2,3	3	32	0,0,0,32
fanout-4-repeat-1	364	0,1,2,3	0	32	32,0,0,0
fanout-4-repeat-1	365	0,1,2,3	0	32	32,0,0,0
fanout-4-repeat-1	366	0,1,2,3	3	32	0,0,0,32
fanout-4-repeat-1	367	0,1,2,3	0	32	32,0,0,0
fanout-4-repeat-1	368	0,1,2,3	0	32	32,0,0,0
fanout-4-repeat-1	369	0,1,2,3	0	32	32,0,0,0
fanout-4-repeat-1	370	0,1,2,3	1	32	0,32,0,0
fanout-4-repeat-1	371	0,1,2,3	2	32	0,0,32,0
fanout-4-repeat-1	372	0,1,2,3	0	32	32,0,0,0
fanout-4-repeat-1	373	0,1,2,3	2	32	0,0,32,0
fanout-4-repeat-1	374	0,1,2,3	1	32	0,32,0,0
fanout-4-repeat-1	375	0,1,2,3	1	32	0,32,0,0
fanout-4-repeat-1	376	0,1,2,3	0	32	32,0,0,0
fanout-4-repeat-1	377	0,1,2,3	2	32	0,0,32,0
fanout-4-repeat-1	378	0,1,2,3	2	32	0,0,32,0
fanout-4-repeat-1	379	0,1,2,3	0	32	32,0,0,0
fanout-4-repeat-1	380	0,1,2,3	0	32	32,0,0,0
fanout-4-repeat-1	381	0,1,2,3	1	32	0,32,0,0
fanout-4-repeat-1	382	0,1,2,3	3	32	0,0,0,32
fanout-4-repeat-1	383	0,1,2,3	3	32	0,0,0,32
fanout-4-repeat-1	384	0,1,2,3	0	32	32,0,0,0
fanout-4-repeat-1	385	0,1,2,3	0	32	32,0,0,0
fanout-4-repeat-1	386	0,1,2,3	1	32	0,32,0,0
fanout-4-repeat-1	387	0,1,2,3	2	32	0,0,32,0
fanout-4-repeat-1	388	0,1,2,3	0	32	32,0,0,0
fanout-4-repeat-1	389	0,1,2,3	3	32	0,0,0,32
fanout-4-repeat-1	390	0,1,2,3	3	32	0,0,0,32
fanout-4-repeat-1	391	0,1,2,3	0	32	32,0,0,0
fanout-4-repeat-1	392	0,1,2,3	0	32	32,0,0,0
fanout-4-repeat-1	393	0,1,2,3	1	32	0,32,0,0
fanout-4-repeat-1	394	0,1,2,3	1	32	0,32,0,0
fanout-4-repeat-1	395	0,1,2,3	0	32	32,0,0,0
fanout-4-repeat-1	396	0,1,2,3	0	32	32,0,0,0
fanout-4-repeat-1	397	0,1,2,3	1	32	0,32,0,0
fanout-4-repeat-1	398	0,1,2,3	0	32	32,0,0,0
fanout-4-repeat-1	399	0,1,2,3	3	32	0,0,0,32
fanout-4-repeat-1	400	0,1,2,3	0	32	32,0,0,0
fanout-4-repeat-1	401	0,1,2,3	2	32	0,0,32,0
fanout-4-repeat-1	402	0,1,2,3	2	32	0,0,32,0
fanout-4-repeat-1	403	0,1,2,3	1	32	0,32,0,0
fanout-4-repeat-1	404	0,1,2,3	0	32	32,0,0,0
fanout-4-repeat-1	405	0,1,2,3	3	32	0,0,0,32
fanout-4-repeat-1	406	0,1,2,3	1	32	0,32,0,0
fanout-4-repeat-1	407	0,1,2,3	3	32	0,0,0,32
fanout-4-repeat-1	408	0,1,2,3	0	32	32,0,0,0
fanout-4-repeat-1	409	0,1,2,3	0	32	32,0,0,0
fanout-4-repeat-1	410	0,1,2,3	0	32	32,0,0,0
fanout-4-repeat-1	411	0,1,2,3	3	32	0,0,0,32
fanout-4-repeat-1	412	0,1,2,3	0	32	32,0,0,0
fanout-4-repeat-1	413	0,1,2,3	0	32	32,0,0,0
fanout-4-repeat-1	414	0,1,2,3	1	32	0,32,0,0
fanout-4-repeat-1	415	0,1,2,3	2	32	0,0,32,0
fanout-4-repeat-1	416	0,1,2,3	0	32	32,0,0,0
fanout-4-repeat-1	417	0,1,2,3	3	32	0,0,0,32
fanout-4-repeat-1	418	0,1,2,3	0	32	32,0,0,0
fanout-4-repeat-1	419	0,1,2,3	2	32	0,0,32,0
fanout-4-repeat-1	420	0,1,2,3	0	32	32,0,0,0
fanout-4-repeat-1	421	0,1,2,3	2	32	0,0,32,0
fanout-4-repeat-1	422	0,1,2,3	3	32	0,0,0,32
fanout-4-repeat-1	423	0,1,2,3	1	32	0,32,0,0
fanout-4-repeat-1	424	0,1,2,3	0	32	32,0,0,0
fanout-4-repeat-1	425	0,1,2,3	0	32	32,0,0,0
fanout-4-repeat-1	426	0,1,2,3	2	32	0,0,32,0
fanout-4-repeat-1	427	0,1,2,3	0	32	32,0,0,0
fanout-4-repeat-1	428	0,1,2,3	0	32	32,0,0,0
fanout-4-repeat-1	429	0,1,2,3	0	32	32,0,0,0
fanout-4-repeat-1	430	0,1,2,3	0	32	32,0,0,0
fanout-4-repeat-1	431	0,1,2,3	3	32	0,0,0,32
fanout-4-repeat-1	432	0,1,2,3	0	32	32,0,0,0
fanout-4-repeat-1	433	0,1,2,3	0	32	32,0,0,0
fanout-4-repeat-1	434	0,1,2,3	1	32	0,32,0,0
fanout-4-repeat-1	435	0,1,2,3	3	32	0,0,0,32
fanout-4-repeat-1	436	0,1,2,3	0	32	32,0,0,0
fanout-4-repeat-1	437	0,1,2,3	0	32	32,0,0,0
fanout-4-repeat-1	438	0,1,2,3	3	32	0,0,0,32
fanout-4-repeat-1	439	0,1,2,3	1	32	0,32,0,0
fanout-4-repeat-1	440	0,1,2,3	0	32	32,0,0,0
fanout-4-repeat-1	441	0,1,2,3	0	32	32,0,0,0
fanout-4-repeat-1	442	0,1,2,3	1	32	0,32,0,0
fanout-4-repeat-1	443	0,1,2,3	1	32	0,32,0,0
fanout-4-repeat-1	444	0,1,2,3	0	32	32,0,0,0
fanout-4-repeat-1	445	0,1,2,3	3	32	0,0,0,32
fanout-4-repeat-1	446	0,1,2,3	2	32	0,0,32,0
fanout-4-repeat-1	447	0,1,2,3	1	32	0,32,0,0
fanout-4-repeat-1	448	0,1,2,3	0	32	32,0,0,0
fanout-4-repeat-1	449	0,1,2,3	0	32	32,0,0,0
fanout-4-repeat-1	450	0,1,2,3	1	32	0,32,0,0
fanout-4-repeat-1	451	0,1,2,3	0	32	32,0,0,0
fanout-4-repeat-1	452	0,1,2,3	0	32	32,0,0,0
fanout-4-repeat-1	453	0,1,2,3	3	32	0,0,0,32
fanout-4-repeat-1	454	0,1,2,3	0	32	32,0,0,0
fanout-4-repeat-1	455	0,1,2,3	3	32	0,0,0,32
fanout-4-repeat-1	456	0,1,2,3	0	32	32,0,0,0
fanout-4-repeat-1	457	0,1,2,3	3	32	0,0,0,32
fanout-4-repeat-1	458	0,1,2,3	1	32	0,32,0,0
fanout-4-repeat-1	459	0,1,2,3	1	32	0,32,0,0
fanout-4-repeat-1	460	0,1,2,3	0	32	32,0,0,0
fanout-4-repeat-1	461	0,1,2,3	0	32	32,0,0,0
fanout-4-repeat-1	462	0,1,2,3	1	32	0,32,0,0
fanout-4-repeat-1	463	0,1,2,3	0	32	32,0,0,0
fanout-4-repeat-1	464	0,1,2,3	0	32	32,0,0,0
fanout-4-repeat-1	465	0,1,2,3	0	32	32,0,0,0
fanout-4-repeat-1	466	0,1,2,3	0	32	32,0,0,0
fanout-4-repeat-1	467	0,1,2,3	0	32	32,0,0,0
fanout-4-repeat-1	468	0,1,2,3	0	32	32,0,0,0
fanout-4-repeat-1	469	0,1,2,3	1	32	0,32,0,0
fanout-4-repeat-1	470	0,1,2,3	0	32	32,0,0,0
fanout-4-repeat-1	471	0,1,2,3	0	32	32,0,0,0
fanout-4-repeat-1	472	0,1,2,3	0	32	32,0,0,0
fanout-4-repeat-1	473	0,1,2,3	2	32	0,0,32,0
fanout-4-repeat-1	474	0,1,2,3	3	32	0,0,0,32
fanout-4-repeat-1	475	0,1,2,3	3	32	0,0,0,32
fanout-4-repeat-1	476	0,1,2,3	0	32	32,0,0,0
fanout-4-repeat-1	477	0,1,2,3	0	32	32,0,0,0
fanout-4-repeat-1	478	0,1,2,3	1	32	0,32,0,0
fanout-4-repeat-1	479	0,1,2,3	2	32	0,0,32,0
fanout-4-repeat-1	480	0,1,2,3	0	32	32,0,0,0
fanout-4-repeat-1	481	0,1,2,3	3	32	0,0,0,32
fanout-4-repeat-1	482	0,1,2,3	1	32	0,32,0,0
fanout-4-repeat-1	483	0,1,2,3	1	32	0,32,0,0
fanout-4-repeat-1	484	0,1,2,3	0	32	32,0,0,0
fanout-4-repeat-1	485	0,1,2,3	1	32	0,32,0,0
fanout-4-repeat-1	486	0,1,2,3	2	32	0,0,32,0
fanout-4-repeat-1	487	0,1,2,3	0	32	32,0,0,0
fanout-4-repeat-1	488	0,1,2,3	0	32	32,0,0,0
fanout-4-repeat-1	489	0,1,2,3	1	32	0,32,0,0
fanout-4-repeat-1	490	0,1,2,3	3	32	0,0,0,32
fanout-4-repeat-1	491	0,1,2,3	3	32	0,0,0,32
fanout-4-repeat-1	492	0,1,2,3	0	32	32,0,0,0
fanout-4-repeat-1	493	0,1,2,3	2	32	0,0,32,0
fanout-4-repeat-1	494	0,1,2,3	0	32	32,0,0,0
fanout-4-repeat-1	495	0,1,2,3	1	32	0,32,0,0
fanout-4-repeat-1	496	0,1,2,3	0	32	32,0,0,0
fanout-4-repeat-1	497	0,1,2,3	1	32	0,32,0,0
fanout-4-repeat-1	498	0,1,2,3	2	32	0,0,32,0
fanout-4-repeat-1	499	0,1,2,3	2	32	0,0,32,0
fanout-4-repeat-1	500	0,1,2,3	0	32	32,0,0,0
fanout-4-repeat-1	501	0,1,2,3	2	32	0,0,32,0
fanout-4-repeat-1	502	0,1,2,3	3	32	0,0,0,32
fanout-4-repeat-1	503	0,1,2,3	1	32	0,32,0,0
fanout-4-repeat-1	504	0,1,2,3	0	32	32,0,0,0
fanout-4-repeat-1	505	0,1,2,3	0	32	32,0,0,0
fanout-4-repeat-1	506	0,1,2,3	0	32	32,0,0,0
fanout-4-repeat-1	507	0,1,2,3	2	32	0,0,32,0
fanout-4-repeat-1	508	0,1,2,3	0	32	32,0,0,0
fanout-4-repeat-1	509	0,1,2,3	3	32	0,0,0,32
fanout-4-repeat-1	510	0,1,2,3	3	32	0,0,0,32
fanout-4-repeat-1	511	0,1,2,3	0	32	32,0,0,0
fanout-4-repeat-1	512	0,1,2,3	0	32	32,0,0,0
fanout-4-repeat-1	513	0,1,2,3	1	32	0,32,0,0
fanout-4-repeat-1	514	0,1,2,3	1	32	0,32,0,0
fanout-4-repeat-1	515	0,1,2,3	0	32	32,0,0,0
fanout-4-repeat-1	516	0,1,2,3	0	32	32,0,0,0
fanout-4-repeat-1	517	0,1,2,3	0	32	32,0,0,0
fanout-4-repeat-1	518	0,1,2,3	1	32	0,32,0,0
fanout-4-repeat-1	519	0,1,2,3	0	32	32,0,0,0
fanout-4-repeat-1	520	0,1,2,3	0	32	32,0,0,0
fanout-4-repeat-1	521	0,1,2,3	3	32	0,0,0,32
fanout-4-repeat-1	522	0,1,2,3	2	32	0,0,32,0
fanout-4-repeat-1	523	0,1,2,3	0	32	32,0,0,0
fanout-4-repeat-1	524	0,1,2,3	0	32	32,0,0,0
fanout-4-repeat-1	525	0,1,2,3	2	32	0,0,32,0
fanout-4-repeat-1	526	0,1,2,3	3	32	0,0,0,32
fanout-4-repeat-1	527	0,1,2,3	3	32	0,0,0,32
fanout-4-repeat-1	528	0,1,2,3	0	32	32,0,0,0
fanout-4-repeat-1	529	0,1,2,3	1	32	0,32,0,0
fanout-4-repeat-1	530	0,1,2,3	3	32	0,0,0,32
fanout-4-repeat-1	531	0,1,2,3	1	32	0,32,0,0
fanout-4-repeat-1	532	0,1,2,3	0	32	32,0,0,0
fanout-4-repeat-1	533	0,1,2,3	2	32	0,0,32,0
fanout-4-repeat-1	534	0,1,2,3	2	32	0,0,32,0
fanout-4-repeat-1	535	0,1,2,3	3	32	0,0,0,32
fanout-4-repeat-1	536	0,1,2,3	0	32	32,0,0,0
fanout-4-repeat-1	537	0,1,2,3	1	32	0,32,0,0
fanout-4-repeat-1	538	0,1,2,3	3	32	0,0,0,32
fanout-4-repeat-1	539	0,1,2,3	0	32	32,0,0,0
fanout-4-repeat-1	540	0,1,2,3	0	32	32,0,0,0
fanout-4-repeat-1	541	0,1,2,3	2	32	0,0,32,0
fanout-4-repeat-1	542	0,1,2,3	0	32	32,0,0,0
fanout-4-repeat-1	543	0,1,2,3	1	32	0,32,0,0
fanout-4-repeat-1	544	0,1,2,3	0	32	32,0,0,0
fanout-4-repeat-1	545	0,1,2,3	2	32	0,0,32,0
fanout-4-repeat-1	546	0,1,2,3	2	32	0,0,32,0
fanout-4-repeat-1	547	0,1,2,3	3	32	0,0,0,32
fanout-4-repeat-1	548	0,1,2,3	0	32	32,0,0,0
fanout-4-repeat-1	549	0,1,2,3	3	32	0,0,0,32
fanout-4-repeat-1	550	0,1,2,3	2	32	0,0,32,0
fanout-4-repeat-1	551	0,1,2,3	0	32	32,0,0,0
fanout-4-repeat-1	552	0,1,2,3	0	32	32,0,0,0
fanout-4-repeat-1	553	0,1,2,3	1	32	0,32,0,0
fanout-4-repeat-1	554	0,1,2,3	1	32	0,32,0,0
fanout-4-repeat-1	555	0,1,2,3	0	32	32,0,0,0
fanout-4-repeat-1	556	0,1,2,3	0	32	32,0,0,0
fanout-4-repeat-1	557	0,1,2,3	2	32	0,0,32,0
fanout-4-repeat-1	558	0,1,2,3	1	32	0,32,0,0
fanout-4-repeat-1	559	0,1,2,3	3	32	0,0,0,32
fanout-4-repeat-1	560	0,1,2,3	0	32	32,0,0,0
fanout-4-repeat-1	561	0,1,2,3	2	32	0,0,32,0
fanout-4-repeat-1	562	0,1,2,3	3	32	0,0,0,32
fanout-4-repeat-1	563	0,1,2,3	3	32	0,0,0,32
fanout-4-repeat-1	564	0,1,2,3	0	32	32,0,0,0
fanout-4-repeat-1	565	0,1,2,3	3	32	0,0,0,32
fanout-4-repeat-1	566	0,1,2,3	0	32	32,0,0,0
fanout-4-repeat-1	567	0,1,2,3	0	32	32,0,0,0
fanout-4-repeat-1	568	0,1,2,3	0	32	32,0,0,0
fanout-4-repeat-1	569	0,1,2,3	0	32	32,0,0,0
fanout-4-repeat-1	570	0,1,2,3	1	32	0,32,0,0
fanout-4-repeat-1	571	0,1,2,3	1	32	0,32,0,0
fanout-4-repeat-1	572	0,1,2,3	0	32	32,0,0,0
fanout-4-repeat-1	573	0,1,2,3	3	32	0,0,0,32
fanout-4-repeat-1	574	0,1,2,3	3	32	0,0,0,32
fanout-4-repeat-1	575	0,1,2,3	3	32	0,0,0,32
fanout-4-repeat-1	576	0,1,2,3	0	32	32,0,0,0
fanout-4-repeat-1	577	0,1,2,3	0	32	32,0,0,0
fanout-4-repeat-1	578	0,1,2,3	3	32	0,0,0,32
fanout-4-repeat-1	579	0,1,2,3	3	32	0,0,0,32
fanout-4-repeat-1	580	0,1,2,3	0	32	32,0,0,0
fanout-4-repeat-1	581	0,1,2,3	0	32	32,0,0,0
fanout-4-repeat-1	582	0,1,2,3	3	32	0,0,0,32
fanout-4-repeat-1	583	0,1,2,3	1	32	0,32,0,0
fanout-4-repeat-1	584	0,1,2,3	0	32	32,0,0,0
fanout-4-repeat-1	585	0,1,2,3	1	32	0,32,0,0
fanout-4-repeat-1	586	0,1,2,3	1	32	0,32,0,0
fanout-4-repeat-1	587	0,1,2,3	3	32	0,0,0,32
fanout-4-repeat-1	588	0,1,2,3	0	32	32,0,0,0
fanout-4-repeat-1	589	0,1,2,3	2	32	0,0,32,0
fanout-4-repeat-1	590	0,1,2,3	1	32	0,32,0,0
fanout-4-repeat-1	591	0,1,2,3	3	32	0,0,0,32
fanout-4-repeat-1	592	0,1,2,3	0	32	32,0,0,0
fanout-4-repeat-1	593	0,1,2,3	0	32	32,0,0,0
fanout-4-repeat-1	594	0,1,2,3	3	32	0,0,0,32
fanout-4-repeat-1	595	0,1,2,3	3	32	0,0,0,32
fanout-4-repeat-1	596	0,1,2,3	0	32	32,0,0,0
fanout-4-repeat-1	597	0,1,2,3	0	32	32,0,0,0
fanout-4-repeat-1	598	0,1,2,3	1	32	0,32,0,0
fanout-4-repeat-1	599	0,1,2,3	2	32	0,0,32,0
fanout-4-repeat-1	600	0,1,2,3	0	32	32,0,0,0
fanout-4-repeat-1	601	0,1,2,3	2	32	0,0,32,0
fanout-4-repeat-1	602	0,1,2,3	0	32	32,0,0,0
fanout-4-repeat-1	603	0,1,2,3	3	32	0,0,0,32
fanout-4-repeat-1	604	0,1,2,3	0	32	32,0,0,0
fanout-4-repeat-1	605	0,1,2,3	3	32	0,0,0,32
fanout-4-repeat-1	606	0,1,2,3	2	32	0,0,32,0
fanout-4-repeat-1	607	0,1,2,3	1	32	0,32,0,0
fanout-4-repeat-1	608	0,1,2,3	0	32	32,0,0,0
fanout-4-repeat-1	609	0,1,2,3	3	32	0,0,0,32
fanout-4-repeat-1	610	0,1,2,3	3	32	0,0,0,32
fanout-4-repeat-1	611	0,1,2,3	2	32	0,0,32,0
fanout-4-repeat-1	612	0,1,2,3	0	32	32,0,0,0
fanout-4-repeat-1	613	0,1,2,3	3	32	0,0,0,32
fanout-4-repeat-1	614	0,1,2,3	2	32	0,0,32,0
fanout-4-repeat-1	615	0,1,2,3	2	32	0,0,32,0
fanout-4-repeat-1	616	0,1,2,3	0	32	32,0,0,0
fanout-4-repeat-1	617	0,1,2,3	1	32	0,32,0,0
fanout-4-repeat-1	618	0,1,2,3	3	32	0,0,0,32
fanout-4-repeat-1	619	0,1,2,3	0	32	32,0,0,0
fanout-4-repeat-1	620	0,1,2,3	0	32	32,0,0,0
fanout-4-repeat-1	621	0,1,2,3	3	32	0,0,0,32
fanout-4-repeat-1	622	0,1,2,3	0	32	32,0,0,0
fanout-4-repeat-1	623	0,1,2,3	2	32	0,0,32,0
fanout-4-repeat-1	624	0,1,2,3	0	32	32,0,0,0
fanout-4-repeat-1	625	0,1,2,3	2	32	0,0,32,0
fanout-4-repeat-1	626	0,1,2,3	2	32	0,0,32,0
fanout-4-repeat-1	627	0,1,2,3	3	32	0,0,0,32
fanout-4-repeat-1	628	0,1,2,3	0	32	32,0,0,0
fanout-4-repeat-1	629	0,1,2,3	2	32	0,0,32,0
fanout-4-repeat-1	630	0,1,2,3	0	32	32,0,0,0
fanout-4-repeat-1	631	0,1,2,3	3	32	0,0,0,32
fanout-4-repeat-1	632	0,1,2,3	0	32	32,0,0,0
fanout-4-repeat-1	633	0,1,2,3	0	32	32,0,0,0
fanout-4-repeat-1	634	0,1,2,3	3	32	0,0,0,32
fanout-4-repeat-1	635	0,1,2,3	0	32	32,0,0,0
fanout-4-repeat-1	636	0,1,2,3	0	32	32,0,0,0
fanout-4-repeat-1	637	0,1,2,3	0	32	32,0,0,0
fanout-4-repeat-1	638	0,1,2,3	1	32	0,32,0,0
fanout-4-repeat-1	639	0,1,2,3	3	32	0,0,0,32
fanout-4-repeat-1	640	0,1,2,3	0	32	32,0,0,0
fanout-4-repeat-1	641	0,1,2,3	0	32	32,0,0,0
fanout-4-repeat-1	642	0,1,2,3	3	32	0,0,0,32
fanout-4-repeat-1	643	0,1,2,3	1	32	0,32,0,0
fanout-4-repeat-1	644	0,1,2,3	0	32	32,0,0,0
fanout-4-repeat-1	645	0,1,2,3	2	32	0,0,32,0
fanout-4-repeat-1	646	0,1,2,3	1	32	0,32,0,0
fanout-4-repeat-1	647	0,1,2,3	3	32	0,0,0,32
fanout-4-repeat-1	648	0,1,2,3	0	32	32,0,0,0
fanout-4-repeat-1	649	0,1,2,3	0	32	32,0,0,0
fanout-4-repeat-1	650	0,1,2,3	0	32	32,0,0,0
fanout-4-repeat-1	651	0,1,2,3	3	32	0,0,0,32
fanout-4-repeat-1	652	0,1,2,3	0	32	32,0,0,0
fanout-4-repeat-1	653	0,1,2,3	0	32	32,0,0,0
fanout-4-repeat-1	654	0,1,2,3	2	32	0,0,32,0
fanout-4-repeat-1	655	0,1,2,3	1	32	0,32,0,0
fanout-4-repeat-1	656	0,1,2,3	0	32	32,0,0,0
fanout-4-repeat-1	657	0,1,2,3	2	32	0,0,32,0
fanout-4-repeat-1	658	0,1,2,3	0	32	32,0,0,0
fanout-4-repeat-1	659	0,1,2,3	1	32	0,32,0,0
fanout-4-repeat-1	660	0,1,2,3	0	32	32,0,0,0
fanout-4-repeat-1	661	0,1,2,3	0	32	32,0,0,0
fanout-4-repeat-1	662	0,1,2,3	2	32	0,0,32,0
fanout-4-repeat-1	663	0,1,2,3	0	32	32,0,0,0
fanout-4-repeat-1	664	0,1,2,3	0	32	32,0,0,0
fanout-4-repeat-1	665	0,1,2,3	0	32	32,0,0,0
fanout-4-repeat-1	666	0,1,2,3	2	32	0,0,32,0
fanout-4-repeat-1	667	0,1,2,3	1	32	0,32,0,0
fanout-4-repeat-1	668	0,1,2,3	0	32	32,0,0,0
fanout-4-repeat-1	669	0,1,2,3	0	32	32,0,0,0
fanout-4-repeat-1	670	0,1,2,3	3	32	0,0,0,32
fanout-4-repeat-1	671	0,1,2,3	3	32	0,0,0,32
fanout-4-repeat-1	672	0,1,2,3	0	32	32,0,0,0
fanout-4-repeat-1	673	0,1,2,3	0	32	32,0,0,0
fanout-4-repeat-1	674	0,1,2,3	0	32	32,0,0,0
fanout-4-repeat-1	675	0,1,2,3	0	32	32,0,0,0
fanout-4-repeat-1	676	0,1,2,3	0	32	32,0,0,0
fanout-4-repeat-1	677	0,1,2,3	0	32	32,0,0,0
fanout-4-repeat-1	678	0,1,2,3	2	32	0,0,32,0
fanout-4-repeat-1	679	0,1,2,3	2	32	0,0,32,0
fanout-4-repeat-1	680	0,1,2,3	0	32	32,0,0,0
fanout-4-repeat-1	681	0,1,2,3	0	32	32,0,0,0
fanout-4-repeat-1	682	0,1,2,3	2	32	0,0,32,0
fanout-4-repeat-1	683	0,1,2,3	2	32	0,0,32,0
fanout-4-repeat-1	684	0,1,2,3	0	32	32,0,0,0
fanout-4-repeat-1	685	0,1,2,3	1	32	0,32,0,0
fanout-4-repeat-1	686	0,1,2,3	3	32	0,0,0,32
fanout-4-repeat-1	687	0,1,2,3	2	32	0,0,32,0
fanout-4-repeat-1	688	0,1,2,3	0	32	32,0,0,0
fanout-4-repeat-1	689	0,1,2,3	2	32	0,0,32,0
fanout-4-repeat-1	690	0,1,2,3	1	32	0,32,0,0
fanout-4-repeat-1	691	0,1,2,3	3	32	0,0,0,32
fanout-4-repeat-1	692	0,1,2,3	0	32	32,0,0,0
fanout-4-repeat-1	693	0,1,2,3	1	32	0,32,0,0
fanout-4-repeat-1	694	0,1,2,3	2	32	0,0,32,0
fanout-4-repeat-1	695	0,1,2,3	0	32	32,0,0,0
fanout-4-repeat-1	696	0,1,2,3	0	32	32,0,0,0
fanout-4-repeat-1	697	0,1,2,3	1	32	0,32,0,0
fanout-4-repeat-1	698	0,1,2,3	1	32	0,32,0,0
fanout-4-repeat-1	699	0,1,2,3	1	32	0,32,0,0
fanout-4-repeat-1	700	0,1,2,3	0	32	32,0,0,0
fanout-4-repeat-1	701	0,1,2,3	1	32	0,32,0,0
fanout-4-repeat-1	702	0,1,2,3	3	32	0,0,0,32
fanout-4-repeat-1	703	0,1,2,3	3	32	0,0,0,32
fanout-4-repeat-1	704	0,1,2,3	0	32	32,0,0,0
fanout-4-repeat-1	705	0,1,2,3	1	32	0,32,0,0
fanout-4-repeat-1	706	0,1,2,3	0	32	32,0,0,0
fanout-4-repeat-1	707	0,1,2,3	3	32	0,0,0,32
fanout-4-repeat-1	708	0,1,2,3	0	32	32,0,0,0
fanout-4-repeat-1	709	0,1,2,3	3	32	0,0,0,32
fanout-4-repeat-1	710	0,1,2,3	1	32	0,32,0,0
fanout-4-repeat-1	711	0,1,2,3	2	32	0,0,32,0
fanout-4-repeat-1	712	0,1,2,3	0	32	32,0,0,0
fanout-4-repeat-1	713	0,1,2,3	1	32	0,32,0,0
fanout-4-repeat-1	714	0,1,2,3	3	32	0,0,0,32
fanout-4-repeat-1	715	0,1,2,3	2	32	0,0,32,0
fanout-4-repeat-1	716	0,1,2,3	0	32	32,0,0,0
fanout-4-repeat-1	717	0,1,2,3	0	32	32,0,0,0
fanout-4-repeat-1	718	0,1,2,3	1	32	0,32,0,0
fanout-4-repeat-1	719	0,1,2,3	0	32	32,0,0,0
fanout-4-repeat-1	720	0,1,2,3	0	32	32,0,0,0
fanout-4-repeat-1	721	0,1,2,3	2	32	0,0,32,0
fanout-4-repeat-1	722	0,1,2,3	0	32	32,0,0,0
fanout-4-repeat-1	723	0,1,2,3	2	32	0,0,32,0
fanout-4-repeat-1	724	0,1,2,3	0	32	32,0,0,0
fanout-4-repeat-1	725	0,1,2,3	1	32	0,32,0,0
fanout-4-repeat-1	726	0,1,2,3	2	32	0,0,32,0
fanout-4-repeat-1	727	0,1,2,3	2	32	0,0,32,0
fanout-4-repeat-1	728	0,1,2,3	0	32	32,0,0,0
fanout-4-repeat-1	729	0,1,2,3	1	32	0,32,0,0
fanout-4-repeat-1	730	0,1,2,3	2	32	0,0,32,0
fanout-4-repeat-1	731	0,1,2,3	3	32	0,0,0,32
fanout-4-repeat-1	732	0,1,2,3	0	32	32,0,0,0
fanout-4-repeat-1	733	0,1,2,3	2	32	0,0,32,0
fanout-4-repeat-1	734	0,1,2,3	0	32	32,0,0,0
fanout-4-repeat-1	735	0,1,2,3	3	32	0,0,0,32
fanout-4-repeat-1	736	0,1,2,3	0	32	32,0,0,0
fanout-4-repeat-1	737	0,1,2,3	0	32	32,0,0,0
fanout-4-repeat-1	738	0,1,2,3	3	32	0,0,0,32
fanout-4-repeat-1	739	0,1,2,3	0	32	32,0,0,0
fanout-4-repeat-1	740	0,1,2,3	0	32	32,0,0,0
fanout-4-repeat-1	741	0,1,2,3	1	32	0,32,0,0
fanout-4-repeat-1	742	0,1,2,3	3	32	0,0,0,32
fanout-4-repeat-1	743	0,1,2,3	2	32	0,0,32,0
fanout-4-repeat-1	744	0,1,2,3	0	32	32,0,0,0
fanout-4-repeat-1	745	0,1,2,3	0	32	32,0,0,0
fanout-4-repeat-1	746	0,1,2,3	3	32	0,0,0,32
fanout-4-repeat-1	747	0,1,2,3	3	32	0,0,0,32
fanout-4-repeat-1	748	0,1,2,3	0	32	32,0,0,0
fanout-4-repeat-1	749	0,1,2,3	1	32	0,32,0,0
fanout-4-repeat-1	750	0,1,2,3	0	32	32,0,0,0
fanout-4-repeat-1	751	0,1,2,3	1	32	0,32,0,0
fanout-4-repeat-1	752	0,1,2,3	0	32	32,0,0,0
fanout-4-repeat-1	753	0,1,2,3	3	32	0,0,0,32
fanout-4-repeat-1	754	0,1,2,3	3	32	0,0,0,32
fanout-4-repeat-1	755	0,1,2,3	3	32	0,0,0,32
fanout-4-repeat-1	756	0,1,2,3	0	32	32,0,0,0
fanout-4-repeat-1	757	0,1,2,3	3	32	0,0,0,32
fanout-4-repeat-1	758	0,1,2,3	3	32	0,0,0,32
fanout-4-repeat-1	759	0,1,2,3	3	32	0,0,0,32
fanout-4-repeat-1	760	0,1,2,3	0	32	32,0,0,0
fanout-4-repeat-1	761	0,1,2,3	3	32	0,0,0,32
fanout-4-repeat-1	762	0,1,2,3	1	32	0,32,0,0
fanout-4-repeat-1	763	0,1,2,3	0	32	32,0,0,0
fanout-4-repeat-1	764	0,1,2,3	0	32	32,0,0,0
fanout-4-repeat-1	765	0,1,2,3	1	32	0,32,0,0
fanout-4-repeat-1	766	0,1,2,3	3	32	0,0,0,32
fanout-4-repeat-1	767	0,1,2,3	3	32	0,0,0,32
fanout-4-repeat-1	768	0,1,2,3	0	32	32,0,0,0
fanout-4-repeat-1	769	0,1,2,3	3	32	0,0,0,32
fanout-4-repeat-1	770	0,1,2,3	3	32	0,0,0,32
fanout-4-repeat-1	771	0,1,2,3	3	32	0,0,0,32
fanout-4-repeat-1	772	0,1,2,3	0	32	32,0,0,0
fanout-4-repeat-1	773	0,1,2,3	0	32	32,0,0,0
fanout-4-repeat-1	774	0,1,2,3	1	32	0,32,0,0
fanout-4-repeat-1	775	0,1,2,3	0	32	32,0,0,0
fanout-4-repeat-1	776	0,1,2,3	0	32	32,0,0,0
fanout-4-repeat-1	777	0,1,2,3	2	32	0,0,32,0
fanout-4-repeat-1	778	0,1,2,3	2	32	0,0,32,0
fanout-4-repeat-1	779	0,1,2,3	2	32	0,0,32,0
fanout-4-repeat-1	780	0,1,2,3	0	32	32,0,0,0
fanout-4-repeat-1	781	0,1,2,3	3	32	0,0,0,32
fanout-4-repeat-1	782	0,1,2,3	2	32	0,0,32,0
fanout-4-repeat-1	783	0,1,2,3	1	32	0,32,0,0
fanout-4-repeat-1	784	0,1,2,3	0	32	32,0,0,0
fanout-4-repeat-1	785	0,1,2,3	3	32	0,0,0,32
fanout-4-repeat-1	786	0,1,2,3	3	32	0,0,0,32
fanout-4-repeat-1	787	0,1,2,3	1	32	0,32,0,0
fanout-4-repeat-1	788	0,1,2,3	0	32	32,0,0,0
fanout-4-repeat-1	789	0,1,2,3	2	32	0,0,32,0
fanout-4-repeat-1	790	0,1,2,3	0	32	32,0,0,0
fanout-4-repeat-1	791	0,1,2,3	3	32	0,0,0,32
fanout-4-repeat-1	792	0,1,2,3	0	32	32,0,0,0
fanout-4-repeat-1	793	0,1,2,3	2	32	0,0,32,0
fanout-4-repeat-1	794	0,1,2,3	0	32	32,0,0,0
fanout-4-repeat-1	795	0,1,2,3	0	32	32,0,0,0
fanout-4-repeat-1	796	0,1,2,3	0	32	32,0,0,0
fanout-4-repeat-1	797	0,1,2,3	3	32	0,0,0,32
fanout-4-repeat-1	798	0,1,2,3	1	32	0,32,0,0
fanout-4-repeat-1	799	0,1,2,3	0	32	32,0,0,0
fanout-4-repeat-1	800	0,1,2,3	0	32	32,0,0,0
fanout-4-repeat-1	801	0,1,2,3	0	32	32,0,0,0
fanout-4-repeat-1	802	0,1,2,3	0	32	32,0,0,0
fanout-4-repeat-1	803	0,1,2,3	0	32	32,0,0,0
fanout-4-repeat-1	804	0,1,2,3	0	32	32,0,0,0
fanout-4-repeat-1	805	0,1,2,3	0	32	32,0,0,0
fanout-4-repeat-1	806	0,1,2,3	2	32	0,0,32,0
fanout-4-repeat-1	807	0,1,2,3	2	32	0,0,32,0
fanout-4-repeat-1	808	0,1,2,3	0	32	32,0,0,0
fanout-4-repeat-1	809	0,1,2,3	0	32	32,0,0,0
fanout-4-repeat-1	810	0,1,2,3	1	32	0,32,0,0
fanout-4-repeat-1	811	0,1,2,3	2	32	0,0,32,0
fanout-4-repeat-1	812	0,1,2,3	0	32	32,0,0,0
fanout-4-repeat-1	813	0,1,2,3	2	32	0,0,32,0
fanout-4-repeat-1	814	0,1,2,3	3	32	0,0,0,32
fanout-4-repeat-1	815	0,1,2,3	2	32	0,0,32,0
fanout-4-repeat-1	816	0,1,2,3	0	32	32,0,0,0
fanout-4-repeat-1	817	0,1,2,3	0	32	32,0,0,0
fanout-4-repeat-1	818	0,1,2,3	2	32	0,0,32,0
fanout-4-repeat-1	819	0,1,2,3	2	32	0,0,32,0
fanout-4-repeat-1	820	0,1,2,3	0	32	32,0,0,0
fanout-4-repeat-1	821	0,1,2,3	2	32	0,0,32,0
fanout-4-repeat-1	822	0,1,2,3	1	32	0,32,0,0
fanout-4-repeat-1	823	0,1,2,3	1	32	0,32,0,0
fanout-4-repeat-1	824	0,1,2,3	0	32	32,0,0,0
fanout-4-repeat-1	825	0,1,2,3	1	32	0,32,0,0
fanout-4-repeat-1	826	0,1,2,3	2	32	0,0,32,0
fanout-4-repeat-1	827	0,1,2,3	1	32	0,32,0,0
fanout-4-repeat-1	828	0,1,2,3	0	32	32,0,0,0
fanout-4-repeat-1	829	0,1,2,3	0	32	32,0,0,0
fanout-4-repeat-1	830	0,1,2,3	1	32	0,32,0,0
fanout-4-repeat-1	831	0,1,2,3	2	32	0,0,32,0
fanout-4-repeat-1	832	0,1,2,3	0	32	32,0,0,0
fanout-4-repeat-1	833	0,1,2,3	0	32	32,0,0,0
fanout-4-repeat-1	834	0,1,2,3	3	32	0,0,0,32
fanout-4-repeat-1	835	0,1,2,3	3	32	0,0,0,32
fanout-4-repeat-1	836	0,1,2,3	0	32	32,0,0,0
fanout-4-repeat-1	837	0,1,2,3	3	32	0,0,0,32
fanout-4-repeat-1	838	0,1,2,3	3	32	0,0,0,32
fanout-4-repeat-1	839	0,1,2,3	2	32	0,0,32,0
fanout-4-repeat-1	840	0,1,2,3	0	32	32,0,0,0
fanout-4-repeat-1	841	0,1,2,3	3	32	0,0,0,32
fanout-4-repeat-1	842	0,1,2,3	0	32	32,0,0,0
fanout-4-repeat-1	843	0,1,2,3	0	32	32,0,0,0
fanout-4-repeat-1	844	0,1,2,3	0	32	32,0,0,0
fanout-4-repeat-1	845	0,1,2,3	0	32	32,0,0,0
fanout-4-repeat-1	846	0,1,2,3	2	32	0,0,32,0
fanout-4-repeat-1	847	0,1,2,3	3	32	0,0,0,32
fanout-4-repeat-1	848	0,1,2,3	0	32	32,0,0,0
fanout-4-repeat-1	849	0,1,2,3	3	32	0,0,0,32
fanout-4-repeat-1	850	0,1,2,3	3	32	0,0,0,32
fanout-4-repeat-1	851	0,1,2,3	1	32	0,32,0,0
fanout-4-repeat-1	852	0,1,2,3	0	32	32,0,0,0
fanout-4-repeat-1	853	0,1,2,3	3	32	0,0,0,32
fanout-4-repeat-1	854	0,1,2,3	2	32	0,0,32,0
fanout-4-repeat-1	855	0,1,2,3	3	32	0,0,0,32
fanout-4-repeat-1	856	0,1,2,3	0	32	32,0,0,0
fanout-4-repeat-1	857	0,1,2,3	2	32	0,0,32,0
fanout-4-repeat-1	858	0,1,2,3	3	32	0,0,0,32
fanout-4-repeat-1	859	0,1,2,3	1	32	0,32,0,0
fanout-4-repeat-1	860	0,1,2,3	0	32	32,0,0,0
fanout-4-repeat-1	861	0,1,2,3	3	32	0,0,0,32
fanout-4-repeat-1	862	0,1,2,3	2	32	0,0,32,0
fanout-4-repeat-1	863	0,1,2,3	3	32	0,0,0,32
fanout-4-repeat-1	864	0,1,2,3	0	32	32,0,0,0
fanout-4-repeat-1	865	0,1,2,3	3	32	0,0,0,32
fanout-4-repeat-1	866	0,1,2,3	3	32	0,0,0,32
fanout-4-repeat-1	867	0,1,2,3	1	32	0,32,0,0
fanout-4-repeat-1	868	0,1,2,3	0	32	32,0,0,0
fanout-4-repeat-1	869	0,1,2,3	0	32	32,0,0,0
fanout-4-repeat-1	870	0,1,2,3	1	32	0,32,0,0
fanout-4-repeat-1	871	0,1,2,3	1	32	0,32,0,0
fanout-4-repeat-1	872	0,1,2,3	0	32	32,0,0,0
fanout-4-repeat-1	873	0,1,2,3	2	32	0,0,32,0
fanout-4-repeat-1	874	0,1,2,3	3	32	0,0,0,32
fanout-4-repeat-1	875	0,1,2,3	2	32	0,0,32,0
fanout-4-repeat-1	876	0,1,2,3	0	32	32,0,0,0
fanout-4-repeat-1	877	0,1,2,3	1	32	0,32,0,0
fanout-4-repeat-1	878	0,1,2,3	3	32	0,0,0,32
fanout-4-repeat-1	879	0,1,2,3	1	32	0,32,0,0
fanout-4-repeat-1	880	0,1,2,3	0	32	32,0,0,0
fanout-4-repeat-1	881	0,1,2,3	2	32	0,0,32,0
fanout-4-repeat-1	882	0,1,2,3	2	32	0,0,32,0
fanout-4-repeat-1	883	0,1,2,3	1	32	0,32,0,0
fanout-4-repeat-1	884	0,1,2,3	0	32	32,0,0,0
fanout-4-repeat-1	885	0,1,2,3	3	32	0,0,0,32
fanout-4-repeat-1	886	0,1,2,3	0	32	32,0,0,0
fanout-4-repeat-1	887	0,1,2,3	3	32	0,0,0,32
fanout-4-repeat-1	888	0,1,2,3	0	32	32,0,0,0
fanout-4-repeat-1	889	0,1,2,3	2	32	0,0,32,0
fanout-4-repeat-1	890	0,1,2,3	3	32	0,0,0,32
fanout-4-repeat-1	891	0,1,2,3	2	32	0,0,32,0
fanout-4-repeat-1	892	0,1,2,3	0	32	32,0,0,0
fanout-4-repeat-1	893	0,1,2,3	1	32	0,32,0,0
fanout-4-repeat-1	894	0,1,2,3	0	32	32,0,0,0
fanout-4-repeat-1	895	0,1,2,3	3	32	0,0,0,32
fanout-4-repeat-1	896	0,1,2,3	0	32	32,0,0,0
fanout-4-repeat-1	897	0,1,2,3	1	32	0,32,0,0
fanout-4-repeat-1	898	0,1,2,3	3	32	0,0,0,32
fanout-4-repeat-1	899	0,1,2,3	2	32	0,0,32,0
fanout-4-repeat-1	900	0,1,2,3	0	32	32,0,0,0
fanout-4-repeat-1	901	0,1,2,3	2	32	0,0,32,0
fanout-4-repeat-1	902	0,1,2,3	3	32	0,0,0,32
fanout-4-repeat-1	903	0,1,2,3	2	32	0,0,32,0
fanout-4-repeat-1	904	0,1,2,3	0	32	32,0,0,0
fanout-4-repeat-1	905	0,1,2,3	3	32	0,0,0,32
fanout-4-repeat-1	906	0,1,2,3	2	32	0,0,32,0
fanout-4-repeat-1	907	0,1,2,3	0	32	32,0,0,0
fanout-4-repeat-1	908	0,1,2,3	0	32	32,0,0,0
fanout-4-repeat-1	909	0,1,2,3	1	32	0,32,0,0
fanout-4-repeat-1	910	0,1,2,3	2	32	0,0,32,0
fanout-4-repeat-1	911	0,1,2,3	3	32	0,0,0,32
fanout-4-repeat-1	912	0,1,2,3	0	32	32,0,0,0
fanout-4-repeat-1	913	0,1,2,3	3	32	0,0,0,32
fanout-4-repeat-1	914	0,1,2,3	0	32	32,0,0,0
fanout-4-repeat-1	915	0,1,2,3	2	32	0,0,32,0
fanout-4-repeat-1	916	0,1,2,3	0	32	32,0,0,0
fanout-4-repeat-1	917	0,1,2,3	3	32	0,0,0,32
fanout-4-repeat-1	918	0,1,2,3	0	32	32,0,0,0
fanout-4-repeat-1	919	0,1,2,3	0	32	32,0,0,0
fanout-4-repeat-1	920	0,1,2,3	0	32	32,0,0,0
fanout-4-repeat-1	921	0,1,2,3	2	32	0,0,32,0
fanout-4-repeat-1	922	0,1,2,3	3	32	0,0,0,32
fanout-4-repeat-1	923	0,1,2,3	2	32	0,0,32,0
fanout-4-repeat-1	924	0,1,2,3	0	32	32,0,0,0
fanout-4-repeat-1	925	0,1,2,3	0	32	32,0,0,0
fanout-4-repeat-1	926	0,1,2,3	3	32	0,0,0,32
fanout-4-repeat-1	927	0,1,2,3	2	32	0,0,32,0
fanout-4-repeat-1	928	0,1,2,3	0	32	32,0,0,0
fanout-4-repeat-1	929	0,1,2,3	0	32	32,0,0,0
fanout-4-repeat-1	930	0,1,2,3	1	32	0,32,0,0
fanout-4-repeat-1	931	0,1,2,3	0	32	32,0,0,0
fanout-4-repeat-1	932	0,1,2,3	0	32	32,0,0,0
fanout-4-repeat-1	933	0,1,2,3	3	32	0,0,0,32
fanout-4-repeat-1	934	0,1,2,3	0	32	32,0,0,0
fanout-4-repeat-1	935	0,1,2,3	2	32	0,0,32,0
fanout-4-repeat-1	936	0,1,2,3	0	32	32,0,0,0
fanout-4-repeat-1	937	0,1,2,3	3	32	0,0,0,32
fanout-4-repeat-1	938	0,1,2,3	1	32	0,32,0,0
fanout-4-repeat-1	939	0,1,2,3	1	32	0,32,0,0
fanout-4-repeat-1	940	0,1,2,3	0	32	32,0,0,0
fanout-4-repeat-1	941	0,1,2,3	0	32	32,0,0,0
fanout-4-repeat-1	942	0,1,2,3	2	32	0,0,32,0
fanout-4-repeat-1	943	0,1,2,3	2	32	0,0,32,0
fanout-4-repeat-1	944	0,1,2,3	0	32	32,0,0,0
fanout-4-repeat-1	945	0,1,2,3	1	32	0,32,0,0
fanout-4-repeat-1	946	0,1,2,3	0	32	32,0,0,0
fanout-4-repeat-1	947	0,1,2,3	3	32	0,0,0,32
fanout-4-repeat-1	948	0,1,2,3	0	32	32,0,0,0
fanout-4-repeat-1	949	0,1,2,3	2	32	0,0,32,0
fanout-4-repeat-1	950	0,1,2,3	2	32	0,0,32,0
fanout-4-repeat-1	951	0,1,2,3	2	32	0,0,32,0
fanout-4-repeat-1	952	0,1,2,3	0	32	32,0,0,0
fanout-4-repeat-1	953	0,1,2,3	0	32	32,0,0,0
fanout-4-repeat-1	954	0,1,2,3	2	32	0,0,32,0
fanout-4-repeat-1	955	0,1,2,3	2	32	0,0,32,0
fanout-4-repeat-1	956	0,1,2,3	0	32	32,0,0,0
fanout-4-repeat-1	957	0,1,2,3	3	32	0,0,0,32
fanout-4-repeat-1	958	0,1,2,3	2	32	0,0,32,0
fanout-4-repeat-1	959	0,1,2,3	2	32	0,0,32,0
fanout-4-repeat-1	960	0,1,2,3	0	32	32,0,0,0
fanout-4-repeat-1	961	0,1,2,3	3	32	0,0,0,32
fanout-4-repeat-1	962	0,1,2,3	3	32	0,0,0,32
fanout-4-repeat-1	963	0,1,2,3	1	32	0,32,0,0
fanout-4-repeat-1	964	0,1,2,3	0	32	32,0,0,0
fanout-4-repeat-1	965	0,1,2,3	2	32	0,0,32,0
fanout-4-repeat-1	966	0,1,2,3	1	32	0,32,0,0
fanout-4-repeat-1	967	0,1,2,3	1	32	0,32,0,0
fanout-4-repeat-1	968	0,1,2,3	0	32	32,0,0,0
fanout-4-repeat-1	969	0,1,2,3	1	32	0,32,0,0
fanout-4-repeat-1	970	0,1,2,3	2	32	0,0,32,0
fanout-4-repeat-1	971	0,1,2,3	2	32	0,0,32,0
fanout-4-repeat-1	972	0,1,2,3	0	32	32,0,0,0
fanout-4-repeat-1	973	0,1,2,3	3	32	0,0,0,32
fanout-4-repeat-1	974	0,1,2,3	2	32	0,0,32,0
fanout-4-repeat-1	975	0,1,2,3	0	32	32,0,0,0
fanout-4-repeat-1	976	0,1,2,3	0	32	32,0,0,0
fanout-4-repeat-1	977	0,1,2,3	3	32	0,0,0,32
fanout-4-repeat-1	978	0,1,2,3	1	32	0,32,0,0
fanout-4-repeat-1	979	0,1,2,3	2	32	0,0,32,0
fanout-4-repeat-1	980	0,1,2,3	0	32	32,0,0,0
fanout-4-repeat-1	981	0,1,2,3	1	32	0,32,0,0
fanout-4-repeat-1	982	0,1,2,3	0	32	32,0,0,0
fanout-4-repeat-1	983	0,1,2,3	1	32	0,32,0,0
fanout-4-repeat-1	984	0,1,2,3	0	32	32,0,0,0
fanout-4-repeat-1	985	0,1,2,3	2	32	0,0,32,0
fanout-4-repeat-1	986	0,1,2,3	1	32	0,32,0,0
fanout-4-repeat-1	987	0,1,2,3	2	32	0,0,32,0
fanout-4-repeat-1	988	0,1,2,3	0	32	32,0,0,0
fanout-4-repeat-1	989	0,1,2,3	1	32	0,32,0,0
fanout-4-repeat-1	990	0,1,2,3	3	32	0,0,0,32
fanout-4-repeat-1	991	0,1,2,3	0	32	32,0,0,0
fanout-4-repeat-1	992	0,1,2,3	0	32	32,0,0,0
fanout-4-repeat-1	993	0,1,2,3	2	32	0,0,32,0
fanout-4-repeat-1	994	0,1,2,3	2	32	0,0,32,0
fanout-4-repeat-1	995	0,1,2,3	3	32	0,0,0,32
fanout-4-repeat-1	996	0,1,2,3	0	32	32,0,0,0
fanout-4-repeat-1	997	0,1,2,3	2	32	0,0,32,0
fanout-4-repeat-1	998	0,1,2,3	1	32	0,32,0,0
fanout-4-repeat-1	999	0,1,2,3	3	32	0,0,0,32
fanout-4-repeat-1	1000	0,1,2,3	0	32	32,0,0,0
fanout-4-repeat-1	1001	0,1,2,3	3	32	0,0,0,32
fanout-4-repeat-1	1002	0,1,2,3	0	32	32,0,0,0
fanout-4-repeat-1	1003	0,1,2,3	2	32	0,0,32,0
fanout-4-repeat-1	1004	0,1,2,3	0	32	32,0,0,0
fanout-4-repeat-1	1005	0,1,2,3	2	32	0,0,32,0
fanout-4-repeat-1	1006	0,1,2,3	2	32	0,0,32,0
fanout-4-repeat-1	1007	0,1,2,3	3	32	0,0,0,32
fanout-4-repeat-1	1008	0,1,2,3	0	32	32,0,0,0
fanout-4-repeat-1	1009	0,1,2,3	3	32	0,0,0,32
fanout-4-repeat-1	1010	0,1,2,3	1	32	0,32,0,0
fanout-4-repeat-1	1011	0,1,2,3	0	32	32,0,0,0
fanout-4-repeat-1	1012	0,1,2,3	0	32	32,0,0,0
fanout-4-repeat-1	1013	0,1,2,3	0	32	32,0,0,0
fanout-4-repeat-1	1014	0,1,2,3	1	32	0,32,0,0
fanout-4-repeat-1	1015	0,1,2,3	3	32	0,0,0,32
fanout-4-repeat-1	1016	0,1,2,3	0	32	32,0,0,0
fanout-4-repeat-1	1017	0,1,2,3	3	32	0,0,0,32
fanout-4-repeat-1	1018	0,1,2,3	2	32	0,0,32,0
fanout-4-repeat-1	1019	0,1,2,3	2	32	0,0,32,0
fanout-4-repeat-1	1020	0,1,2,3	0	32	32,0,0,0
fanout-4-repeat-1	1021	0,1,2,3	2	32	0,0,32,0
fanout-4-repeat-1	1022	0,1,2,3	0	32	32,0,0,0
fanout-4-repeat-1	1023	0,1,2,3	0	32	32,0,0,0
fanout-4-repeat-1	1024	0,1,2,3	0	32	32,0,0,0
fanout-4-repeat-1	1025	0,1,2,3	2	32	0,0,32,0
fanout-4-repeat-2	26	3,2,1,0	2	32	0,0,32,0
fanout-4-repeat-2	27	3,2,1,0	3	32	0,0,0,32
fanout-4-repeat-2	28	3,2,1,0	3	32	0,0,0,32
fanout-4-repeat-2	29	3,2,1,0	3	32	0,0,0,32
fanout-4-repeat-2	30	3,2,1,0	1	32	0,32,0,0
fanout-4-repeat-2	31	3,2,1,0	1	32	0,32,0,0
fanout-4-repeat-2	32	3,2,1,0	3	32	0,0,0,32
fanout-4-repeat-2	33	3,2,1,0	0	32	32,0,0,0
fanout-4-repeat-2	34	3,2,1,0	3	32	0,0,0,32
fanout-4-repeat-2	35	3,2,1,0	1	32	0,32,0,0
fanout-4-repeat-2	36	3,2,1,0	3	32	0,0,0,32
fanout-4-repeat-2	37	3,2,1,0	1	32	0,32,0,0
fanout-4-repeat-2	38	3,2,1,0	1	32	0,32,0,0
fanout-4-repeat-2	39	3,2,1,0	1	32	0,32,0,0
fanout-4-repeat-2	40	3,2,1,0	3	32	0,0,0,32
fanout-4-repeat-2	41	3,2,1,0	0	32	32,0,0,0
fanout-4-repeat-2	42	3,2,1,0	3	32	0,0,0,32
fanout-4-repeat-2	43	3,2,1,0	2	32	0,0,32,0
fanout-4-repeat-2	44	3,2,1,0	3	32	0,0,0,32
fanout-4-repeat-2	45	3,2,1,0	0	32	32,0,0,0
fanout-4-repeat-2	46	3,2,1,0	2	32	0,0,32,0
fanout-4-repeat-2	47	3,2,1,0	3	32	0,0,0,32
fanout-4-repeat-2	48	3,2,1,0	3	32	0,0,0,32
fanout-4-repeat-2	49	3,2,1,0	1	32	0,32,0,0
fanout-4-repeat-2	50	3,2,1,0	1	32	0,32,0,0
fanout-4-repeat-2	51	3,2,1,0	3	32	0,0,0,32
fanout-4-repeat-2	52	3,2,1,0	3	32	0,0,0,32
fanout-4-repeat-2	53	3,2,1,0	2	32	0,0,32,0
fanout-4-repeat-2	54	3,2,1,0	1	32	0,32,0,0
fanout-4-repeat-2	55	3,2,1,0	0	32	32,0,0,0
fanout-4-repeat-2	56	3,2,1,0	3	32	0,0,0,32
fanout-4-repeat-2	57	3,2,1,0	3	32	0,0,0,32
fanout-4-repeat-2	58	3,2,1,0	2	32	0,0,32,0
fanout-4-repeat-2	59	3,2,1,0	1	32	0,32,0,0
fanout-4-repeat-2	60	3,2,1,0	3	32	0,0,0,32
fanout-4-repeat-2	61	3,2,1,0	1	32	0,32,0,0
fanout-4-repeat-2	62	3,2,1,0	3	32	0,0,0,32
fanout-4-repeat-2	63	3,2,1,0	0	32	32,0,0,0
fanout-4-repeat-2	64	3,2,1,0	3	32	0,0,0,32
fanout-4-repeat-2	65	3,2,1,0	0	32	32,0,0,0
fanout-4-repeat-2	66	3,2,1,0	2	32	0,0,32,0
fanout-4-repeat-2	67	3,2,1,0	1	32	0,32,0,0
fanout-4-repeat-2	68	3,2,1,0	3	32	0,0,0,32
fanout-4-repeat-2	69	3,2,1,0	0	32	32,0,0,0
fanout-4-repeat-2	70	3,2,1,0	1	32	0,32,0,0
fanout-4-repeat-2	71	3,2,1,0	2	32	0,0,32,0
fanout-4-repeat-2	72	3,2,1,0	3	32	0,0,0,32
fanout-4-repeat-2	73	3,2,1,0	1	32	0,32,0,0
fanout-4-repeat-2	74	3,2,1,0	2	32	0,0,32,0
fanout-4-repeat-2	75	3,2,1,0	2	32	0,0,32,0
fanout-4-repeat-2	76	3,2,1,0	3	32	0,0,0,32
fanout-4-repeat-2	77	3,2,1,0	3	32	0,0,0,32
fanout-4-repeat-2	78	3,2,1,0	1	32	0,32,0,0
fanout-4-repeat-2	79	3,2,1,0	0	32	32,0,0,0
fanout-4-repeat-2	80	3,2,1,0	3	32	0,0,0,32
fanout-4-repeat-2	81	3,2,1,0	0	32	32,0,0,0
fanout-4-repeat-2	82	3,2,1,0	0	32	32,0,0,0
fanout-4-repeat-2	83	3,2,1,0	3	32	0,0,0,32
fanout-4-repeat-2	84	3,2,1,0	3	32	0,0,0,32
fanout-4-repeat-2	85	3,2,1,0	0	32	32,0,0,0
fanout-4-repeat-2	86	3,2,1,0	0	32	32,0,0,0
fanout-4-repeat-2	87	3,2,1,0	2	32	0,0,32,0
fanout-4-repeat-2	88	3,2,1,0	3	32	0,0,0,32
fanout-4-repeat-2	89	3,2,1,0	2	32	0,0,32,0
fanout-4-repeat-2	90	3,2,1,0	1	32	0,32,0,0
fanout-4-repeat-2	91	3,2,1,0	0	32	32,0,0,0
fanout-4-repeat-2	92	3,2,1,0	3	32	0,0,0,32
fanout-4-repeat-2	93	3,2,1,0	2	32	0,0,32,0
fanout-4-repeat-2	94	3,2,1,0	3	32	0,0,0,32
fanout-4-repeat-2	95	3,2,1,0	0	32	32,0,0,0
fanout-4-repeat-2	96	3,2,1,0	3	32	0,0,0,32
fanout-4-repeat-2	97	3,2,1,0	3	32	0,0,0,32
fanout-4-repeat-2	98	3,2,1,0	0	32	32,0,0,0
fanout-4-repeat-2	99	3,2,1,0	1	32	0,32,0,0
fanout-4-repeat-2	100	3,2,1,0	3	32	0,0,0,32
fanout-4-repeat-2	101	3,2,1,0	3	32	0,0,0,32
fanout-4-repeat-2	102	3,2,1,0	1	32	0,32,0,0
fanout-4-repeat-2	103	3,2,1,0	3	32	0,0,0,32
fanout-4-repeat-2	104	3,2,1,0	3	32	0,0,0,32
fanout-4-repeat-2	105	3,2,1,0	2	32	0,0,32,0
fanout-4-repeat-2	106	3,2,1,0	3	32	0,0,0,32
fanout-4-repeat-2	107	3,2,1,0	0	32	32,0,0,0
fanout-4-repeat-2	108	3,2,1,0	3	32	0,0,0,32
fanout-4-repeat-2	109	3,2,1,0	0	32	32,0,0,0
fanout-4-repeat-2	110	3,2,1,0	3	32	0,0,0,32
fanout-4-repeat-2	111	3,2,1,0	3	32	0,0,0,32
fanout-4-repeat-2	112	3,2,1,0	3	32	0,0,0,32
fanout-4-repeat-2	113	3,2,1,0	2	32	0,0,32,0
fanout-4-repeat-2	114	3,2,1,0	2	32	0,0,32,0
fanout-4-repeat-2	115	3,2,1,0	0	32	32,0,0,0
fanout-4-repeat-2	116	3,2,1,0	3	32	0,0,0,32
fanout-4-repeat-2	117	3,2,1,0	3	32	0,0,0,32
fanout-4-repeat-2	118	3,2,1,0	0	32	32,0,0,0
fanout-4-repeat-2	119	3,2,1,0	2	32	0,0,32,0
fanout-4-repeat-2	120	3,2,1,0	3	32	0,0,0,32
fanout-4-repeat-2	121	3,2,1,0	2	32	0,0,32,0
fanout-4-repeat-2	122	3,2,1,0	1	32	0,32,0,0
fanout-4-repeat-2	123	3,2,1,0	2	32	0,0,32,0
fanout-4-repeat-2	124	3,2,1,0	3	32	0,0,0,32
fanout-4-repeat-2	125	3,2,1,0	3	32	0,0,0,32
fanout-4-repeat-2	126	3,2,1,0	0	32	32,0,0,0
fanout-4-repeat-2	127	3,2,1,0	0	32	32,0,0,0
fanout-4-repeat-2	128	3,2,1,0	3	32	0,0,0,32
fanout-4-repeat-2	129	3,2,1,0	3	32	0,0,0,32
fanout-4-repeat-2	130	3,2,1,0	3	32	0,0,0,32
fanout-4-repeat-2	131	3,2,1,0	0	32	32,0,0,0
fanout-4-repeat-2	132	3,2,1,0	3	32	0,0,0,32
fanout-4-repeat-2	133	3,2,1,0	2	32	0,0,32,0
fanout-4-repeat-2	134	3,2,1,0	0	32	32,0,0,0
fanout-4-repeat-2	135	3,2,1,0	1	32	0,32,0,0
fanout-4-repeat-2	136	3,2,1,0	3	32	0,0,0,32
fanout-4-repeat-2	137	3,2,1,0	0	32	32,0,0,0
fanout-4-repeat-2	138	3,2,1,0	0	32	32,0,0,0
fanout-4-repeat-2	139	3,2,1,0	0	32	32,0,0,0
fanout-4-repeat-2	140	3,2,1,0	3	32	0,0,0,32
fanout-4-repeat-2	141	3,2,1,0	1	32	0,32,0,0
fanout-4-repeat-2	142	3,2,1,0	0	32	32,0,0,0
fanout-4-repeat-2	143	3,2,1,0	3	32	0,0,0,32
fanout-4-repeat-2	144	3,2,1,0	3	32	0,0,0,32
fanout-4-repeat-2	145	3,2,1,0	2	32	0,0,32,0
fanout-4-repeat-2	146	3,2,1,0	2	32	0,0,32,0
fanout-4-repeat-2	147	3,2,1,0	3	32	0,0,0,32
fanout-4-repeat-2	148	3,2,1,0	3	32	0,0,0,32
fanout-4-repeat-2	149	3,2,1,0	3	32	0,0,0,32
fanout-4-repeat-2	150	3,2,1,0	0	32	32,0,0,0
fanout-4-repeat-2	151	3,2,1,0	0	32	32,0,0,0
fanout-4-repeat-2	152	3,2,1,0	3	32	0,0,0,32
fanout-4-repeat-2	153	3,2,1,0	2	32	0,0,32,0
fanout-4-repeat-2	154	3,2,1,0	2	32	0,0,32,0
fanout-4-repeat-2	155	3,2,1,0	1	32	0,32,0,0
fanout-4-repeat-2	156	3,2,1,0	3	32	0,0,0,32
fanout-4-repeat-2	157	3,2,1,0	1	32	0,32,0,0
fanout-4-repeat-2	158	3,2,1,0	2	32	0,0,32,0
fanout-4-repeat-2	159	3,2,1,0	3	32	0,0,0,32
fanout-4-repeat-2	160	3,2,1,0	3	32	0,0,0,32
fanout-4-repeat-2	161	3,2,1,0	3	32	0,0,0,32
fanout-4-repeat-2	162	3,2,1,0	0	32	32,0,0,0
fanout-4-repeat-2	163	3,2,1,0	3	32	0,0,0,32
fanout-4-repeat-2	164	3,2,1,0	3	32	0,0,0,32
fanout-4-repeat-2	165	3,2,1,0	1	32	0,32,0,0
fanout-4-repeat-2	166	3,2,1,0	0	32	32,0,0,0
fanout-4-repeat-2	167	3,2,1,0	2	32	0,0,32,0
fanout-4-repeat-2	168	3,2,1,0	3	32	0,0,0,32
fanout-4-repeat-2	169	3,2,1,0	2	32	0,0,32,0
fanout-4-repeat-2	170	3,2,1,0	1	32	0,32,0,0
fanout-4-repeat-2	171	3,2,1,0	1	32	0,32,0,0
fanout-4-repeat-2	172	3,2,1,0	3	32	0,0,0,32
fanout-4-repeat-2	173	3,2,1,0	1	32	0,32,0,0
fanout-4-repeat-2	174	3,2,1,0	1	32	0,32,0,0
fanout-4-repeat-2	175	3,2,1,0	1	32	0,32,0,0
fanout-4-repeat-2	176	3,2,1,0	3	32	0,0,0,32
fanout-4-repeat-2	177	3,2,1,0	1	32	0,32,0,0
fanout-4-repeat-2	178	3,2,1,0	0	32	32,0,0,0
fanout-4-repeat-2	179	3,2,1,0	0	32	32,0,0,0
fanout-4-repeat-2	180	3,2,1,0	3	32	0,0,0,32
fanout-4-repeat-2	181	3,2,1,0	2	32	0,0,32,0
fanout-4-repeat-2	182	3,2,1,0	3	32	0,0,0,32
fanout-4-repeat-2	183	3,2,1,0	2	32	0,0,32,0
fanout-4-repeat-2	184	3,2,1,0	3	32	0,0,0,32
fanout-4-repeat-2	185	3,2,1,0	0	32	32,0,0,0
fanout-4-repeat-2	186	3,2,1,0	1	32	0,32,0,0
fanout-4-repeat-2	187	3,2,1,0	2	32	0,0,32,0
fanout-4-repeat-2	188	3,2,1,0	3	32	0,0,0,32
fanout-4-repeat-2	189	3,2,1,0	0	32	32,0,0,0
fanout-4-repeat-2	190	3,2,1,0	2	32	0,0,32,0
fanout-4-repeat-2	191	3,2,1,0	2	32	0,0,32,0
fanout-4-repeat-2	192	3,2,1,0	3	32	0,0,0,32
fanout-4-repeat-2	193	3,2,1,0	3	32	0,0,0,32
fanout-4-repeat-2	194	3,2,1,0	3	32	0,0,0,32
fanout-4-repeat-2	195	3,2,1,0	3	32	0,0,0,32
fanout-4-repeat-2	196	3,2,1,0	3	32	0,0,0,32
fanout-4-repeat-2	197	3,2,1,0	2	32	0,0,32,0
fanout-4-repeat-2	198	3,2,1,0	2	32	0,0,32,0
fanout-4-repeat-2	199	3,2,1,0	0	32	32,0,0,0
fanout-4-repeat-2	200	3,2,1,0	3	32	0,0,0,32
fanout-4-repeat-2	201	3,2,1,0	2	32	0,0,32,0
fanout-4-repeat-2	202	3,2,1,0	1	32	0,32,0,0
fanout-4-repeat-2	203	3,2,1,0	1	32	0,32,0,0
fanout-4-repeat-2	204	3,2,1,0	3	32	0,0,0,32
fanout-4-repeat-2	205	3,2,1,0	0	32	32,0,0,0
fanout-4-repeat-2	206	3,2,1,0	2	32	0,0,32,0
fanout-4-repeat-2	207	3,2,1,0	1	32	0,32,0,0
fanout-4-repeat-2	208	3,2,1,0	3	32	0,0,0,32
fanout-4-repeat-2	209	3,2,1,0	2	32	0,0,32,0
fanout-4-repeat-2	210	3,2,1,0	2	32	0,0,32,0
fanout-4-repeat-2	211	3,2,1,0	2	32	0,0,32,0
fanout-4-repeat-2	212	3,2,1,0	3	32	0,0,0,32
fanout-4-repeat-2	213	3,2,1,0	1	32	0,32,0,0
fanout-4-repeat-2	214	3,2,1,0	1	32	0,32,0,0
fanout-4-repeat-2	215	3,2,1,0	2	32	0,0,32,0
fanout-4-repeat-2	216	3,2,1,0	3	32	0,0,0,32
fanout-4-repeat-2	217	3,2,1,0	3	32	0,0,0,32
fanout-4-repeat-2	218	3,2,1,0	2	32	0,0,32,0
fanout-4-repeat-2	219	3,2,1,0	1	32	0,32,0,0
fanout-4-repeat-2	220	3,2,1,0	3	32	0,0,0,32
fanout-4-repeat-2	221	3,2,1,0	2	32	0,0,32,0
fanout-4-repeat-2	222	3,2,1,0	0	32	32,0,0,0
fanout-4-repeat-2	223	3,2,1,0	3	32	0,0,0,32
fanout-4-repeat-2	224	3,2,1,0	3	32	0,0,0,32
fanout-4-repeat-2	225	3,2,1,0	3	32	0,0,0,32
fanout-4-repeat-2	226	3,2,1,0	2	32	0,0,32,0
fanout-4-repeat-2	227	3,2,1,0	2	32	0,0,32,0
fanout-4-repeat-2	228	3,2,1,0	3	32	0,0,0,32
fanout-4-repeat-2	229	3,2,1,0	2	32	0,0,32,0
fanout-4-repeat-2	230	3,2,1,0	3	32	0,0,0,32
fanout-4-repeat-2	231	3,2,1,0	3	32	0,0,0,32
fanout-4-repeat-2	232	3,2,1,0	3	32	0,0,0,32
fanout-4-repeat-2	233	3,2,1,0	0	32	32,0,0,0
fanout-4-repeat-2	234	3,2,1,0	1	32	0,32,0,0
fanout-4-repeat-2	235	3,2,1,0	2	32	0,0,32,0
fanout-4-repeat-2	236	3,2,1,0	3	32	0,0,0,32
fanout-4-repeat-2	237	3,2,1,0	2	32	0,0,32,0
fanout-4-repeat-2	238	3,2,1,0	1	32	0,32,0,0
fanout-4-repeat-2	239	3,2,1,0	2	32	0,0,32,0
fanout-4-repeat-2	240	3,2,1,0	3	32	0,0,0,32
fanout-4-repeat-2	241	3,2,1,0	1	32	0,32,0,0
fanout-4-repeat-2	242	3,2,1,0	1	32	0,32,0,0
fanout-4-repeat-2	243	3,2,1,0	1	32	0,32,0,0
fanout-4-repeat-2	244	3,2,1,0	3	32	0,0,0,32
fanout-4-repeat-2	245	3,2,1,0	0	32	32,0,0,0
fanout-4-repeat-2	246	3,2,1,0	1	32	0,32,0,0
fanout-4-repeat-2	247	3,2,1,0	2	32	0,0,32,0
fanout-4-repeat-2	248	3,2,1,0	3	32	0,0,0,32
fanout-4-repeat-2	249	3,2,1,0	1	32	0,32,0,0
fanout-4-repeat-2	250	3,2,1,0	3	32	0,0,0,32
fanout-4-repeat-2	251	3,2,1,0	1	32	0,32,0,0
fanout-4-repeat-2	252	3,2,1,0	3	32	0,0,0,32
fanout-4-repeat-2	253	3,2,1,0	0	32	32,0,0,0
fanout-4-repeat-2	254	3,2,1,0	1	32	0,32,0,0
fanout-4-repeat-2	255	3,2,1,0	2	32	0,0,32,0
fanout-4-repeat-2	256	3,2,1,0	3	32	0,0,0,32
fanout-4-repeat-2	257	3,2,1,0	0	32	32,0,0,0
fanout-4-repeat-2	258	3,2,1,0	1	32	0,32,0,0
fanout-4-repeat-2	259	3,2,1,0	3	32	0,0,0,32
fanout-4-repeat-2	260	3,2,1,0	3	32	0,0,0,32
fanout-4-repeat-2	261	3,2,1,0	0	32	32,0,0,0
fanout-4-repeat-2	262	3,2,1,0	1	32	0,32,0,0
fanout-4-repeat-2	263	3,2,1,0	0	32	32,0,0,0
fanout-4-repeat-2	264	3,2,1,0	3	32	0,0,0,32
fanout-4-repeat-2	265	3,2,1,0	2	32	0,0,32,0
fanout-4-repeat-2	266	3,2,1,0	2	32	0,0,32,0
fanout-4-repeat-2	267	3,2,1,0	3	32	0,0,0,32
fanout-4-repeat-2	268	3,2,1,0	3	32	0,0,0,32
fanout-4-repeat-2	269	3,2,1,0	2	32	0,0,32,0
fanout-4-repeat-2	270	3,2,1,0	1	32	0,32,0,0
fanout-4-repeat-2	271	3,2,1,0	1	32	0,32,0,0
fanout-4-repeat-2	272	3,2,1,0	3	32	0,0,0,32
fanout-4-repeat-2	273	3,2,1,0	2	32	0,0,32,0
fanout-4-repeat-2	274	3,2,1,0	0	32	32,0,0,0
fanout-4-repeat-2	275	3,2,1,0	1	32	0,32,0,0
fanout-4-repeat-2	276	3,2,1,0	3	32	0,0,0,32
fanout-4-repeat-2	277	3,2,1,0	0	32	32,0,0,0
fanout-4-repeat-2	278	3,2,1,0	0	32	32,0,0,0
fanout-4-repeat-2	279	3,2,1,0	0	32	32,0,0,0
fanout-4-repeat-2	280	3,2,1,0	3	32	0,0,0,32
fanout-4-repeat-2	281	3,2,1,0	0	32	32,0,0,0
fanout-4-repeat-2	282	3,2,1,0	1	32	0,32,0,0
fanout-4-repeat-2	283	3,2,1,0	1	32	0,32,0,0
fanout-4-repeat-2	284	3,2,1,0	3	32	0,0,0,32
fanout-4-repeat-2	285	3,2,1,0	1	32	0,32,0,0
fanout-4-repeat-2	286	3,2,1,0	2	32	0,0,32,0
fanout-4-repeat-2	287	3,2,1,0	3	32	0,0,0,32
fanout-4-repeat-2	288	3,2,1,0	3	32	0,0,0,32
fanout-4-repeat-2	289	3,2,1,0	3	32	0,0,0,32
fanout-4-repeat-2	290	3,2,1,0	2	32	0,0,32,0
fanout-4-repeat-2	291	3,2,1,0	3	32	0,0,0,32
fanout-4-repeat-2	292	3,2,1,0	3	32	0,0,0,32
fanout-4-repeat-2	293	3,2,1,0	1	32	0,32,0,0
fanout-4-repeat-2	294	3,2,1,0	0	32	32,0,0,0
fanout-4-repeat-2	295	3,2,1,0	3	32	0,0,0,32
fanout-4-repeat-2	296	3,2,1,0	3	32	0,0,0,32
fanout-4-repeat-2	297	3,2,1,0	2	32	0,0,32,0
fanout-4-repeat-2	298	3,2,1,0	2	32	0,0,32,0
fanout-4-repeat-2	299	3,2,1,0	3	32	0,0,0,32
fanout-4-repeat-2	300	3,2,1,0	3	32	0,0,0,32
fanout-4-repeat-2	301	3,2,1,0	3	32	0,0,0,32
fanout-4-repeat-2	302	3,2,1,0	2	32	0,0,32,0
fanout-4-repeat-2	303	3,2,1,0	2	32	0,0,32,0
fanout-4-repeat-2	304	3,2,1,0	3	32	0,0,0,32
fanout-4-repeat-2	305	3,2,1,0	2	32	0,0,32,0
fanout-4-repeat-2	306	3,2,1,0	1	32	0,32,0,0
fanout-4-repeat-2	307	3,2,1,0	0	32	32,0,0,0
fanout-4-repeat-2	308	3,2,1,0	3	32	0,0,0,32
fanout-4-repeat-2	309	3,2,1,0	0	32	32,0,0,0
fanout-4-repeat-2	310	3,2,1,0	0	32	32,0,0,0
fanout-4-repeat-2	311	3,2,1,0	3	32	0,0,0,32
fanout-4-repeat-2	312	3,2,1,0	3	32	0,0,0,32
fanout-4-repeat-2	313	3,2,1,0	1	32	0,32,0,0
fanout-4-repeat-2	314	3,2,1,0	2	32	0,0,32,0
fanout-4-repeat-2	315	3,2,1,0	3	32	0,0,0,32
fanout-4-repeat-2	316	3,2,1,0	3	32	0,0,0,32
fanout-4-repeat-2	317	3,2,1,0	2	32	0,0,32,0
fanout-4-repeat-2	318	3,2,1,0	2	32	0,0,32,0
fanout-4-repeat-2	319	3,2,1,0	0	32	32,0,0,0
fanout-4-repeat-2	320	3,2,1,0	3	32	0,0,0,32
fanout-4-repeat-2	321	3,2,1,0	1	32	0,32,0,0
fanout-4-repeat-2	322	3,2,1,0	3	32	0,0,0,32
fanout-4-repeat-2	323	3,2,1,0	1	32	0,32,0,0
fanout-4-repeat-2	324	3,2,1,0	3	32	0,0,0,32
fanout-4-repeat-2	325	3,2,1,0	1	32	0,32,0,0
fanout-4-repeat-2	326	3,2,1,0	1	32	0,32,0,0
fanout-4-repeat-2	327	3,2,1,0	0	32	32,0,0,0
fanout-4-repeat-2	328	3,2,1,0	3	32	0,0,0,32
fanout-4-repeat-2	329	3,2,1,0	0	32	32,0,0,0
fanout-4-repeat-2	330	3,2,1,0	2	32	0,0,32,0
fanout-4-repeat-2	331	3,2,1,0	2	32	0,0,32,0
fanout-4-repeat-2	332	3,2,1,0	3	32	0,0,0,32
fanout-4-repeat-2	333	3,2,1,0	2	32	0,0,32,0
fanout-4-repeat-2	334	3,2,1,0	2	32	0,0,32,0
fanout-4-repeat-2	335	3,2,1,0	0	32	32,0,0,0
fanout-4-repeat-2	336	3,2,1,0	3	32	0,0,0,32
fanout-4-repeat-2	337	3,2,1,0	3	32	0,0,0,32
fanout-4-repeat-2	338	3,2,1,0	0	32	32,0,0,0
fanout-4-repeat-2	339	3,2,1,0	3	32	0,0,0,32
fanout-4-repeat-2	340	3,2,1,0	3	32	0,0,0,32
fanout-4-repeat-2	341	3,2,1,0	1	32	0,32,0,0
fanout-4-repeat-2	342	3,2,1,0	3	32	0,0,0,32
fanout-4-repeat-2	343	3,2,1,0	1	32	0,32,0,0
fanout-4-repeat-2	344	3,2,1,0	3	32	0,0,0,32
fanout-4-repeat-2	345	3,2,1,0	2	32	0,0,32,0
fanout-4-repeat-2	346	3,2,1,0	2	32	0,0,32,0
fanout-4-repeat-2	347	3,2,1,0	1	32	0,32,0,0
fanout-4-repeat-2	348	3,2,1,0	3	32	0,0,0,32
fanout-4-repeat-2	349	3,2,1,0	0	32	32,0,0,0
fanout-4-repeat-2	350	3,2,1,0	3	32	0,0,0,32
fanout-4-repeat-2	351	3,2,1,0	0	32	32,0,0,0
fanout-4-repeat-2	352	3,2,1,0	3	32	0,0,0,32
fanout-4-repeat-2	353	3,2,1,0	2	32	0,0,32,0
fanout-4-repeat-2	354	3,2,1,0	3	32	0,0,0,32
fanout-4-repeat-2	355	3,2,1,0	3	32	0,0,0,32
fanout-4-repeat-2	356	3,2,1,0	3	32	0,0,0,32
fanout-4-repeat-2	357	3,2,1,0	3	32	0,0,0,32
fanout-4-repeat-2	358	3,2,1,0	1	32	0,32,0,0
fanout-4-repeat-2	359	3,2,1,0	1	32	0,32,0,0
fanout-4-repeat-2	360	3,2,1,0	3	32	0,0,0,32
fanout-4-repeat-2	361	3,2,1,0	1	32	0,32,0,0
fanout-4-repeat-2	362	3,2,1,0	1	32	0,32,0,0
fanout-4-repeat-2	363	3,2,1,0	2	32	0,0,32,0
fanout-4-repeat-2	364	3,2,1,0	3	32	0,0,0,32
fanout-4-repeat-2	365	3,2,1,0	1	32	0,32,0,0
fanout-4-repeat-2	366	3,2,1,0	2	32	0,0,32,0
fanout-4-repeat-2	367	3,2,1,0	1	32	0,32,0,0
fanout-4-repeat-2	368	3,2,1,0	3	32	0,0,0,32
fanout-4-repeat-2	369	3,2,1,0	1	32	0,32,0,0
fanout-4-repeat-2	370	3,2,1,0	0	32	32,0,0,0
fanout-4-repeat-2	371	3,2,1,0	3	32	0,0,0,32
fanout-4-repeat-2	372	3,2,1,0	3	32	0,0,0,32
fanout-4-repeat-2	373	3,2,1,0	3	32	0,0,0,32
fanout-4-repeat-2	374	3,2,1,0	1	32	0,32,0,0
fanout-4-repeat-2	375	3,2,1,0	0	32	32,0,0,0
fanout-4-repeat-2	376	3,2,1,0	3	32	0,0,0,32
fanout-4-repeat-2	377	3,2,1,0	2	32	0,0,32,0
fanout-4-repeat-2	378	3,2,1,0	3	32	0,0,0,32
fanout-4-repeat-2	379	3,2,1,0	2	32	0,0,32,0
fanout-4-repeat-2	380	3,2,1,0	3	32	0,0,0,32
fanout-4-repeat-2	381	3,2,1,0	2	32	0,0,32,0
fanout-4-repeat-2	382	3,2,1,0	1	32	0,32,0,0
fanout-4-repeat-2	383	3,2,1,0	3	32	0,0,0,32
fanout-4-repeat-2	384	3,2,1,0	3	32	0,0,0,32
fanout-4-repeat-2	385	3,2,1,0	2	32	0,0,32,0
fanout-4-repeat-2	386	3,2,1,0	2	32	0,0,32,0
fanout-4-repeat-2	387	3,2,1,0	2	32	0,0,32,0
fanout-4-repeat-2	388	3,2,1,0	3	32	0,0,0,32
fanout-4-repeat-2	389	3,2,1,0	2	32	0,0,32,0
fanout-4-repeat-2	390	3,2,1,0	1	32	0,32,0,0
fanout-4-repeat-2	391	3,2,1,0	1	32	0,32,0,0
fanout-4-repeat-2	392	3,2,1,0	3	32	0,0,0,32
fanout-4-repeat-2	393	3,2,1,0	3	32	0,0,0,32
fanout-4-repeat-2	394	3,2,1,0	2	32	0,0,32,0
fanout-4-repeat-2	395	3,2,1,0	3	32	0,0,0,32
fanout-4-repeat-2	396	3,2,1,0	3	32	0,0,0,32
fanout-4-repeat-2	397	3,2,1,0	2	32	0,0,32,0
fanout-4-repeat-2	398	3,2,1,0	3	32	0,0,0,32
fanout-4-repeat-2	399	3,2,1,0	2	32	0,0,32,0
fanout-4-repeat-2	400	3,2,1,0	3	32	0,0,0,32
fanout-4-repeat-2	401	3,2,1,0	1	32	0,32,0,0
fanout-4-repeat-2	402	3,2,1,0	0	32	32,0,0,0
fanout-4-repeat-2	403	3,2,1,0	0	32	32,0,0,0
fanout-4-repeat-2	404	3,2,1,0	3	32	0,0,0,32
fanout-4-repeat-2	405	3,2,1,0	0	32	32,0,0,0
fanout-4-repeat-2	406	3,2,1,0	0	32	32,0,0,0
fanout-4-repeat-2	407	3,2,1,0	0	32	32,0,0,0
fanout-4-repeat-2	408	3,2,1,0	3	32	0,0,0,32
fanout-4-repeat-2	409	3,2,1,0	3	32	0,0,0,32
fanout-4-repeat-2	410	3,2,1,0	0	32	32,0,0,0
fanout-4-repeat-2	411	3,2,1,0	3	32	0,0,0,32
fanout-4-repeat-2	412	3,2,1,0	3	32	0,0,0,32
fanout-4-repeat-2	413	3,2,1,0	3	32	0,0,0,32
fanout-4-repeat-2	414	3,2,1,0	0	32	32,0,0,0
fanout-4-repeat-2	415	3,2,1,0	0	32	32,0,0,0
fanout-4-repeat-2	416	3,2,1,0	3	32	0,0,0,32
fanout-4-repeat-2	417	3,2,1,0	2	32	0,0,32,0
fanout-4-repeat-2	418	3,2,1,0	1	32	0,32,0,0
fanout-4-repeat-2	419	3,2,1,0	3	32	0,0,0,32
fanout-4-repeat-2	420	3,2,1,0	3	32	0,0,0,32
fanout-4-repeat-2	421	3,2,1,0	2	32	0,0,32,0
fanout-4-repeat-2	422	3,2,1,0	3	32	0,0,0,32
fanout-4-repeat-2	423	3,2,1,0	3	32	0,0,0,32
fanout-4-repeat-2	424	3,2,1,0	3	32	0,0,0,32
fanout-4-repeat-2	425	3,2,1,0	2	32	0,0,32,0
fanout-4-repeat-2	426	3,2,1,0	2	32	0,0,32,0
fanout-4-repeat-2	427	3,2,1,0	0	32	32,0,0,0
fanout-4-repeat-2	428	3,2,1,0	3	32	0,0,0,32
fanout-4-repeat-2	429	3,2,1,0	0	32	32,0,0,0
fanout-4-repeat-2	430	3,2,1,0	2	32	0,0,32,0
fanout-4-repeat-2	431	3,2,1,0	2	32	0,0,32,0
fanout-4-repeat-2	432	3,2,1,0	3	32	0,0,0,32
fanout-4-repeat-2	433	3,2,1,0	3	32	0,0,0,32
fanout-4-repeat-2	434	3,2,1,0	2	32	0,0,32,0
fanout-4-repeat-2	435	3,2,1,0	1	32	0,32,0,0
fanout-4-repeat-2	436	3,2,1,0	3	32	0,0,0,32
fanout-4-repeat-2	437	3,2,1,0	3	32	0,0,0,32
fanout-4-repeat-2	438	3,2,1,0	3	32	0,0,0,32
fanout-4-repeat-2	439	3,2,1,0	2	32	0,0,32,0
fanout-4-repeat-2	440	3,2,1,0	3	32	0,0,0,32
fanout-4-repeat-2	441	3,2,1,0	3	32	0,0,0,32
fanout-4-repeat-2	442	3,2,1,0	2	32	0,0,32,0
fanout-4-repeat-2	443	3,2,1,0	2	32	0,0,32,0
fanout-4-repeat-2	444	3,2,1,0	3	32	0,0,0,32
fanout-4-repeat-2	445	3,2,1,0	1	32	0,32,0,0
fanout-4-repeat-2	446	3,2,1,0	2	32	0,0,32,0
fanout-4-repeat-2	447	3,2,1,0	3	32	0,0,0,32
fanout-4-repeat-2	448	3,2,1,0	3	32	0,0,0,32
fanout-4-repeat-2	449	3,2,1,0	3	32	0,0,0,32
fanout-4-repeat-2	450	3,2,1,0	0	32	32,0,0,0
fanout-4-repeat-2	451	3,2,1,0	1	32	0,32,0,0
fanout-4-repeat-2	452	3,2,1,0	3	32	0,0,0,32
fanout-4-repeat-2	453	3,2,1,0	2	32	0,0,32,0
fanout-4-repeat-2	454	3,2,1,0	3	32	0,0,0,32
fanout-4-repeat-2	455	3,2,1,0	2	32	0,0,32,0
fanout-4-repeat-2	456	3,2,1,0	3	32	0,0,0,32
fanout-4-repeat-2	457	3,2,1,0	3	32	0,0,0,32
fanout-4-repeat-2	458	3,2,1,0	2	32	0,0,32,0
fanout-4-repeat-2	459	3,2,1,0	1	32	0,32,0,0
fanout-4-repeat-2	460	3,2,1,0	3	32	0,0,0,32
fanout-4-repeat-2	461	3,2,1,0	2	32	0,0,32,0
fanout-4-repeat-2	462	3,2,1,0	1	32	0,32,0,0
fanout-4-repeat-2	463	3,2,1,0	3	32	0,0,0,32
fanout-4-repeat-2	464	3,2,1,0	3	32	0,0,0,32
fanout-4-repeat-2	465	3,2,1,0	0	32	32,0,0,0
fanout-4-repeat-2	466	3,2,1,0	1	32	0,32,0,0
fanout-4-repeat-2	467	3,2,1,0	0	32	32,0,0,0
fanout-4-repeat-2	468	3,2,1,0	3	32	0,0,0,32
fanout-4-repeat-2	469	3,2,1,0	0	32	32,0,0,0
fanout-4-repeat-2	470	3,2,1,0	1	32	0,32,0,0
fanout-4-repeat-2	471	3,2,1,0	1	32	0,32,0,0
fanout-4-repeat-2	472	3,2,1,0	3	32	0,0,0,32
fanout-4-repeat-2	473	3,2,1,0	1	32	0,32,0,0
fanout-4-repeat-2	474	3,2,1,0	2	32	0,0,32,0
fanout-4-repeat-2	475	3,2,1,0	2	32	0,0,32,0
fanout-4-repeat-2	476	3,2,1,0	3	32	0,0,0,32
fanout-4-repeat-2	477	3,2,1,0	0	32	32,0,0,0
fanout-4-repeat-2	478	3,2,1,0	0	32	32,0,0,0
fanout-4-repeat-2	479	3,2,1,0	2	32	0,0,32,0
fanout-4-repeat-2	480	3,2,1,0	3	32	0,0,0,32
fanout-4-repeat-2	481	3,2,1,0	0	32	32,0,0,0
fanout-4-repeat-2	482	3,2,1,0	3	32	0,0,0,32
fanout-4-repeat-2	483	3,2,1,0	1	32	0,32,0,0
fanout-4-repeat-2	484	3,2,1,0	3	32	0,0,0,32
fanout-4-repeat-2	485	3,2,1,0	1	32	0,32,0,0
fanout-4-repeat-2	486	3,2,1,0	0	32	32,0,0,0
fanout-4-repeat-2	487	3,2,1,0	0	32	32,0,0,0
fanout-4-repeat-2	488	3,2,1,0	3	32	0,0,0,32
fanout-4-repeat-2	489	3,2,1,0	2	32	0,0,32,0
fanout-4-repeat-2	490	3,2,1,0	0	32	32,0,0,0
fanout-4-repeat-2	491	3,2,1,0	3	32	0,0,0,32
fanout-4-repeat-2	492	3,2,1,0	3	32	0,0,0,32
fanout-4-repeat-2	493	3,2,1,0	3	32	0,0,0,32
fanout-4-repeat-2	494	3,2,1,0	1	32	0,32,0,0
fanout-4-repeat-2	495	3,2,1,0	3	32	0,0,0,32
fanout-4-repeat-2	496	3,2,1,0	3	32	0,0,0,32
fanout-4-repeat-2	497	3,2,1,0	0	32	32,0,0,0
fanout-4-repeat-2	498	3,2,1,0	2	32	0,0,32,0
fanout-4-repeat-2	499	3,2,1,0	2	32	0,0,32,0
fanout-4-repeat-2	500	3,2,1,0	3	32	0,0,0,32
fanout-4-repeat-2	501	3,2,1,0	1	32	0,32,0,0
fanout-4-repeat-2	502	3,2,1,0	0	32	32,0,0,0
fanout-4-repeat-2	503	3,2,1,0	3	32	0,0,0,32
fanout-4-repeat-2	504	3,2,1,0	3	32	0,0,0,32
fanout-4-repeat-2	505	3,2,1,0	1	32	0,32,0,0
fanout-4-repeat-2	506	3,2,1,0	2	32	0,0,32,0
fanout-4-repeat-2	507	3,2,1,0	0	32	32,0,0,0
fanout-4-repeat-2	508	3,2,1,0	3	32	0,0,0,32
fanout-4-repeat-2	509	3,2,1,0	1	32	0,32,0,0
fanout-4-repeat-2	510	3,2,1,0	3	32	0,0,0,32
fanout-4-repeat-2	511	3,2,1,0	1	32	0,32,0,0
fanout-4-repeat-2	512	3,2,1,0	3	32	0,0,0,32
fanout-4-repeat-2	513	3,2,1,0	1	32	0,32,0,0
fanout-4-repeat-2	514	3,2,1,0	1	32	0,32,0,0
fanout-4-repeat-2	515	3,2,1,0	1	32	0,32,0,0
fanout-4-repeat-2	516	3,2,1,0	3	32	0,0,0,32
fanout-4-repeat-2	517	3,2,1,0	3	32	0,0,0,32
fanout-4-repeat-2	518	3,2,1,0	3	32	0,0,0,32
fanout-4-repeat-2	519	3,2,1,0	3	32	0,0,0,32
fanout-4-repeat-2	520	3,2,1,0	3	32	0,0,0,32
fanout-4-repeat-2	521	3,2,1,0	2	32	0,0,32,0
fanout-4-repeat-2	522	3,2,1,0	1	32	0,32,0,0
fanout-4-repeat-2	523	3,2,1,0	0	32	32,0,0,0
fanout-4-repeat-2	524	3,2,1,0	3	32	0,0,0,32
fanout-4-repeat-2	525	3,2,1,0	0	32	32,0,0,0
fanout-4-repeat-2	526	3,2,1,0	3	32	0,0,0,32
fanout-4-repeat-2	527	3,2,1,0	2	32	0,0,32,0
fanout-4-repeat-2	528	3,2,1,0	3	32	0,0,0,32
fanout-4-repeat-2	529	3,2,1,0	1	32	0,32,0,0
fanout-4-repeat-2	530	3,2,1,0	0	32	32,0,0,0
fanout-4-repeat-2	531	3,2,1,0	2	32	0,0,32,0
fanout-4-repeat-2	532	3,2,1,0	3	32	0,0,0,32
fanout-4-repeat-2	533	3,2,1,0	0	32	32,0,0,0
fanout-4-repeat-2	534	3,2,1,0	1	32	0,32,0,0
fanout-4-repeat-2	535	3,2,1,0	2	32	0,0,32,0
fanout-4-repeat-2	536	3,2,1,0	3	32	0,0,0,32
fanout-4-repeat-2	537	3,2,1,0	3	32	0,0,0,32
fanout-4-repeat-2	538	3,2,1,0	0	32	32,0,0,0
fanout-4-repeat-2	539	3,2,1,0	3	32	0,0,0,32
fanout-4-repeat-2	540	3,2,1,0	3	32	0,0,0,32
fanout-4-repeat-2	541	3,2,1,0	2	32	0,0,32,0
fanout-4-repeat-2	542	3,2,1,0	1	32	0,32,0,0
fanout-4-repeat-2	543	3,2,1,0	0	32	32,0,0,0
fanout-4-repeat-2	544	3,2,1,0	3	32	0,0,0,32
fanout-4-repeat-2	545	3,2,1,0	3	32	0,0,0,32
fanout-4-repeat-2	546	3,2,1,0	2	32	0,0,32,0
fanout-4-repeat-2	547	3,2,1,0	2	32	0,0,32,0
fanout-4-repeat-2	548	3,2,1,0	3	32	0,0,0,32
fanout-4-repeat-2	549	3,2,1,0	1	32	0,32,0,0
fanout-4-repeat-2	550	3,2,1,0	3	32	0,0,0,32
fanout-4-repeat-2	551	3,2,1,0	0	32	32,0,0,0
fanout-4-repeat-2	552	3,2,1,0	3	32	0,0,0,32
fanout-4-repeat-2	553	3,2,1,0	3	32	0,0,0,32
fanout-4-repeat-2	554	3,2,1,0	0	32	32,0,0,0
fanout-4-repeat-2	555	3,2,1,0	0	32	32,0,0,0
fanout-4-repeat-2	556	3,2,1,0	3	32	0,0,0,32
fanout-4-repeat-2	557	3,2,1,0	2	32	0,0,32,0
fanout-4-repeat-2	558	3,2,1,0	1	32	0,32,0,0
fanout-4-repeat-2	559	3,2,1,0	3	32	0,0,0,32
fanout-4-repeat-2	560	3,2,1,0	3	32	0,0,0,32
fanout-4-repeat-2	561	3,2,1,0	1	32	0,32,0,0
fanout-4-repeat-2	562	3,2,1,0	3	32	0,0,0,32
fanout-4-repeat-2	563	3,2,1,0	2	32	0,0,32,0
fanout-4-repeat-2	564	3,2,1,0	3	32	0,0,0,32
fanout-4-repeat-2	565	3,2,1,0	0	32	32,0,0,0
fanout-4-repeat-2	566	3,2,1,0	0	32	32,0,0,0
fanout-4-repeat-2	567	3,2,1,0	1	32	0,32,0,0
fanout-4-repeat-2	568	3,2,1,0	3	32	0,0,0,32
fanout-4-repeat-2	569	3,2,1,0	1	32	0,32,0,0
fanout-4-repeat-2	570	3,2,1,0	1	32	0,32,0,0
fanout-4-repeat-2	571	3,2,1,0	0	32	32,0,0,0
fanout-4-repeat-2	572	3,2,1,0	3	32	0,0,0,32
fanout-4-repeat-2	573	3,2,1,0	1	32	0,32,0,0
fanout-4-repeat-2	574	3,2,1,0	0	32	32,0,0,0
fanout-4-repeat-2	575	3,2,1,0	2	32	0,0,32,0
fanout-4-repeat-2	576	3,2,1,0	3	32	0,0,0,32
fanout-4-repeat-2	577	3,2,1,0	2	32	0,0,32,0
fanout-4-repeat-2	578	3,2,1,0	1	32	0,32,0,0
fanout-4-repeat-2	579	3,2,1,0	0	32	32,0,0,0
fanout-4-repeat-2	580	3,2,1,0	3	32	0,0,0,32
fanout-4-repeat-2	581	3,2,1,0	1	32	0,32,0,0
fanout-4-repeat-2	582	3,2,1,0	2	32	0,0,32,0
fanout-4-repeat-2	583	3,2,1,0	3	32	0,0,0,32
fanout-4-repeat-2	584	3,2,1,0	3	32	0,0,0,32
fanout-4-repeat-2	585	3,2,1,0	0	32	32,0,0,0
fanout-4-repeat-2	586	3,2,1,0	0	32	32,0,0,0
fanout-4-repeat-2	587	3,2,1,0	1	32	0,32,0,0
fanout-4-repeat-2	588	3,2,1,0	3	32	0,0,0,32
fanout-4-repeat-2	589	3,2,1,0	2	32	0,0,32,0
fanout-4-repeat-2	590	3,2,1,0	1	32	0,32,0,0
fanout-4-repeat-2	591	3,2,1,0	1	32	0,32,0,0
fanout-4-repeat-2	592	3,2,1,0	3	32	0,0,0,32
fanout-4-repeat-2	593	3,2,1,0	2	32	0,0,32,0
fanout-4-repeat-2	594	3,2,1,0	1	32	0,32,0,0
fanout-4-repeat-2	595	3,2,1,0	2	32	0,0,32,0
fanout-4-repeat-2	596	3,2,1,0	3	32	0,0,0,32
fanout-4-repeat-2	597	3,2,1,0	2	32	0,0,32,0
fanout-4-repeat-2	598	3,2,1,0	2	32	0,0,32,0
fanout-4-repeat-2	599	3,2,1,0	2	32	0,0,32,0
fanout-4-repeat-2	600	3,2,1,0	3	32	0,0,0,32
fanout-4-repeat-2	601	3,2,1,0	3	32	0,0,0,32
fanout-4-repeat-2	602	3,2,1,0	0	32	32,0,0,0
fanout-4-repeat-2	603	3,2,1,0	3	32	0,0,0,32
fanout-4-repeat-2	604	3,2,1,0	3	32	0,0,0,32
fanout-4-repeat-2	605	3,2,1,0	0	32	32,0,0,0
fanout-4-repeat-2	606	3,2,1,0	3	32	0,0,0,32
fanout-4-repeat-2	607	3,2,1,0	2	32	0,0,32,0
fanout-4-repeat-2	608	3,2,1,0	3	32	0,0,0,32
fanout-4-repeat-2	609	3,2,1,0	1	32	0,32,0,0
fanout-4-repeat-2	610	3,2,1,0	1	32	0,32,0,0
fanout-4-repeat-2	611	3,2,1,0	3	32	0,0,0,32
fanout-4-repeat-2	612	3,2,1,0	3	32	0,0,0,32
fanout-4-repeat-2	613	3,2,1,0	2	32	0,0,32,0
fanout-4-repeat-2	614	3,2,1,0	0	32	32,0,0,0
fanout-4-repeat-2	615	3,2,1,0	2	32	0,0,32,0
fanout-4-repeat-2	616	3,2,1,0	3	32	0,0,0,32
fanout-4-repeat-2	617	3,2,1,0	3	32	0,0,0,32
fanout-4-repeat-2	618	3,2,1,0	1	32	0,32,0,0
fanout-4-repeat-2	619	3,2,1,0	2	32	0,0,32,0
fanout-4-repeat-2	620	3,2,1,0	3	32	0,0,0,32
fanout-4-repeat-2	621	3,2,1,0	2	32	0,0,32,0
fanout-4-repeat-2	622	3,2,1,0	1	32	0,32,0,0
fanout-4-repeat-2	623	3,2,1,0	1	32	0,32,0,0
fanout-4-repeat-2	624	3,2,1,0	3	32	0,0,0,32
fanout-4-repeat-2	625	3,2,1,0	1	32	0,32,0,0
fanout-4-repeat-2	626	3,2,1,0	3	32	0,0,0,32
fanout-4-repeat-2	627	3,2,1,0	2	32	0,0,32,0
fanout-4-repeat-2	628	3,2,1,0	3	32	0,0,0,32
fanout-4-repeat-2	629	3,2,1,0	0	32	32,0,0,0
fanout-4-repeat-2	630	3,2,1,0	3	32	0,0,0,32
fanout-4-repeat-2	631	3,2,1,0	3	32	0,0,0,32
fanout-4-repeat-2	632	3,2,1,0	3	32	0,0,0,32
fanout-4-repeat-2	633	3,2,1,0	3	32	0,0,0,32
fanout-4-repeat-2	634	3,2,1,0	1	32	0,32,0,0
fanout-4-repeat-2	635	3,2,1,0	0	32	32,0,0,0
fanout-4-repeat-2	636	3,2,1,0	3	32	0,0,0,32
fanout-4-repeat-2	637	3,2,1,0	2	32	0,0,32,0
fanout-4-repeat-2	638	3,2,1,0	0	32	32,0,0,0
fanout-4-repeat-2	639	3,2,1,0	0	32	32,0,0,0
fanout-4-repeat-2	640	3,2,1,0	3	32	0,0,0,32
fanout-4-repeat-2	641	3,2,1,0	0	32	32,0,0,0
fanout-4-repeat-2	642	3,2,1,0	2	32	0,0,32,0
fanout-4-repeat-2	643	3,2,1,0	0	32	32,0,0,0
fanout-4-repeat-2	644	3,2,1,0	3	32	0,0,0,32
fanout-4-repeat-2	645	3,2,1,0	1	32	0,32,0,0
fanout-4-repeat-2	646	3,2,1,0	2	32	0,0,32,0
fanout-4-repeat-2	647	3,2,1,0	1	32	0,32,0,0
fanout-4-repeat-2	648	3,2,1,0	3	32	0,0,0,32
fanout-4-repeat-2	649	3,2,1,0	1	32	0,32,0,0
fanout-4-repeat-2	650	3,2,1,0	0	32	32,0,0,0
fanout-4-repeat-2	651	3,2,1,0	0	32	32,0,0,0
fanout-4-repeat-2	652	3,2,1,0	3	32	0,0,0,32
fanout-4-repeat-2	653	3,2,1,0	3	32	0,0,0,32
fanout-4-repeat-2	654	3,2,1,0	2	32	0,0,32,0
fanout-4-repeat-2	655	3,2,1,0	1	32	0,32,0,0
fanout-4-repeat-2	656	3,2,1,0	3	32	0,0,0,32
fanout-4-repeat-2	657	3,2,1,0	0	32	32,0,0,0
fanout-4-repeat-2	658	3,2,1,0	3	32	0,0,0,32
fanout-4-repeat-2	659	3,2,1,0	3	32	0,0,0,32
fanout-4-repeat-2	660	3,2,1,0	3	32	0,0,0,32
fanout-4-repeat-2	661	3,2,1,0	3	32	0,0,0,32
fanout-4-repeat-2	662	3,2,1,0	0	32	32,0,0,0
fanout-4-repeat-2	663	3,2,1,0	1	32	0,32,0,0
fanout-4-repeat-2	664	3,2,1,0	3	32	0,0,0,32
fanout-4-repeat-2	665	3,2,1,0	0	32	32,0,0,0
fanout-4-repeat-2	666	3,2,1,0	2	32	0,0,32,0
fanout-4-repeat-2	667	3,2,1,0	0	32	32,0,0,0
fanout-4-repeat-2	668	3,2,1,0	3	32	0,0,0,32
fanout-4-repeat-2	669	3,2,1,0	0	32	32,0,0,0
fanout-4-repeat-2	670	3,2,1,0	0	32	32,0,0,0
fanout-4-repeat-2	671	3,2,1,0	0	32	32,0,0,0
fanout-4-repeat-2	672	3,2,1,0	3	32	0,0,0,32
fanout-4-repeat-2	673	3,2,1,0	3	32	0,0,0,32
fanout-4-repeat-2	674	3,2,1,0	3	32	0,0,0,32
fanout-4-repeat-2	675	3,2,1,0	2	32	0,0,32,0
fanout-4-repeat-2	676	3,2,1,0	3	32	0,0,0,32
fanout-4-repeat-2	677	3,2,1,0	3	32	0,0,0,32
fanout-4-repeat-2	678	3,2,1,0	3	32	0,0,0,32
fanout-4-repeat-2	679	3,2,1,0	0	32	32,0,0,0
fanout-4-repeat-2	680	3,2,1,0	3	32	0,0,0,32
fanout-4-repeat-2	681	3,2,1,0	3	32	0,0,0,32
fanout-4-repeat-2	682	3,2,1,0	1	32	0,32,0,0
fanout-4-repeat-2	683	3,2,1,0	2	32	0,0,32,0
fanout-4-repeat-2	684	3,2,1,0	3	32	0,0,0,32
fanout-4-repeat-2	685	3,2,1,0	0	32	32,0,0,0
fanout-4-repeat-2	686	3,2,1,0	3	32	0,0,0,32
fanout-4-repeat-2	687	3,2,1,0	0	32	32,0,0,0
fanout-4-repeat-2	688	3,2,1,0	3	32	0,0,0,32
fanout-4-repeat-2	689	3,2,1,0	1	32	0,32,0,0
fanout-4-repeat-2	690	3,2,1,0	0	32	32,0,0,0
fanout-4-repeat-2	691	3,2,1,0	3	32	0,0,0,32
fanout-4-repeat-2	692	3,2,1,0	3	32	0,0,0,32
fanout-4-repeat-2	693	3,2,1,0	2	32	0,0,32,0
fanout-4-repeat-2	694	3,2,1,0	1	32	0,32,0,0
fanout-4-repeat-2	695	3,2,1,0	2	32	0,0,32,0
fanout-4-repeat-2	696	3,2,1,0	3	32	0,0,0,32
fanout-4-repeat-2	697	3,2,1,0	2	32	0,0,32,0
fanout-4-repeat-2	698	3,2,1,0	3	32	0,0,0,32
fanout-4-repeat-2	699	3,2,1,0	3	32	0,0,0,32
fanout-4-repeat-2	700	3,2,1,0	3	32	0,0,0,32
fanout-4-repeat-2	701	3,2,1,0	1	32	0,32,0,0
fanout-4-repeat-2	702	3,2,1,0	2	32	0,0,32,0
fanout-4-repeat-2	703	3,2,1,0	1	32	0,32,0,0
fanout-4-repeat-2	704	3,2,1,0	3	32	0,0,0,32
fanout-4-repeat-2	705	3,2,1,0	0	32	32,0,0,0
fanout-4-repeat-2	706	3,2,1,0	1	32	0,32,0,0
fanout-4-repeat-2	707	3,2,1,0	1	32	0,32,0,0
fanout-4-repeat-2	708	3,2,1,0	3	32	0,0,0,32
fanout-4-repeat-2	709	3,2,1,0	2	32	0,0,32,0
fanout-4-repeat-2	710	3,2,1,0	0	32	32,0,0,0
fanout-4-repeat-2	711	3,2,1,0	1	32	0,32,0,0
fanout-4-repeat-2	712	3,2,1,0	3	32	0,0,0,32
fanout-4-repeat-2	713	3,2,1,0	0	32	32,0,0,0
fanout-4-repeat-2	714	3,2,1,0	2	32	0,0,32,0
fanout-4-repeat-2	715	3,2,1,0	0	32	32,0,0,0
fanout-4-repeat-2	716	3,2,1,0	3	32	0,0,0,32
fanout-4-repeat-2	717	3,2,1,0	1	32	0,32,0,0
fanout-4-repeat-2	718	3,2,1,0	0	32	32,0,0,0
fanout-4-repeat-2	719	3,2,1,0	3	32	0,0,0,32
fanout-4-repeat-2	720	3,2,1,0	3	32	0,0,0,32
fanout-4-repeat-2	721	3,2,1,0	3	32	0,0,0,32
fanout-4-repeat-2	722	3,2,1,0	0	32	32,0,0,0
fanout-4-repeat-2	723	3,2,1,0	3	32	0,0,0,32
fanout-4-repeat-2	724	3,2,1,0	3	32	0,0,0,32
fanout-4-repeat-2	725	3,2,1,0	3	32	0,0,0,32
fanout-4-repeat-2	726	3,2,1,0	3	32	0,0,0,32
fanout-4-repeat-2	727	3,2,1,0	3	32	0,0,0,32
fanout-4-repeat-2	728	3,2,1,0	3	32	0,0,0,32
fanout-4-repeat-2	729	3,2,1,0	1	32	0,32,0,0
fanout-4-repeat-2	730	3,2,1,0	0	32	32,0,0,0
fanout-4-repeat-2	731	3,2,1,0	2	32	0,0,32,0
fanout-4-repeat-2	732	3,2,1,0	3	32	0,0,0,32
fanout-4-repeat-2	733	3,2,1,0	1	32	0,32,0,0
fanout-4-repeat-2	734	3,2,1,0	1	32	0,32,0,0
fanout-4-repeat-2	735	3,2,1,0	2	32	0,0,32,0
fanout-4-repeat-2	736	3,2,1,0	3	32	0,0,0,32
fanout-4-repeat-2	737	3,2,1,0	1	32	0,32,0,0
fanout-4-repeat-2	738	3,2,1,0	3	32	0,0,0,32
fanout-4-repeat-2	739	3,2,1,0	2	32	0,0,32,0
fanout-4-repeat-2	740	3,2,1,0	3	32	0,0,0,32
fanout-4-repeat-2	741	3,2,1,0	0	32	32,0,0,0
fanout-4-repeat-2	742	3,2,1,0	2	32	0,0,32,0
fanout-4-repeat-2	743	3,2,1,0	0	32	32,0,0,0
fanout-4-repeat-2	744	3,2,1,0	3	32	0,0,0,32
fanout-4-repeat-2	745	3,2,1,0	3	32	0,0,0,32
fanout-4-repeat-2	746	3,2,1,0	1	32	0,32,0,0
fanout-4-repeat-2	747	3,2,1,0	1	32	0,32,0,0
fanout-4-repeat-2	748	3,2,1,0	3	32	0,0,0,32
fanout-4-repeat-2	749	3,2,1,0	0	32	32,0,0,0
fanout-4-repeat-2	750	3,2,1,0	2	32	0,0,32,0
fanout-4-repeat-2	751	3,2,1,0	1	32	0,32,0,0
fanout-4-repeat-2	752	3,2,1,0	3	32	0,0,0,32
fanout-4-repeat-2	753	3,2,1,0	0	32	32,0,0,0
fanout-4-repeat-2	754	3,2,1,0	0	32	32,0,0,0
fanout-4-repeat-2	755	3,2,1,0	1	32	0,32,0,0
fanout-4-repeat-2	756	3,2,1,0	3	32	0,0,0,32
fanout-4-repeat-2	757	3,2,1,0	3	32	0,0,0,32
fanout-4-repeat-2	758	3,2,1,0	1	32	0,32,0,0
fanout-4-repeat-2	759	3,2,1,0	2	32	0,0,32,0
fanout-4-repeat-2	760	3,2,1,0	3	32	0,0,0,32
fanout-4-repeat-2	761	3,2,1,0	3	32	0,0,0,32
fanout-4-repeat-2	762	3,2,1,0	0	32	32,0,0,0
fanout-4-repeat-2	763	3,2,1,0	3	32	0,0,0,32
fanout-4-repeat-2	764	3,2,1,0	3	32	0,0,0,32
fanout-4-repeat-2	765	3,2,1,0	2	32	0,0,32,0
fanout-4-repeat-2	766	3,2,1,0	3	32	0,0,0,32
fanout-4-repeat-2	767	3,2,1,0	1	32	0,32,0,0
fanout-4-repeat-2	768	3,2,1,0	3	32	0,0,0,32
fanout-4-repeat-2	769	3,2,1,0	3	32	0,0,0,32
fanout-4-repeat-2	770	3,2,1,0	0	32	32,0,0,0
fanout-4-repeat-2	771	3,2,1,0	0	32	32,0,0,0
fanout-4-repeat-2	772	3,2,1,0	3	32	0,0,0,32
fanout-4-repeat-2	773	3,2,1,0	0	32	32,0,0,0
fanout-4-repeat-2	774	3,2,1,0	1	32	0,32,0,0
fanout-4-repeat-2	775	3,2,1,0	0	32	32,0,0,0
fanout-4-repeat-2	776	3,2,1,0	3	32	0,0,0,32
fanout-4-repeat-2	777	3,2,1,0	1	32	0,32,0,0
fanout-4-repeat-2	778	3,2,1,0	0	32	32,0,0,0
fanout-4-repeat-2	779	3,2,1,0	3	32	0,0,0,32
fanout-4-repeat-2	780	3,2,1,0	3	32	0,0,0,32
fanout-4-repeat-2	781	3,2,1,0	0	32	32,0,0,0
fanout-4-repeat-2	782	3,2,1,0	1	32	0,32,0,0
fanout-4-repeat-2	783	3,2,1,0	1	32	0,32,0,0
fanout-4-repeat-2	784	3,2,1,0	3	32	0,0,0,32
fanout-4-repeat-2	785	3,2,1,0	2	32	0,0,32,0
fanout-4-repeat-2	786	3,2,1,0	3	32	0,0,0,32
fanout-4-repeat-2	787	3,2,1,0	1	32	0,32,0,0
fanout-4-repeat-2	788	3,2,1,0	3	32	0,0,0,32
fanout-4-repeat-2	789	3,2,1,0	2	32	0,0,32,0
fanout-4-repeat-2	790	3,2,1,0	1	32	0,32,0,0
fanout-4-repeat-2	791	3,2,1,0	0	32	32,0,0,0
fanout-4-repeat-2	792	3,2,1,0	3	32	0,0,0,32
fanout-4-repeat-2	793	3,2,1,0	3	32	0,0,0,32
fanout-4-repeat-2	794	3,2,1,0	3	32	0,0,0,32
fanout-4-repeat-2	795	3,2,1,0	1	32	0,32,0,0
fanout-4-repeat-2	796	3,2,1,0	3	32	0,0,0,32
fanout-4-repeat-2	797	3,2,1,0	1	32	0,32,0,0
fanout-4-repeat-2	798	3,2,1,0	0	32	32,0,0,0
fanout-4-repeat-2	799	3,2,1,0	3	32	0,0,0,32
fanout-4-repeat-2	800	3,2,1,0	3	32	0,0,0,32
fanout-4-repeat-2	801	3,2,1,0	1	32	0,32,0,0
fanout-4-repeat-2	802	3,2,1,0	3	32	0,0,0,32
fanout-4-repeat-2	803	3,2,1,0	3	32	0,0,0,32
fanout-4-repeat-2	804	3,2,1,0	3	32	0,0,0,32
fanout-4-repeat-2	805	3,2,1,0	3	32	0,0,0,32
fanout-4-repeat-2	806	3,2,1,0	0	32	32,0,0,0
fanout-4-repeat-2	807	3,2,1,0	3	32	0,0,0,32
fanout-4-repeat-2	808	3,2,1,0	3	32	0,0,0,32
fanout-4-repeat-2	809	3,2,1,0	3	32	0,0,0,32
fanout-4-repeat-2	810	3,2,1,0	2	32	0,0,32,0
fanout-4-repeat-2	811	3,2,1,0	0	32	32,0,0,0
fanout-4-repeat-2	812	3,2,1,0	3	32	0,0,0,32
fanout-4-repeat-2	813	3,2,1,0	0	32	32,0,0,0
fanout-4-repeat-2	814	3,2,1,0	3	32	0,0,0,32
fanout-4-repeat-2	815	3,2,1,0	0	32	32,0,0,0
fanout-4-repeat-2	816	3,2,1,0	3	32	0,0,0,32
fanout-4-repeat-2	817	3,2,1,0	3	32	0,0,0,32
fanout-4-repeat-2	818	3,2,1,0	0	32	32,0,0,0
fanout-4-repeat-2	819	3,2,1,0	3	32	0,0,0,32
fanout-4-repeat-2	820	3,2,1,0	3	32	0,0,0,32
fanout-4-repeat-2	821	3,2,1,0	2	32	0,0,32,0
fanout-4-repeat-2	822	3,2,1,0	1	32	0,32,0,0
fanout-4-repeat-2	823	3,2,1,0	2	32	0,0,32,0
fanout-4-repeat-2	824	3,2,1,0	3	32	0,0,0,32
fanout-4-repeat-2	825	3,2,1,0	0	32	32,0,0,0
fanout-4-repeat-2	826	3,2,1,0	2	32	0,0,32,0
fanout-4-repeat-2	827	3,2,1,0	1	32	0,32,0,0
fanout-4-repeat-2	828	3,2,1,0	3	32	0,0,0,32
fanout-4-repeat-2	829	3,2,1,0	1	32	0,32,0,0
fanout-4-repeat-2	830	3,2,1,0	3	32	0,0,0,32
fanout-4-repeat-2	831	3,2,1,0	3	32	0,0,0,32
fanout-4-repeat-2	832	3,2,1,0	3	32	0,0,0,32
fanout-4-repeat-2	833	3,2,1,0	0	32	32,0,0,0
fanout-4-repeat-2	834	3,2,1,0	1	32	0,32,0,0
fanout-4-repeat-2	835	3,2,1,0	2	32	0,0,32,0
fanout-4-repeat-2	836	3,2,1,0	3	32	0,0,0,32
fanout-4-repeat-2	837	3,2,1,0	0	32	32,0,0,0
fanout-4-repeat-2	838	3,2,1,0	0	32	32,0,0,0
fanout-4-repeat-2	839	3,2,1,0	3	32	0,0,0,32
fanout-4-repeat-2	840	3,2,1,0	3	32	0,0,0,32
fanout-4-repeat-2	841	3,2,1,0	1	32	0,32,0,0
fanout-4-repeat-2	842	3,2,1,0	0	32	32,0,0,0
fanout-4-repeat-2	843	3,2,1,0	2	32	0,0,32,0
fanout-4-repeat-2	844	3,2,1,0	3	32	0,0,0,32
fanout-4-repeat-2	845	3,2,1,0	0	32	32,0,0,0
fanout-4-repeat-2	846	3,2,1,0	0	32	32,0,0,0
fanout-4-repeat-2	847	3,2,1,0	0	32	32,0,0,0
fanout-4-repeat-2	848	3,2,1,0	3	32	0,0,0,32
fanout-4-repeat-2	849	3,2,1,0	2	32	0,0,32,0
fanout-4-repeat-2	850	3,2,1,0	1	32	0,32,0,0
fanout-4-repeat-2	851	3,2,1,0	3	32	0,0,0,32
fanout-4-repeat-2	852	3,2,1,0	3	32	0,0,0,32
fanout-4-repeat-2	853	3,2,1,0	3	32	0,0,0,32
fanout-4-repeat-2	854	3,2,1,0	2	32	0,0,32,0
fanout-4-repeat-2	855	3,2,1,0	1	32	0,32,0,0
fanout-4-repeat-2	856	3,2,1,0	3	32	0,0,0,32
fanout-4-repeat-2	857	3,2,1,0	3	32	0,0,0,32
fanout-4-repeat-2	858	3,2,1,0	2	32	0,0,32,0
fanout-4-repeat-2	859	3,2,1,0	2	32	0,0,32,0
fanout-4-repeat-2	860	3,2,1,0	3	32	0,0,0,32
fanout-4-repeat-2	861	3,2,1,0	2	32	0,0,32,0
fanout-4-repeat-2	862	3,2,1,0	3	32	0,0,0,32
fanout-4-repeat-2	863	3,2,1,0	3	32	0,0,0,32
fanout-4-repeat-2	864	3,2,1,0	3	32	0,0,0,32
fanout-4-repeat-2	865	3,2,1,0	1	32	0,32,0,0
fanout-4-repeat-2	866	3,2,1,0	2	32	0,0,32,0
fanout-4-repeat-2	867	3,2,1,0	3	32	0,0,0,32
fanout-4-repeat-2	868	3,2,1,0	3	32	0,0,0,32
fanout-4-repeat-2	869	3,2,1,0	2	32	0,0,32,0
fanout-4-repeat-2	870	3,2,1,0	2	32	0,0,32,0
fanout-4-repeat-2	871	3,2,1,0	0	32	32,0,0,0
fanout-4-repeat-2	872	3,2,1,0	3	32	0,0,0,32
fanout-4-repeat-2	873	3,2,1,0	3	32	0,0,0,32
fanout-4-repeat-2	874	3,2,1,0	1	32	0,32,0,0
fanout-4-repeat-2	875	3,2,1,0	0	32	32,0,0,0
fanout-4-repeat-2	876	3,2,1,0	3	32	0,0,0,32
fanout-4-repeat-2	877	3,2,1,0	1	32	0,32,0,0
fanout-4-repeat-2	878	3,2,1,0	1	32	0,32,0,0
fanout-4-repeat-2	879	3,2,1,0	2	32	0,0,32,0
fanout-4-repeat-2	880	3,2,1,0	3	32	0,0,0,32
fanout-4-repeat-2	881	3,2,1,0	2	32	0,0,32,0
fanout-4-repeat-2	882	3,2,1,0	2	32	0,0,32,0
fanout-4-repeat-2	883	3,2,1,0	2	32	0,0,32,0
fanout-4-repeat-2	884	3,2,1,0	3	32	0,0,0,32
fanout-4-repeat-2	885	3,2,1,0	3	32	0,0,0,32
fanout-4-repeat-2	886	3,2,1,0	0	32	32,0,0,0
fanout-4-repeat-2	887	3,2,1,0	2	32	0,0,32,0
fanout-4-repeat-2	888	3,2,1,0	3	32	0,0,0,32
fanout-4-repeat-2	889	3,2,1,0	0	32	32,0,0,0
fanout-4-repeat-2	890	3,2,1,0	1	32	0,32,0,0
fanout-4-repeat-2	891	3,2,1,0	3	32	0,0,0,32
fanout-4-repeat-2	892	3,2,1,0	3	32	0,0,0,32
fanout-4-repeat-2	893	3,2,1,0	1	32	0,32,0,0
fanout-4-repeat-2	894	3,2,1,0	3	32	0,0,0,32
fanout-4-repeat-2	895	3,2,1,0	0	32	32,0,0,0
fanout-4-repeat-2	896	3,2,1,0	3	32	0,0,0,32
fanout-4-repeat-2	897	3,2,1,0	3	32	0,0,0,32
fanout-4-repeat-2	898	3,2,1,0	3	32	0,0,0,32
fanout-4-repeat-2	899	3,2,1,0	2	32	0,0,32,0
fanout-4-repeat-2	900	3,2,1,0	3	32	0,0,0,32
fanout-4-repeat-2	901	3,2,1,0	1	32	0,32,0,0
fanout-4-repeat-2	902	3,2,1,0	0	32	32,0,0,0
fanout-4-repeat-2	903	3,2,1,0	1	32	0,32,0,0
fanout-4-repeat-2	904	3,2,1,0	3	32	0,0,0,32
fanout-4-repeat-2	905	3,2,1,0	1	32	0,32,0,0
fanout-4-repeat-2	906	3,2,1,0	3	32	0,0,0,32
fanout-4-repeat-2	907	3,2,1,0	1	32	0,32,0,0
fanout-4-repeat-2	908	3,2,1,0	3	32	0,0,0,32
fanout-4-repeat-2	909	3,2,1,0	0	32	32,0,0,0
fanout-4-repeat-2	910	3,2,1,0	3	32	0,0,0,32
fanout-4-repeat-2	911	3,2,1,0	0	32	32,0,0,0
fanout-4-repeat-2	912	3,2,1,0	3	32	0,0,0,32
fanout-4-repeat-2	913	3,2,1,0	2	32	0,0,32,0
fanout-4-repeat-2	914	3,2,1,0	3	32	0,0,0,32
fanout-4-repeat-2	915	3,2,1,0	2	32	0,0,32,0
fanout-4-repeat-2	916	3,2,1,0	3	32	0,0,0,32
fanout-4-repeat-2	917	3,2,1,0	1	32	0,32,0,0
fanout-4-repeat-2	918	3,2,1,0	2	32	0,0,32,0
fanout-4-repeat-2	919	3,2,1,0	2	32	0,0,32,0
fanout-4-repeat-2	920	3,2,1,0	3	32	0,0,0,32
fanout-4-repeat-2	921	3,2,1,0	3	32	0,0,0,32
fanout-4-repeat-2	922	3,2,1,0	0	32	32,0,0,0
fanout-4-repeat-2	923	3,2,1,0	0	32	32,0,0,0
fanout-4-repeat-2	924	3,2,1,0	3	32	0,0,0,32
fanout-4-repeat-2	925	3,2,1,0	1	32	0,32,0,0
fanout-4-repeat-2	926	3,2,1,0	1	32	0,32,0,0
fanout-4-repeat-2	927	3,2,1,0	1	32	0,32,0,0
fanout-4-repeat-2	928	3,2,1,0	3	32	0,0,0,32
fanout-4-repeat-2	929	3,2,1,0	1	32	0,32,0,0
fanout-4-repeat-2	930	3,2,1,0	3	32	0,0,0,32
fanout-4-repeat-2	931	3,2,1,0	1	32	0,32,0,0
fanout-4-repeat-2	932	3,2,1,0	3	32	0,0,0,32
fanout-4-repeat-2	933	3,2,1,0	3	32	0,0,0,32
fanout-4-repeat-2	934	3,2,1,0	0	32	32,0,0,0
fanout-4-repeat-2	935	3,2,1,0	1	32	0,32,0,0
fanout-4-repeat-2	936	3,2,1,0	3	32	0,0,0,32
fanout-4-repeat-2	937	3,2,1,0	0	32	32,0,0,0
fanout-4-repeat-2	938	3,2,1,0	0	32	32,0,0,0
fanout-4-repeat-2	939	3,2,1,0	1	32	0,32,0,0
fanout-4-repeat-2	940	3,2,1,0	3	32	0,0,0,32
fanout-4-repeat-2	941	3,2,1,0	0	32	32,0,0,0
fanout-4-repeat-2	942	3,2,1,0	1	32	0,32,0,0
fanout-4-repeat-2	943	3,2,1,0	1	32	0,32,0,0
fanout-4-repeat-2	944	3,2,1,0	3	32	0,0,0,32
fanout-4-repeat-2	945	3,2,1,0	0	32	32,0,0,0
fanout-4-repeat-2	946	3,2,1,0	3	32	0,0,0,32
fanout-4-repeat-2	947	3,2,1,0	1	32	0,32,0,0
fanout-4-repeat-2	948	3,2,1,0	3	32	0,0,0,32
fanout-4-repeat-2	949	3,2,1,0	2	32	0,0,32,0
fanout-4-repeat-2	950	3,2,1,0	3	32	0,0,0,32
fanout-4-repeat-2	951	3,2,1,0	1	32	0,32,0,0
fanout-4-repeat-2	952	3,2,1,0	3	32	0,0,0,32
fanout-4-repeat-2	953	3,2,1,0	1	32	0,32,0,0
fanout-4-repeat-2	954	3,2,1,0	0	32	32,0,0,0
fanout-4-repeat-2	955	3,2,1,0	2	32	0,0,32,0
fanout-4-repeat-2	956	3,2,1,0	3	32	0,0,0,32
fanout-4-repeat-2	957	3,2,1,0	0	32	32,0,0,0
fanout-4-repeat-2	958	3,2,1,0	0	32	32,0,0,0
fanout-4-repeat-2	959	3,2,1,0	1	32	0,32,0,0
fanout-4-repeat-2	960	3,2,1,0	3	32	0,0,0,32
fanout-4-repeat-2	961	3,2,1,0	3	32	0,0,0,32
fanout-4-repeat-2	962	3,2,1,0	3	32	0,0,0,32
fanout-4-repeat-2	963	3,2,1,0	3	32	0,0,0,32
fanout-4-repeat-2	964	3,2,1,0	3	32	0,0,0,32
fanout-4-repeat-2	965	3,2,1,0	1	32	0,32,0,0
fanout-4-repeat-2	966	3,2,1,0	2	32	0,0,32,0
fanout-4-repeat-2	967	3,2,1,0	2	32	0,0,32,0
fanout-4-repeat-2	968	3,2,1,0	3	32	0,0,0,32
fanout-4-repeat-2	969	3,2,1,0	1	32	0,32,0,0
fanout-4-repeat-2	970	3,2,1,0	0	32	32,0,0,0
fanout-4-repeat-2	971	3,2,1,0	0	32	32,0,0,0
fanout-4-repeat-2	972	3,2,1,0	3	32	0,0,0,32
fanout-4-repeat-2	973	3,2,1,0	1	32	0,32,0,0
fanout-4-repeat-2	974	3,2,1,0	3	32	0,0,0,32
fanout-4-repeat-2	975	3,2,1,0	3	32	0,0,0,32
fanout-4-repeat-2	976	3,2,1,0	3	32	0,0,0,32
fanout-4-repeat-2	977	3,2,1,0	1	32	0,32,0,0
fanout-4-repeat-2	978	3,2,1,0	2	32	0,0,32,0
fanout-4-repeat-2	979	3,2,1,0	3	32	0,0,0,32
fanout-4-repeat-2	980	3,2,1,0	3	32	0,0,0,32
fanout-4-repeat-2	981	3,2,1,0	1	32	0,32,0,0
fanout-4-repeat-2	982	3,2,1,0	0	32	32,0,0,0
fanout-4-repeat-2	983	3,2,1,0	1	32	0,32,0,0
fanout-4-repeat-2	984	3,2,1,0	3	32	0,0,0,32
fanout-4-repeat-2	985	3,2,1,0	2	32	0,0,32,0
fanout-4-repeat-2	986	3,2,1,0	2	32	0,0,32,0
fanout-4-repeat-2	987	3,2,1,0	3	32	0,0,0,32
fanout-4-repeat-2	988	3,2,1,0	3	32	0,0,0,32
fanout-4-repeat-2	989	3,2,1,0	3	32	0,0,0,32
fanout-4-repeat-2	990	3,2,1,0	1	32	0,32,0,0
fanout-4-repeat-2	991	3,2,1,0	3	32	0,0,0,32
fanout-4-repeat-2	992	3,2,1,0	3	32	0,0,0,32
fanout-4-repeat-2	993	3,2,1,0	2	32	0,0,32,0
fanout-4-repeat-2	994	3,2,1,0	1	32	0,32,0,0
fanout-4-repeat-2	995	3,2,1,0	1	32	0,32,0,0
fanout-4-repeat-2	996	3,2,1,0	3	32	0,0,0,32
fanout-4-repeat-2	997	3,2,1,0	3	32	0,0,0,32
fanout-4-repeat-2	998	3,2,1,0	3	32	0,0,0,32
fanout-4-repeat-2	999	3,2,1,0	1	32	0,32,0,0
fanout-4-repeat-2	1000	3,2,1,0	3	32	0,0,0,32
fanout-4-repeat-2	1001	3,2,1,0	1	32	0,32,0,0
fanout-4-repeat-2	1002	3,2,1,0	2	32	0,0,32,0
fanout-4-repeat-2	1003	3,2,1,0	3	32	0,0,0,32
fanout-4-repeat-2	1004	3,2,1,0	3	32	0,0,0,32
fanout-4-repeat-2	1005	3,2,1,0	1	32	0,32,0,0
fanout-4-repeat-2	1006	3,2,1,0	3	32	0,0,0,32
fanout-4-repeat-2	1007	3,2,1,0	2	32	0,0,32,0
fanout-4-repeat-2	1008	3,2,1,0	3	32	0,0,0,32
fanout-4-repeat-2	1009	3,2,1,0	0	32	32,0,0,0
fanout-4-repeat-2	1010	3,2,1,0	2	32	0,0,32,0
fanout-4-repeat-2	1011	3,2,1,0	2	32	0,0,32,0
fanout-4-repeat-2	1012	3,2,1,0	3	32	0,0,0,32
fanout-4-repeat-2	1013	3,2,1,0	3	32	0,0,0,32
fanout-4-repeat-2	1014	3,2,1,0	2	32	0,0,32,0
fanout-4-repeat-2	1015	3,2,1,0	2	32	0,0,32,0
fanout-4-repeat-2	1016	3,2,1,0	3	32	0,0,0,32
fanout-4-repeat-2	1017	3,2,1,0	3	32	0,0,0,32
fanout-4-repeat-2	1018	3,2,1,0	2	32	0,0,32,0
fanout-4-repeat-2	1019	3,2,1,0	1	32	0,32,0,0
fanout-4-repeat-2	1020	3,2,1,0	3	32	0,0,0,32
fanout-4-repeat-2	1021	3,2,1,0	2	32	0,0,32,0
fanout-4-repeat-2	1022	3,2,1,0	1	32	0,32,0,0
fanout-4-repeat-2	1023	3,2,1,0	2	32	0,0,32,0
fanout-4-repeat-2	1024	3,2,1,0	3	32	0,0,0,32
fanout-4-repeat-2	1025	3,2,1,0	2	32	0,0,32,0
fanout-4-repeat-3	26	1,2,3,0	2	32	0,0,32,0
fanout-4-repeat-3	27	1,2,3,0	0	32	32,0,0,0
fanout-4-repeat-3	28	1,2,3,0	1	32	0,32,0,0
fanout-4-repeat-3	29	1,2,3,0	2	32	0,0,32,0
fanout-4-repeat-3	30	1,2,3,0	1	32	0,32,0,0
fanout-4-repeat-3	31	1,2,3,0	2	32	0,0,32,0
fanout-4-repeat-3	32	1,2,3,0	1	32	0,32,0,0
fanout-4-repeat-3	33	1,2,3,0	1	32	0,32,0,0
fanout-4-repeat-3	34	1,2,3,0	1	32	0,32,0,0
fanout-4-repeat-3	35	1,2,3,0	2	32	0,0,32,0
fanout-4-repeat-3	36	1,2,3,0	1	32	0,32,0,0
fanout-4-repeat-3	37	1,2,3,0	1	32	0,32,0,0
fanout-4-repeat-3	38	1,2,3,0	0	32	32,0,0,0
fanout-4-repeat-3	39	1,2,3,0	1	32	0,32,0,0
fanout-4-repeat-3	40	1,2,3,0	1	32	0,32,0,0
fanout-4-repeat-3	41	1,2,3,0	1	32	0,32,0,0
fanout-4-repeat-3	42	1,2,3,0	2	32	0,0,32,0
fanout-4-repeat-3	43	1,2,3,0	0	32	32,0,0,0
fanout-4-repeat-3	44	1,2,3,0	1	32	0,32,0,0
fanout-4-repeat-3	45	1,2,3,0	1	32	0,32,0,0
fanout-4-repeat-3	46	1,2,3,0	3	32	0,0,0,32
fanout-4-repeat-3	47	1,2,3,0	2	32	0,0,32,0
fanout-4-repeat-3	48	1,2,3,0	1	32	0,32,0,0
fanout-4-repeat-3	49	1,2,3,0	3	32	0,0,0,32
fanout-4-repeat-3	50	1,2,3,0	0	32	32,0,0,0
fanout-4-repeat-3	51	1,2,3,0	1	32	0,32,0,0
fanout-4-repeat-3	52	1,2,3,0	1	32	0,32,0,0
fanout-4-repeat-3	53	1,2,3,0	3	32	0,0,0,32
fanout-4-repeat-3	54	1,2,3,0	1	32	0,32,0,0
fanout-4-repeat-3	55	1,2,3,0	1	32	0,32,0,0
fanout-4-repeat-3	56	1,2,3,0	1	32	0,32,0,0
fanout-4-repeat-3	57	1,2,3,0	3	32	0,0,0,32
fanout-4-repeat-3	58	1,2,3,0	0	32	32,0,0,0
fanout-4-repeat-3	59	1,2,3,0	0	32	32,0,0,0
fanout-4-repeat-3	60	1,2,3,0	1	32	0,32,0,0
fanout-4-repeat-3	61	1,2,3,0	1	32	0,32,0,0
fanout-4-repeat-3	62	1,2,3,0	1	32	0,32,0,0
fanout-4-repeat-3	63	1,2,3,0	1	32	0,32,0,0
fanout-4-repeat-3	64	1,2,3,0	1	32	0,32,0,0
fanout-4-repeat-3	65	1,2,3,0	2	32	0,0,32,0
fanout-4-repeat-3	66	1,2,3,0	3	32	0,0,0,32
fanout-4-repeat-3	67	1,2,3,0	3	32	0,0,0,32
fanout-4-repeat-3	68	1,2,3,0	1	32	0,32,0,0
fanout-4-repeat-3	69	1,2,3,0	3	32	0,0,0,32
fanout-4-repeat-3	70	1,2,3,0	3	32	0,0,0,32
fanout-4-repeat-3	71	1,2,3,0	0	32	32,0,0,0
fanout-4-repeat-3	72	1,2,3,0	1	32	0,32,0,0
fanout-4-repeat-3	73	1,2,3,0	2	32	0,0,32,0
fanout-4-repeat-3	74	1,2,3,0	3	32	0,0,0,32
fanout-4-repeat-3	75	1,2,3,0	2	32	0,0,32,0
fanout-4-repeat-3	76	1,2,3,0	1	32	0,32,0,0
fanout-4-repeat-3	77	1,2,3,0	0	32	32,0,0,0
fanout-4-repeat-3	78	1,2,3,0	1	32	0,32,0,0
fanout-4-repeat-3	79	1,2,3,0	2	32	0,0,32,0
fanout-4-repeat-3	80	1,2,3,0	1	32	0,32,0,0
fanout-4-repeat-3	81	1,2,3,0	2	32	0,0,32,0
fanout-4-repeat-3	82	1,2,3,0	2	32	0,0,32,0
fanout-4-repeat-3	83	1,2,3,0	3	32	0,0,0,32
fanout-4-repeat-3	84	1,2,3,0	1	32	0,32,0,0
fanout-4-repeat-3	85	1,2,3,0	0	32	32,0,0,0
fanout-4-repeat-3	86	1,2,3,0	0	32	32,0,0,0
fanout-4-repeat-3	87	1,2,3,0	0	32	32,0,0,0
fanout-4-repeat-3	88	1,2,3,0	1	32	0,32,0,0
fanout-4-repeat-3	89	1,2,3,0	3	32	0,0,0,32
fanout-4-repeat-3	90	1,2,3,0	2	32	0,0,32,0
fanout-4-repeat-3	91	1,2,3,0	1	32	0,32,0,0
fanout-4-repeat-3	92	1,2,3,0	1	32	0,32,0,0
fanout-4-repeat-3	93	1,2,3,0	2	32	0,0,32,0
fanout-4-repeat-3	94	1,2,3,0	2	32	0,0,32,0
fanout-4-repeat-3	95	1,2,3,0	2	32	0,0,32,0
fanout-4-repeat-3	96	1,2,3,0	1	32	0,32,0,0
fanout-4-repeat-3	97	1,2,3,0	0	32	32,0,0,0
fanout-4-repeat-3	98	1,2,3,0	3	32	0,0,0,32
fanout-4-repeat-3	99	1,2,3,0	1	32	0,32,0,0
fanout-4-repeat-3	100	1,2,3,0	1	32	0,32,0,0
fanout-4-repeat-3	101	1,2,3,0	0	32	32,0,0,0
fanout-4-repeat-3	102	1,2,3,0	2	32	0,0,32,0
fanout-4-repeat-3	103	1,2,3,0	2	32	0,0,32,0
fanout-4-repeat-3	104	1,2,3,0	1	32	0,32,0,0
fanout-4-repeat-3	105	1,2,3,0	1	32	0,32,0,0
fanout-4-repeat-3	106	1,2,3,0	3	32	0,0,0,32
fanout-4-repeat-3	107	1,2,3,0	0	32	32,0,0,0
fanout-4-repeat-3	108	1,2,3,0	1	32	0,32,0,0
fanout-4-repeat-3	109	1,2,3,0	3	32	0,0,0,32
fanout-4-repeat-3	110	1,2,3,0	3	32	0,0,0,32
fanout-4-repeat-3	111	1,2,3,0	3	32	0,0,0,32
fanout-4-repeat-3	112	1,2,3,0	1	32	0,32,0,0
fanout-4-repeat-3	113	1,2,3,0	1	32	0,32,0,0
fanout-4-repeat-3	114	1,2,3,0	2	32	0,0,32,0
fanout-4-repeat-3	115	1,2,3,0	1	32	0,32,0,0
fanout-4-repeat-3	116	1,2,3,0	1	32	0,32,0,0
fanout-4-repeat-3	117	1,2,3,0	1	32	0,32,0,0
fanout-4-repeat-3	118	1,2,3,0	3	32	0,0,0,32
fanout-4-repeat-3	119	1,2,3,0	2	32	0,0,32,0
fanout-4-repeat-3	120	1,2,3,0	1	32	0,32,0,0
fanout-4-repeat-3	121	1,2,3,0	1	32	0,32,0,0
fanout-4-repeat-3	122	1,2,3,0	0	32	32,0,0,0
fanout-4-repeat-3	123	1,2,3,0	1	32	0,32,0,0
fanout-4-repeat-3	124	1,2,3,0	1	32	0,32,0,0
fanout-4-repeat-3	125	1,2,3,0	1	32	0,32,0,0
fanout-4-repeat-3	126	1,2,3,0	0	32	32,0,0,0
fanout-4-repeat-3	127	1,2,3,0	2	32	0,0,32,0
fanout-4-repeat-3	128	1,2,3,0	1	32	0,32,0,0
fanout-4-repeat-3	129	1,2,3,0	2	32	0,0,32,0
fanout-4-repeat-3	130	1,2,3,0	0	32	32,0,0,0
fanout-4-repeat-3	131	1,2,3,0	0	32	32,0,0,0
fanout-4-repeat-3	132	1,2,3,0	1	32	0,32,0,0
fanout-4-repeat-3	133	1,2,3,0	2	32	0,0,32,0
fanout-4-repeat-3	134	1,2,3,0	1	32	0,32,0,0
fanout-4-repeat-3	135	1,2,3,0	2	32	0,0,32,0
fanout-4-repeat-3	136	1,2,3,0	1	32	0,32,0,0
fanout-4-repeat-3	137	1,2,3,0	3	32	0,0,0,32
fanout-4-repeat-3	138	1,2,3,0	3	32	0,0,0,32
fanout-4-repeat-3	139	1,2,3,0	1	32	0,32,0,0
fanout-4-repeat-3	140	1,2,3,0	1	32	0,32,0,0
fanout-4-repeat-3	141	1,2,3,0	1	32	0,32,0,0
fanout-4-repeat-3	142	1,2,3,0	2	32	0,0,32,0
fanout-4-repeat-3	143	1,2,3,0	2	32	0,0,32,0
fanout-4-repeat-3	144	1,2,3,0	1	32	0,32,0,0
fanout-4-repeat-3	145	1,2,3,0	2	32	0,0,32,0
fanout-4-repeat-3	146	1,2,3,0	2	32	0,0,32,0
fanout-4-repeat-3	147	1,2,3,0	3	32	0,0,0,32
fanout-4-repeat-3	148	1,2,3,0	1	32	0,32,0,0
fanout-4-repeat-3	149	1,2,3,0	3	32	0,0,0,32
fanout-4-repeat-3	150	1,2,3,0	0	32	32,0,0,0
fanout-4-repeat-3	151	1,2,3,0	3	32	0,0,0,32
fanout-4-repeat-3	152	1,2,3,0	1	32	0,32,0,0
fanout-4-repeat-3	153	1,2,3,0	2	32	0,0,32,0
fanout-4-repeat-3	154	1,2,3,0	3	32	0,0,0,32
fanout-4-repeat-3	155	1,2,3,0	3	32	0,0,0,32
fanout-4-repeat-3	156	1,2,3,0	1	32	0,32,0,0
fanout-4-repeat-3	157	1,2,3,0	1	32	0,32,0,0
fanout-4-repeat-3	158	1,2,3,0	0	32	32,0,0,0
fanout-4-repeat-3	159	1,2,3,0	3	32	0,0,0,32
fanout-4-repeat-3	160	1,2,3,0	1	32	0,32,0,0
fanout-4-repeat-3	161	1,2,3,0	0	32	32,0,0,0
fanout-4-repeat-3	162	1,2,3,0	0	32	32,0,0,0
fanout-4-repeat-3	163	1,2,3,0	2	32	0,0,32,0
fanout-4-repeat-3	164	1,2,3,0	1	32	0,32,0,0
fanout-4-repeat-3	165	1,2,3,0	0	32	32,0,0,0
fanout-4-repeat-3	166	1,2,3,0	3	32	0,0,0,32
fanout-4-repeat-3	167	1,2,3,0	2	32	0,0,32,0
fanout-4-repeat-3	168	1,2,3,0	1	32	0,32,0,0
fanout-4-repeat-3	169	1,2,3,0	3	32	0,0,0,32
fanout-4-repeat-3	170	1,2,3,0	0	32	32,0,0,0
fanout-4-repeat-3	171	1,2,3,0	2	32	0,0,32,0
fanout-4-repeat-3	172	1,2,3,0	1	32	0,32,0,0
fanout-4-repeat-3	173	1,2,3,0	0	32	32,0,0,0
fanout-4-repeat-3	174	1,2,3,0	1	32	0,32,0,0
fanout-4-repeat-3	175	1,2,3,0	1	32	0,32,0,0
fanout-4-repeat-3	176	1,2,3,0	1	32	0,32,0,0
fanout-4-repeat-3	177	1,2,3,0	1	32	0,32,0,0
fanout-4-repeat-3	178	1,2,3,0	0	32	32,0,0,0
fanout-4-repeat-3	179	1,2,3,0	3	32	0,0,0,32
fanout-4-repeat-3	180	1,2,3,0	1	32	0,32,0,0
fanout-4-repeat-3	181	1,2,3,0	1	32	0,32,0,0
fanout-4-repeat-3	182	1,2,3,0	2	32	0,0,32,0
fanout-4-repeat-3	183	1,2,3,0	1	32	0,32,0,0
fanout-4-repeat-3	184	1,2,3,0	1	32	0,32,0,0
fanout-4-repeat-3	185	1,2,3,0	0	32	32,0,0,0
fanout-4-repeat-3	186	1,2,3,0	2	32	0,0,32,0
fanout-4-repeat-3	187	1,2,3,0	0	32	32,0,0,0
fanout-4-repeat-3	188	1,2,3,0	1	32	0,32,0,0
fanout-4-repeat-3	189	1,2,3,0	1	32	0,32,0,0
fanout-4-repeat-3	190	1,2,3,0	0	32	32,0,0,0
fanout-4-repeat-3	191	1,2,3,0	2	32	0,0,32,0
fanout-4-repeat-3	192	1,2,3,0	1	32	0,32,0,0
fanout-4-repeat-3	193	1,2,3,0	3	32	0,0,0,32
fanout-4-repeat-3	194	1,2,3,0	2	32	0,0,32,0
fanout-4-repeat-3	195	1,2,3,0	2	32	0,0,32,0
fanout-4-repeat-3	196	1,2,3,0	1	32	0,32,0,0
fanout-4-repeat-3	197	1,2,3,0	1	32	0,32,0,0
fanout-4-repeat-3	198	1,2,3,0	0	32	32,0,0,0
fanout-4-repeat-3	199	1,2,3,0	0	32	32,0,0,0
fanout-4-repeat-3	200	1,2,3,0	1	32	0,32,0,0
fanout-4-repeat-3	201	1,2,3,0	2	32	0,0,32,0
fanout-4-repeat-3	202	1,2,3,0	2	32	0,0,32,0
fanout-4-repeat-3	203	1,2,3,0	1	32	0,32,0,0
fanout-4-repeat-3	204	1,2,3,0	1	32	0,32,0,0
fanout-4-repeat-3	205	1,2,3,0	1	32	0,32,0,0
fanout-4-repeat-3	206	1,2,3,0	1	32	0,32,0,0
fanout-4-repeat-3	207	1,2,3,0	2	32	0,0,32,0
fanout-4-repeat-3	208	1,2,3,0	1	32	0,32,0,0
fanout-4-repeat-3	209	1,2,3,0	0	32	32,0,0,0
fanout-4-repeat-3	210	1,2,3,0	3	32	0,0,0,32
fanout-4-repeat-3	211	1,2,3,0	3	32	0,0,0,32
fanout-4-repeat-3	212	1,2,3,0	1	32	0,32,0,0
fanout-4-repeat-3	213	1,2,3,0	2	32	0,0,32,0
fanout-4-repeat-3	214	1,2,3,0	1	32	0,32,0,0
fanout-4-repeat-3	215	1,2,3,0	0	32	32,0,0,0
fanout-4-repeat-3	216	1,2,3,0	1	32	0,32,0,0
fanout-4-repeat-3	217	1,2,3,0	3	32	0,0,0,32
fanout-4-repeat-3	218	1,2,3,0	3	32	0,0,0,32
fanout-4-repeat-3	219	1,2,3,0	1	32	0,32,0,0
fanout-4-repeat-3	220	1,2,3,0	1	32	0,32,0,0
fanout-4-repeat-3	221	1,2,3,0	2	32	0,0,32,0
fanout-4-repeat-3	222	1,2,3,0	1	32	0,32,0,0
fanout-4-repeat-3	223	1,2,3,0	1	32	0,32,0,0
fanout-4-repeat-3	224	1,2,3,0	1	32	0,32,0,0
fanout-4-repeat-3	225	1,2,3,0	3	32	0,0,0,32
fanout-4-repeat-3	226	1,2,3,0	3	32	0,0,0,32
fanout-4-repeat-3	227	1,2,3,0	0	32	32,0,0,0
fanout-4-repeat-3	228	1,2,3,0	1	32	0,32,0,0
fanout-4-repeat-3	229	1,2,3,0	0	32	32,0,0,0
fanout-4-repeat-3	230	1,2,3,0	1	32	0,32,0,0
fanout-4-repeat-3	231	1,2,3,0	1	32	0,32,0,0
fanout-4-repeat-3	232	1,2,3,0	1	32	0,32,0,0
fanout-4-repeat-3	233	1,2,3,0	2	32	0,0,32,0
fanout-4-repeat-3	234	1,2,3,0	1	32	0,32,0,0
fanout-4-repeat-3	235	1,2,3,0	0	32	32,0,0,0
fanout-4-repeat-3	236	1,2,3,0	1	32	0,32,0,0
fanout-4-repeat-3	237	1,2,3,0	3	32	0,0,0,32
fanout-4-repeat-3	238	1,2,3,0	3	32	0,0,0,32
fanout-4-repeat-3	239	1,2,3,0	0	32	32,0,0,0
fanout-4-repeat-3	240	1,2,3,0	1	32	0,32,0,0
fanout-4-repeat-3	241	1,2,3,0	1	32	0,32,0,0
fanout-4-repeat-3	242	1,2,3,0	2	32	0,0,32,0
fanout-4-repeat-3	243	1,2,3,0	3	32	0,0,0,32
fanout-4-repeat-3	244	1,2,3,0	1	32	0,32,0,0
fanout-4-repeat-3	245	1,2,3,0	1	32	0,32,0,0
fanout-4-repeat-3	246	1,2,3,0	2	32	0,0,32,0
fanout-4-repeat-3	247	1,2,3,0	2	32	0,0,32,0
fanout-4-repeat-3	248	1,2,3,0	1	32	0,32,0,0
fanout-4-repeat-3	249	1,2,3,0	1	32	0,32,0,0
fanout-4-repeat-3	250	1,2,3,0	1	32	0,32,0,0
fanout-4-repeat-3	251	1,2,3,0	1	32	0,32,0,0
fanout-4-repeat-3	252	1,2,3,0	1	32	0,32,0,0
fanout-4-repeat-3	253	1,2,3,0	3	32	0,0,0,32
fanout-4-repeat-3	254	1,2,3,0	0	32	32,0,0,0
fanout-4-repeat-3	255	1,2,3,0	2	32	0,0,32,0
fanout-4-repeat-3	256	1,2,3,0	1	32	0,32,0,0
fanout-4-repeat-3	257	1,2,3,0	1	32	0,32,0,0
fanout-4-repeat-3	258	1,2,3,0	2	32	0,0,32,0
fanout-4-repeat-3	259	1,2,3,0	2	32	0,0,32,0
fanout-4-repeat-3	260	1,2,3,0	1	32	0,32,0,0
fanout-4-repeat-3	261	1,2,3,0	0	32	32,0,0,0
fanout-4-repeat-3	262	1,2,3,0	3	32	0,0,0,32
fanout-4-repeat-3	263	1,2,3,0	1	32	0,32,0,0
fanout-4-repeat-3	264	1,2,3,0	1	32	0,32,0,0
fanout-4-repeat-3	265	1,2,3,0	1	32	0,32,0,0
fanout-4-repeat-3	266	1,2,3,0	3	32	0,0,0,32
fanout-4-repeat-3	267	1,2,3,0	2	32	0,0,32,0
fanout-4-repeat-3	268	1,2,3,0	1	32	0,32,0,0
fanout-4-repeat-3	269	1,2,3,0	3	32	0,0,0,32
fanout-4-repeat-3	270	1,2,3,0	0	32	32,0,0,0
fanout-4-repeat-3	271	1,2,3,0	2	32	0,0,32,0
fanout-4-repeat-3	272	1,2,3,0	1	32	0,32,0,0
fanout-4-repeat-3	273	1,2,3,0	3	32	0,0,0,32
fanout-4-repeat-3	274	1,2,3,0	3	32	0,0,0,32
fanout-4-repeat-3	275	1,2,3,0	3	32	0,0,0,32
fanout-4-repeat-3	276	1,2,3,0	1	32	0,32,0,0
fanout-4-repeat-3	277	1,2,3,0	0	32	32,0,0,0
fanout-4-repeat-3	278	1,2,3,0	1	32	0,32,0,0
fanout-4-repeat-3	279	1,2,3,0	1	32	0,32,0,0
fanout-4-repeat-3	280	1,2,3,0	1	32	0,32,0,0
fanout-4-repeat-3	281	1,2,3,0	1	32	0,32,0,0
fanout-4-repeat-3	282	1,2,3,0	1	32	0,32,0,0
fanout-4-repeat-3	283	1,2,3,0	1	32	0,32,0,0
fanout-4-repeat-3	284	1,2,3,0	1	32	0,32,0,0
fanout-4-repeat-3	285	1,2,3,0	2	32	0,0,32,0
fanout-4-repeat-3	286	1,2,3,0	2	32	0,0,32,0
fanout-4-repeat-3	287	1,2,3,0	2	32	0,0,32,0
fanout-4-repeat-3	288	1,2,3,0	1	32	0,32,0,0
fanout-4-repeat-3	289	1,2,3,0	0	32	32,0,0,0
fanout-4-repeat-3	290	1,2,3,0	0	32	32,0,0,0
fanout-4-repeat-3	291	1,2,3,0	3	32	0,0,0,32
fanout-4-repeat-3	292	1,2,3,0	1	32	0,32,0,0
fanout-4-repeat-3	293	1,2,3,0	2	32	0,0,32,0
fanout-4-repeat-3	294	1,2,3,0	3	32	0,0,0,32
fanout-4-repeat-3	295	1,2,3,0	1	32	0,32,0,0
fanout-4-repeat-3	296	1,2,3,0	1	32	0,32,0,0
fanout-4-repeat-3	297	1,2,3,0	0	32	32,0,0,0
fanout-4-repeat-3	298	1,2,3,0	0	32	32,0,0,0
fanout-4-repeat-3	299	1,2,3,0	0	32	32,0,0,0
fanout-4-repeat-3	300	1,2,3,0	1	32	0,32,0,0
fanout-4-repeat-3	301	1,2,3,0	1	32	0,32,0,0
fanout-4-repeat-3	302	1,2,3,0	1	32	0,32,0,0
fanout-4-repeat-3	303	1,2,3,0	3	32	0,0,0,32
fanout-4-repeat-3	304	1,2,3,0	1	32	0,32,0,0
fanout-4-repeat-3	305	1,2,3,0	3	32	0,0,0,32
fanout-4-repeat-3	306	1,2,3,0	3	32	0,0,0,32
fanout-4-repeat-3	307	1,2,3,0	0	32	32,0,0,0
fanout-4-repeat-3	308	1,2,3,0	1	32	0,32,0,0
fanout-4-repeat-3	309	1,2,3,0	1	32	0,32,0,0
fanout-4-repeat-3	310	1,2,3,0	0	32	32,0,0,0
fanout-4-repeat-3	311	1,2,3,0	0	32	32,0,0,0
fanout-4-repeat-3	312	1,2,3,0	1	32	0,32,0,0
fanout-4-repeat-3	313	1,2,3,0	2	32	0,0,32,0
fanout-4-repeat-3	314	1,2,3,0	1	32	0,32,0,0
fanout-4-repeat-3	315	1,2,3,0	0	32	32,0,0,0
fanout-4-repeat-3	316	1,2,3,0	1	32	0,32,0,0
fanout-4-repeat-3	317	1,2,3,0	3	32	0,0,0,32
fanout-4-repeat-3	318	1,2,3,0	2	32	0,0,32,0
fanout-4-repeat-3	319	1,2,3,0	3	32	0,0,0,32
fanout-4-repeat-3	320	1,2,3,0	1	32	0,32,0,0
fanout-4-repeat-3	321	1,2,3,0	1	32	0,32,0,0
fanout-4-repeat-3	322	1,2,3,0	0	32	32,0,0,0
fanout-4-repeat-3	323	1,2,3,0	1	32	0,32,0,0
fanout-4-repeat-3	324	1,2,3,0	1	32	0,32,0,0
fanout-4-repeat-3	325	1,2,3,0	3	32	0,0,0,32
fanout-4-repeat-3	326	1,2,3,0	3	32	0,0,0,32
fanout-4-repeat-3	327	1,2,3,0	2	32	0,0,32,0
fanout-4-repeat-3	328	1,2,3,0	1	32	0,32,0,0
fanout-4-repeat-3	329	1,2,3,0	1	32	0,32,0,0
fanout-4-repeat-3	330	1,2,3,0	3	32	0,0,0,32
fanout-4-repeat-3	331	1,2,3,0	1	32	0,32,0,0
fanout-4-repeat-3	332	1,2,3,0	1	32	0,32,0,0
fanout-4-repeat-3	333	1,2,3,0	1	32	0,32,0,0
fanout-4-repeat-3	334	1,2,3,0	1	32	0,32,0,0
fanout-4-repeat-3	335	1,2,3,0	0	32	32,0,0,0
fanout-4-repeat-3	336	1,2,3,0	1	32	0,32,0,0
fanout-4-repeat-3	337	1,2,3,0	3	32	0,0,0,32
fanout-4-repeat-3	338	1,2,3,0	1	32	0,32,0,0
fanout-4-repeat-3	339	1,2,3,0	1	32	0,32,0,0
fanout-4-repeat-3	340	1,2,3,0	1	32	0,32,0,0
fanout-4-repeat-3	341	1,2,3,0	2	32	0,0,32,0
fanout-4-repeat-3	342	1,2,3,0	1	32	0,32,0,0
fanout-4-repeat-3	343	1,2,3,0	1	32	0,32,0,0
fanout-4-repeat-3	344	1,2,3,0	1	32	0,32,0,0
fanout-4-repeat-3	345	1,2,3,0	3	32	0,0,0,32
fanout-4-repeat-3	346	1,2,3,0	0	32	32,0,0,0
fanout-4-repeat-3	347	1,2,3,0	0	32	32,0,0,0
fanout-4-repeat-3	348	1,2,3,0	1	32	0,32,0,0
fanout-4-repeat-3	349	1,2,3,0	0	32	32,0,0,0
fanout-4-repeat-3	350	1,2,3,0	0	32	32,0,0,0
fanout-4-repeat-3	351	1,2,3,0	0	32	32,0,0,0
fanout-4-repeat-3	352	1,2,3,0	1	32	0,32,0,0
fanout-4-repeat-3	353	1,2,3,0	2	32	0,0,32,0
fanout-4-repeat-3	354	1,2,3,0	3	32	0,0,0,32
fanout-4-repeat-3	355	1,2,3,0	2	32	0,0,32,0
fanout-4-repeat-3	356	1,2,3,0	1	32	0,32,0,0
fanout-4-repeat-3	357	1,2,3,0	0	32	32,0,0,0
fanout-4-repeat-3	358	1,2,3,0	1	32	0,32,0,0
fanout-4-repeat-3	359	1,2,3,0	2	32	0,0,32,0
fanout-4-repeat-3	360	1,2,3,0	1	32	0,32,0,0
fanout-4-repeat-3	361	1,2,3,0	0	32	32,0,0,0
fanout-4-repeat-3	362	1,2,3,0	3	32	0,0,0,32
fanout-4-repeat-3	363	1,2,3,0	3	32	0,0,0,32
fanout-4-repeat-3	364	1,2,3,0	1	32	0,32,0,0
fanout-4-repeat-3	365	1,2,3,0	3	32	0,0,0,32
fanout-4-repeat-3	366	1,2,3,0	3	32	0,0,0,32
fanout-4-repeat-3	367	1,2,3,0	1	32	0,32,0,0
fanout-4-repeat-3	368	1,2,3,0	1	32	0,32,0,0
fanout-4-repeat-3	369	1,2,3,0	0	32	32,0,0,0
fanout-4-repeat-3	370	1,2,3,0	3	32	0,0,0,32
fanout-4-repeat-3	371	1,2,3,0	3	32	0,0,0,32
fanout-4-repeat-3	372	1,2,3,0	1	32	0,32,0,0
fanout-4-repeat-3	373	1,2,3,0	3	32	0,0,0,32
fanout-4-repeat-3	374	1,2,3,0	1	32	0,32,0,0
fanout-4-repeat-3	375	1,2,3,0	2	32	0,0,32,0
fanout-4-repeat-3	376	1,2,3,0	1	32	0,32,0,0
fanout-4-repeat-3	377	1,2,3,0	1	32	0,32,0,0
fanout-4-repeat-3	378	1,2,3,0	3	32	0,0,0,32
fanout-4-repeat-3	379	1,2,3,0	0	32	32,0,0,0
fanout-4-repeat-3	380	1,2,3,0	1	32	0,32,0,0
fanout-4-repeat-3	381	1,2,3,0	1	32	0,32,0,0
fanout-4-repeat-3	382	1,2,3,0	2	32	0,0,32,0
fanout-4-repeat-3	383	1,2,3,0	3	32	0,0,0,32
fanout-4-repeat-3	384	1,2,3,0	1	32	0,32,0,0
fanout-4-repeat-3	385	1,2,3,0	1	32	0,32,0,0
fanout-4-repeat-3	386	1,2,3,0	0	32	32,0,0,0
fanout-4-repeat-3	387	1,2,3,0	2	32	0,0,32,0
fanout-4-repeat-3	388	1,2,3,0	1	32	0,32,0,0
fanout-4-repeat-3	389	1,2,3,0	1	32	0,32,0,0
fanout-4-repeat-3	390	1,2,3,0	2	32	0,0,32,0
fanout-4-repeat-3	391	1,2,3,0	0	32	32,0,0,0
fanout-4-repeat-3	392	1,2,3,0	1	32	0,32,0,0
fanout-4-repeat-3	393	1,2,3,0	3	32	0,0,0,32
fanout-4-repeat-3	394	1,2,3,0	2	32	0,0,32,0
fanout-4-repeat-3	395	1,2,3,0	2	32	0,0,32,0
fanout-4-repeat-3	396	1,2,3,0	1	32	0,32,0,0
fanout-4-repeat-3	397	1,2,3,0	1	32	0,32,0,0
fanout-4-repeat-3	398	1,2,3,0	2	32	0,0,32,0
fanout-4-repeat-3	399	1,2,3,0	3	32	0,0,0,32
fanout-4-repeat-3	400	1,2,3,0	1	32	0,32,0,0
fanout-4-repeat-3	401	1,2,3,0	0	32	32,0,0,0
fanout-4-repeat-3	402	1,2,3,0	1	32	0,32,0,0
fanout-4-repeat-3	403	1,2,3,0	1	32	0,32,0,0
fanout-4-repeat-3	404	1,2,3,0	1	32	0,32,0,0
fanout-4-repeat-3	405	1,2,3,0	2	32	0,0,32,0
fanout-4-repeat-3	406	1,2,3,0	1	32	0,32,0,0
fanout-4-repeat-3	407	1,2,3,0	3	32	0,0,0,32
fanout-4-repeat-3	408	1,2,3,0	1	32	0,32,0,0
fanout-4-repeat-3	409	1,2,3,0	0	32	32,0,0,0
fanout-4-repeat-3	410	1,2,3,0	1	32	0,32,0,0
fanout-4-repeat-3	411	1,2,3,0	2	32	0,0,32,0
fanout-4-repeat-3	412	1,2,3,0	1	32	0,32,0,0
fanout-4-repeat-3	413	1,2,3,0	3	32	0,0,0,32
fanout-4-repeat-3	414	1,2,3,0	1	32	0,32,0,0
fanout-4-repeat-3	415	1,2,3,0	0	32	32,0,0,0
fanout-4-repeat-3	416	1,2,3,0	1	32	0,32,0,0
fanout-4-repeat-3	417	1,2,3,0	0	32	32,0,0,0
fanout-4-repeat-3	418	1,2,3,0	2	32	0,0,32,0
fanout-4-repeat-3	419	1,2,3,0	3	32	0,0,0,32
fanout-4-repeat-3	420	1,2,3,0	1	32	0,32,0,0
fanout-4-repeat-3	421	1,2,3,0	0	32	32,0,0,0
fanout-4-repeat-3	422	1,2,3,0	2	32	0,0,32,0
fanout-4-repeat-3	423	1,2,3,0	2	32	0,0,32,0
fanout-4-repeat-3	424	1,2,3,0	1	32	0,32,0,0
fanout-4-repeat-3	425	1,2,3,0	3	32	0,0,0,32
fanout-4-repeat-3	426	1,2,3,0	1	32	0,32,0,0
fanout-4-repeat-3	427	1,2,3,0	1	32	0,32,0,0
fanout-4-repeat-3	428	1,2,3,0	1	32	0,32,0,0
fanout-4-repeat-3	429	1,2,3,0	3	32	0,0,0,32
fanout-4-repeat-3	430	1,2,3,0	1	32	0,32,0,0
fanout-4-repeat-3	431	1,2,3,0	0	32	32,0,0,0
fanout-4-repeat-3	432	1,2,3,0	1	32	0,32,0,0
fanout-4-repeat-3	433	1,2,3,0	0	32	32,0,0,0
fanout-4-repeat-3	434	1,2,3,0	1	32	0,32,0,0
fanout-4-repeat-3	435	1,2,3,0	1	32	0,32,0,0
fanout-4-repeat-3	436	1,2,3,0	1	32	0,32,0,0
fanout-4-repeat-3	437	1,2,3,0	3	32	0,0,0,32
fanout-4-repeat-3	438	1,2,3,0	0	32	32,0,0,0
fanout-4-repeat-3	439	1,2,3,0	2	32	0,0,32,0
fanout-4-repeat-3	440	1,2,3,0	1	32	0,32,0,0
fanout-4-repeat-3	441	1,2,3,0	0	32	32,0,0,0
fanout-4-repeat-3	442	1,2,3,0	2	32	0,0,32,0
fanout-4-repeat-3	443	1,2,3,0	2	32	0,0,32,0
fanout-4-repeat-3	444	1,2,3,0	1	32	0,32,0,0
fanout-4-repeat-3	445	1,2,3,0	3	32	0,0,0,32
fanout-4-repeat-3	446	1,2,3,0	2	32	0,0,32,0
fanout-4-repeat-3	447	1,2,3,0	2	32	0,0,32,0
fanout-4-repeat-3	448	1,2,3,0	1	32	0,32,0,0
fanout-4-repeat-3	449	1,2,3,0	1	32	0,32,0,0
fanout-4-repeat-3	450	1,2,3,0	3	32	0,0,0,32
fanout-4-repeat-3	451	1,2,3,0	3	32	0,0,0,32
fanout-4-repeat-3	452	1,2,3,0	1	32	0,32,0,0
fanout-4-repeat-3	453	1,2,3,0	0	32	32,0,0,0
fanout-4-repeat-3	454	1,2,3,0	0	32	32,0,0,0
fanout-4-repeat-3	455	1,2,3,0	0	32	32,0,0,0
fanout-4-repeat-3	456	1,2,3,0	1	32	0,32,0,0
fanout-4-repeat-3	457	1,2,3,0	2	32	0,0,32,0
fanout-4-repeat-3	458	1,2,3,0	3	32	0,0,0,32
fanout-4-repeat-3	459	1,2,3,0	3	32	0,0,0,32
fanout-4-repeat-3	460	1,2,3,0	1	32	0,32,0,0
fanout-4-repeat-3	461	1,2,3,0	1	32	0,32,0,0
fanout-4-repeat-3	462	1,2,3,0	3	32	0,0,0,32
fanout-4-repeat-3	463	1,2,3,0	1	32	0,32,0,0
fanout-4-repeat-3	464	1,2,3,0	1	32	0,32,0,0
fanout-4-repeat-3	465	1,2,3,0	3	32	0,0,0,32
fanout-4-repeat-3	466	1,2,3,0	2	32	0,0,32,0
fanout-4-repeat-3	467	1,2,3,0	1	32	0,32,0,0
fanout-4-repeat-3	468	1,2,3,0	1	32	0,32,0,0
fanout-4-repeat-3	469	1,2,3,0	0	32	32,0,0,0
fanout-4-repeat-3	470	1,2,3,0	0	32	32,0,0,0
fanout-4-repeat-3	471	1,2,3,0	0	32	32,0,0,0
fanout-4-repeat-3	472	1,2,3,0	1	32	0,32,0,0
fanout-4-repeat-3	473	1,2,3,0	1	32	0,32,0,0
fanout-4-repeat-3	474	1,2,3,0	3	32	0,0,0,32
fanout-4-repeat-3	475	1,2,3,0	3	32	0,0,0,32
fanout-4-repeat-3	476	1,2,3,0	1	32	0,32,0,0
fanout-4-repeat-3	477	1,2,3,0	2	32	0,0,32,0
fanout-4-repeat-3	478	1,2,3,0	3	32	0,0,0,32
fanout-4-repeat-3	479	1,2,3,0	0	32	32,0,0,0
fanout-4-repeat-3	480	1,2,3,0	1	32	0,32,0,0
fanout-4-repeat-3	481	1,2,3,0	0	32	32,0,0,0
fanout-4-repeat-3	482	1,2,3,0	1	32	0,32,0,0
fanout-4-repeat-3	483	1,2,3,0	2	32	0,0,32,0
fanout-4-repeat-3	484	1,2,3,0	1	32	0,32,0,0
fanout-4-repeat-3	485	1,2,3,0	1	32	0,32,0,0
fanout-4-repeat-3	486	1,2,3,0	0	32	32,0,0,0
fanout-4-repeat-3	487	1,2,3,0	1	32	0,32,0,0
fanout-4-repeat-3	488	1,2,3,0	1	32	0,32,0,0
fanout-4-repeat-3	489	1,2,3,0	0	32	32,0,0,0
fanout-4-repeat-3	490	1,2,3,0	2	32	0,0,32,0
fanout-4-repeat-3	491	1,2,3,0	2	32	0,0,32,0
fanout-4-repeat-3	492	1,2,3,0	1	32	0,32,0,0
fanout-4-repeat-3	493	1,2,3,0	1	32	0,32,0,0
fanout-4-repeat-3	494	1,2,3,0	1	32	0,32,0,0
fanout-4-repeat-3	495	1,2,3,0	3	32	0,0,0,32
fanout-4-repeat-3	496	1,2,3,0	1	32	0,32,0,0
fanout-4-repeat-3	497	1,2,3,0	3	32	0,0,0,32
fanout-4-repeat-3	498	1,2,3,0	0	32	32,0,0,0
fanout-4-repeat-3	499	1,2,3,0	3	32	0,0,0,32
fanout-4-repeat-3	500	1,2,3,0	1	32	0,32,0,0
fanout-4-repeat-3	501	1,2,3,0	1	32	0,32,0,0
fanout-4-repeat-3	502	1,2,3,0	3	32	0,0,0,32
fanout-4-repeat-3	503	1,2,3,0	2	32	0,0,32,0
fanout-4-repeat-3	504	1,2,3,0	1	32	0,32,0,0
fanout-4-repeat-3	505	1,2,3,0	1	32	0,32,0,0
fanout-4-repeat-3	506	1,2,3,0	3	32	0,0,0,32
fanout-4-repeat-3	507	1,2,3,0	0	32	32,0,0,0
fanout-4-repeat-3	508	1,2,3,0	1	32	0,32,0,0
fanout-4-repeat-3	509	1,2,3,0	3	32	0,0,0,32
fanout-4-repeat-3	510	1,2,3,0	2	32	0,0,32,0
fanout-4-repeat-3	511	1,2,3,0	3	32	0,0,0,32
fanout-4-repeat-3	512	1,2,3,0	1	32	0,32,0,0
fanout-4-repeat-3	513	1,2,3,0	0	32	32,0,0,0
fanout-4-repeat-3	514	1,2,3,0	0	32	32,0,0,0
fanout-4-repeat-3	515	1,2,3,0	3	32	0,0,0,32
fanout-4-repeat-3	516	1,2,3,0	1	32	0,32,0,0
fanout-4-repeat-3	517	1,2,3,0	3	32	0,0,0,32
fanout-4-repeat-3	518	1,2,3,0	1	32	0,32,0,0
fanout-4-repeat-3	519	1,2,3,0	2	32	0,0,32,0
fanout-4-repeat-3	520	1,2,3,0	1	32	0,32,0,0
fanout-4-repeat-3	521	1,2,3,0	2	32	0,0,32,0
fanout-4-repeat-3	522	1,2,3,0	3	32	0,0,0,32
fanout-4-repeat-3	523	1,2,3,0	2	32	0,0,32,0
fanout-4-repeat-3	524	1,2,3,0	1	32	0,32,0,0
fanout-4-repeat-3	525	1,2,3,0	1	32	0,32,0,0
fanout-4-repeat-3	526	1,2,3,0	2	32	0,0,32,0
fanout-4-repeat-3	527	1,2,3,0	1	32	0,32,0,0
fanout-4-repeat-3	528	1,2,3,0	1	32	0,32,0,0
fanout-4-repeat-3	529	1,2,3,0	1	32	0,32,0,0
fanout-4-repeat-3	530	1,2,3,0	3	32	0,0,0,32
fanout-4-repeat-3	531	1,2,3,0	2	32	0,0,32,0
fanout-4-repeat-3	532	1,2,3,0	1	32	0,32,0,0
fanout-4-repeat-3	533	1,2,3,0	1	32	0,32,0,0
fanout-4-repeat-3	534	1,2,3,0	0	32	32,0,0,0
fanout-4-repeat-3	535	1,2,3,0	0	32	32,0,0,0
fanout-4-repeat-3	536	1,2,3,0	1	32	0,32,0,0
fanout-4-repeat-3	537	1,2,3,0	1	32	0,32,0,0
fanout-4-repeat-3	538	1,2,3,0	1	32	0,32,0,0
fanout-4-repeat-3	539	1,2,3,0	2	32	0,0,32,0
fanout-4-repeat-3	540	1,2,3,0	1	32	0,32,0,0
fanout-4-repeat-3	541	1,2,3,0	1	32	0,32,0,0
fanout-4-repeat-3	542	1,2,3,0	1	32	0,32,0,0
fanout-4-repeat-3	543	1,2,3,0	3	32	0,0,0,32
fanout-4-repeat-3	544	1,2,3,0	1	32	0,32,0,0
fanout-4-repeat-3	545	1,2,3,0	0	32	32,0,0,0
fanout-4-repeat-3	546	1,2,3,0	2	32	0,0,32,0
fanout-4-repeat-3	547	1,2,3,0	2	32	0,0,32,0
fanout-4-repeat-3	548	1,2,3,0	1	32	0,32,0,0
fanout-4-repeat-3	549	1,2,3,0	3	32	0,0,0,32
fanout-4-repeat-3	550	1,2,3,0	3	32	0,0,0,32
fanout-4-repeat-3	551	1,2,3,0	2	32	0,0,32,0
fanout-4-repeat-3	552	1,2,3,0	1	32	0,32,0,0
fanout-4-repeat-3	553	1,2,3,0	0	32	32,0,0,0
fanout-4-repeat-3	554	1,2,3,0	1	32	0,32,0,0
fanout-4-repeat-3	555	1,2,3,0	2	32	0,0,32,0
fanout-4-repeat-3	556	1,2,3,0	1	32	0,32,0,0
fanout-4-repeat-3	557	1,2,3,0	0	32	32,0,0,0
fanout-4-repeat-3	558	1,2,3,0	2	32	0,0,32,0
fanout-4-repeat-3	559	1,2,3,0	0	32	32,0,0,0
fanout-4-repeat-3	560	1,2,3,0	1	32	0,32,0,0
fanout-4-repeat-3	561	1,2,3,0	2	32	0,0,32,0
fanout-4-repeat-3	562	1,2,3,0	3	32	0,0,0,32
fanout-4-repeat-3	563	1,2,3,0	2	32	0,0,32,0
fanout-4-repeat-3	564	1,2,3,0	1	32	0,32,0,0
fanout-4-repeat-3	565	1,2,3,0	3	32	0,0,0,32
fanout-4-repeat-3	566	1,2,3,0	0	32	32,0,0,0
fanout-4-repeat-3	567	1,2,3,0	1	32	0,32,0,0
fanout-4-repeat-3	568	1,2,3,0	1	32	0,32,0,0
fanout-4-repeat-3	569	1,2,3,0	1	32	0,32,0,0
fanout-4-repeat-3	570	1,2,3,0	2	32	0,0,32,0
fanout-4-repeat-3	571	1,2,3,0	3	32	0,0,0,32
fanout-4-repeat-3	572	1,2,3,0	1	32	0,32,0,0
fanout-4-repeat-3	573	1,2,3,0	2	32	0,0,32,0
fanout-4-repeat-3	574	1,2,3,0	1	32	0,32,0,0
fanout-4-repeat-3	575	1,2,3,0	3	32	0,0,0,32
fanout-4-repeat-3	576	1,2,3,0	1	32	0,32,0,0
fanout-4-repeat-3	577	1,2,3,0	0	32	32,0,0,0
fanout-4-repeat-3	578	1,2,3,0	1	32	0,32,0,0
fanout-4-repeat-3	579	1,2,3,0	0	32	32,0,0,0
fanout-4-repeat-3	580	1,2,3,0	1	32	0,32,0,0
fanout-4-repeat-3	581	1,2,3,0	0	32	32,0,0,0
fanout-4-repeat-3	582	1,2,3,0	0	32	32,0,0,0
fanout-4-repeat-3	583	1,2,3,0	1	32	0,32,0,0
fanout-4-repeat-3	584	1,2,3,0	1	32	0,32,0,0
fanout-4-repeat-3	585	1,2,3,0	1	32	0,32,0,0
fanout-4-repeat-3	586	1,2,3,0	3	32	0,0,0,32
fanout-4-repeat-3	587	1,2,3,0	2	32	0,0,32,0
fanout-4-repeat-3	588	1,2,3,0	1	32	0,32,0,0
fanout-4-repeat-3	589	1,2,3,0	1	32	0,32,0,0
fanout-4-repeat-3	590	1,2,3,0	2	32	0,0,32,0
fanout-4-repeat-3	591	1,2,3,0	3	32	0,0,0,32
fanout-4-repeat-3	592	1,2,3,0	1	32	0,32,0,0
fanout-4-repeat-3	593	1,2,3,0	1	32	0,32,0,0
fanout-4-repeat-3	594	1,2,3,0	1	32	0,32,0,0
fanout-4-repeat-3	595	1,2,3,0	1	32	0,32,0,0
fanout-4-repeat-3	596	1,2,3,0	1	32	0,32,0,0
fanout-4-repeat-3	597	1,2,3,0	0	32	32,0,0,0
fanout-4-repeat-3	598	1,2,3,0	1	32	0,32,0,0
fanout-4-repeat-3	599	1,2,3,0	1	32	0,32,0,0
fanout-4-repeat-3	600	1,2,3,0	1	32	0,32,0,0
fanout-4-repeat-3	601	1,2,3,0	2	32	0,0,32,0
fanout-4-repeat-3	602	1,2,3,0	0	32	32,0,0,0
fanout-4-repeat-3	603	1,2,3,0	3	32	0,0,0,32
fanout-4-repeat-3	604	1,2,3,0	1	32	0,32,0,0
fanout-4-repeat-3	605	1,2,3,0	3	32	0,0,0,32
fanout-4-repeat-3	606	1,2,3,0	1	32	0,32,0,0
fanout-4-repeat-3	607	1,2,3,0	1	32	0,32,0,0
fanout-4-repeat-3	608	1,2,3,0	1	32	0,32,0,0
fanout-4-repeat-3	609	1,2,3,0	0	32	32,0,0,0
fanout-4-repeat-3	610	1,2,3,0	2	32	0,0,32,0
fanout-4-repeat-3	611	1,2,3,0	3	32	0,0,0,32
fanout-4-repeat-3	612	1,2,3,0	1	32	0,32,0,0
fanout-4-repeat-3	613	1,2,3,0	1	32	0,32,0,0
fanout-4-repeat-3	614	1,2,3,0	3	32	0,0,0,32
fanout-4-repeat-3	615	1,2,3,0	3	32	0,0,0,32
fanout-4-repeat-3	616	1,2,3,0	1	32	0,32,0,0
fanout-4-repeat-3	617	1,2,3,0	2	32	0,0,32,0
fanout-4-repeat-3	618	1,2,3,0	1	32	0,32,0,0
fanout-4-repeat-3	619	1,2,3,0	2	32	0,0,32,0
fanout-4-repeat-3	620	1,2,3,0	1	32	0,32,0,0
fanout-4-repeat-3	621	1,2,3,0	2	32	0,0,32,0
fanout-4-repeat-3	622	1,2,3,0	1	32	0,32,0,0
fanout-4-repeat-3	623	1,2,3,0	2	32	0,0,32,0
fanout-4-repeat-3	624	1,2,3,0	1	32	0,32,0,0
fanout-4-repeat-3	625	1,2,3,0	1	32	0,32,0,0
fanout-4-repeat-3	626	1,2,3,0	2	32	0,0,32,0
fanout-4-repeat-3	627	1,2,3,0	2	32	0,0,32,0
fanout-4-repeat-3	628	1,2,3,0	1	32	0,32,0,0
fanout-4-repeat-3	629	1,2,3,0	0	32	32,0,0,0
fanout-4-repeat-3	630	1,2,3,0	1	32	0,32,0,0
fanout-4-repeat-3	631	1,2,3,0	2	32	0,0,32,0
fanout-4-repeat-3	632	1,2,3,0	1	32	0,32,0,0
fanout-4-repeat-3	633	1,2,3,0	1	32	0,32,0,0
fanout-4-repeat-3	634	1,2,3,0	1	32	0,32,0,0
fanout-4-repeat-3	635	1,2,3,0	2	32	0,0,32,0
fanout-4-repeat-3	636	1,2,3,0	1	32	0,32,0,0
fanout-4-repeat-3	637	1,2,3,0	3	32	0,0,0,32
fanout-4-repeat-3	638	1,2,3,0	3	32	0,0,0,32
fanout-4-repeat-3	639	1,2,3,0	2	32	0,0,32,0
fanout-4-repeat-3	640	1,2,3,0	1	32	0,32,0,0
fanout-4-repeat-3	641	1,2,3,0	3	32	0,0,0,32
fanout-4-repeat-3	642	1,2,3,0	1	32	0,32,0,0
fanout-4-repeat-3	643	1,2,3,0	0	32	32,0,0,0
fanout-4-repeat-3	644	1,2,3,0	1	32	0,32,0,0
fanout-4-repeat-3	645	1,2,3,0	0	32	32,0,0,0
fanout-4-repeat-3	646	1,2,3,0	2	32	0,0,32,0
fanout-4-repeat-3	647	1,2,3,0	1	32	0,32,0,0
fanout-4-repeat-3	648	1,2,3,0	1	32	0,32,0,0
fanout-4-repeat-3	649	1,2,3,0	2	32	0,0,32,0
fanout-4-repeat-3	650	1,2,3,0	1	32	0,32,0,0
fanout-4-repeat-3	651	1,2,3,0	3	32	0,0,0,32
fanout-4-repeat-3	652	1,2,3,0	1	32	0,32,0,0
fanout-4-repeat-3	653	1,2,3,0	2	32	0,0,32,0
fanout-4-repeat-3	654	1,2,3,0	1	32	0,32,0,0
fanout-4-repeat-3	655	1,2,3,0	0	32	32,0,0,0
fanout-4-repeat-3	656	1,2,3,0	1	32	0,32,0,0
fanout-4-repeat-3	657	1,2,3,0	3	32	0,0,0,32
fanout-4-repeat-3	658	1,2,3,0	0	32	32,0,0,0
fanout-4-repeat-3	659	1,2,3,0	2	32	0,0,32,0
fanout-4-repeat-3	660	1,2,3,0	1	32	0,32,0,0
fanout-4-repeat-3	661	1,2,3,0	3	32	0,0,0,32
fanout-4-repeat-3	662	1,2,3,0	2	32	0,0,32,0
fanout-4-repeat-3	663	1,2,3,0	2	32	0,0,32,0
fanout-4-repeat-3	664	1,2,3,0	1	32	0,32,0,0
fanout-4-repeat-3	665	1,2,3,0	1	32	0,32,0,0
fanout-4-repeat-3	666	1,2,3,0	3	32	0,0,0,32
fanout-4-repeat-3	667	1,2,3,0	3	32	0,0,0,32
fanout-4-repeat-3	668	1,2,3,0	1	32	0,32,0,0
fanout-4-repeat-3	669	1,2,3,0	1	32	0,32,0,0
fanout-4-repeat-3	670	1,2,3,0	1	32	0,32,0,0
fanout-4-repeat-3	671	1,2,3,0	0	32	32,0,0,0
fanout-4-repeat-3	672	1,2,3,0	1	32	0,32,0,0
fanout-4-repeat-3	673	1,2,3,0	0	32	32,0,0,0
fanout-4-repeat-3	674	1,2,3,0	3	32	0,0,0,32
fanout-4-repeat-3	675	1,2,3,0	2	32	0,0,32,0
fanout-4-repeat-3	676	1,2,3,0	1	32	0,32,0,0
fanout-4-repeat-3	677	1,2,3,0	3	32	0,0,0,32
fanout-4-repeat-3	678	1,2,3,0	0	32	32,0,0,0
fanout-4-repeat-3	679	1,2,3,0	2	32	0,0,32,0
fanout-4-repeat-3	680	1,2,3,0	1	32	0,32,0,0
fanout-4-repeat-3	681	1,2,3,0	2	32	0,0,32,0
fanout-4-repeat-3	682	1,2,3,0	2	32	0,0,32,0
fanout-4-repeat-3	683	1,2,3,0	2	32	0,0,32,0
fanout-4-repeat-3	684	1,2,3,0	1	32	0,32,0,0
fanout-4-repeat-3	685	1,2,3,0	1	32	0,32,0,0
fanout-4-repeat-3	686	1,2,3,0	0	32	32,0,0,0
fanout-4-repeat-3	687	1,2,3,0	3	32	0,0,0,32
fanout-4-repeat-3	688	1,2,3,0	1	32	0,32,0,0
fanout-4-repeat-3	689	1,2,3,0	0	32	32,0,0,0
fanout-4-repeat-3	690	1,2,3,0	3	32	0,0,0,32
fanout-4-repeat-3	691	1,2,3,0	1	32	0,32,0,0
fanout-4-repeat-3	692	1,2,3,0	1	32	0,32,0,0
fanout-4-repeat-3	693	1,2,3,0	3	32	0,0,0,32
fanout-4-repeat-3	694	1,2,3,0	0	32	32,0,0,0
fanout-4-repeat-3	695	1,2,3,0	2	32	0,0,32,0
fanout-4-repeat-3	696	1,2,3,0	1	32	0,32,0,0
fanout-4-repeat-3	697	1,2,3,0	1	32	0,32,0,0
fanout-4-repeat-3	698	1,2,3,0	0	32	32,0,0,0
fanout-4-repeat-3	699	1,2,3,0	0	32	32,0,0,0
fanout-4-repeat-3	700	1,2,3,0	1	32	0,32,0,0
fanout-4-repeat-3	701	1,2,3,0	1	32	0,32,0,0
fanout-4-repeat-3	702	1,2,3,0	3	32	0,0,0,32
fanout-4-repeat-3	703	1,2,3,0	0	32	32,0,0,0
fanout-4-repeat-3	704	1,2,3,0	1	32	0,32,0,0
fanout-4-repeat-3	705	1,2,3,0	1	32	0,32,0,0
fanout-4-repeat-3	706	1,2,3,0	1	32	0,32,0,0
fanout-4-repeat-3	707	1,2,3,0	0	32	32,0,0,0
fanout-4-repeat-3	708	1,2,3,0	1	32	0,32,0,0
fanout-4-repeat-3	709	1,2,3,0	2	32	0,0,32,0
fanout-4-repeat-3	710	1,2,3,0	3	32	0,0,0,32
fanout-4-repeat-3	711	1,2,3,0	2	32	0,0,32,0
fanout-4-repeat-3	712	1,2,3,0	1	32	0,32,0,0
fanout-4-repeat-3	713	1,2,3,0	0	32	32,0,0,0
fanout-4-repeat-3	714	1,2,3,0	3	32	0,0,0,32
fanout-4-repeat-3	715	1,2,3,0	1	32	0,32,0,0
fanout-4-repeat-3	716	1,2,3,0	1	32	0,32,0,0
fanout-4-repeat-3	717	1,2,3,0	1	32	0,32,0,0
fanout-4-repeat-3	718	1,2,3,0	1	32	0,32,0,0
fanout-4-repeat-3	719	1,2,3,0	2	32	0,0,32,0
fanout-4-repeat-3	720	1,2,3,0	1	32	0,32,0,0
fanout-4-repeat-3	721	1,2,3,0	0	32	32,0,0,0
fanout-4-repeat-3	722	1,2,3,0	0	32	32,0,0,0
fanout-4-repeat-3	723	1,2,3,0	1	32	0,32,0,0
fanout-4-repeat-3	724	1,2,3,0	1	32	0,32,0,0
fanout-4-repeat-3	725	1,2,3,0	1	32	0,32,0,0
fanout-4-repeat-3	726	1,2,3,0	1	32	0,32,0,0
fanout-4-repeat-3	727	1,2,3,0	2	32	0,0,32,0
fanout-4-repeat-3	728	1,2,3,0	1	32	0,32,0,0
fanout-4-repeat-3	729	1,2,3,0	1	32	0,32,0,0
fanout-4-repeat-3	730	1,2,3,0	2	32	0,0,32,0
fanout-4-repeat-3	731	1,2,3,0	2	32	0,0,32,0
fanout-4-repeat-3	732	1,2,3,0	1	32	0,32,0,0
fanout-4-repeat-3	733	1,2,3,0	2	32	0,0,32,0
fanout-4-repeat-3	734	1,2,3,0	3	32	0,0,0,32
fanout-4-repeat-3	735	1,2,3,0	1	32	0,32,0,0
fanout-4-repeat-3	736	1,2,3,0	1	32	0,32,0,0
fanout-4-repeat-3	737	1,2,3,0	0	32	32,0,0,0
fanout-4-repeat-3	738	1,2,3,0	0	32	32,0,0,0
fanout-4-repeat-3	739	1,2,3,0	2	32	0,0,32,0
fanout-4-repeat-3	740	1,2,3,0	1	32	0,32,0,0
fanout-4-repeat-3	741	1,2,3,0	2	32	0,0,32,0
fanout-4-repeat-3	742	1,2,3,0	2	32	0,0,32,0
fanout-4-repeat-3	743	1,2,3,0	3	32	0,0,0,32
fanout-4-repeat-3	744	1,2,3,0	1	32	0,32,0,0
fanout-4-repeat-3	745	1,2,3,0	0	32	32,0,0,0
fanout-4-repeat-3	746	1,2,3,0	3	32	0,0,0,32
fanout-4-repeat-3	747	1,2,3,0	1	32	0,32,0,0
fanout-4-repeat-3	748	1,2,3,0	1	32	0,32,0,0
fanout-4-repeat-3	749	1,2,3,0	3	32	0,0,0,32
fanout-4-repeat-3	750	1,2,3,0	2	32	0,0,32,0
fanout-4-repeat-3	751	1,2,3,0	3	32	0,0,0,32
fanout-4-repeat-3	752	1,2,3,0	1	32	0,32,0,0
fanout-4-repeat-3	753	1,2,3,0	2	32	0,0,32,0
fanout-4-repeat-3	754	1,2,3,0	2	32	0,0,32,0
fanout-4-repeat-3	755	1,2,3,0	3	32	0,0,0,32
fanout-4-repeat-3	756	1,2,3,0	1	32	0,32,0,0
fanout-4-repeat-3	757	1,2,3,0	2	32	0,0,32,0
fanout-4-repeat-3	758	1,2,3,0	1	32	0,32,0,0
fanout-4-repeat-3	759	1,2,3,0	3	32	0,0,0,32
fanout-4-repeat-3	760	1,2,3,0	1	32	0,32,0,0
fanout-4-repeat-3	761	1,2,3,0	3	32	0,0,0,32
fanout-4-repeat-3	762	1,2,3,0	1	32	0,32,0,0
fanout-4-repeat-3	763	1,2,3,0	3	32	0,0,0,32
fanout-4-repeat-3	764	1,2,3,0	1	32	0,32,0,0
fanout-4-repeat-3	765	1,2,3,0	2	32	0,0,32,0
fanout-4-repeat-3	766	1,2,3,0	1	32	0,32,0,0
fanout-4-repeat-3	767	1,2,3,0	3	32	0,0,0,32
fanout-4-repeat-3	768	1,2,3,0	1	32	0,32,0,0
fanout-4-repeat-3	769	1,2,3,0	1	32	0,32,0,0
fanout-4-repeat-3	770	1,2,3,0	1	32	0,32,0,0
fanout-4-repeat-3	771	1,2,3,0	3	32	0,0,0,32
fanout-4-repeat-3	772	1,2,3,0	1	32	0,32,0,0
fanout-4-repeat-3	773	1,2,3,0	1	32	0,32,0,0
fanout-4-repeat-3	774	1,2,3,0	0	32	32,0,0,0
fanout-4-repeat-3	775	1,2,3,0	1	32	0,32,0,0
fanout-4-repeat-3	776	1,2,3,0	1	32	0,32,0,0
fanout-4-repeat-3	777	1,2,3,0	2	32	0,0,32,0
fanout-4-repeat-3	778	1,2,3,0	3	32	0,0,0,32
fanout-4-repeat-3	779	1,2,3,0	0	32	32,0,0,0
fanout-4-repeat-3	780	1,2,3,0	1	32	0,32,0,0
fanout-4-repeat-3	781	1,2,3,0	3	32	0,0,0,32
fanout-4-repeat-3	782	1,2,3,0	1	32	0,32,0,0
fanout-4-repeat-3	783	1,2,3,0	0	32	32,0,0,0
fanout-4-repeat-3	784	1,2,3,0	1	32	0,32,0,0
fanout-4-repeat-3	785	1,2,3,0	1	32	0,32,0,0
fanout-4-repeat-3	786	1,2,3,0	2	32	0,0,32,0
fanout-4-repeat-3	787	1,2,3,0	3	32	0,0,0,32
fanout-4-repeat-3	788	1,2,3,0	1	32	0,32,0,0
fanout-4-repeat-3	789	1,2,3,0	2	32	0,0,32,0
fanout-4-repeat-3	790	1,2,3,0	2	32	0,0,32,0
fanout-4-repeat-3	791	1,2,3,0	0	32	32,0,0,0
fanout-4-repeat-3	792	1,2,3,0	1	32	0,32,0,0
fanout-4-repeat-3	793	1,2,3,0	2	32	0,0,32,0
fanout-4-repeat-3	794	1,2,3,0	1	32	0,32,0,0
fanout-4-repeat-3	795	1,2,3,0	2	32	0,0,32,0
fanout-4-repeat-3	796	1,2,3,0	1	32	0,32,0,0
fanout-4-repeat-3	797	1,2,3,0	1	32	0,32,0,0
fanout-4-repeat-3	798	1,2,3,0	1	32	0,32,0,0
fanout-4-repeat-3	799	1,2,3,0	1	32	0,32,0,0
fanout-4-repeat-3	800	1,2,3,0	1	32	0,32,0,0
fanout-4-repeat-3	801	1,2,3,0	1	32	0,32,0,0
fanout-4-repeat-3	802	1,2,3,0	3	32	0,0,0,32
fanout-4-repeat-3	803	1,2,3,0	0	32	32,0,0,0
fanout-4-repeat-3	804	1,2,3,0	1	32	0,32,0,0
fanout-4-repeat-3	805	1,2,3,0	2	32	0,0,32,0
fanout-4-repeat-3	806	1,2,3,0	2	32	0,0,32,0
fanout-4-repeat-3	807	1,2,3,0	1	32	0,32,0,0
fanout-4-repeat-3	808	1,2,3,0	1	32	0,32,0,0
fanout-4-repeat-3	809	1,2,3,0	1	32	0,32,0,0
fanout-4-repeat-3	810	1,2,3,0	3	32	0,0,0,32
fanout-4-repeat-3	811	1,2,3,0	0	32	32,0,0,0
fanout-4-repeat-3	812	1,2,3,0	1	32	0,32,0,0
fanout-4-repeat-3	813	1,2,3,0	3	32	0,0,0,32
fanout-4-repeat-3	814	1,2,3,0	3	32	0,0,0,32
fanout-4-repeat-3	815	1,2,3,0	3	32	0,0,0,32
fanout-4-repeat-3	816	1,2,3,0	1	32	0,32,0,0
fanout-4-repeat-3	817	1,2,3,0	3	32	0,0,0,32
fanout-4-repeat-3	818	1,2,3,0	3	32	0,0,0,32
fanout-4-repeat-3	819	1,2,3,0	3	32	0,0,0,32
fanout-4-repeat-3	820	1,2,3,0	1	32	0,32,0,0
fanout-4-repeat-3	821	1,2,3,0	0	32	32,0,0,0
fanout-4-repeat-3	822	1,2,3,0	1	32	0,32,0,0
fanout-4-repeat-3	823	1,2,3,0	1	32	0,32,0,0
fanout-4-repeat-3	824	1,2,3,0	1	32	0,32,0,0
fanout-4-repeat-3	825	1,2,3,0	3	32	0,0,0,32
fanout-4-repeat-3	826	1,2,3,0	1	32	0,32,0,0
fanout-4-repeat-3	827	1,2,3,0	1	32	0,32,0,0
fanout-4-repeat-3	828	1,2,3,0	1	32	0,32,0,0
fanout-4-repeat-3	829	1,2,3,0	1	32	0,32,0,0
fanout-4-repeat-3	830	1,2,3,0	0	32	32,0,0,0
fanout-4-repeat-3	831	1,2,3,0	0	32	32,0,0,0
fanout-4-repeat-3	832	1,2,3,0	1	32	0,32,0,0
fanout-4-repeat-3	833	1,2,3,0	1	32	0,32,0,0
fanout-4-repeat-3	834	1,2,3,0	2	32	0,0,32,0
fanout-4-repeat-3	835	1,2,3,0	3	32	0,0,0,32
fanout-4-repeat-3	836	1,2,3,0	1	32	0,32,0,0
fanout-4-repeat-3	837	1,2,3,0	0	32	32,0,0,0
fanout-4-repeat-3	838	1,2,3,0	0	32	32,0,0,0
fanout-4-repeat-3	839	1,2,3,0	0	32	32,0,0,0
fanout-4-repeat-3	840	1,2,3,0	1	32	0,32,0,0
fanout-4-repeat-3	841	1,2,3,0	1	32	0,32,0,0
fanout-4-repeat-3	842	1,2,3,0	3	32	0,0,0,32
fanout-4-repeat-3	843	1,2,3,0	2	32	0,0,32,0
fanout-4-repeat-3	844	1,2,3,0	1	32	0,32,0,0
fanout-4-repeat-3	845	1,2,3,0	1	32	0,32,0,0
fanout-4-repeat-3	846	1,2,3,0	0	32	32,0,0,0
fanout-4-repeat-3	847	1,2,3,0	2	32	0,0,32,0
fanout-4-repeat-3	848	1,2,3,0	1	32	0,32,0,0
fanout-4-repeat-3	849	1,2,3,0	1	32	0,32,0,0
fanout-4-repeat-3	850	1,2,3,0	0	32	32,0,0,0
fanout-4-repeat-3	851	1,2,3,0	0	32	32,0,0,0
fanout-4-repeat-3	852	1,2,3,0	1	32	0,32,0,0
fanout-4-repeat-3	853	1,2,3,0	1	32	0,32,0,0
fanout-4-repeat-3	854	1,2,3,0	2	32	0,0,32,0
fanout-4-repeat-3	855	1,2,3,0	1	32	0,32,0,0
fanout-4-repeat-3	856	1,2,3,0	1	32	0,32,0,0
fanout-4-repeat-3	857	1,2,3,0	3	32	0,0,0,32
fanout-4-repeat-3	858	1,2,3,0	3	32	0,0,0,32
fanout-4-repeat-3	859	1,2,3,0	3	32	0,0,0,32
fanout-4-repeat-3	860	1,2,3,0	1	32	0,32,0,0
fanout-4-repeat-3	861	1,2,3,0	1	32	0,32,0,0
fanout-4-repeat-3	862	1,2,3,0	3	32	0,0,0,32
fanout-4-repeat-3	863	1,2,3,0	1	32	0,32,0,0
fanout-4-repeat-3	864	1,2,3,0	1	32	0,32,0,0
fanout-4-repeat-3	865	1,2,3,0	2	32	0,0,32,0
fanout-4-repeat-3	866	1,2,3,0	0	32	32,0,0,0
fanout-4-repeat-3	867	1,2,3,0	2	32	0,0,32,0
fanout-4-repeat-3	868	1,2,3,0	1	32	0,32,0,0
fanout-4-repeat-3	869	1,2,3,0	3	32	0,0,0,32
fanout-4-repeat-3	870	1,2,3,0	2	32	0,0,32,0
fanout-4-repeat-3	871	1,2,3,0	0	32	32,0,0,0
fanout-4-repeat-3	872	1,2,3,0	1	32	0,32,0,0
fanout-4-repeat-3	873	1,2,3,0	3	32	0,0,0,32
fanout-4-repeat-3	874	1,2,3,0	3	32	0,0,0,32
fanout-4-repeat-3	875	1,2,3,0	2	32	0,0,32,0
fanout-4-repeat-3	876	1,2,3,0	1	32	0,32,0,0
fanout-4-repeat-3	877	1,2,3,0	1	32	0,32,0,0
fanout-4-repeat-3	878	1,2,3,0	3	32	0,0,0,32
fanout-4-repeat-3	879	1,2,3,0	0	32	32,0,0,0
fanout-4-repeat-3	880	1,2,3,0	1	32	0,32,0,0
fanout-4-repeat-3	881	1,2,3,0	3	32	0,0,0,32
fanout-4-repeat-3	882	1,2,3,0	1	32	0,32,0,0
fanout-4-repeat-3	883	1,2,3,0	3	32	0,0,0,32
fanout-4-repeat-3	884	1,2,3,0	1	32	0,32,0,0
fanout-4-repeat-3	885	1,2,3,0	3	32	0,0,0,32
fanout-4-repeat-3	886	1,2,3,0	0	32	32,0,0,0
fanout-4-repeat-3	887	1,2,3,0	2	32	0,0,32,0
fanout-4-repeat-3	888	1,2,3,0	1	32	0,32,0,0
fanout-4-repeat-3	889	1,2,3,0	0	32	32,0,0,0
fanout-4-repeat-3	890	1,2,3,0	1	32	0,32,0,0
fanout-4-repeat-3	891	1,2,3,0	2	32	0,0,32,0
fanout-4-repeat-3	892	1,2,3,0	1	32	0,32,0,0
fanout-4-repeat-3	893	1,2,3,0	2	32	0,0,32,0
fanout-4-repeat-3	894	1,2,3,0	0	32	32,0,0,0
fanout-4-repeat-3	895	1,2,3,0	3	32	0,0,0,32
fanout-4-repeat-3	896	1,2,3,0	1	32	0,32,0,0
fanout-4-repeat-3	897	1,2,3,0	2	32	0,0,32,0
fanout-4-repeat-3	898	1,2,3,0	1	32	0,32,0,0
fanout-4-repeat-3	899	1,2,3,0	3	32	0,0,0,32
fanout-4-repeat-3	900	1,2,3,0	1	32	0,32,0,0
fanout-4-repeat-3	901	1,2,3,0	0	32	32,0,0,0
fanout-4-repeat-3	902	1,2,3,0	3	32	0,0,0,32
fanout-4-repeat-3	903	1,2,3,0	3	32	0,0,0,32
fanout-4-repeat-3	904	1,2,3,0	1	32	0,32,0,0
fanout-4-repeat-3	905	1,2,3,0	3	32	0,0,0,32
fanout-4-repeat-3	906	1,2,3,0	1	32	0,32,0,0
fanout-4-repeat-3	907	1,2,3,0	0	32	32,0,0,0
fanout-4-repeat-3	908	1,2,3,0	1	32	0,32,0,0
fanout-4-repeat-3	909	1,2,3,0	1	32	0,32,0,0
fanout-4-repeat-3	910	1,2,3,0	2	32	0,0,32,0
fanout-4-repeat-3	911	1,2,3,0	2	32	0,0,32,0
fanout-4-repeat-3	912	1,2,3,0	1	32	0,32,0,0
fanout-4-repeat-3	913	1,2,3,0	3	32	0,0,0,32
fanout-4-repeat-3	914	1,2,3,0	2	32	0,0,32,0
fanout-4-repeat-3	915	1,2,3,0	3	32	0,0,0,32
fanout-4-repeat-3	916	1,2,3,0	1	32	0,32,0,0
fanout-4-repeat-3	917	1,2,3,0	2	32	0,0,32,0
fanout-4-repeat-3	918	1,2,3,0	1	32	0,32,0,0
fanout-4-repeat-3	919	1,2,3,0	3	32	0,0,0,32
fanout-4-repeat-3	920	1,2,3,0	1	32	0,32,0,0
fanout-4-repeat-3	921	1,2,3,0	1	32	0,32,0,0
fanout-4-repeat-3	922	1,2,3,0	3	32	0,0,0,32
fanout-4-repeat-3	923	1,2,3,0	0	32	32,0,0,0
fanout-4-repeat-3	924	1,2,3,0	1	32	0,32,0,0
fanout-4-repeat-3	925	1,2,3,0	3	32	0,0,0,32
fanout-4-repeat-3	926	1,2,3,0	2	32	0,0,32,0
fanout-4-repeat-3	927	1,2,3,0	2	32	0,0,32,0
fanout-4-repeat-3	928	1,2,3,0	1	32	0,32,0,0
fanout-4-repeat-3	929	1,2,3,0	3	32	0,0,0,32
fanout-4-repeat-3	930	1,2,3,0	2	32	0,0,32,0
fanout-4-repeat-3	931	1,2,3,0	2	32	0,0,32,0
fanout-4-repeat-3	932	1,2,3,0	1	32	0,32,0,0
fanout-4-repeat-3	933	1,2,3,0	3	32	0,0,0,32
fanout-4-repeat-3	934	1,2,3,0	2	32	0,0,32,0
fanout-4-repeat-3	935	1,2,3,0	2	32	0,0,32,0
fanout-4-repeat-3	936	1,2,3,0	1	32	0,32,0,0
fanout-4-repeat-3	937	1,2,3,0	1	32	0,32,0,0
fanout-4-repeat-3	938	1,2,3,0	3	32	0,0,0,32
fanout-4-repeat-3	939	1,2,3,0	1	32	0,32,0,0
fanout-4-repeat-3	940	1,2,3,0	1	32	0,32,0,0
fanout-4-repeat-3	941	1,2,3,0	2	32	0,0,32,0
fanout-4-repeat-3	942	1,2,3,0	3	32	0,0,0,32
fanout-4-repeat-3	943	1,2,3,0	3	32	0,0,0,32
fanout-4-repeat-3	944	1,2,3,0	1	32	0,32,0,0
fanout-4-repeat-3	945	1,2,3,0	3	32	0,0,0,32
fanout-4-repeat-3	946	1,2,3,0	1	32	0,32,0,0
fanout-4-repeat-3	947	1,2,3,0	1	32	0,32,0,0
fanout-4-repeat-3	948	1,2,3,0	1	32	0,32,0,0
fanout-4-repeat-3	949	1,2,3,0	3	32	0,0,0,32
fanout-4-repeat-3	950	1,2,3,0	0	32	32,0,0,0
fanout-4-repeat-3	951	1,2,3,0	3	32	0,0,0,32
fanout-4-repeat-3	952	1,2,3,0	1	32	0,32,0,0
fanout-4-repeat-3	953	1,2,3,0	2	32	0,0,32,0
fanout-4-repeat-3	954	1,2,3,0	3	32	0,0,0,32
fanout-4-repeat-3	955	1,2,3,0	2	32	0,0,32,0
fanout-4-repeat-3	956	1,2,3,0	1	32	0,32,0,0
fanout-4-repeat-3	957	1,2,3,0	1	32	0,32,0,0
fanout-4-repeat-3	958	1,2,3,0	2	32	0,0,32,0
fanout-4-repeat-3	959	1,2,3,0	2	32	0,0,32,0
fanout-4-repeat-3	960	1,2,3,0	1	32	0,32,0,0
fanout-4-repeat-3	961	1,2,3,0	2	32	0,0,32,0
fanout-4-repeat-3	962	1,2,3,0	3	32	0,0,0,32
fanout-4-repeat-3	963	1,2,3,0	3	32	0,0,0,32
fanout-4-repeat-3	964	1,2,3,0	1	32	0,32,0,0
fanout-4-repeat-3	965	1,2,3,0	3	32	0,0,0,32
fanout-4-repeat-3	966	1,2,3,0	0	32	32,0,0,0
fanout-4-repeat-3	967	1,2,3,0	0	32	32,0,0,0
fanout-4-repeat-3	968	1,2,3,0	1	32	0,32,0,0
fanout-4-repeat-3	969	1,2,3,0	0	32	32,0,0,0
fanout-4-repeat-3	970	1,2,3,0	2	32	0,0,32,0
fanout-4-repeat-3	971	1,2,3,0	3	32	0,0,0,32
fanout-4-repeat-3	972	1,2,3,0	1	32	0,32,0,0
fanout-4-repeat-3	973	1,2,3,0	0	32	32,0,0,0
fanout-4-repeat-3	974	1,2,3,0	2	32	0,0,32,0
fanout-4-repeat-3	975	1,2,3,0	1	32	0,32,0,0
fanout-4-repeat-3	976	1,2,3,0	1	32	0,32,0,0
fanout-4-repeat-3	977	1,2,3,0	3	32	0,0,0,32
fanout-4-repeat-3	978	1,2,3,0	2	32	0,0,32,0
fanout-4-repeat-3	979	1,2,3,0	0	32	32,0,0,0
fanout-4-repeat-3	980	1,2,3,0	1	32	0,32,0,0
fanout-4-repeat-3	981	1,2,3,0	2	32	0,0,32,0
fanout-4-repeat-3	982	1,2,3,0	1	32	0,32,0,0
fanout-4-repeat-3	983	1,2,3,0	1	32	0,32,0,0
fanout-4-repeat-3	984	1,2,3,0	1	32	0,32,0,0
fanout-4-repeat-3	985	1,2,3,0	0	32	32,0,0,0
fanout-4-repeat-3	986	1,2,3,0	2	32	0,0,32,0
fanout-4-repeat-3	987	1,2,3,0	0	32	32,0,0,0
fanout-4-repeat-3	988	1,2,3,0	1	32	0,32,0,0
fanout-4-repeat-3	989	1,2,3,0	1	32	0,32,0,0
fanout-4-repeat-3	990	1,2,3,0	1	32	0,32,0,0
fanout-4-repeat-3	991	1,2,3,0	0	32	32,0,0,0
fanout-4-repeat-3	992	1,2,3,0	1	32	0,32,0,0
fanout-4-repeat-3	993	1,2,3,0	1	32	0,32,0,0
fanout-4-repeat-3	994	1,2,3,0	2	32	0,0,32,0
fanout-4-repeat-3	995	1,2,3,0	2	32	0,0,32,0
fanout-4-repeat-3	996	1,2,3,0	1	32	0,32,0,0
fanout-4-repeat-3	997	1,2,3,0	0	32	32,0,0,0
fanout-4-repeat-3	998	1,2,3,0	1	32	0,32,0,0
fanout-4-repeat-3	999	1,2,3,0	2	32	0,0,32,0
fanout-4-repeat-3	1000	1,2,3,0	1	32	0,32,0,0
fanout-4-repeat-3	1001	1,2,3,0	3	32	0,0,0,32
fanout-4-repeat-3	1002	1,2,3,0	2	32	0,0,32,0
fanout-4-repeat-3	1003	1,2,3,0	0	32	32,0,0,0
fanout-4-repeat-3	1004	1,2,3,0	1	32	0,32,0,0
fanout-4-repeat-3	1005	1,2,3,0	3	32	0,0,0,32
fanout-4-repeat-3	1006	1,2,3,0	0	32	32,0,0,0
fanout-4-repeat-3	1007	1,2,3,0	1	32	0,32,0,0
fanout-4-repeat-3	1008	1,2,3,0	1	32	0,32,0,0
fanout-4-repeat-3	1009	1,2,3,0	3	32	0,0,0,32
fanout-4-repeat-3	1010	1,2,3,0	2	32	0,0,32,0
fanout-4-repeat-3	1011	1,2,3,0	3	32	0,0,0,32
fanout-4-repeat-3	1012	1,2,3,0	1	32	0,32,0,0
fanout-4-repeat-3	1013	1,2,3,0	2	32	0,0,32,0
fanout-4-repeat-3	1014	1,2,3,0	0	32	32,0,0,0
fanout-4-repeat-3	1015	1,2,3,0	1	32	0,32,0,0
fanout-4-repeat-3	1016	1,2,3,0	1	32	0,32,0,0
fanout-4-repeat-3	1017	1,2,3,0	1	32	0,32,0,0
fanout-4-repeat-3	1018	1,2,3,0	3	32	0,0,0,32
fanout-4-repeat-3	1019	1,2,3,0	3	32	0,0,0,32
fanout-4-repeat-3	1020	1,2,3,0	1	32	0,32,0,0
fanout-4-repeat-3	1021	1,2,3,0	0	32	32,0,0,0
fanout-4-repeat-3	1022	1,2,3,0	3	32	0,0,0,32
fanout-4-repeat-3	1023	1,2,3,0	2	32	0,0,32,0
fanout-4-repeat-3	1024	1,2,3,0	1	32	0,32,0,0
fanout-4-repeat-3	1025	1,2,3,0	2	32	0,0,32,0
