case	packet	reserve	rooms	losses	debit	credits
observed-transformer-batches.tsv/LV-rooms40000000-40000000/21	32	256	40000000,40000000	0,0	128	0,128
observed-transformer-batches.tsv/LV-rooms40000000-40000000/22	32	128	40000000,39999872	0,0	128	0,128
observed-transformer-batches.tsv/LV-rooms40000000-40000000/23	32	0	40000000,39999744	0,0	0	0,0
observed-transformer-batches.tsv/LV-rooms40000000-40000000/24	32	0	40000000,39999744	0,0	0	0,0
observed-transformer-batches.tsv/LV-rooms40000000-40000000/25	32	0	40000000,39999744	0,0	0	0,0
observed-transformer-batches.tsv/LV-rooms40000000-40000000/26	32	0	40000000,39999744	0,0	0	0,0
observed-transformer-batches.tsv/LV-rooms40000000-40000000/27	32	0	40000000,39999744	0,0	0	0,0
observed-transformer-batches.tsv/LV-rooms40000000-40000000/28	32	0	40000000,39999744	0,0	0	0,0
observed-transformer-batches.tsv/LV-rooms40000000-40000000/29	32	0	40000000,39999744	0,0	0	0,0
observed-transformer-batches.tsv/LV-rooms40000000-40000000/30	32	0	40000000,39999744	0,0	0	0,0
observed-transformer-batches.tsv/LV-rooms40000000-40000000/31	32	0	40000000,39999744	0,0	0	0,0
observed-transformer-batches.tsv/LV-rooms40000000-40000000/32	32	0	40000000,39999744	0,0	0	0,0
observed-transformer-batches.tsv/LV-rooms40000000-40000000/33	32	0	40000000,39999744	0,0	0	0,0
observed-transformer-batches.tsv/LV-rooms40000000-40000000/34	32	0	40000000,39999744	0,0	0	0,0
observed-transformer-batches.tsv/LV-rooms40000000-40000000/35	32	0	40000000,39999744	0,0	0	0,0
observed-transformer-batches.tsv/LV-rooms40000000-40000000/36	32	0	40000000,39999744	0,0	0	0,0
observed-transformer-batches.tsv/LV-rooms40000000-40000000/37	32	0	40000000,39999744	0,0	0	0,0
observed-transformer-batches.tsv/LV-rooms40000000-40000000/38	32	0	40000000,39999744	0,0	0	0,0
observed-transformer-batches.tsv/LV-rooms40000000-40000000/39	32	0	40000000,39999744	0,0	0	0,0
observed-transformer-batches.tsv/LV-rooms40000000-40000000/40	32	0	40000000,39999744	0,0	0	0,0
observed-transformer-batches.tsv/LV-rooms40000000-40000000/41	32	0	40000000,39999744	0,0	0	0,0
observed-transformer-batches.tsv/LV-rooms40000000-40000000/42	32	0	40000000,39999744	0,0	0	0,0
observed-transformer-batches.tsv/LV-rooms40000000-40000000/43	32	0	40000000,39999744	0,0	0	0,0
observed-transformer-batches.tsv/LV-rooms40000000-40000000/44	32	0	40000000,39999744	0,0	0	0,0
observed-transformer-batches.tsv/LV-rooms40000000-40000000/45	32	0	40000000,39999744	0,0	0	0,0
observed-transformer-batches.tsv/LV-rooms40000000-40000000/46	32	0	40000000,39999744	0,0	0	0,0
observed-transformer-batches.tsv/LV-rooms40000000-40000000/47	32	0	40000000,39999744	0,0	0	0,0
observed-transformer-batches.tsv/LV-rooms40000000-40000000/48	32	0	40000000,39999744	0,0	0	0,0
observed-transformer-batches.tsv/LV-rooms40000000-40000000/49	32	0	40000000,39999744	0,0	0	0,0
observed-transformer-batches.tsv/LV-rooms40000000-40000000/50	32	0	40000000,39999744	0,0	0	0,0
observed-transformer-batches.tsv/LV-rooms40000000-40000000/51	32	0	40000000,39999744	0,0	0	0,0
observed-transformer-batches.tsv/LV-rooms40000000-40000000/52	32	0	40000000,39999744	0,0	0	0,0
observed-transformer-batches.tsv/LV-rooms40000000-40000000/53	32	0	40000000,39999744	0,0	0	0,0
observed-transformer-batches.tsv/LV-rooms40000000-40000000/54	32	0	40000000,39999744	0,0	0	0,0
observed-transformer-batches.tsv/LV-rooms40000000-40000000/55	32	0	40000000,39999744	0,0	0	0,0
observed-transformer-batches.tsv/LV-rooms40000000-40000000/56	32	0	40000000,39999744	0,0	0	0,0
observed-transformer-batches.tsv/LV-rooms40000000-40000000/57	32	0	40000000,39999744	0,0	0	0,0
observed-transformer-batches.tsv/LV-rooms40000000-40000000/58	32	0	40000000,39999744	0,0	0	0,0
observed-transformer-batches.tsv/LV-rooms40000000-40000000/59	32	0	40000000,39999744	0,0	0	0,0
observed-transformer-batches.tsv/LV-rooms40000000-40000000/60	32	0	40000000,39999744	0,0	0	0,0
observed-transformer-batches.tsv/LV-rooms1-40000000/21	32	256	1,40000000	0,0	128	0,128
observed-transformer-batches.tsv/LV-rooms1-40000000/22	32	128	1,39999872	0,0	128	1,127
observed-transformer-batches.tsv/LV-rooms1-40000000/23	32	0	0,39999745	0,0	0	0,0
observed-transformer-batches.tsv/LV-rooms1-40000000/24	32	0	0,39999745	0,0	0	0,0
observed-transformer-batches.tsv/LV-rooms1-40000000/25	32	0	0,39999745	0,0	0	0,0
observed-transformer-batches.tsv/LV-rooms1-40000000/26	32	0	0,39999745	0,0	0	0,0
observed-transformer-batches.tsv/LV-rooms1-40000000/27	32	0	0,39999745	0,0	0	0,0
observed-transformer-batches.tsv/LV-rooms1-40000000/28	32	0	0,39999745	0,0	0	0,0
observed-transformer-batches.tsv/LV-rooms1-40000000/29	32	0	0,39999745	0,0	0	0,0
observed-transformer-batches.tsv/LV-rooms1-40000000/30	32	0	0,39999745	0,0	0	0,0
observed-transformer-batches.tsv/LV-rooms1-40000000/31	32	0	0,39999745	0,0	0	0,0
observed-transformer-batches.tsv/LV-rooms1-40000000/32	32	0	0,39999745	0,0	0	0,0
observed-transformer-batches.tsv/LV-rooms1-40000000/33	32	0	0,39999745	0,0	0	0,0
observed-transformer-batches.tsv/LV-rooms1-40000000/34	32	0	0,39999745	0,0	0	0,0
observed-transformer-batches.tsv/LV-rooms1-40000000/35	32	0	0,39999745	0,0	0	0,0
observed-transformer-batches.tsv/LV-rooms1-40000000/36	32	0	0,39999745	0,0	0	0,0
observed-transformer-batches.tsv/LV-rooms1-40000000/37	32	0	0,39999745	0,0	0	0,0
observed-transformer-batches.tsv/LV-rooms1-40000000/38	32	0	0,39999745	0,0	0	0,0
observed-transformer-batches.tsv/LV-rooms1-40000000/39	32	0	0,39999745	0,0	0	0,0
observed-transformer-batches.tsv/LV-rooms1-40000000/40	32	0	0,39999745	0,0	0	0,0
observed-transformer-batches.tsv/LV-rooms1-40000000/41	32	0	0,39999745	0,0	0	0,0
observed-transformer-batches.tsv/LV-rooms1-40000000/42	32	0	0,39999745	0,0	0	0,0
observed-transformer-batches.tsv/LV-rooms1-40000000/43	32	0	0,39999745	0,0	0	0,0
observed-transformer-batches.tsv/LV-rooms1-40000000/44	32	0	0,39999745	0,0	0	0,0
observed-transformer-batches.tsv/LV-rooms1-40000000/45	32	0	0,39999745	0,0	0	0,0
observed-transformer-batches.tsv/LV-rooms1-40000000/46	32	0	0,39999745	0,0	0	0,0
observed-transformer-batches.tsv/LV-rooms1-40000000/47	32	0	0,39999745	0,0	0	0,0
observed-transformer-batches.tsv/LV-rooms1-40000000/48	32	0	0,39999745	0,0	0	0,0
observed-transformer-batches.tsv/LV-rooms1-40000000/49	32	0	0,39999745	0,0	0	0,0
observed-transformer-batches.tsv/LV-rooms1-40000000/50	32	0	0,39999745	0,0	0	0,0
observed-transformer-batches.tsv/LV-rooms1-40000000/51	32	0	0,39999745	0,0	0	0,0
observed-transformer-batches.tsv/LV-rooms1-40000000/52	32	0	0,39999745	0,0	0	0,0
observed-transformer-batches.tsv/LV-rooms1-40000000/53	32	0	0,39999745	0,0	0	0,0
observed-transformer-batches.tsv/LV-rooms1-40000000/54	32	0	0,39999745	0,0	0	0,0
observed-transformer-batches.tsv/LV-rooms1-40000000/55	32	0	0,39999745	0,0	0	0,0
observed-transformer-batches.tsv/LV-rooms1-40000000/56	32	0	0,39999745	0,0	0	0,0
observed-transformer-batches.tsv/LV-rooms1-40000000/57	32	0	0,39999745	0,0	0	0,0
observed-transformer-batches.tsv/LV-rooms1-40000000/58	32	0	0,39999745	0,0	0	0,0
observed-transformer-batches.tsv/LV-rooms1-40000000/59	32	0	0,39999745	0,0	0	0,0
observed-transformer-batches.tsv/LV-rooms1-40000000/60	32	0	0,39999745	0,0	0	0,0
observed-transformer-batches.tsv/LV-rooms31-40000000/21	32	256	31,40000000	0,0	128	31,97
observed-transformer-batches.tsv/LV-rooms31-40000000/22	32	128	0,39999903	0,0	128	0,128
observed-transformer-batches.tsv/LV-rooms31-40000000/23	32	0	0,39999775	0,0	0	0,0
observed-transformer-batches.tsv/LV-rooms31-40000000/24	32	0	0,39999775	0,0	0	0,0
observed-transformer-batches.tsv/LV-rooms31-40000000/25	32	0	0,39999775	0,0	0	0,0
observed-transformer-batches.tsv/LV-rooms31-40000000/26	32	0	0,39999775	0,0	0	0,0
observed-transformer-batches.tsv/LV-rooms31-40000000/27	32	0	0,39999775	0,0	0	0,0
observed-transformer-batches.tsv/LV-rooms31-40000000/28	32	0	0,39999775	0,0	0	0,0
observed-transformer-batches.tsv/LV-rooms31-40000000/29	32	0	0,39999775	0,0	0	0,0
observed-transformer-batches.tsv/LV-rooms31-40000000/30	32	0	0,39999775	0,0	0	0,0
observed-transformer-batches.tsv/LV-rooms31-40000000/31	32	0	0,39999775	0,0	0	0,0
observed-transformer-batches.tsv/LV-rooms31-40000000/32	32	0	0,39999775	0,0	0	0,0
observed-transformer-batches.tsv/LV-rooms31-40000000/33	32	0	0,39999775	0,0	0	0,0
observed-transformer-batches.tsv/LV-rooms31-40000000/34	32	0	0,39999775	0,0	0	0,0
observed-transformer-batches.tsv/LV-rooms31-40000000/35	32	0	0,39999775	0,0	0	0,0
observed-transformer-batches.tsv/LV-rooms31-40000000/36	32	0	0,39999775	0,0	0	0,0
observed-transformer-batches.tsv/LV-rooms31-40000000/37	32	0	0,39999775	0,0	0	0,0
observed-transformer-batches.tsv/LV-rooms31-40000000/38	32	0	0,39999775	0,0	0	0,0
observed-transformer-batches.tsv/LV-rooms31-40000000/39	32	0	0,39999775	0,0	0	0,0
observed-transformer-batches.tsv/LV-rooms31-40000000/40	32	0	0,39999775	0,0	0	0,0
observed-transformer-batches.tsv/LV-rooms31-40000000/41	32	0	0,39999775	0,0	0	0,0
observed-transformer-batches.tsv/LV-rooms31-40000000/42	32	0	0,39999775	0,0	0	0,0
observed-transformer-batches.tsv/LV-rooms31-40000000/43	32	0	0,39999775	0,0	0	0,0
observed-transformer-batches.tsv/LV-rooms31-40000000/44	32	0	0,39999775	0,0	0	0,0
observed-transformer-batches.tsv/LV-rooms31-40000000/45	32	0	0,39999775	0,0	0	0,0
observed-transformer-batches.tsv/LV-rooms31-40000000/46	32	0	0,39999775	0,0	0	0,0
observed-transformer-batches.tsv/LV-rooms31-40000000/47	32	0	0,39999775	0,0	0	0,0
observed-transformer-batches.tsv/LV-rooms31-40000000/48	32	0	0,39999775	0,0	0	0,0
observed-transformer-batches.tsv/LV-rooms31-40000000/49	32	0	0,39999775	0,0	0	0,0
observed-transformer-batches.tsv/LV-rooms31-40000000/50	32	0	0,39999775	0,0	0	0,0
observed-transformer-batches.tsv/LV-rooms31-40000000/51	32	0	0,39999775	0,0	0	0,0
observed-transformer-batches.tsv/LV-rooms31-40000000/52	32	0	0,39999775	0,0	0	0,0
observed-transformer-batches.tsv/LV-rooms31-40000000/53	32	0	0,39999775	0,0	0	0,0
observed-transformer-batches.tsv/LV-rooms31-40000000/54	32	0	0,39999775	0,0	0	0,0
observed-transformer-batches.tsv/LV-rooms31-40000000/55	32	0	0,39999775	0,0	0	0,0
observed-transformer-batches.tsv/LV-rooms31-40000000/56	32	0	0,39999775	0,0	0	0,0
observed-transformer-batches.tsv/LV-rooms31-40000000/57	32	0	0,39999775	0,0	0	0,0
observed-transformer-batches.tsv/LV-rooms31-40000000/58	32	0	0,39999775	0,0	0	0,0
observed-transformer-batches.tsv/LV-rooms31-40000000/59	32	0	0,39999775	0,0	0	0,0
observed-transformer-batches.tsv/LV-rooms31-40000000/60	32	0	0,39999775	0,0	0	0,0
observed-transformer-batches.tsv/LV-rooms32-40000000/21	32	256	32,40000000	0,0	128	32,96
observed-transformer-batches.tsv/LV-rooms32-40000000/22	32	128	0,39999904	0,0	128	0,128
observed-transformer-batches.tsv/LV-rooms32-40000000/23	32	0	0,39999776	0,0	0	0,0
observed-transformer-batches.tsv/LV-rooms32-40000000/24	32	0	0,39999776	0,0	0	0,0
observed-transformer-batches.tsv/LV-rooms32-40000000/25	32	0	0,39999776	0,0	0	0,0
observed-transformer-batches.tsv/LV-rooms32-40000000/26	32	0	0,39999776	0,0	0	0,0
observed-transformer-batches.tsv/LV-rooms32-40000000/27	32	0	0,39999776	0,0	0	0,0
observed-transformer-batches.tsv/LV-rooms32-40000000/28	32	0	0,39999776	0,0	0	0,0
observed-transformer-batches.tsv/LV-rooms32-40000000/29	32	0	0,39999776	0,0	0	0,0
observed-transformer-batches.tsv/LV-rooms32-40000000/30	32	0	0,39999776	0,0	0	0,0
observed-transformer-batches.tsv/LV-rooms32-40000000/31	32	0	0,39999776	0,0	0	0,0
observed-transformer-batches.tsv/LV-rooms32-40000000/32	32	0	0,39999776	0,0	0	0,0
observed-transformer-batches.tsv/LV-rooms32-40000000/33	32	0	0,39999776	0,0	0	0,0
observed-transformer-batches.tsv/LV-rooms32-40000000/34	32	0	0,39999776	0,0	0	0,0
observed-transformer-batches.tsv/LV-rooms32-40000000/35	32	0	0,39999776	0,0	0	0,0
observed-transformer-batches.tsv/LV-rooms32-40000000/36	32	0	0,39999776	0,0	0	0,0
observed-transformer-batches.tsv/LV-rooms32-40000000/37	32	0	0,39999776	0,0	0	0,0
observed-transformer-batches.tsv/LV-rooms32-40000000/38	32	0	0,39999776	0,0	0	0,0
observed-transformer-batches.tsv/LV-rooms32-40000000/39	32	0	0,39999776	0,0	0	0,0
observed-transformer-batches.tsv/LV-rooms32-40000000/40	32	0	0,39999776	0,0	0	0,0
observed-transformer-batches.tsv/LV-rooms32-40000000/41	32	0	0,39999776	0,0	0	0,0
observed-transformer-batches.tsv/LV-rooms32-40000000/42	32	0	0,39999776	0,0	0	0,0
observed-transformer-batches.tsv/LV-rooms32-40000000/43	32	0	0,39999776	0,0	0	0,0
observed-transformer-batches.tsv/LV-rooms32-40000000/44	32	0	0,39999776	0,0	0	0,0
observed-transformer-batches.tsv/LV-rooms32-40000000/45	32	0	0,39999776	0,0	0	0,0
observed-transformer-batches.tsv/LV-rooms32-40000000/46	32	0	0,39999776	0,0	0	0,0
observed-transformer-batches.tsv/LV-rooms32-40000000/47	32	0	0,39999776	0,0	0	0,0
observed-transformer-batches.tsv/LV-rooms32-40000000/48	32	0	0,39999776	0,0	0	0,0
observed-transformer-batches.tsv/LV-rooms32-40000000/49	32	0	0,39999776	0,0	0	0,0
observed-transformer-batches.tsv/LV-rooms32-40000000/50	32	0	0,39999776	0,0	0	0,0
observed-transformer-batches.tsv/LV-rooms32-40000000/51	32	0	0,39999776	0,0	0	0,0
observed-transformer-batches.tsv/LV-rooms32-40000000/52	32	0	0,39999776	0,0	0	0,0
observed-transformer-batches.tsv/LV-rooms32-40000000/53	32	0	0,39999776	0,0	0	0,0
observed-transformer-batches.tsv/LV-rooms32-40000000/54	32	0	0,39999776	0,0	0	0,0
observed-transformer-batches.tsv/LV-rooms32-40000000/55	32	0	0,39999776	0,0	0	0,0
observed-transformer-batches.tsv/LV-rooms32-40000000/56	32	0	0,39999776	0,0	0	0,0
observed-transformer-batches.tsv/LV-rooms32-40000000/57	32	0	0,39999776	0,0	0	0,0
observed-transformer-batches.tsv/LV-rooms32-40000000/58	32	0	0,39999776	0,0	0	0,0
observed-transformer-batches.tsv/LV-rooms32-40000000/59	32	0	0,39999776	0,0	0	0,0
observed-transformer-batches.tsv/LV-rooms32-40000000/60	32	0	0,39999776	0,0	0	0,0
observed-transformer-batches.tsv/LV-rooms33-40000000/21	32	256	33,40000000	0,0	128	128,0
observed-transformer-batches.tsv/LV-rooms33-40000000/22	32	128	0,40000000	0,0	128	0,128
observed-transformer-batches.tsv/LV-rooms33-40000000/23	32	0	0,39999872	0,0	0	0,0
observed-transformer-batches.tsv/LV-rooms33-40000000/24	32	0	0,39999872	0,0	0	0,0
observed-transformer-batches.tsv/LV-rooms33-40000000/25	32	0	0,39999872	0,0	0	0,0
observed-transformer-batches.tsv/LV-rooms33-40000000/26	32	0	0,39999872	0,0	0	0,0
observed-transformer-batches.tsv/LV-rooms33-40000000/27	32	0	0,39999872	0,0	0	0,0
observed-transformer-batches.tsv/LV-rooms33-40000000/28	32	0	0,39999872	0,0	0	0,0
observed-transformer-batches.tsv/LV-rooms33-40000000/29	32	0	0,39999872	0,0	0	0,0
observed-transformer-batches.tsv/LV-rooms33-40000000/30	32	0	0,39999872	0,0	0	0,0
observed-transformer-batches.tsv/LV-rooms33-40000000/31	32	0	0,39999872	0,0	0	0,0
observed-transformer-batches.tsv/LV-rooms33-40000000/32	32	0	0,39999872	0,0	0	0,0
observed-transformer-batches.tsv/LV-rooms33-40000000/33	32	0	0,39999872	0,0	0	0,0
observed-transformer-batches.tsv/LV-rooms33-40000000/34	32	0	0,39999872	0,0	0	0,0
observed-transformer-batches.tsv/LV-rooms33-40000000/35	32	0	0,39999872	0,0	0	0,0
observed-transformer-batches.tsv/LV-rooms33-40000000/36	32	0	0,39999872	0,0	0	0,0
observed-transformer-batches.tsv/LV-rooms33-40000000/37	32	0	0,39999872	0,0	0	0,0
observed-transformer-batches.tsv/LV-rooms33-40000000/38	32	0	0,39999872	0,0	0	0,0
observed-transformer-batches.tsv/LV-rooms33-40000000/39	32	0	0,39999872	0,0	0	0,0
observed-transformer-batches.tsv/LV-rooms33-40000000/40	32	0	0,39999872	0,0	0	0,0
observed-transformer-batches.tsv/LV-rooms33-40000000/41	32	0	0,39999872	0,0	0	0,0
observed-transformer-batches.tsv/LV-rooms33-40000000/42	32	0	0,39999872	0,0	0	0,0
observed-transformer-batches.tsv/LV-rooms33-40000000/43	32	0	0,39999872	0,0	0	0,0
observed-transformer-batches.tsv/LV-rooms33-40000000/44	32	0	0,39999872	0,0	0	0,0
observed-transformer-batches.tsv/LV-rooms33-40000000/45	32	0	0,39999872	0,0	0	0,0
observed-transformer-batches.tsv/LV-rooms33-40000000/46	32	0	0,39999872	0,0	0	0,0
observed-transformer-batches.tsv/LV-rooms33-40000000/47	32	0	0,39999872	0,0	0	0,0
observed-transformer-batches.tsv/LV-rooms33-40000000/48	32	0	0,39999872	0,0	0	0,0
observed-transformer-batches.tsv/LV-rooms33-40000000/49	32	0	0,39999872	0,0	0	0,0
observed-transformer-batches.tsv/LV-rooms33-40000000/50	32	0	0,39999872	0,0	0	0,0
observed-transformer-batches.tsv/LV-rooms33-40000000/51	32	0	0,39999872	0,0	0	0,0
observed-transformer-batches.tsv/LV-rooms33-40000000/52	32	0	0,39999872	0,0	0	0,0
observed-transformer-batches.tsv/LV-rooms33-40000000/53	32	0	0,39999872	0,0	0	0,0
observed-transformer-batches.tsv/LV-rooms33-40000000/54	32	0	0,39999872	0,0	0	0,0
observed-transformer-batches.tsv/LV-rooms33-40000000/55	32	0	0,39999872	0,0	0	0,0
observed-transformer-batches.tsv/LV-rooms33-40000000/56	32	0	0,39999872	0,0	0	0,0
observed-transformer-batches.tsv/LV-rooms33-40000000/57	32	0	0,39999872	0,0	0	0,0
observed-transformer-batches.tsv/LV-rooms33-40000000/58	32	0	0,39999872	0,0	0	0,0
observed-transformer-batches.tsv/LV-rooms33-40000000/59	32	0	0,39999872	0,0	0	0,0
observed-transformer-batches.tsv/LV-rooms33-40000000/60	32	0	0,39999872	0,0	0	0,0
observed-transformer-batches.tsv/LV-rooms33-33/21	32	256	33,33	0,0	128	128,0
observed-transformer-batches.tsv/LV-rooms33-33/22	32	128	0,33	0,0	128	0,128
observed-transformer-batches.tsv/LV-rooms33-33/23	32	0	0,0	0,0	0	0,0
observed-transformer-batches.tsv/LV-rooms33-33/24	32	0	0,0	0,0	0	0,0
observed-transformer-batches.tsv/LV-rooms33-33/25	32	0	0,0	0,0	0	0,0
observed-transformer-batches.tsv/LV-rooms33-33/26	32	0	0,0	0,0	0	0,0
observed-transformer-batches.tsv/LV-rooms33-33/27	32	0	0,0	0,0	0	0,0
observed-transformer-batches.tsv/LV-rooms33-33/28	32	0	0,0	0,0	0	0,0
observed-transformer-batches.tsv/LV-rooms33-33/29	32	0	0,0	0,0	0	0,0
observed-transformer-batches.tsv/LV-rooms33-33/30	32	0	0,0	0,0	0	0,0
observed-transformer-batches.tsv/LV-rooms33-33/31	32	0	0,0	0,0	0	0,0
observed-transformer-batches.tsv/LV-rooms33-33/32	32	0	0,0	0,0	0	0,0
observed-transformer-batches.tsv/LV-rooms33-33/33	32	0	0,0	0,0	0	0,0
observed-transformer-batches.tsv/LV-rooms33-33/34	32	0	0,0	0,0	0	0,0
observed-transformer-batches.tsv/LV-rooms33-33/35	32	0	0,0	0,0	0	0,0
observed-transformer-batches.tsv/LV-rooms33-33/36	32	0	0,0	0,0	0	0,0
observed-transformer-batches.tsv/LV-rooms33-33/37	32	0	0,0	0,0	0	0,0
observed-transformer-batches.tsv/LV-rooms33-33/38	32	0	0,0	0,0	0	0,0
observed-transformer-batches.tsv/LV-rooms33-33/39	32	0	0,0	0,0	0	0,0
observed-transformer-batches.tsv/LV-rooms33-33/40	32	0	0,0	0,0	0	0,0
observed-transformer-batches.tsv/LV-rooms33-33/41	32	0	0,0	0,0	0	0,0
observed-transformer-batches.tsv/LV-rooms33-33/42	32	0	0,0	0,0	0	0,0
observed-transformer-batches.tsv/LV-rooms33-33/43	32	0	0,0	0,0	0	0,0
observed-transformer-batches.tsv/LV-rooms33-33/44	32	0	0,0	0,0	0	0,0
observed-transformer-batches.tsv/LV-rooms33-33/45	32	0	0,0	0,0	0	0,0
observed-transformer-batches.tsv/LV-rooms33-33/46	32	0	0,0	0,0	0	0,0
observed-transformer-batches.tsv/LV-rooms33-33/47	32	0	0,0	0,0	0	0,0
observed-transformer-batches.tsv/LV-rooms33-33/48	32	0	0,0	0,0	0	0,0
observed-transformer-batches.tsv/LV-rooms33-33/49	32	0	0,0	0,0	0	0,0
observed-transformer-batches.tsv/LV-rooms33-33/50	32	0	0,0	0,0	0	0,0
observed-transformer-batches.tsv/LV-rooms33-33/51	32	0	0,0	0,0	0	0,0
observed-transformer-batches.tsv/LV-rooms33-33/52	32	0	0,0	0,0	0	0,0
observed-transformer-batches.tsv/LV-rooms33-33/53	32	0	0,0	0,0	0	0,0
observed-transformer-batches.tsv/LV-rooms33-33/54	32	0	0,0	0,0	0	0,0
observed-transformer-batches.tsv/LV-rooms33-33/55	32	0	0,0	0,0	0	0,0
observed-transformer-batches.tsv/LV-rooms33-33/56	32	0	0,0	0,0	0	0,0
observed-transformer-batches.tsv/LV-rooms33-33/57	32	0	0,0	0,0	0	0,0
observed-transformer-batches.tsv/LV-rooms33-33/58	32	0	0,0	0,0	0	0,0
observed-transformer-batches.tsv/LV-rooms33-33/59	32	0	0,0	0,0	0	0,0
observed-transformer-batches.tsv/LV-rooms33-33/60	32	0	0,0	0,0	0	0,0
observed-transformer-batches.tsv/LV-rooms65-65/21	32	256	65,65	0,0	128	0,128
observed-transformer-batches.tsv/LV-rooms65-65/22	32	128	65,0	0,0	128	128,0
observed-transformer-batches.tsv/LV-rooms65-65/23	32	0	0,0	0,0	0	0,0
observed-transformer-batches.tsv/LV-rooms65-65/24	32	0	0,0	0,0	0	0,0
observed-transformer-batches.tsv/LV-rooms65-65/25	32	0	0,0	0,0	0	0,0
observed-transformer-batches.tsv/LV-rooms65-65/26	32	0	0,0	0,0	0	0,0
observed-transformer-batches.tsv/LV-rooms65-65/27	32	0	0,0	0,0	0	0,0
observed-transformer-batches.tsv/LV-rooms65-65/28	32	0	0,0	0,0	0	0,0
observed-transformer-batches.tsv/LV-rooms65-65/29	32	0	0,0	0,0	0	0,0
observed-transformer-batches.tsv/LV-rooms65-65/30	32	0	0,0	0,0	0	0,0
observed-transformer-batches.tsv/LV-rooms65-65/31	32	0	0,0	0,0	0	0,0
observed-transformer-batches.tsv/LV-rooms65-65/32	32	0	0,0	0,0	0	0,0
observed-transformer-batches.tsv/LV-rooms65-65/33	32	0	0,0	0,0	0	0,0
observed-transformer-batches.tsv/LV-rooms65-65/34	32	0	0,0	0,0	0	0,0
observed-transformer-batches.tsv/LV-rooms65-65/35	32	0	0,0	0,0	0	0,0
observed-transformer-batches.tsv/LV-rooms65-65/36	32	0	0,0	0,0	0	0,0
observed-transformer-batches.tsv/LV-rooms65-65/37	32	0	0,0	0,0	0	0,0
observed-transformer-batches.tsv/LV-rooms65-65/38	32	0	0,0	0,0	0	0,0
observed-transformer-batches.tsv/LV-rooms65-65/39	32	0	0,0	0,0	0	0,0
observed-transformer-batches.tsv/LV-rooms65-65/40	32	0	0,0	0,0	0	0,0
observed-transformer-batches.tsv/LV-rooms65-65/41	32	0	0,0	0,0	0	0,0
observed-transformer-batches.tsv/LV-rooms65-65/42	32	0	0,0	0,0	0	0,0
observed-transformer-batches.tsv/LV-rooms65-65/43	32	0	0,0	0,0	0	0,0
observed-transformer-batches.tsv/LV-rooms65-65/44	32	0	0,0	0,0	0	0,0
observed-transformer-batches.tsv/LV-rooms65-65/45	32	0	0,0	0,0	0	0,0
observed-transformer-batches.tsv/LV-rooms65-65/46	32	0	0,0	0,0	0	0,0
observed-transformer-batches.tsv/LV-rooms65-65/47	32	0	0,0	0,0	0	0,0
observed-transformer-batches.tsv/LV-rooms65-65/48	32	0	0,0	0,0	0	0,0
observed-transformer-batches.tsv/LV-rooms65-65/49	32	0	0,0	0,0	0	0,0
observed-transformer-batches.tsv/LV-rooms65-65/50	32	0	0,0	0,0	0	0,0
observed-transformer-batches.tsv/LV-rooms65-65/51	32	0	0,0	0,0	0	0,0
observed-transformer-batches.tsv/LV-rooms65-65/52	32	0	0,0	0,0	0	0,0
observed-transformer-batches.tsv/LV-rooms65-65/53	32	0	0,0	0,0	0	0,0
observed-transformer-batches.tsv/LV-rooms65-65/54	32	0	0,0	0,0	0	0,0
observed-transformer-batches.tsv/LV-rooms65-65/55	32	0	0,0	0,0	0	0,0
observed-transformer-batches.tsv/LV-rooms65-65/56	32	0	0,0	0,0	0	0,0
observed-transformer-batches.tsv/LV-rooms65-65/57	32	0	0,0	0,0	0	0,0
observed-transformer-batches.tsv/LV-rooms65-65/58	32	0	0,0	0,0	0	0,0
observed-transformer-batches.tsv/LV-rooms65-65/59	32	0	0,0	0,0	0	0,0
observed-transformer-batches.tsv/LV-rooms65-65/60	32	0	0,0	0,0	0	0,0
observed-transformer-batches.tsv/LV-rooms0-40000000/21	32	256	0,40000000	0,0	128	0,128
observed-transformer-batches.tsv/LV-rooms0-40000000/22	32	128	0,39999872	0,0	128	0,128
observed-transformer-batches.tsv/LV-rooms0-40000000/23	32	0	0,39999744	0,0	0	0,0
observed-transformer-batches.tsv/LV-rooms0-40000000/24	32	0	0,39999744	0,0	0	0,0
observed-transformer-batches.tsv/LV-rooms0-40000000/25	32	0	0,39999744	0,0	0	0,0
observed-transformer-batches.tsv/LV-rooms0-40000000/26	32	0	0,39999744	0,0	0	0,0
observed-transformer-batches.tsv/LV-rooms0-40000000/27	32	0	0,39999744	0,0	0	0,0
observed-transformer-batches.tsv/LV-rooms0-40000000/28	32	0	0,39999744	0,0	0	0,0
observed-transformer-batches.tsv/LV-rooms0-40000000/29	32	0	0,39999744	0,0	0	0,0
observed-transformer-batches.tsv/LV-rooms0-40000000/30	32	0	0,39999744	0,0	0	0,0
observed-transformer-batches.tsv/LV-rooms0-40000000/31	32	0	0,39999744	0,0	0	0,0
observed-transformer-batches.tsv/LV-rooms0-40000000/32	32	0	0,39999744	0,0	0	0,0
observed-transformer-batches.tsv/LV-rooms0-40000000/33	32	0	0,39999744	0,0	0	0,0
observed-transformer-batches.tsv/LV-rooms0-40000000/34	32	0	0,39999744	0,0	0	0,0
observed-transformer-batches.tsv/LV-rooms0-40000000/35	32	0	0,39999744	0,0	0	0,0
observed-transformer-batches.tsv/LV-rooms0-40000000/36	32	0	0,39999744	0,0	0	0,0
observed-transformer-batches.tsv/LV-rooms0-40000000/37	32	0	0,39999744	0,0	0	0,0
observed-transformer-batches.tsv/LV-rooms0-40000000/38	32	0	0,39999744	0,0	0	0,0
observed-transformer-batches.tsv/LV-rooms0-40000000/39	32	0	0,39999744	0,0	0	0,0
observed-transformer-batches.tsv/LV-rooms0-40000000/40	32	0	0,39999744	0,0	0	0,0
observed-transformer-batches.tsv/LV-rooms0-40000000/41	32	0	0,39999744	0,0	0	0,0
observed-transformer-batches.tsv/LV-rooms0-40000000/42	32	0	0,39999744	0,0	0	0,0
observed-transformer-batches.tsv/LV-rooms0-40000000/43	32	0	0,39999744	0,0	0	0,0
observed-transformer-batches.tsv/LV-rooms0-40000000/44	32	0	0,39999744	0,0	0	0,0
observed-transformer-batches.tsv/LV-rooms0-40000000/45	32	0	0,39999744	0,0	0	0,0
observed-transformer-batches.tsv/LV-rooms0-40000000/46	32	0	0,39999744	0,0	0	0,0
observed-transformer-batches.tsv/LV-rooms0-40000000/47	32	0	0,39999744	0,0	0	0,0
observed-transformer-batches.tsv/LV-rooms0-40000000/48	32	0	0,39999744	0,0	0	0,0
observed-transformer-batches.tsv/LV-rooms0-40000000/49	32	0	0,39999744	0,0	0	0,0
observed-transformer-batches.tsv/LV-rooms0-40000000/50	32	0	0,39999744	0,0	0	0,0
observed-transformer-batches.tsv/LV-rooms0-40000000/51	32	0	0,39999744	0,0	0	0,0
observed-transformer-batches.tsv/LV-rooms0-40000000/52	32	0	0,39999744	0,0	0	0,0
observed-transformer-batches.tsv/LV-rooms0-40000000/53	32	0	0,39999744	0,0	0	0,0
observed-transformer-batches.tsv/LV-rooms0-40000000/54	32	0	0,39999744	0,0	0	0,0
observed-transformer-batches.tsv/LV-rooms0-40000000/55	32	0	0,39999744	0,0	0	0,0
observed-transformer-batches.tsv/LV-rooms0-40000000/56	32	0	0,39999744	0,0	0	0,0
observed-transformer-batches.tsv/LV-rooms0-40000000/57	32	0	0,39999744	0,0	0	0,0
observed-transformer-batches.tsv/LV-rooms0-40000000/58	32	0	0,39999744	0,0	0	0,0
observed-transformer-batches.tsv/LV-rooms0-40000000/59	32	0	0,39999744	0,0	0	0,0
observed-transformer-batches.tsv/LV-rooms0-40000000/60	32	0	0,39999744	0,0	0	0,0
observed-transformer-batches.tsv/MV-rooms40000000-40000000/21	128	1024	40000000,40000000	0,0	512	0,512
observed-transformer-batches.tsv/MV-rooms40000000-40000000/22	128	512	40000000,39999488	0,0	512	0,512
observed-transformer-batches.tsv/MV-rooms40000000-40000000/23	128	0	40000000,39998976	0,0	0	0,0
observed-transformer-batches.tsv/MV-rooms40000000-40000000/24	128	0	40000000,39998976	0,0	0	0,0
observed-transformer-batches.tsv/MV-rooms40000000-40000000/25	128	0	40000000,39998976	0,0	0	0,0
observed-transformer-batches.tsv/MV-rooms40000000-40000000/26	128	0	40000000,39998976	0,0	0	0,0
observed-transformer-batches.tsv/MV-rooms40000000-40000000/27	128	0	40000000,39998976	0,0	0	0,0
observed-transformer-batches.tsv/MV-rooms40000000-40000000/28	128	0	40000000,39998976	0,0	0	0,0
observed-transformer-batches.tsv/MV-rooms40000000-40000000/29	128	0	40000000,39998976	0,0	0	0,0
observed-transformer-batches.tsv/MV-rooms40000000-40000000/30	128	0	40000000,39998976	0,0	0	0,0
observed-transformer-batches.tsv/MV-rooms40000000-40000000/31	128	0	40000000,39998976	0,0	0	0,0
observed-transformer-batches.tsv/MV-rooms40000000-40000000/32	128	0	40000000,39998976	0,0	0	0,0
observed-transformer-batches.tsv/MV-rooms40000000-40000000/33	128	0	40000000,39998976	0,0	0	0,0
observed-transformer-batches.tsv/MV-rooms40000000-40000000/34	128	0	40000000,39998976	0,0	0	0,0
observed-transformer-batches.tsv/MV-rooms40000000-40000000/35	128	0	40000000,39998976	0,0	0	0,0
observed-transformer-batches.tsv/MV-rooms40000000-40000000/36	128	0	40000000,39998976	0,0	0	0,0
observed-transformer-batches.tsv/MV-rooms40000000-40000000/37	128	0	40000000,39998976	0,0	0	0,0
observed-transformer-batches.tsv/MV-rooms40000000-40000000/38	128	0	40000000,39998976	0,0	0	0,0
observed-transformer-batches.tsv/MV-rooms40000000-40000000/39	128	0	40000000,39998976	0,0	0	0,0
observed-transformer-batches.tsv/MV-rooms40000000-40000000/40	128	0	40000000,39998976	0,0	0	0,0
observed-transformer-batches.tsv/MV-rooms40000000-40000000/41	128	0	40000000,39998976	0,0	0	0,0
observed-transformer-batches.tsv/MV-rooms40000000-40000000/42	128	0	40000000,39998976	0,0	0	0,0
observed-transformer-batches.tsv/MV-rooms40000000-40000000/43	128	0	40000000,39998976	0,0	0	0,0
observed-transformer-batches.tsv/MV-rooms40000000-40000000/44	128	0	40000000,39998976	0,0	0	0,0
observed-transformer-batches.tsv/MV-rooms40000000-40000000/45	128	0	40000000,39998976	0,0	0	0,0
observed-transformer-batches.tsv/MV-rooms40000000-40000000/46	128	0	40000000,39998976	0,0	0	0,0
observed-transformer-batches.tsv/MV-rooms40000000-40000000/47	128	0	40000000,39998976	0,0	0	0,0
observed-transformer-batches.tsv/MV-rooms40000000-40000000/48	128	0	40000000,39998976	0,0	0	0,0
observed-transformer-batches.tsv/MV-rooms40000000-40000000/49	128	0	40000000,39998976	0,0	0	0,0
observed-transformer-batches.tsv/MV-rooms40000000-40000000/50	128	0	40000000,39998976	0,0	0	0,0
observed-transformer-batches.tsv/MV-rooms40000000-40000000/51	128	0	40000000,39998976	0,0	0	0,0
observed-transformer-batches.tsv/MV-rooms40000000-40000000/52	128	0	40000000,39998976	0,0	0	0,0
observed-transformer-batches.tsv/MV-rooms40000000-40000000/53	128	0	40000000,39998976	0,0	0	0,0
observed-transformer-batches.tsv/MV-rooms40000000-40000000/54	128	0	40000000,39998976	0,0	0	0,0
observed-transformer-batches.tsv/MV-rooms40000000-40000000/55	128	0	40000000,39998976	0,0	0	0,0
observed-transformer-batches.tsv/MV-rooms40000000-40000000/56	128	0	40000000,39998976	0,0	0	0,0
observed-transformer-batches.tsv/MV-rooms40000000-40000000/57	128	0	40000000,39998976	0,0	0	0,0
observed-transformer-batches.tsv/MV-rooms40000000-40000000/58	128	0	40000000,39998976	0,0	0	0,0
observed-transformer-batches.tsv/MV-rooms40000000-40000000/59	128	0	40000000,39998976	0,0	0	0,0
observed-transformer-batches.tsv/MV-rooms40000000-40000000/60	128	0	40000000,39998976	0,0	0	0,0
observed-transformer-batches.tsv/MV-rooms1-40000000/21	128	1024	1,40000000	0,0	512	1,511
observed-transformer-batches.tsv/MV-rooms1-40000000/22	128	512	0,39999489	0,0	512	0,512
observed-transformer-batches.tsv/MV-rooms1-40000000/23	128	0	0,39998977	0,0	0	0,0
observed-transformer-batches.tsv/MV-rooms1-40000000/24	128	0	0,39998977	0,0	0	0,0
observed-transformer-batches.tsv/MV-rooms1-40000000/25	128	0	0,39998977	0,0	0	0,0
observed-transformer-batches.tsv/MV-rooms1-40000000/26	128	0	0,39998977	0,0	0	0,0
observed-transformer-batches.tsv/MV-rooms1-40000000/27	128	0	0,39998977	0,0	0	0,0
observed-transformer-batches.tsv/MV-rooms1-40000000/28	128	0	0,39998977	0,0	0	0,0
observed-transformer-batches.tsv/MV-rooms1-40000000/29	128	0	0,39998977	0,0	0	0,0
observed-transformer-batches.tsv/MV-rooms1-40000000/30	128	0	0,39998977	0,0	0	0,0
observed-transformer-batches.tsv/MV-rooms1-40000000/31	128	0	0,39998977	0,0	0	0,0
observed-transformer-batches.tsv/MV-rooms1-40000000/32	128	0	0,39998977	0,0	0	0,0
observed-transformer-batches.tsv/MV-rooms1-40000000/33	128	0	0,39998977	0,0	0	0,0
observed-transformer-batches.tsv/MV-rooms1-40000000/34	128	0	0,39998977	0,0	0	0,0
observed-transformer-batches.tsv/MV-rooms1-40000000/35	128	0	0,39998977	0,0	0	0,0
observed-transformer-batches.tsv/MV-rooms1-40000000/36	128	0	0,39998977	0,0	0	0,0
observed-transformer-batches.tsv/MV-rooms1-40000000/37	128	0	0,39998977	0,0	0	0,0
observed-transformer-batches.tsv/MV-rooms1-40000000/38	128	0	0,39998977	0,0	0	0,0
observed-transformer-batches.tsv/MV-rooms1-40000000/39	128	0	0,39998977	0,0	0	0,0
observed-transformer-batches.tsv/MV-rooms1-40000000/40	128	0	0,39998977	0,0	0	0,0
observed-transformer-batches.tsv/MV-rooms1-40000000/41	128	0	0,39998977	0,0	0	0,0
observed-transformer-batches.tsv/MV-rooms1-40000000/42	128	0	0,39998977	0,0	0	0,0
observed-transformer-batches.tsv/MV-rooms1-40000000/43	128	0	0,39998977	0,0	0	0,0
observed-transformer-batches.tsv/MV-rooms1-40000000/44	128	0	0,39998977	0,0	0	0,0
observed-transformer-batches.tsv/MV-rooms1-40000000/45	128	0	0,39998977	0,0	0	0,0
observed-transformer-batches.tsv/MV-rooms1-40000000/46	128	0	0,39998977	0,0	0	0,0
observed-transformer-batches.tsv/MV-rooms1-40000000/47	128	0	0,39998977	0,0	0	0,0
observed-transformer-batches.tsv/MV-rooms1-40000000/48	128	0	0,39998977	0,0	0	0,0
observed-transformer-batches.tsv/MV-rooms1-40000000/49	128	0	0,39998977	0,0	0	0,0
observed-transformer-batches.tsv/MV-rooms1-40000000/50	128	0	0,39998977	0,0	0	0,0
observed-transformer-batches.tsv/MV-rooms1-40000000/51	128	0	0,39998977	0,0	0	0,0
observed-transformer-batches.tsv/MV-rooms1-40000000/52	128	0	0,39998977	0,0	0	0,0
observed-transformer-batches.tsv/MV-rooms1-40000000/53	128	0	0,39998977	0,0	0	0,0
observed-transformer-batches.tsv/MV-rooms1-40000000/54	128	0	0,39998977	0,0	0	0,0
observed-transformer-batches.tsv/MV-rooms1-40000000/55	128	0	0,39998977	0,0	0	0,0
observed-transformer-batches.tsv/MV-rooms1-40000000/56	128	0	0,39998977	0,0	0	0,0
observed-transformer-batches.tsv/MV-rooms1-40000000/57	128	0	0,39998977	0,0	0	0,0
observed-transformer-batches.tsv/MV-rooms1-40000000/58	128	0	0,39998977	0,0	0	0,0
observed-transformer-batches.tsv/MV-rooms1-40000000/59	128	0	0,39998977	0,0	0	0,0
observed-transformer-batches.tsv/MV-rooms1-40000000/60	128	0	0,39998977	0,0	0	0,0
observed-transformer-batches.tsv/MV-rooms127-40000000/21	128	1024	127,40000000	0,0	512	127,385
observed-transformer-batches.tsv/MV-rooms127-40000000/22	128	512	0,39999615	0,0	512	0,512
observed-transformer-batches.tsv/MV-rooms127-40000000/23	128	0	0,39999103	0,0	0	0,0
observed-transformer-batches.tsv/MV-rooms127-40000000/24	128	0	0,39999103	0,0	0	0,0
observed-transformer-batches.tsv/MV-rooms127-40000000/25	128	0	0,39999103	0,0	0	0,0
observed-transformer-batches.tsv/MV-rooms127-40000000/26	128	0	0,39999103	0,0	0	0,0
observed-transformer-batches.tsv/MV-rooms127-40000000/27	128	0	0,39999103	0,0	0	0,0
observed-transformer-batches.tsv/MV-rooms127-40000000/28	128	0	0,39999103	0,0	0	0,0
observed-transformer-batches.tsv/MV-rooms127-40000000/29	128	0	0,39999103	0,0	0	0,0
observed-transformer-batches.tsv/MV-rooms127-40000000/30	128	0	0,39999103	0,0	0	0,0
observed-transformer-batches.tsv/MV-rooms127-40000000/31	128	0	0,39999103	0,0	0	0,0
observed-transformer-batches.tsv/MV-rooms127-40000000/32	128	0	0,39999103	0,0	0	0,0
observed-transformer-batches.tsv/MV-rooms127-40000000/33	128	0	0,39999103	0,0	0	0,0
observed-transformer-batches.tsv/MV-rooms127-40000000/34	128	0	0,39999103	0,0	0	0,0
observed-transformer-batches.tsv/MV-rooms127-40000000/35	128	0	0,39999103	0,0	0	0,0
observed-transformer-batches.tsv/MV-rooms127-40000000/36	128	0	0,39999103	0,0	0	0,0
observed-transformer-batches.tsv/MV-rooms127-40000000/37	128	0	0,39999103	0,0	0	0,0
observed-transformer-batches.tsv/MV-rooms127-40000000/38	128	0	0,39999103	0,0	0	0,0
observed-transformer-batches.tsv/MV-rooms127-40000000/39	128	0	0,39999103	0,0	0	0,0
observed-transformer-batches.tsv/MV-rooms127-40000000/40	128	0	0,39999103	0,0	0	0,0
observed-transformer-batches.tsv/MV-rooms127-40000000/41	128	0	0,39999103	0,0	0	0,0
observed-transformer-batches.tsv/MV-rooms127-40000000/42	128	0	0,39999103	0,0	0	0,0
observed-transformer-batches.tsv/MV-rooms127-40000000/43	128	0	0,39999103	0,0	0	0,0
observed-transformer-batches.tsv/MV-rooms127-40000000/44	128	0	0,39999103	0,0	0	0,0
observed-transformer-batches.tsv/MV-rooms127-40000000/45	128	0	0,39999103	0,0	0	0,0
observed-transformer-batches.tsv/MV-rooms127-40000000/46	128	0	0,39999103	0,0	0	0,0
observed-transformer-batches.tsv/MV-rooms127-40000000/47	128	0	0,39999103	0,0	0	0,0
observed-transformer-batches.tsv/MV-rooms127-40000000/48	128	0	0,39999103	0,0	0	0,0
observed-transformer-batches.tsv/MV-rooms127-40000000/49	128	0	0,39999103	0,0	0	0,0
observed-transformer-batches.tsv/MV-rooms127-40000000/50	128	0	0,39999103	0,0	0	0,0
observed-transformer-batches.tsv/MV-rooms127-40000000/51	128	0	0,39999103	0,0	0	0,0
observed-transformer-batches.tsv/MV-rooms127-40000000/52	128	0	0,39999103	0,0	0	0,0
observed-transformer-batches.tsv/MV-rooms127-40000000/53	128	0	0,39999103	0,0	0	0,0
observed-transformer-batches.tsv/MV-rooms127-40000000/54	128	0	0,39999103	0,0	0	0,0
observed-transformer-batches.tsv/MV-rooms127-40000000/55	128	0	0,39999103	0,0	0	0,0
observed-transformer-batches.tsv/MV-rooms127-40000000/56	128	0	0,39999103	0,0	0	0,0
observed-transformer-batches.tsv/MV-rooms127-40000000/57	128	0	0,39999103	0,0	0	0,0
observed-transformer-batches.tsv/MV-rooms127-40000000/58	128	0	0,39999103	0,0	0	0,0
observed-transformer-batches.tsv/MV-rooms127-40000000/59	128	0	0,39999103	0,0	0	0,0
observed-transformer-batches.tsv/MV-rooms127-40000000/60	128	0	0,39999103	0,0	0	0,0
observed-transformer-batches.tsv/MV-rooms128-40000000/21	128	1024	128,40000000	0,0	512	128,384
observed-transformer-batches.tsv/MV-rooms128-40000000/22	128	512	0,39999616	0,0	512	0,512
observed-transformer-batches.tsv/MV-rooms128-40000000/23	128	0	0,39999104	0,0	0	0,0
observed-transformer-batches.tsv/MV-rooms128-40000000/24	128	0	0,39999104	0,0	0	0,0
observed-transformer-batches.tsv/MV-rooms128-40000000/25	128	0	0,39999104	0,0	0	0,0
observed-transformer-batches.tsv/MV-rooms128-40000000/26	128	0	0,39999104	0,0	0	0,0
observed-transformer-batches.tsv/MV-rooms128-40000000/27	128	0	0,39999104	0,0	0	0,0
observed-transformer-batches.tsv/MV-rooms128-40000000/28	128	0	0,39999104	0,0	0	0,0
observed-transformer-batches.tsv/MV-rooms128-40000000/29	128	0	0,39999104	0,0	0	0,0
observed-transformer-batches.tsv/MV-rooms128-40000000/30	128	0	0,39999104	0,0	0	0,0
observed-transformer-batches.tsv/MV-rooms128-40000000/31	128	0	0,39999104	0,0	0	0,0
observed-transformer-batches.tsv/MV-rooms128-40000000/32	128	0	0,39999104	0,0	0	0,0
observed-transformer-batches.tsv/MV-rooms128-40000000/33	128	0	0,39999104	0,0	0	0,0
observed-transformer-batches.tsv/MV-rooms128-40000000/34	128	0	0,39999104	0,0	0	0,0
observed-transformer-batches.tsv/MV-rooms128-40000000/35	128	0	0,39999104	0,0	0	0,0
observed-transformer-batches.tsv/MV-rooms128-40000000/36	128	0	0,39999104	0,0	0	0,0
observed-transformer-batches.tsv/MV-rooms128-40000000/37	128	0	0,39999104	0,0	0	0,0
observed-transformer-batches.tsv/MV-rooms128-40000000/38	128	0	0,39999104	0,0	0	0,0
observed-transformer-batches.tsv/MV-rooms128-40000000/39	128	0	0,39999104	0,0	0	0,0
observed-transformer-batches.tsv/MV-rooms128-40000000/40	128	0	0,39999104	0,0	0	0,0
observed-transformer-batches.tsv/MV-rooms128-40000000/41	128	0	0,39999104	0,0	0	0,0
observed-transformer-batches.tsv/MV-rooms128-40000000/42	128	0	0,39999104	0,0	0	0,0
observed-transformer-batches.tsv/MV-rooms128-40000000/43	128	0	0,39999104	0,0	0	0,0
observed-transformer-batches.tsv/MV-rooms128-40000000/44	128	0	0,39999104	0,0	0	0,0
observed-transformer-batches.tsv/MV-rooms128-40000000/45	128	0	0,39999104	0,0	0	0,0
observed-transformer-batches.tsv/MV-rooms128-40000000/46	128	0	0,39999104	0,0	0	0,0
observed-transformer-batches.tsv/MV-rooms128-40000000/47	128	0	0,39999104	0,0	0	0,0
observed-transformer-batches.tsv/MV-rooms128-40000000/48	128	0	0,39999104	0,0	0	0,0
observed-transformer-batches.tsv/MV-rooms128-40000000/49	128	0	0,39999104	0,0	0	0,0
observed-transformer-batches.tsv/MV-rooms128-40000000/50	128	0	0,39999104	0,0	0	0,0
observed-transformer-batches.tsv/MV-rooms128-40000000/51	128	0	0,39999104	0,0	0	0,0
observed-transformer-batches.tsv/MV-rooms128-40000000/52	128	0	0,39999104	0,0	0	0,0
observed-transformer-batches.tsv/MV-rooms128-40000000/53	128	0	0,39999104	0,0	0	0,0
observed-transformer-batches.tsv/MV-rooms128-40000000/54	128	0	0,39999104	0,0	0	0,0
observed-transformer-batches.tsv/MV-rooms128-40000000/55	128	0	0,39999104	0,0	0	0,0
observed-transformer-batches.tsv/MV-rooms128-40000000/56	128	0	0,39999104	0,0	0	0,0
observed-transformer-batches.tsv/MV-rooms128-40000000/57	128	0	0,39999104	0,0	0	0,0
observed-transformer-batches.tsv/MV-rooms128-40000000/58	128	0	0,39999104	0,0	0	0,0
observed-transformer-batches.tsv/MV-rooms128-40000000/59	128	0	0,39999104	0,0	0	0,0
observed-transformer-batches.tsv/MV-rooms128-40000000/60	128	0	0,39999104	0,0	0	0,0
observed-transformer-batches.tsv/MV-rooms129-40000000/21	128	1024	129,40000000	0,0	512	512,0
observed-transformer-batches.tsv/MV-rooms129-40000000/22	128	512	0,40000000	0,0	512	0,512
observed-transformer-batches.tsv/MV-rooms129-40000000/23	128	0	0,39999488	0,0	0	0,0
observed-transformer-batches.tsv/MV-rooms129-40000000/24	128	0	0,39999488	0,0	0	0,0
observed-transformer-batches.tsv/MV-rooms129-40000000/25	128	0	0,39999488	0,0	0	0,0
observed-transformer-batches.tsv/MV-rooms129-40000000/26	128	0	0,39999488	0,0	0	0,0
observed-transformer-batches.tsv/MV-rooms129-40000000/27	128	0	0,39999488	0,0	0	0,0
observed-transformer-batches.tsv/MV-rooms129-40000000/28	128	0	0,39999488	0,0	0	0,0
observed-transformer-batches.tsv/MV-rooms129-40000000/29	128	0	0,39999488	0,0	0	0,0
observed-transformer-batches.tsv/MV-rooms129-40000000/30	128	0	0,39999488	0,0	0	0,0
observed-transformer-batches.tsv/MV-rooms129-40000000/31	128	0	0,39999488	0,0	0	0,0
observed-transformer-batches.tsv/MV-rooms129-40000000/32	128	0	0,39999488	0,0	0	0,0
observed-transformer-batches.tsv/MV-rooms129-40000000/33	128	0	0,39999488	0,0	0	0,0
observed-transformer-batches.tsv/MV-rooms129-40000000/34	128	0	0,39999488	0,0	0	0,0
observed-transformer-batches.tsv/MV-rooms129-40000000/35	128	0	0,39999488	0,0	0	0,0
observed-transformer-batches.tsv/MV-rooms129-40000000/36	128	0	0,39999488	0,0	0	0,0
observed-transformer-batches.tsv/MV-rooms129-40000000/37	128	0	0,39999488	0,0	0	0,0
observed-transformer-batches.tsv/MV-rooms129-40000000/38	128	0	0,39999488	0,0	0	0,0
observed-transformer-batches.tsv/MV-rooms129-40000000/39	128	0	0,39999488	0,0	0	0,0
observed-transformer-batches.tsv/MV-rooms129-40000000/40	128	0	0,39999488	0,0	0	0,0
observed-transformer-batches.tsv/MV-rooms129-40000000/41	128	0	0,39999488	0,0	0	0,0
observed-transformer-batches.tsv/MV-rooms129-40000000/42	128	0	0,39999488	0,0	0	0,0
observed-transformer-batches.tsv/MV-rooms129-40000000/43	128	0	0,39999488	0,0	0	0,0
observed-transformer-batches.tsv/MV-rooms129-40000000/44	128	0	0,39999488	0,0	0	0,0
observed-transformer-batches.tsv/MV-rooms129-40000000/45	128	0	0,39999488	0,0	0	0,0
observed-transformer-batches.tsv/MV-rooms129-40000000/46	128	0	0,39999488	0,0	0	0,0
observed-transformer-batches.tsv/MV-rooms129-40000000/47	128	0	0,39999488	0,0	0	0,0
observed-transformer-batches.tsv/MV-rooms129-40000000/48	128	0	0,39999488	0,0	0	0,0
observed-transformer-batches.tsv/MV-rooms129-40000000/49	128	0	0,39999488	0,0	0	0,0
observed-transformer-batches.tsv/MV-rooms129-40000000/50	128	0	0,39999488	0,0	0	0,0
observed-transformer-batches.tsv/MV-rooms129-40000000/51	128	0	0,39999488	0,0	0	0,0
observed-transformer-batches.tsv/MV-rooms129-40000000/52	128	0	0,39999488	0,0	0	0,0
observed-transformer-batches.tsv/MV-rooms129-40000000/53	128	0	0,39999488	0,0	0	0,0
observed-transformer-batches.tsv/MV-rooms129-40000000/54	128	0	0,39999488	0,0	0	0,0
observed-transformer-batches.tsv/MV-rooms129-40000000/55	128	0	0,39999488	0,0	0	0,0
observed-transformer-batches.tsv/MV-rooms129-40000000/56	128	0	0,39999488	0,0	0	0,0
observed-transformer-batches.tsv/MV-rooms129-40000000/57	128	0	0,39999488	0,0	0	0,0
observed-transformer-batches.tsv/MV-rooms129-40000000/58	128	0	0,39999488	0,0	0	0,0
observed-transformer-batches.tsv/MV-rooms129-40000000/59	128	0	0,39999488	0,0	0	0,0
observed-transformer-batches.tsv/MV-rooms129-40000000/60	128	0	0,39999488	0,0	0	0,0
observed-transformer-batches.tsv/MV-rooms129-129/21	128	1024	129,129	0,0	512	0,512
observed-transformer-batches.tsv/MV-rooms129-129/22	128	512	129,0	0,0	512	512,0
observed-transformer-batches.tsv/MV-rooms129-129/23	128	0	0,0	0,0	0	0,0
observed-transformer-batches.tsv/MV-rooms129-129/24	128	0	0,0	0,0	0	0,0
observed-transformer-batches.tsv/MV-rooms129-129/25	128	0	0,0	0,0	0	0,0
observed-transformer-batches.tsv/MV-rooms129-129/26	128	0	0,0	0,0	0	0,0
observed-transformer-batches.tsv/MV-rooms129-129/27	128	0	0,0	0,0	0	0,0
observed-transformer-batches.tsv/MV-rooms129-129/28	128	0	0,0	0,0	0	0,0
observed-transformer-batches.tsv/MV-rooms129-129/29	128	0	0,0	0,0	0	0,0
observed-transformer-batches.tsv/MV-rooms129-129/30	128	0	0,0	0,0	0	0,0
observed-transformer-batches.tsv/MV-rooms129-129/31	128	0	0,0	0,0	0	0,0
observed-transformer-batches.tsv/MV-rooms129-129/32	128	0	0,0	0,0	0	0,0
observed-transformer-batches.tsv/MV-rooms129-129/33	128	0	0,0	0,0	0	0,0
observed-transformer-batches.tsv/MV-rooms129-129/34	128	0	0,0	0,0	0	0,0
observed-transformer-batches.tsv/MV-rooms129-129/35	128	0	0,0	0,0	0	0,0
observed-transformer-batches.tsv/MV-rooms129-129/36	128	0	0,0	0,0	0	0,0
observed-transformer-batches.tsv/MV-rooms129-129/37	128	0	0,0	0,0	0	0,0
observed-transformer-batches.tsv/MV-rooms129-129/38	128	0	0,0	0,0	0	0,0
observed-transformer-batches.tsv/MV-rooms129-129/39	128	0	0,0	0,0	0	0,0
observed-transformer-batches.tsv/MV-rooms129-129/40	128	0	0,0	0,0	0	0,0
observed-transformer-batches.tsv/MV-rooms129-129/41	128	0	0,0	0,0	0	0,0
observed-transformer-batches.tsv/MV-rooms129-129/42	128	0	0,0	0,0	0	0,0
observed-transformer-batches.tsv/MV-rooms129-129/43	128	0	0,0	0,0	0	0,0
observed-transformer-batches.tsv/MV-rooms129-129/44	128	0	0,0	0,0	0	0,0
observed-transformer-batches.tsv/MV-rooms129-129/45	128	0	0,0	0,0	0	0,0
observed-transformer-batches.tsv/MV-rooms129-129/46	128	0	0,0	0,0	0	0,0
observed-transformer-batches.tsv/MV-rooms129-129/47	128	0	0,0	0,0	0	0,0
observed-transformer-batches.tsv/MV-rooms129-129/48	128	0	0,0	0,0	0	0,0
observed-transformer-batches.tsv/MV-rooms129-129/49	128	0	0,0	0,0	0	0,0
observed-transformer-batches.tsv/MV-rooms129-129/50	128	0	0,0	0,0	0	0,0
observed-transformer-batches.tsv/MV-rooms129-129/51	128	0	0,0	0,0	0	0,0
observed-transformer-batches.tsv/MV-rooms129-129/52	128	0	0,0	0,0	0	0,0
observed-transformer-batches.tsv/MV-rooms129-129/53	128	0	0,0	0,0	0	0,0
observed-transformer-batches.tsv/MV-rooms129-129/54	128	0	0,0	0,0	0	0,0
observed-transformer-batches.tsv/MV-rooms129-129/55	128	0	0,0	0,0	0	0,0
observed-transformer-batches.tsv/MV-rooms129-129/56	128	0	0,0	0,0	0	0,0
observed-transformer-batches.tsv/MV-rooms129-129/57	128	0	0,0	0,0	0	0,0
observed-transformer-batches.tsv/MV-rooms129-129/58	128	0	0,0	0,0	0	0,0
observed-transformer-batches.tsv/MV-rooms129-129/59	128	0	0,0	0,0	0	0,0
observed-transformer-batches.tsv/MV-rooms129-129/60	128	0	0,0	0,0	0	0,0
observed-transformer-batches.tsv/MV-rooms257-257/21	128	1024	257,257	0,0	512	0,512
observed-transformer-batches.tsv/MV-rooms257-257/22	128	512	257,0	0,0	512	512,0
observed-transformer-batches.tsv/MV-rooms257-257/23	128	0	0,0	0,0	0	0,0
observed-transformer-batches.tsv/MV-rooms257-257/24	128	0	0,0	0,0	0	0,0
observed-transformer-batches.tsv/MV-rooms257-257/25	128	0	0,0	0,0	0	0,0
observed-transformer-batches.tsv/MV-rooms257-257/26	128	0	0,0	0,0	0	0,0
observed-transformer-batches.tsv/MV-rooms257-257/27	128	0	0,0	0,0	0	0,0
observed-transformer-batches.tsv/MV-rooms257-257/28	128	0	0,0	0,0	0	0,0
observed-transformer-batches.tsv/MV-rooms257-257/29	128	0	0,0	0,0	0	0,0
observed-transformer-batches.tsv/MV-rooms257-257/30	128	0	0,0	0,0	0	0,0
observed-transformer-batches.tsv/MV-rooms257-257/31	128	0	0,0	0,0	0	0,0
observed-transformer-batches.tsv/MV-rooms257-257/32	128	0	0,0	0,0	0	0,0
observed-transformer-batches.tsv/MV-rooms257-257/33	128	0	0,0	0,0	0	0,0
observed-transformer-batches.tsv/MV-rooms257-257/34	128	0	0,0	0,0	0	0,0
observed-transformer-batches.tsv/MV-rooms257-257/35	128	0	0,0	0,0	0	0,0
observed-transformer-batches.tsv/MV-rooms257-257/36	128	0	0,0	0,0	0	0,0
observed-transformer-batches.tsv/MV-rooms257-257/37	128	0	0,0	0,0	0	0,0
observed-transformer-batches.tsv/MV-rooms257-257/38	128	0	0,0	0,0	0	0,0
observed-transformer-batches.tsv/MV-rooms257-257/39	128	0	0,0	0,0	0	0,0
observed-transformer-batches.tsv/MV-rooms257-257/40	128	0	0,0	0,0	0	0,0
observed-transformer-batches.tsv/MV-rooms257-257/41	128	0	0,0	0,0	0	0,0
observed-transformer-batches.tsv/MV-rooms257-257/42	128	0	0,0	0,0	0	0,0
observed-transformer-batches.tsv/MV-rooms257-257/43	128	0	0,0	0,0	0	0,0
observed-transformer-batches.tsv/MV-rooms257-257/44	128	0	0,0	0,0	0	0,0
observed-transformer-batches.tsv/MV-rooms257-257/45	128	0	0,0	0,0	0	0,0
observed-transformer-batches.tsv/MV-rooms257-257/46	128	0	0,0	0,0	0	0,0
observed-transformer-batches.tsv/MV-rooms257-257/47	128	0	0,0	0,0	0	0,0
observed-transformer-batches.tsv/MV-rooms257-257/48	128	0	0,0	0,0	0	0,0
observed-transformer-batches.tsv/MV-rooms257-257/49	128	0	0,0	0,0	0	0,0
observed-transformer-batches.tsv/MV-rooms257-257/50	128	0	0,0	0,0	0	0,0
observed-transformer-batches.tsv/MV-rooms257-257/51	128	0	0,0	0,0	0	0,0
observed-transformer-batches.tsv/MV-rooms257-257/52	128	0	0,0	0,0	0	0,0
observed-transformer-batches.tsv/MV-rooms257-257/53	128	0	0,0	0,0	0	0,0
observed-transformer-batches.tsv/MV-rooms257-257/54	128	0	0,0	0,0	0	0,0
observed-transformer-batches.tsv/MV-rooms257-257/55	128	0	0,0	0,0	0	0,0
observed-transformer-batches.tsv/MV-rooms257-257/56	128	0	0,0	0,0	0	0,0
observed-transformer-batches.tsv/MV-rooms257-257/57	128	0	0,0	0,0	0	0,0
observed-transformer-batches.tsv/MV-rooms257-257/58	128	0	0,0	0,0	0	0,0
observed-transformer-batches.tsv/MV-rooms257-257/59	128	0	0,0	0,0	0	0,0
observed-transformer-batches.tsv/MV-rooms257-257/60	128	0	0,0	0,0	0	0,0
observed-transformer-batches.tsv/MV-rooms0-40000000/21	128	1024	0,40000000	0,0	512	0,512
observed-transformer-batches.tsv/MV-rooms0-40000000/22	128	512	0,39999488	0,0	512	0,512
observed-transformer-batches.tsv/MV-rooms0-40000000/23	128	0	0,39998976	0,0	0	0,0
observed-transformer-batches.tsv/MV-rooms0-40000000/24	128	0	0,39998976	0,0	0	0,0
observed-transformer-batches.tsv/MV-rooms0-40000000/25	128	0	0,39998976	0,0	0	0,0
observed-transformer-batches.tsv/MV-rooms0-40000000/26	128	0	0,39998976	0,0	0	0,0
observed-transformer-batches.tsv/MV-rooms0-40000000/27	128	0	0,39998976	0,0	0	0,0
observed-transformer-batches.tsv/MV-rooms0-40000000/28	128	0	0,39998976	0,0	0	0,0
observed-transformer-batches.tsv/MV-rooms0-40000000/29	128	0	0,39998976	0,0	0	0,0
observed-transformer-batches.tsv/MV-rooms0-40000000/30	128	0	0,39998976	0,0	0	0,0
observed-transformer-batches.tsv/MV-rooms0-40000000/31	128	0	0,39998976	0,0	0	0,0
observed-transformer-batches.tsv/MV-rooms0-40000000/32	128	0	0,39998976	0,0	0	0,0
observed-transformer-batches.tsv/MV-rooms0-40000000/33	128	0	0,39998976	0,0	0	0,0
observed-transformer-batches.tsv/MV-rooms0-40000000/34	128	0	0,39998976	0,0	0	0,0
observed-transformer-batches.tsv/MV-rooms0-40000000/35	128	0	0,39998976	0,0	0	0,0
observed-transformer-batches.tsv/MV-rooms0-40000000/36	128	0	0,39998976	0,0	0	0,0
observed-transformer-batches.tsv/MV-rooms0-40000000/37	128	0	0,39998976	0,0	0	0,0
observed-transformer-batches.tsv/MV-rooms0-40000000/38	128	0	0,39998976	0,0	0	0,0
observed-transformer-batches.tsv/MV-rooms0-40000000/39	128	0	0,39998976	0,0	0	0,0
observed-transformer-batches.tsv/MV-rooms0-40000000/40	128	0	0,39998976	0,0	0	0,0
observed-transformer-batches.tsv/MV-rooms0-40000000/41	128	0	0,39998976	0,0	0	0,0
observed-transformer-batches.tsv/MV-rooms0-40000000/42	128	0	0,39998976	0,0	0	0,0
observed-transformer-batches.tsv/MV-rooms0-40000000/43	128	0	0,39998976	0,0	0	0,0
observed-transformer-batches.tsv/MV-rooms0-40000000/44	128	0	0,39998976	0,0	0	0,0
observed-transformer-batches.tsv/MV-rooms0-40000000/45	128	0	0,39998976	0,0	0	0,0
observed-transformer-batches.tsv/MV-rooms0-40000000/46	128	0	0,39998976	0,0	0	0,0
observed-transformer-batches.tsv/MV-rooms0-40000000/47	128	0	0,39998976	0,0	0	0,0
observed-transformer-batches.tsv/MV-rooms0-40000000/48	128	0	0,39998976	0,0	0	0,0
observed-transformer-batches.tsv/MV-rooms0-40000000/49	128	0	0,39998976	0,0	0	0,0
observed-transformer-batches.tsv/MV-rooms0-40000000/50	128	0	0,39998976	0,0	0	0,0
observed-transformer-batches.tsv/MV-rooms0-40000000/51	128	0	0,39998976	0,0	0	0,0
observed-transformer-batches.tsv/MV-rooms0-40000000/52	128	0	0,39998976	0,0	0	0,0
observed-transformer-batches.tsv/MV-rooms0-40000000/53	128	0	0,39998976	0,0	0	0,0
observed-transformer-batches.tsv/MV-rooms0-40000000/54	128	0	0,39998976	0,0	0	0,0
observed-transformer-batches.tsv/MV-rooms0-40000000/55	128	0	0,39998976	0,0	0	0,0
observed-transformer-batches.tsv/MV-rooms0-40000000/56	128	0	0,39998976	0,0	0	0,0
observed-transformer-batches.tsv/MV-rooms0-40000000/57	128	0	0,39998976	0,0	0	0,0
observed-transformer-batches.tsv/MV-rooms0-40000000/58	128	0	0,39998976	0,0	0	0,0
observed-transformer-batches.tsv/MV-rooms0-40000000/59	128	0	0,39998976	0,0	0	0,0
observed-transformer-batches.tsv/MV-rooms0-40000000/60	128	0	0,39998976	0,0	0	0,0
observed-transformer-batches.tsv/HV-rooms40000000-40000000/21	512	4096	40000000,40000000	0,0	2048	2048,0
observed-transformer-batches.tsv/HV-rooms40000000-40000000/22	512	2048	39997952,40000000	0,0	2048	0,2048
observed-transformer-batches.tsv/HV-rooms40000000-40000000/23	512	0	39997952,39997952	0,0	0	0,0
observed-transformer-batches.tsv/HV-rooms40000000-40000000/24	512	0	39997952,39997952	0,0	0	0,0
observed-transformer-batches.tsv/HV-rooms40000000-40000000/25	512	0	39997952,39997952	0,0	0	0,0
observed-transformer-batches.tsv/HV-rooms40000000-40000000/26	512	0	39997952,39997952	0,0	0	0,0
observed-transformer-batches.tsv/HV-rooms40000000-40000000/27	512	0	39997952,39997952	0,0	0	0,0
observed-transformer-batches.tsv/HV-rooms40000000-40000000/28	512	0	39997952,39997952	0,0	0	0,0
observed-transformer-batches.tsv/HV-rooms40000000-40000000/29	512	0	39997952,39997952	0,0	0	0,0
observed-transformer-batches.tsv/HV-rooms40000000-40000000/30	512	0	39997952,39997952	0,0	0	0,0
observed-transformer-batches.tsv/HV-rooms40000000-40000000/31	512	0	39997952,39997952	0,0	0	0,0
observed-transformer-batches.tsv/HV-rooms40000000-40000000/32	512	0	39997952,39997952	0,0	0	0,0
observed-transformer-batches.tsv/HV-rooms40000000-40000000/33	512	0	39997952,39997952	0,0	0	0,0
observed-transformer-batches.tsv/HV-rooms40000000-40000000/34	512	0	39997952,39997952	0,0	0	0,0
observed-transformer-batches.tsv/HV-rooms40000000-40000000/35	512	0	39997952,39997952	0,0	0	0,0
observed-transformer-batches.tsv/HV-rooms40000000-40000000/36	512	0	39997952,39997952	0,0	0	0,0
observed-transformer-batches.tsv/HV-rooms40000000-40000000/37	512	0	39997952,39997952	0,0	0	0,0
observed-transformer-batches.tsv/HV-rooms40000000-40000000/38	512	0	39997952,39997952	0,0	0	0,0
observed-transformer-batches.tsv/HV-rooms40000000-40000000/39	512	0	39997952,39997952	0,0	0	0,0
observed-transformer-batches.tsv/HV-rooms40000000-40000000/40	512	0	39997952,39997952	0,0	0	0,0
observed-transformer-batches.tsv/HV-rooms40000000-40000000/41	512	0	39997952,39997952	0,0	0	0,0
observed-transformer-batches.tsv/HV-rooms40000000-40000000/42	512	0	39997952,39997952	0,0	0	0,0
observed-transformer-batches.tsv/HV-rooms40000000-40000000/43	512	0	39997952,39997952	0,0	0	0,0
observed-transformer-batches.tsv/HV-rooms40000000-40000000/44	512	0	39997952,39997952	0,0	0	0,0
observed-transformer-batches.tsv/HV-rooms40000000-40000000/45	512	0	39997952,39997952	0,0	0	0,0
observed-transformer-batches.tsv/HV-rooms40000000-40000000/46	512	0	39997952,39997952	0,0	0	0,0
observed-transformer-batches.tsv/HV-rooms40000000-40000000/47	512	0	39997952,39997952	0,0	0	0,0
observed-transformer-batches.tsv/HV-rooms40000000-40000000/48	512	0	39997952,39997952	0,0	0	0,0
observed-transformer-batches.tsv/HV-rooms40000000-40000000/49	512	0	39997952,39997952	0,0	0	0,0
observed-transformer-batches.tsv/HV-rooms40000000-40000000/50	512	0	39997952,39997952	0,0	0	0,0
observed-transformer-batches.tsv/HV-rooms40000000-40000000/51	512	0	39997952,39997952	0,0	0	0,0
observed-transformer-batches.tsv/HV-rooms40000000-40000000/52	512	0	39997952,39997952	0,0	0	0,0
observed-transformer-batches.tsv/HV-rooms40000000-40000000/53	512	0	39997952,39997952	0,0	0	0,0
observed-transformer-batches.tsv/HV-rooms40000000-40000000/54	512	0	39997952,39997952	0,0	0	0,0
observed-transformer-batches.tsv/HV-rooms40000000-40000000/55	512	0	39997952,39997952	0,0	0	0,0
observed-transformer-batches.tsv/HV-rooms40000000-40000000/56	512	0	39997952,39997952	0,0	0	0,0
observed-transformer-batches.tsv/HV-rooms40000000-40000000/57	512	0	39997952,39997952	0,0	0	0,0
observed-transformer-batches.tsv/HV-rooms40000000-40000000/58	512	0	39997952,39997952	0,0	0	0,0
observed-transformer-batches.tsv/HV-rooms40000000-40000000/59	512	0	39997952,39997952	0,0	0	0,0
observed-transformer-batches.tsv/HV-rooms40000000-40000000/60	512	0	39997952,39997952	0,0	0	0,0
observed-transformer-batches.tsv/HV-rooms1-40000000/21	512	4096	1,40000000	0,0	2048	0,2048
observed-transformer-batches.tsv/HV-rooms1-40000000/22	512	2048	1,39997952	0,0	2048	1,2047
observed-transformer-batches.tsv/HV-rooms1-40000000/23	512	0	0,39995905	0,0	0	0,0
observed-transformer-batches.tsv/HV-rooms1-40000000/24	512	0	0,39995905	0,0	0	0,0
observed-transformer-batches.tsv/HV-rooms1-40000000/25	512	0	0,39995905	0,0	0	0,0
observed-transformer-batches.tsv/HV-rooms1-40000000/26	512	0	0,39995905	0,0	0	0,0
observed-transformer-batches.tsv/HV-rooms1-40000000/27	512	0	0,39995905	0,0	0	0,0
observed-transformer-batches.tsv/HV-rooms1-40000000/28	512	0	0,39995905	0,0	0	0,0
observed-transformer-batches.tsv/HV-rooms1-40000000/29	512	0	0,39995905	0,0	0	0,0
observed-transformer-batches.tsv/HV-rooms1-40000000/30	512	0	0,39995905	0,0	0	0,0
observed-transformer-batches.tsv/HV-rooms1-40000000/31	512	0	0,39995905	0,0	0	0,0
observed-transformer-batches.tsv/HV-rooms1-40000000/32	512	0	0,39995905	0,0	0	0,0
observed-transformer-batches.tsv/HV-rooms1-40000000/33	512	0	0,39995905	0,0	0	0,0
observed-transformer-batches.tsv/HV-rooms1-40000000/34	512	0	0,39995905	0,0	0	0,0
observed-transformer-batches.tsv/HV-rooms1-40000000/35	512	0	0,39995905	0,0	0	0,0
observed-transformer-batches.tsv/HV-rooms1-40000000/36	512	0	0,39995905	0,0	0	0,0
observed-transformer-batches.tsv/HV-rooms1-40000000/37	512	0	0,39995905	0,0	0	0,0
observed-transformer-batches.tsv/HV-rooms1-40000000/38	512	0	0,39995905	0,0	0	0,0
observed-transformer-batches.tsv/HV-rooms1-40000000/39	512	0	0,39995905	0,0	0	0,0
observed-transformer-batches.tsv/HV-rooms1-40000000/40	512	0	0,39995905	0,0	0	0,0
observed-transformer-batches.tsv/HV-rooms1-40000000/41	512	0	0,39995905	0,0	0	0,0
observed-transformer-batches.tsv/HV-rooms1-40000000/42	512	0	0,39995905	0,0	0	0,0
observed-transformer-batches.tsv/HV-rooms1-40000000/43	512	0	0,39995905	0,0	0	0,0
observed-transformer-batches.tsv/HV-rooms1-40000000/44	512	0	0,39995905	0,0	0	0,0
observed-transformer-batches.tsv/HV-rooms1-40000000/45	512	0	0,39995905	0,0	0	0,0
observed-transformer-batches.tsv/HV-rooms1-40000000/46	512	0	0,39995905	0,0	0	0,0
observed-transformer-batches.tsv/HV-rooms1-40000000/47	512	0	0,39995905	0,0	0	0,0
observed-transformer-batches.tsv/HV-rooms1-40000000/48	512	0	0,39995905	0,0	0	0,0
observed-transformer-batches.tsv/HV-rooms1-40000000/49	512	0	0,39995905	0,0	0	0,0
observed-transformer-batches.tsv/HV-rooms1-40000000/50	512	0	0,39995905	0,0	0	0,0
observed-transformer-batches.tsv/HV-rooms1-40000000/51	512	0	0,39995905	0,0	0	0,0
observed-transformer-batches.tsv/HV-rooms1-40000000/52	512	0	0,39995905	0,0	0	0,0
observed-transformer-batches.tsv/HV-rooms1-40000000/53	512	0	0,39995905	0,0	0	0,0
observed-transformer-batches.tsv/HV-rooms1-40000000/54	512	0	0,39995905	0,0	0	0,0
observed-transformer-batches.tsv/HV-rooms1-40000000/55	512	0	0,39995905	0,0	0	0,0
observed-transformer-batches.tsv/HV-rooms1-40000000/56	512	0	0,39995905	0,0	0	0,0
observed-transformer-batches.tsv/HV-rooms1-40000000/57	512	0	0,39995905	0,0	0	0,0
observed-transformer-batches.tsv/HV-rooms1-40000000/58	512	0	0,39995905	0,0	0	0,0
observed-transformer-batches.tsv/HV-rooms1-40000000/59	512	0	0,39995905	0,0	0	0,0
observed-transformer-batches.tsv/HV-rooms1-40000000/60	512	0	0,39995905	0,0	0	0,0
observed-transformer-batches.tsv/HV-rooms511-40000000/21	512	4096	511,40000000	0,0	2048	511,1537
observed-transformer-batches.tsv/HV-rooms511-40000000/22	512	2048	0,39998463	0,0	2048	0,2048
observed-transformer-batches.tsv/HV-rooms511-40000000/23	512	0	0,39996415	0,0	0	0,0
observed-transformer-batches.tsv/HV-rooms511-40000000/24	512	0	0,39996415	0,0	0	0,0
observed-transformer-batches.tsv/HV-rooms511-40000000/25	512	0	0,39996415	0,0	0	0,0
observed-transformer-batches.tsv/HV-rooms511-40000000/26	512	0	0,39996415	0,0	0	0,0
observed-transformer-batches.tsv/HV-rooms511-40000000/27	512	0	0,39996415	0,0	0	0,0
observed-transformer-batches.tsv/HV-rooms511-40000000/28	512	0	0,39996415	0,0	0	0,0
observed-transformer-batches.tsv/HV-rooms511-40000000/29	512	0	0,39996415	0,0	0	0,0
observed-transformer-batches.tsv/HV-rooms511-40000000/30	512	0	0,39996415	0,0	0	0,0
observed-transformer-batches.tsv/HV-rooms511-40000000/31	512	0	0,39996415	0,0	0	0,0
observed-transformer-batches.tsv/HV-rooms511-40000000/32	512	0	0,39996415	0,0	0	0,0
observed-transformer-batches.tsv/HV-rooms511-40000000/33	512	0	0,39996415	0,0	0	0,0
observed-transformer-batches.tsv/HV-rooms511-40000000/34	512	0	0,39996415	0,0	0	0,0
observed-transformer-batches.tsv/HV-rooms511-40000000/35	512	0	0,39996415	0,0	0	0,0
observed-transformer-batches.tsv/HV-rooms511-40000000/36	512	0	0,39996415	0,0	0	0,0
observed-transformer-batches.tsv/HV-rooms511-40000000/37	512	0	0,39996415	0,0	0	0,0
observed-transformer-batches.tsv/HV-rooms511-40000000/38	512	0	0,39996415	0,0	0	0,0
observed-transformer-batches.tsv/HV-rooms511-40000000/39	512	0	0,39996415	0,0	0	0,0
observed-transformer-batches.tsv/HV-rooms511-40000000/40	512	0	0,39996415	0,0	0	0,0
observed-transformer-batches.tsv/HV-rooms511-40000000/41	512	0	0,39996415	0,0	0	0,0
observed-transformer-batches.tsv/HV-rooms511-40000000/42	512	0	0,39996415	0,0	0	0,0
observed-transformer-batches.tsv/HV-rooms511-40000000/43	512	0	0,39996415	0,0	0	0,0
observed-transformer-batches.tsv/HV-rooms511-40000000/44	512	0	0,39996415	0,0	0	0,0
observed-transformer-batches.tsv/HV-rooms511-40000000/45	512	0	0,39996415	0,0	0	0,0
observed-transformer-batches.tsv/HV-rooms511-40000000/46	512	0	0,39996415	0,0	0	0,0
observed-transformer-batches.tsv/HV-rooms511-40000000/47	512	0	0,39996415	0,0	0	0,0
observed-transformer-batches.tsv/HV-rooms511-40000000/48	512	0	0,39996415	0,0	0	0,0
observed-transformer-batches.tsv/HV-rooms511-40000000/49	512	0	0,39996415	0,0	0	0,0
observed-transformer-batches.tsv/HV-rooms511-40000000/50	512	0	0,39996415	0,0	0	0,0
observed-transformer-batches.tsv/HV-rooms511-40000000/51	512	0	0,39996415	0,0	0	0,0
observed-transformer-batches.tsv/HV-rooms511-40000000/52	512	0	0,39996415	0,0	0	0,0
observed-transformer-batches.tsv/HV-rooms511-40000000/53	512	0	0,39996415	0,0	0	0,0
observed-transformer-batches.tsv/HV-rooms511-40000000/54	512	0	0,39996415	0,0	0	0,0
observed-transformer-batches.tsv/HV-rooms511-40000000/55	512	0	0,39996415	0,0	0	0,0
observed-transformer-batches.tsv/HV-rooms511-40000000/56	512	0	0,39996415	0,0	0	0,0
observed-transformer-batches.tsv/HV-rooms511-40000000/57	512	0	0,39996415	0,0	0	0,0
observed-transformer-batches.tsv/HV-rooms511-40000000/58	512	0	0,39996415	0,0	0	0,0
observed-transformer-batches.tsv/HV-rooms511-40000000/59	512	0	0,39996415	0,0	0	0,0
observed-transformer-batches.tsv/HV-rooms511-40000000/60	512	0	0,39996415	0,0	0	0,0
observed-transformer-batches.tsv/HV-rooms512-40000000/21	512	4096	512,40000000	0,0	2048	512,1536
observed-transformer-batches.tsv/HV-rooms512-40000000/22	512	2048	0,39998464	0,0	2048	0,2048
observed-transformer-batches.tsv/HV-rooms512-40000000/23	512	0	0,39996416	0,0	0	0,0
observed-transformer-batches.tsv/HV-rooms512-40000000/24	512	0	0,39996416	0,0	0	0,0
observed-transformer-batches.tsv/HV-rooms512-40000000/25	512	0	0,39996416	0,0	0	0,0
observed-transformer-batches.tsv/HV-rooms512-40000000/26	512	0	0,39996416	0,0	0	0,0
observed-transformer-batches.tsv/HV-rooms512-40000000/27	512	0	0,39996416	0,0	0	0,0
observed-transformer-batches.tsv/HV-rooms512-40000000/28	512	0	0,39996416	0,0	0	0,0
observed-transformer-batches.tsv/HV-rooms512-40000000/29	512	0	0,39996416	0,0	0	0,0
observed-transformer-batches.tsv/HV-rooms512-40000000/30	512	0	0,39996416	0,0	0	0,0
observed-transformer-batches.tsv/HV-rooms512-40000000/31	512	0	0,39996416	0,0	0	0,0
observed-transformer-batches.tsv/HV-rooms512-40000000/32	512	0	0,39996416	0,0	0	0,0
observed-transformer-batches.tsv/HV-rooms512-40000000/33	512	0	0,39996416	0,0	0	0,0
observed-transformer-batches.tsv/HV-rooms512-40000000/34	512	0	0,39996416	0,0	0	0,0
observed-transformer-batches.tsv/HV-rooms512-40000000/35	512	0	0,39996416	0,0	0	0,0
observed-transformer-batches.tsv/HV-rooms512-40000000/36	512	0	0,39996416	0,0	0	0,0
observed-transformer-batches.tsv/HV-rooms512-40000000/37	512	0	0,39996416	0,0	0	0,0
observed-transformer-batches.tsv/HV-rooms512-40000000/38	512	0	0,39996416	0,0	0	0,0
observed-transformer-batches.tsv/HV-rooms512-40000000/39	512	0	0,39996416	0,0	0	0,0
observed-transformer-batches.tsv/HV-rooms512-40000000/40	512	0	0,39996416	0,0	0	0,0
observed-transformer-batches.tsv/HV-rooms512-40000000/41	512	0	0,39996416	0,0	0	0,0
observed-transformer-batches.tsv/HV-rooms512-40000000/42	512	0	0,39996416	0,0	0	0,0
observed-transformer-batches.tsv/HV-rooms512-40000000/43	512	0	0,39996416	0,0	0	0,0
observed-transformer-batches.tsv/HV-rooms512-40000000/44	512	0	0,39996416	0,0	0	0,0
observed-transformer-batches.tsv/HV-rooms512-40000000/45	512	0	0,39996416	0,0	0	0,0
observed-transformer-batches.tsv/HV-rooms512-40000000/46	512	0	0,39996416	0,0	0	0,0
observed-transformer-batches.tsv/HV-rooms512-40000000/47	512	0	0,39996416	0,0	0	0,0
observed-transformer-batches.tsv/HV-rooms512-40000000/48	512	0	0,39996416	0,0	0	0,0
observed-transformer-batches.tsv/HV-rooms512-40000000/49	512	0	0,39996416	0,0	0	0,0
observed-transformer-batches.tsv/HV-rooms512-40000000/50	512	0	0,39996416	0,0	0	0,0
observed-transformer-batches.tsv/HV-rooms512-40000000/51	512	0	0,39996416	0,0	0	0,0
observed-transformer-batches.tsv/HV-rooms512-40000000/52	512	0	0,39996416	0,0	0	0,0
observed-transformer-batches.tsv/HV-rooms512-40000000/53	512	0	0,39996416	0,0	0	0,0
observed-transformer-batches.tsv/HV-rooms512-40000000/54	512	0	0,39996416	0,0	0	0,0
observed-transformer-batches.tsv/HV-rooms512-40000000/55	512	0	0,39996416	0,0	0	0,0
observed-transformer-batches.tsv/HV-rooms512-40000000/56	512	0	0,39996416	0,0	0	0,0
observed-transformer-batches.tsv/HV-rooms512-40000000/57	512	0	0,39996416	0,0	0	0,0
observed-transformer-batches.tsv/HV-rooms512-40000000/58	512	0	0,39996416	0,0	0	0,0
observed-transformer-batches.tsv/HV-rooms512-40000000/59	512	0	0,39996416	0,0	0	0,0
observed-transformer-batches.tsv/HV-rooms512-40000000/60	512	0	0,39996416	0,0	0	0,0
observed-transformer-batches.tsv/HV-rooms513-40000000/21	512	4096	513,40000000	0,0	2048	2048,0
observed-transformer-batches.tsv/HV-rooms513-40000000/22	512	2048	0,40000000	0,0	2048	0,2048
observed-transformer-batches.tsv/HV-rooms513-40000000/23	512	0	0,39997952	0,0	0	0,0
observed-transformer-batches.tsv/HV-rooms513-40000000/24	512	0	0,39997952	0,0	0	0,0
observed-transformer-batches.tsv/HV-rooms513-40000000/25	512	0	0,39997952	0,0	0	0,0
observed-transformer-batches.tsv/HV-rooms513-40000000/26	512	0	0,39997952	0,0	0	0,0
observed-transformer-batches.tsv/HV-rooms513-40000000/27	512	0	0,39997952	0,0	0	0,0
observed-transformer-batches.tsv/HV-rooms513-40000000/28	512	0	0,39997952	0,0	0	0,0
observed-transformer-batches.tsv/HV-rooms513-40000000/29	512	0	0,39997952	0,0	0	0,0
observed-transformer-batches.tsv/HV-rooms513-40000000/30	512	0	0,39997952	0,0	0	0,0
observed-transformer-batches.tsv/HV-rooms513-40000000/31	512	0	0,39997952	0,0	0	0,0
observed-transformer-batches.tsv/HV-rooms513-40000000/32	512	0	0,39997952	0,0	0	0,0
observed-transformer-batches.tsv/HV-rooms513-40000000/33	512	0	0,39997952	0,0	0	0,0
observed-transformer-batches.tsv/HV-rooms513-40000000/34	512	0	0,39997952	0,0	0	0,0
observed-transformer-batches.tsv/HV-rooms513-40000000/35	512	0	0,39997952	0,0	0	0,0
observed-transformer-batches.tsv/HV-rooms513-40000000/36	512	0	0,39997952	0,0	0	0,0
observed-transformer-batches.tsv/HV-rooms513-40000000/37	512	0	0,39997952	0,0	0	0,0
observed-transformer-batches.tsv/HV-rooms513-40000000/38	512	0	0,39997952	0,0	0	0,0
observed-transformer-batches.tsv/HV-rooms513-40000000/39	512	0	0,39997952	0,0	0	0,0
observed-transformer-batches.tsv/HV-rooms513-40000000/40	512	0	0,39997952	0,0	0	0,0
observed-transformer-batches.tsv/HV-rooms513-40000000/41	512	0	0,39997952	0,0	0	0,0
observed-transformer-batches.tsv/HV-rooms513-40000000/42	512	0	0,39997952	0,0	0	0,0
observed-transformer-batches.tsv/HV-rooms513-40000000/43	512	0	0,39997952	0,0	0	0,0
observed-transformer-batches.tsv/HV-rooms513-40000000/44	512	0	0,39997952	0,0	0	0,0
observed-transformer-batches.tsv/HV-rooms513-40000000/45	512	0	0,39997952	0,0	0	0,0
observed-transformer-batches.tsv/HV-rooms513-40000000/46	512	0	0,39997952	0,0	0	0,0
observed-transformer-batches.tsv/HV-rooms513-40000000/47	512	0	0,39997952	0,0	0	0,0
observed-transformer-batches.tsv/HV-rooms513-40000000/48	512	0	0,39997952	0,0	0	0,0
observed-transformer-batches.tsv/HV-rooms513-40000000/49	512	0	0,39997952	0,0	0	0,0
observed-transformer-batches.tsv/HV-rooms513-40000000/50	512	0	0,39997952	0,0	0	0,0
observed-transformer-batches.tsv/HV-rooms513-40000000/51	512	0	0,39997952	0,0	0	0,0
observed-transformer-batches.tsv/HV-rooms513-40000000/52	512	0	0,39997952	0,0	0	0,0
observed-transformer-batches.tsv/HV-rooms513-40000000/53	512	0	0,39997952	0,0	0	0,0
observed-transformer-batches.tsv/HV-rooms513-40000000/54	512	0	0,39997952	0,0	0	0,0
observed-transformer-batches.tsv/HV-rooms513-40000000/55	512	0	0,39997952	0,0	0	0,0
observed-transformer-batches.tsv/HV-rooms513-40000000/56	512	0	0,39997952	0,0	0	0,0
observed-transformer-batches.tsv/HV-rooms513-40000000/57	512	0	0,39997952	0,0	0	0,0
observed-transformer-batches.tsv/HV-rooms513-40000000/58	512	0	0,39997952	0,0	0	0,0
observed-transformer-batches.tsv/HV-rooms513-40000000/59	512	0	0,39997952	0,0	0	0,0
observed-transformer-batches.tsv/HV-rooms513-40000000/60	512	0	0,39997952	0,0	0	0,0
observed-transformer-batches.tsv/HV-rooms513-513/21	512	4096	513,513	0,0	2048	0,2048
observed-transformer-batches.tsv/HV-rooms513-513/22	512	2048	513,0	0,0	2048	2048,0
observed-transformer-batches.tsv/HV-rooms513-513/23	512	0	0,0	0,0	0	0,0
observed-transformer-batches.tsv/HV-rooms513-513/24	512	0	0,0	0,0	0	0,0
observed-transformer-batches.tsv/HV-rooms513-513/25	512	0	0,0	0,0	0	0,0
observed-transformer-batches.tsv/HV-rooms513-513/26	512	0	0,0	0,0	0	0,0
observed-transformer-batches.tsv/HV-rooms513-513/27	512	0	0,0	0,0	0	0,0
observed-transformer-batches.tsv/HV-rooms513-513/28	512	0	0,0	0,0	0	0,0
observed-transformer-batches.tsv/HV-rooms513-513/29	512	0	0,0	0,0	0	0,0
observed-transformer-batches.tsv/HV-rooms513-513/30	512	0	0,0	0,0	0	0,0
observed-transformer-batches.tsv/HV-rooms513-513/31	512	0	0,0	0,0	0	0,0
observed-transformer-batches.tsv/HV-rooms513-513/32	512	0	0,0	0,0	0	0,0
observed-transformer-batches.tsv/HV-rooms513-513/33	512	0	0,0	0,0	0	0,0
observed-transformer-batches.tsv/HV-rooms513-513/34	512	0	0,0	0,0	0	0,0
observed-transformer-batches.tsv/HV-rooms513-513/35	512	0	0,0	0,0	0	0,0
observed-transformer-batches.tsv/HV-rooms513-513/36	512	0	0,0	0,0	0	0,0
observed-transformer-batches.tsv/HV-rooms513-513/37	512	0	0,0	0,0	0	0,0
observed-transformer-batches.tsv/HV-rooms513-513/38	512	0	0,0	0,0	0	0,0
observed-transformer-batches.tsv/HV-rooms513-513/39	512	0	0,0	0,0	0	0,0
observed-transformer-batches.tsv/HV-rooms513-513/40	512	0	0,0	0,0	0	0,0
observed-transformer-batches.tsv/HV-rooms513-513/41	512	0	0,0	0,0	0	0,0
observed-transformer-batches.tsv/HV-rooms513-513/42	512	0	0,0	0,0	0	0,0
observed-transformer-batches.tsv/HV-rooms513-513/43	512	0	0,0	0,0	0	0,0
observed-transformer-batches.tsv/HV-rooms513-513/44	512	0	0,0	0,0	0	0,0
observed-transformer-batches.tsv/HV-rooms513-513/45	512	0	0,0	0,0	0	0,0
observed-transformer-batches.tsv/HV-rooms513-513/46	512	0	0,0	0,0	0	0,0
observed-transformer-batches.tsv/HV-rooms513-513/47	512	0	0,0	0,0	0	0,0
observed-transformer-batches.tsv/HV-rooms513-513/48	512	0	0,0	0,0	0	0,0
observed-transformer-batches.tsv/HV-rooms513-513/49	512	0	0,0	0,0	0	0,0
observed-transformer-batches.tsv/HV-rooms513-513/50	512	0	0,0	0,0	0	0,0
observed-transformer-batches.tsv/HV-rooms513-513/51	512	0	0,0	0,0	0	0,0
observed-transformer-batches.tsv/HV-rooms513-513/52	512	0	0,0	0,0	0	0,0
observed-transformer-batches.tsv/HV-rooms513-513/53	512	0	0,0	0,0	0	0,0
observed-transformer-batches.tsv/HV-rooms513-513/54	512	0	0,0	0,0	0	0,0
observed-transformer-batches.tsv/HV-rooms513-513/55	512	0	0,0	0,0	0	0,0
observed-transformer-batches.tsv/HV-rooms513-513/56	512	0	0,0	0,0	0	0,0
observed-transformer-batches.tsv/HV-rooms513-513/57	512	0	0,0	0,0	0	0,0
observed-transformer-batches.tsv/HV-rooms513-513/58	512	0	0,0	0,0	0	0,0
observed-transformer-batches.tsv/HV-rooms513-513/59	512	0	0,0	0,0	0	0,0
observed-transformer-batches.tsv/HV-rooms513-513/60	512	0	0,0	0,0	0	0,0
observed-transformer-batches.tsv/HV-rooms1025-1025/21	512	4096	1025,1025	0,0	2048	0,2048
observed-transformer-batches.tsv/HV-rooms1025-1025/22	512	2048	1025,0	0,0	2048	2048,0
observed-transformer-batches.tsv/HV-rooms1025-1025/23	512	0	0,0	0,0	0	0,0
observed-transformer-batches.tsv/HV-rooms1025-1025/24	512	0	0,0	0,0	0	0,0
observed-transformer-batches.tsv/HV-rooms1025-1025/25	512	0	0,0	0,0	0	0,0
observed-transformer-batches.tsv/HV-rooms1025-1025/26	512	0	0,0	0,0	0	0,0
observed-transformer-batches.tsv/HV-rooms1025-1025/27	512	0	0,0	0,0	0	0,0
observed-transformer-batches.tsv/HV-rooms1025-1025/28	512	0	0,0	0,0	0	0,0
observed-transformer-batches.tsv/HV-rooms1025-1025/29	512	0	0,0	0,0	0	0,0
observed-transformer-batches.tsv/HV-rooms1025-1025/30	512	0	0,0	0,0	0	0,0
observed-transformer-batches.tsv/HV-rooms1025-1025/31	512	0	0,0	0,0	0	0,0
observed-transformer-batches.tsv/HV-rooms1025-1025/32	512	0	0,0	0,0	0	0,0
observed-transformer-batches.tsv/HV-rooms1025-1025/33	512	0	0,0	0,0	0	0,0
observed-transformer-batches.tsv/HV-rooms1025-1025/34	512	0	0,0	0,0	0	0,0
observed-transformer-batches.tsv/HV-rooms1025-1025/35	512	0	0,0	0,0	0	0,0
observed-transformer-batches.tsv/HV-rooms1025-1025/36	512	0	0,0	0,0	0	0,0
observed-transformer-batches.tsv/HV-rooms1025-1025/37	512	0	0,0	0,0	0	0,0
observed-transformer-batches.tsv/HV-rooms1025-1025/38	512	0	0,0	0,0	0	0,0
observed-transformer-batches.tsv/HV-rooms1025-1025/39	512	0	0,0	0,0	0	0,0
observed-transformer-batches.tsv/HV-rooms1025-1025/40	512	0	0,0	0,0	0	0,0
observed-transformer-batches.tsv/HV-rooms1025-1025/41	512	0	0,0	0,0	0	0,0
observed-transformer-batches.tsv/HV-rooms1025-1025/42	512	0	0,0	0,0	0	0,0
observed-transformer-batches.tsv/HV-rooms1025-1025/43	512	0	0,0	0,0	0	0,0
observed-transformer-batches.tsv/HV-rooms1025-1025/44	512	0	0,0	0,0	0	0,0
observed-transformer-batches.tsv/HV-rooms1025-1025/45	512	0	0,0	0,0	0	0,0
observed-transformer-batches.tsv/HV-rooms1025-1025/46	512	0	0,0	0,0	0	0,0
observed-transformer-batches.tsv/HV-rooms1025-1025/47	512	0	0,0	0,0	0	0,0
observed-transformer-batches.tsv/HV-rooms1025-1025/48	512	0	0,0	0,0	0	0,0
observed-transformer-batches.tsv/HV-rooms1025-1025/49	512	0	0,0	0,0	0	0,0
observed-transformer-batches.tsv/HV-rooms1025-1025/50	512	0	0,0	0,0	0	0,0
observed-transformer-batches.tsv/HV-rooms1025-1025/51	512	0	0,0	0,0	0	0,0
observed-transformer-batches.tsv/HV-rooms1025-1025/52	512	0	0,0	0,0	0	0,0
observed-transformer-batches.tsv/HV-rooms1025-1025/53	512	0	0,0	0,0	0	0,0
observed-transformer-batches.tsv/HV-rooms1025-1025/54	512	0	0,0	0,0	0	0,0
observed-transformer-batches.tsv/HV-rooms1025-1025/55	512	0	0,0	0,0	0	0,0
observed-transformer-batches.tsv/HV-rooms1025-1025/56	512	0	0,0	0,0	0	0,0
observed-transformer-batches.tsv/HV-rooms1025-1025/57	512	0	0,0	0,0	0	0,0
observed-transformer-batches.tsv/HV-rooms1025-1025/58	512	0	0,0	0,0	0	0,0
observed-transformer-batches.tsv/HV-rooms1025-1025/59	512	0	0,0	0,0	0	0,0
observed-transformer-batches.tsv/HV-rooms1025-1025/60	512	0	0,0	0,0	0	0,0
observed-transformer-batches.tsv/HV-rooms0-40000000/21	512	4096	0,40000000	0,0	2048	0,2048
observed-transformer-batches.tsv/HV-rooms0-40000000/22	512	2048	0,39997952	0,0	2048	0,2048
observed-transformer-batches.tsv/HV-rooms0-40000000/23	512	0	0,39995904	0,0	0	0,0
observed-transformer-batches.tsv/HV-rooms0-40000000/24	512	0	0,39995904	0,0	0	0,0
observed-transformer-batches.tsv/HV-rooms0-40000000/25	512	0	0,39995904	0,0	0	0,0
observed-transformer-batches.tsv/HV-rooms0-40000000/26	512	0	0,39995904	0,0	0	0,0
observed-transformer-batches.tsv/HV-rooms0-40000000/27	512	0	0,39995904	0,0	0	0,0
observed-transformer-batches.tsv/HV-rooms0-40000000/28	512	0	0,39995904	0,0	0	0,0
observed-transformer-batches.tsv/HV-rooms0-40000000/29	512	0	0,39995904	0,0	0	0,0
observed-transformer-batches.tsv/HV-rooms0-40000000/30	512	0	0,39995904	0,0	0	0,0
observed-transformer-batches.tsv/HV-rooms0-40000000/31	512	0	0,39995904	0,0	0	0,0
observed-transformer-batches.tsv/HV-rooms0-40000000/32	512	0	0,39995904	0,0	0	0,0
observed-transformer-batches.tsv/HV-rooms0-40000000/33	512	0	0,39995904	0,0	0	0,0
observed-transformer-batches.tsv/HV-rooms0-40000000/34	512	0	0,39995904	0,0	0	0,0
observed-transformer-batches.tsv/HV-rooms0-40000000/35	512	0	0,39995904	0,0	0	0,0
observed-transformer-batches.tsv/HV-rooms0-40000000/36	512	0	0,39995904	0,0	0	0,0
observed-transformer-batches.tsv/HV-rooms0-40000000/37	512	0	0,39995904	0,0	0	0,0
observed-transformer-batches.tsv/HV-rooms0-40000000/38	512	0	0,39995904	0,0	0	0,0
observed-transformer-batches.tsv/HV-rooms0-40000000/39	512	0	0,39995904	0,0	0	0,0
observed-transformer-batches.tsv/HV-rooms0-40000000/40	512	0	0,39995904	0,0	0	0,0
observed-transformer-batches.tsv/HV-rooms0-40000000/41	512	0	0,39995904	0,0	0	0,0
observed-transformer-batches.tsv/HV-rooms0-40000000/42	512	0	0,39995904	0,0	0	0,0
observed-transformer-batches.tsv/HV-rooms0-40000000/43	512	0	0,39995904	0,0	0	0,0
observed-transformer-batches.tsv/HV-rooms0-40000000/44	512	0	0,39995904	0,0	0	0,0
observed-transformer-batches.tsv/HV-rooms0-40000000/45	512	0	0,39995904	0,0	0	0,0
observed-transformer-batches.tsv/HV-rooms0-40000000/46	512	0	0,39995904	0,0	0	0,0
observed-transformer-batches.tsv/HV-rooms0-40000000/47	512	0	0,39995904	0,0	0	0,0
observed-transformer-batches.tsv/HV-rooms0-40000000/48	512	0	0,39995904	0,0	0	0,0
observed-transformer-batches.tsv/HV-rooms0-40000000/49	512	0	0,39995904	0,0	0	0,0
observed-transformer-batches.tsv/HV-rooms0-40000000/50	512	0	0,39995904	0,0	0	0,0
observed-transformer-batches.tsv/HV-rooms0-40000000/51	512	0	0,39995904	0,0	0	0,0
observed-transformer-batches.tsv/HV-rooms0-40000000/52	512	0	0,39995904	0,0	0	0,0
observed-transformer-batches.tsv/HV-rooms0-40000000/53	512	0	0,39995904	0,0	0	0,0
observed-transformer-batches.tsv/HV-rooms0-40000000/54	512	0	0,39995904	0,0	0	0,0
observed-transformer-batches.tsv/HV-rooms0-40000000/55	512	0	0,39995904	0,0	0	0,0
observed-transformer-batches.tsv/HV-rooms0-40000000/56	512	0	0,39995904	0,0	0	0,0
observed-transformer-batches.tsv/HV-rooms0-40000000/57	512	0	0,39995904	0,0	0	0,0
observed-transformer-batches.tsv/HV-rooms0-40000000/58	512	0	0,39995904	0,0	0	0,0
observed-transformer-batches.tsv/HV-rooms0-40000000/59	512	0	0,39995904	0,0	0	0,0
observed-transformer-batches.tsv/HV-rooms0-40000000/60	512	0	0,39995904	0,0	0	0,0
observed-transformer-batches.tsv/EV-rooms40000000-40000000/21	2048	16384	40000000,40000000	0,0	8192	0,8192
observed-transformer-batches.tsv/EV-rooms40000000-40000000/22	2048	8192	40000000,39991808	0,0	8192	0,8192
observed-transformer-batches.tsv/EV-rooms40000000-40000000/23	2048	0	40000000,39983616	0,0	0	0,0
observed-transformer-batches.tsv/EV-rooms40000000-40000000/24	2048	0	40000000,39983616	0,0	0	0,0
observed-transformer-batches.tsv/EV-rooms40000000-40000000/25	2048	0	40000000,39983616	0,0	0	0,0
observed-transformer-batches.tsv/EV-rooms40000000-40000000/26	2048	0	40000000,39983616	0,0	0	0,0
observed-transformer-batches.tsv/EV-rooms40000000-40000000/27	2048	0	40000000,39983616	0,0	0	0,0
observed-transformer-batches.tsv/EV-rooms40000000-40000000/28	2048	0	40000000,39983616	0,0	0	0,0
observed-transformer-batches.tsv/EV-rooms40000000-40000000/29	2048	0	40000000,39983616	0,0	0	0,0
observed-transformer-batches.tsv/EV-rooms40000000-40000000/30	2048	0	40000000,39983616	0,0	0	0,0
observed-transformer-batches.tsv/EV-rooms40000000-40000000/31	2048	0	40000000,39983616	0,0	0	0,0
observed-transformer-batches.tsv/EV-rooms40000000-40000000/32	2048	0	40000000,39983616	0,0	0	0,0
observed-transformer-batches.tsv/EV-rooms40000000-40000000/33	2048	0	40000000,39983616	0,0	0	0,0
observed-transformer-batches.tsv/EV-rooms40000000-40000000/34	2048	0	40000000,39983616	0,0	0	0,0
observed-transformer-batches.tsv/EV-rooms40000000-40000000/35	2048	0	40000000,39983616	0,0	0	0,0
observed-transformer-batches.tsv/EV-rooms40000000-40000000/36	2048	0	40000000,39983616	0,0	0	0,0
observed-transformer-batches.tsv/EV-rooms40000000-40000000/37	2048	0	40000000,39983616	0,0	0	0,0
observed-transformer-batches.tsv/EV-rooms40000000-40000000/38	2048	0	40000000,39983616	0,0	0	0,0
observed-transformer-batches.tsv/EV-rooms40000000-40000000/39	2048	0	40000000,39983616	0,0	0	0,0
observed-transformer-batches.tsv/EV-rooms40000000-40000000/40	2048	0	40000000,39983616	0,0	0	0,0
observed-transformer-batches.tsv/EV-rooms40000000-40000000/41	2048	0	40000000,39983616	0,0	0	0,0
observed-transformer-batches.tsv/EV-rooms40000000-40000000/42	2048	0	40000000,39983616	0,0	0	0,0
observed-transformer-batches.tsv/EV-rooms40000000-40000000/43	2048	0	40000000,39983616	0,0	0	0,0
observed-transformer-batches.tsv/EV-rooms40000000-40000000/44	2048	0	40000000,39983616	0,0	0	0,0
observed-transformer-batches.tsv/EV-rooms40000000-40000000/45	2048	0	40000000,39983616	0,0	0	0,0
observed-transformer-batches.tsv/EV-rooms40000000-40000000/46	2048	0	40000000,39983616	0,0	0	0,0
observed-transformer-batches.tsv/EV-rooms40000000-40000000/47	2048	0	40000000,39983616	0,0	0	0,0
observed-transformer-batches.tsv/EV-rooms40000000-40000000/48	2048	0	40000000,39983616	0,0	0	0,0
observed-transformer-batches.tsv/EV-rooms40000000-40000000/49	2048	0	40000000,39983616	0,0	0	0,0
observed-transformer-batches.tsv/EV-rooms40000000-40000000/50	2048	0	40000000,39983616	0,0	0	0,0
observed-transformer-batches.tsv/EV-rooms40000000-40000000/51	2048	0	40000000,39983616	0,0	0	0,0
observed-transformer-batches.tsv/EV-rooms40000000-40000000/52	2048	0	40000000,39983616	0,0	0	0,0
observed-transformer-batches.tsv/EV-rooms40000000-40000000/53	2048	0	40000000,39983616	0,0	0	0,0
observed-transformer-batches.tsv/EV-rooms40000000-40000000/54	2048	0	40000000,39983616	0,0	0	0,0
observed-transformer-batches.tsv/EV-rooms40000000-40000000/55	2048	0	40000000,39983616	0,0	0	0,0
observed-transformer-batches.tsv/EV-rooms40000000-40000000/56	2048	0	40000000,39983616	0,0	0	0,0
observed-transformer-batches.tsv/EV-rooms40000000-40000000/57	2048	0	40000000,39983616	0,0	0	0,0
observed-transformer-batches.tsv/EV-rooms40000000-40000000/58	2048	0	40000000,39983616	0,0	0	0,0
observed-transformer-batches.tsv/EV-rooms40000000-40000000/59	2048	0	40000000,39983616	0,0	0	0,0
observed-transformer-batches.tsv/EV-rooms40000000-40000000/60	2048	0	40000000,39983616	0,0	0	0,0
observed-transformer-batches.tsv/EV-rooms1-40000000/21	2048	16384	1,40000000	0,0	8192	1,8191
observed-transformer-batches.tsv/EV-rooms1-40000000/22	2048	8192	0,39991809	0,0	8192	0,8192
observed-transformer-batches.tsv/EV-rooms1-40000000/23	2048	0	0,39983617	0,0	0	0,0
observed-transformer-batches.tsv/EV-rooms1-40000000/24	2048	0	0,39983617	0,0	0	0,0
observed-transformer-batches.tsv/EV-rooms1-40000000/25	2048	0	0,39983617	0,0	0	0,0
observed-transformer-batches.tsv/EV-rooms1-40000000/26	2048	0	0,39983617	0,0	0	0,0
observed-transformer-batches.tsv/EV-rooms1-40000000/27	2048	0	0,39983617	0,0	0	0,0
observed-transformer-batches.tsv/EV-rooms1-40000000/28	2048	0	0,39983617	0,0	0	0,0
observed-transformer-batches.tsv/EV-rooms1-40000000/29	2048	0	0,39983617	0,0	0	0,0
observed-transformer-batches.tsv/EV-rooms1-40000000/30	2048	0	0,39983617	0,0	0	0,0
observed-transformer-batches.tsv/EV-rooms1-40000000/31	2048	0	0,39983617	0,0	0	0,0
observed-transformer-batches.tsv/EV-rooms1-40000000/32	2048	0	0,39983617	0,0	0	0,0
observed-transformer-batches.tsv/EV-rooms1-40000000/33	2048	0	0,39983617	0,0	0	0,0
observed-transformer-batches.tsv/EV-rooms1-40000000/34	2048	0	0,39983617	0,0	0	0,0
observed-transformer-batches.tsv/EV-rooms1-40000000/35	2048	0	0,39983617	0,0	0	0,0
observed-transformer-batches.tsv/EV-rooms1-40000000/36	2048	0	0,39983617	0,0	0	0,0
observed-transformer-batches.tsv/EV-rooms1-40000000/37	2048	0	0,39983617	0,0	0	0,0
observed-transformer-batches.tsv/EV-rooms1-40000000/38	2048	0	0,39983617	0,0	0	0,0
observed-transformer-batches.tsv/EV-rooms1-40000000/39	2048	0	0,39983617	0,0	0	0,0
observed-transformer-batches.tsv/EV-rooms1-40000000/40	2048	0	0,39983617	0,0	0	0,0
observed-transformer-batches.tsv/EV-rooms1-40000000/41	2048	0	0,39983617	0,0	0	0,0
observed-transformer-batches.tsv/EV-rooms1-40000000/42	2048	0	0,39983617	0,0	0	0,0
observed-transformer-batches.tsv/EV-rooms1-40000000/43	2048	0	0,39983617	0,0	0	0,0
observed-transformer-batches.tsv/EV-rooms1-40000000/44	2048	0	0,39983617	0,0	0	0,0
observed-transformer-batches.tsv/EV-rooms1-40000000/45	2048	0	0,39983617	0,0	0	0,0
observed-transformer-batches.tsv/EV-rooms1-40000000/46	2048	0	0,39983617	0,0	0	0,0
observed-transformer-batches.tsv/EV-rooms1-40000000/47	2048	0	0,39983617	0,0	0	0,0
observed-transformer-batches.tsv/EV-rooms1-40000000/48	2048	0	0,39983617	0,0	0	0,0
observed-transformer-batches.tsv/EV-rooms1-40000000/49	2048	0	0,39983617	0,0	0	0,0
observed-transformer-batches.tsv/EV-rooms1-40000000/50	2048	0	0,39983617	0,0	0	0,0
observed-transformer-batches.tsv/EV-rooms1-40000000/51	2048	0	0,39983617	0,0	0	0,0
observed-transformer-batches.tsv/EV-rooms1-40000000/52	2048	0	0,39983617	0,0	0	0,0
observed-transformer-batches.tsv/EV-rooms1-40000000/53	2048	0	0,39983617	0,0	0	0,0
observed-transformer-batches.tsv/EV-rooms1-40000000/54	2048	0	0,39983617	0,0	0	0,0
observed-transformer-batches.tsv/EV-rooms1-40000000/55	2048	0	0,39983617	0,0	0	0,0
observed-transformer-batches.tsv/EV-rooms1-40000000/56	2048	0	0,39983617	0,0	0	0,0
observed-transformer-batches.tsv/EV-rooms1-40000000/57	2048	0	0,39983617	0,0	0	0,0
observed-transformer-batches.tsv/EV-rooms1-40000000/58	2048	0	0,39983617	0,0	0	0,0
observed-transformer-batches.tsv/EV-rooms1-40000000/59	2048	0	0,39983617	0,0	0	0,0
observed-transformer-batches.tsv/EV-rooms1-40000000/60	2048	0	0,39983617	0,0	0	0,0
observed-transformer-batches.tsv/EV-rooms2047-40000000/21	2048	16384	2047,40000000	0,0	8192	2047,6145
observed-transformer-batches.tsv/EV-rooms2047-40000000/22	2048	8192	0,39993855	0,0	8192	0,8192
observed-transformer-batches.tsv/EV-rooms2047-40000000/23	2048	0	0,39985663	0,0	0	0,0
observed-transformer-batches.tsv/EV-rooms2047-40000000/24	2048	0	0,39985663	0,0	0	0,0
observed-transformer-batches.tsv/EV-rooms2047-40000000/25	2048	0	0,39985663	0,0	0	0,0
observed-transformer-batches.tsv/EV-rooms2047-40000000/26	2048	0	0,39985663	0,0	0	0,0
observed-transformer-batches.tsv/EV-rooms2047-40000000/27	2048	0	0,39985663	0,0	0	0,0
observed-transformer-batches.tsv/EV-rooms2047-40000000/28	2048	0	0,39985663	0,0	0	0,0
observed-transformer-batches.tsv/EV-rooms2047-40000000/29	2048	0	0,39985663	0,0	0	0,0
observed-transformer-batches.tsv/EV-rooms2047-40000000/30	2048	0	0,39985663	0,0	0	0,0
observed-transformer-batches.tsv/EV-rooms2047-40000000/31	2048	0	0,39985663	0,0	0	0,0
observed-transformer-batches.tsv/EV-rooms2047-40000000/32	2048	0	0,39985663	0,0	0	0,0
observed-transformer-batches.tsv/EV-rooms2047-40000000/33	2048	0	0,39985663	0,0	0	0,0
observed-transformer-batches.tsv/EV-rooms2047-40000000/34	2048	0	0,39985663	0,0	0	0,0
observed-transformer-batches.tsv/EV-rooms2047-40000000/35	2048	0	0,39985663	0,0	0	0,0
observed-transformer-batches.tsv/EV-rooms2047-40000000/36	2048	0	0,39985663	0,0	0	0,0
observed-transformer-batches.tsv/EV-rooms2047-40000000/37	2048	0	0,39985663	0,0	0	0,0
observed-transformer-batches.tsv/EV-rooms2047-40000000/38	2048	0	0,39985663	0,0	0	0,0
observed-transformer-batches.tsv/EV-rooms2047-40000000/39	2048	0	0,39985663	0,0	0	0,0
observed-transformer-batches.tsv/EV-rooms2047-40000000/40	2048	0	0,39985663	0,0	0	0,0
observed-transformer-batches.tsv/EV-rooms2047-40000000/41	2048	0	0,39985663	0,0	0	0,0
observed-transformer-batches.tsv/EV-rooms2047-40000000/42	2048	0	0,39985663	0,0	0	0,0
observed-transformer-batches.tsv/EV-rooms2047-40000000/43	2048	0	0,39985663	0,0	0	0,0
observed-transformer-batches.tsv/EV-rooms2047-40000000/44	2048	0	0,39985663	0,0	0	0,0
observed-transformer-batches.tsv/EV-rooms2047-40000000/45	2048	0	0,39985663	0,0	0	0,0
observed-transformer-batches.tsv/EV-rooms2047-40000000/46	2048	0	0,39985663	0,0	0	0,0
observed-transformer-batches.tsv/EV-rooms2047-40000000/47	2048	0	0,39985663	0,0	0	0,0
observed-transformer-batches.tsv/EV-rooms2047-40000000/48	2048	0	0,39985663	0,0	0	0,0
observed-transformer-batches.tsv/EV-rooms2047-40000000/49	2048	0	0,39985663	0,0	0	0,0
observed-transformer-batches.tsv/EV-rooms2047-40000000/50	2048	0	0,39985663	0,0	0	0,0
observed-transformer-batches.tsv/EV-rooms2047-40000000/51	2048	0	0,39985663	0,0	0	0,0
observed-transformer-batches.tsv/EV-rooms2047-40000000/52	2048	0	0,39985663	0,0	0	0,0
observed-transformer-batches.tsv/EV-rooms2047-40000000/53	2048	0	0,39985663	0,0	0	0,0
observed-transformer-batches.tsv/EV-rooms2047-40000000/54	2048	0	0,39985663	0,0	0	0,0
observed-transformer-batches.tsv/EV-rooms2047-40000000/55	2048	0	0,39985663	0,0	0	0,0
observed-transformer-batches.tsv/EV-rooms2047-40000000/56	2048	0	0,39985663	0,0	0	0,0
observed-transformer-batches.tsv/EV-rooms2047-40000000/57	2048	0	0,39985663	0,0	0	0,0
observed-transformer-batches.tsv/EV-rooms2047-40000000/58	2048	0	0,39985663	0,0	0	0,0
observed-transformer-batches.tsv/EV-rooms2047-40000000/59	2048	0	0,39985663	0,0	0	0,0
observed-transformer-batches.tsv/EV-rooms2047-40000000/60	2048	0	0,39985663	0,0	0	0,0
observed-transformer-batches.tsv/EV-rooms2048-40000000/21	2048	16384	2048,40000000	0,0	8192	2048,6144
observed-transformer-batches.tsv/EV-rooms2048-40000000/22	2048	8192	0,39993856	0,0	8192	0,8192
observed-transformer-batches.tsv/EV-rooms2048-40000000/23	2048	0	0,39985664	0,0	0	0,0
observed-transformer-batches.tsv/EV-rooms2048-40000000/24	2048	0	0,39985664	0,0	0	0,0
observed-transformer-batches.tsv/EV-rooms2048-40000000/25	2048	0	0,39985664	0,0	0	0,0
observed-transformer-batches.tsv/EV-rooms2048-40000000/26	2048	0	0,39985664	0,0	0	0,0
observed-transformer-batches.tsv/EV-rooms2048-40000000/27	2048	0	0,39985664	0,0	0	0,0
observed-transformer-batches.tsv/EV-rooms2048-40000000/28	2048	0	0,39985664	0,0	0	0,0
observed-transformer-batches.tsv/EV-rooms2048-40000000/29	2048	0	0,39985664	0,0	0	0,0
observed-transformer-batches.tsv/EV-rooms2048-40000000/30	2048	0	0,39985664	0,0	0	0,0
observed-transformer-batches.tsv/EV-rooms2048-40000000/31	2048	0	0,39985664	0,0	0	0,0
observed-transformer-batches.tsv/EV-rooms2048-40000000/32	2048	0	0,39985664	0,0	0	0,0
observed-transformer-batches.tsv/EV-rooms2048-40000000/33	2048	0	0,39985664	0,0	0	0,0
observed-transformer-batches.tsv/EV-rooms2048-40000000/34	2048	0	0,39985664	0,0	0	0,0
observed-transformer-batches.tsv/EV-rooms2048-40000000/35	2048	0	0,39985664	0,0	0	0,0
observed-transformer-batches.tsv/EV-rooms2048-40000000/36	2048	0	0,39985664	0,0	0	0,0
observed-transformer-batches.tsv/EV-rooms2048-40000000/37	2048	0	0,39985664	0,0	0	0,0
observed-transformer-batches.tsv/EV-rooms2048-40000000/38	2048	0	0,39985664	0,0	0	0,0
observed-transformer-batches.tsv/EV-rooms2048-40000000/39	2048	0	0,39985664	0,0	0	0,0
observed-transformer-batches.tsv/EV-rooms2048-40000000/40	2048	0	0,39985664	0,0	0	0,0
observed-transformer-batches.tsv/EV-rooms2048-40000000/41	2048	0	0,39985664	0,0	0	0,0
observed-transformer-batches.tsv/EV-rooms2048-40000000/42	2048	0	0,39985664	0,0	0	0,0
observed-transformer-batches.tsv/EV-rooms2048-40000000/43	2048	0	0,39985664	0,0	0	0,0
observed-transformer-batches.tsv/EV-rooms2048-40000000/44	2048	0	0,39985664	0,0	0	0,0
observed-transformer-batches.tsv/EV-rooms2048-40000000/45	2048	0	0,39985664	0,0	0	0,0
observed-transformer-batches.tsv/EV-rooms2048-40000000/46	2048	0	0,39985664	0,0	0	0,0
observed-transformer-batches.tsv/EV-rooms2048-40000000/47	2048	0	0,39985664	0,0	0	0,0
observed-transformer-batches.tsv/EV-rooms2048-40000000/48	2048	0	0,39985664	0,0	0	0,0
observed-transformer-batches.tsv/EV-rooms2048-40000000/49	2048	0	0,39985664	0,0	0	0,0
observed-transformer-batches.tsv/EV-rooms2048-40000000/50	2048	0	0,39985664	0,0	0	0,0
observed-transformer-batches.tsv/EV-rooms2048-40000000/51	2048	0	0,39985664	0,0	0	0,0
observed-transformer-batches.tsv/EV-rooms2048-40000000/52	2048	0	0,39985664	0,0	0	0,0
observed-transformer-batches.tsv/EV-rooms2048-40000000/53	2048	0	0,39985664	0,0	0	0,0
observed-transformer-batches.tsv/EV-rooms2048-40000000/54	2048	0	0,39985664	0,0	0	0,0
observed-transformer-batches.tsv/EV-rooms2048-40000000/55	2048	0	0,39985664	0,0	0	0,0
observed-transformer-batches.tsv/EV-rooms2048-40000000/56	2048	0	0,39985664	0,0	0	0,0
observed-transformer-batches.tsv/EV-rooms2048-40000000/57	2048	0	0,39985664	0,0	0	0,0
observed-transformer-batches.tsv/EV-rooms2048-40000000/58	2048	0	0,39985664	0,0	0	0,0
observed-transformer-batches.tsv/EV-rooms2048-40000000/59	2048	0	0,39985664	0,0	0	0,0
observed-transformer-batches.tsv/EV-rooms2048-40000000/60	2048	0	0,39985664	0,0	0	0,0
observed-transformer-batches.tsv/EV-rooms2049-40000000/21	2048	16384	2049,40000000	0,0	8192	0,8192
observed-transformer-batches.tsv/EV-rooms2049-40000000/22	2048	8192	2049,39991808	0,0	8192	8192,0
observed-transformer-batches.tsv/EV-rooms2049-40000000/23	2048	0	0,39991808	0,0	0	0,0
observed-transformer-batches.tsv/EV-rooms2049-40000000/24	2048	0	0,39991808	0,0	0	0,0
observed-transformer-batches.tsv/EV-rooms2049-40000000/25	2048	0	0,39991808	0,0	0	0,0
observed-transformer-batches.tsv/EV-rooms2049-40000000/26	2048	0	0,39991808	0,0	0	0,0
observed-transformer-batches.tsv/EV-rooms2049-40000000/27	2048	0	0,39991808	0,0	0	0,0
observed-transformer-batches.tsv/EV-rooms2049-40000000/28	2048	0	0,39991808	0,0	0	0,0
observed-transformer-batches.tsv/EV-rooms2049-40000000/29	2048	0	0,39991808	0,0	0	0,0
observed-transformer-batches.tsv/EV-rooms2049-40000000/30	2048	0	0,39991808	0,0	0	0,0
observed-transformer-batches.tsv/EV-rooms2049-40000000/31	2048	0	0,39991808	0,0	0	0,0
observed-transformer-batches.tsv/EV-rooms2049-40000000/32	2048	0	0,39991808	0,0	0	0,0
observed-transformer-batches.tsv/EV-rooms2049-40000000/33	2048	0	0,39991808	0,0	0	0,0
observed-transformer-batches.tsv/EV-rooms2049-40000000/34	2048	0	0,39991808	0,0	0	0,0
observed-transformer-batches.tsv/EV-rooms2049-40000000/35	2048	0	0,39991808	0,0	0	0,0
observed-transformer-batches.tsv/EV-rooms2049-40000000/36	2048	0	0,39991808	0,0	0	0,0
observed-transformer-batches.tsv/EV-rooms2049-40000000/37	2048	0	0,39991808	0,0	0	0,0
observed-transformer-batches.tsv/EV-rooms2049-40000000/38	2048	0	0,39991808	0,0	0	0,0
observed-transformer-batches.tsv/EV-rooms2049-40000000/39	2048	0	0,39991808	0,0	0	0,0
observed-transformer-batches.tsv/EV-rooms2049-40000000/40	2048	0	0,39991808	0,0	0	0,0
observed-transformer-batches.tsv/EV-rooms2049-40000000/41	2048	0	0,39991808	0,0	0	0,0
observed-transformer-batches.tsv/EV-rooms2049-40000000/42	2048	0	0,39991808	0,0	0	0,0
observed-transformer-batches.tsv/EV-rooms2049-40000000/43	2048	0	0,39991808	0,0	0	0,0
observed-transformer-batches.tsv/EV-rooms2049-40000000/44	2048	0	0,39991808	0,0	0	0,0
observed-transformer-batches.tsv/EV-rooms2049-40000000/45	2048	0	0,39991808	0,0	0	0,0
observed-transformer-batches.tsv/EV-rooms2049-40000000/46	2048	0	0,39991808	0,0	0	0,0
observed-transformer-batches.tsv/EV-rooms2049-40000000/47	2048	0	0,39991808	0,0	0	0,0
observed-transformer-batches.tsv/EV-rooms2049-40000000/48	2048	0	0,39991808	0,0	0	0,0
observed-transformer-batches.tsv/EV-rooms2049-40000000/49	2048	0	0,39991808	0,0	0	0,0
observed-transformer-batches.tsv/EV-rooms2049-40000000/50	2048	0	0,39991808	0,0	0	0,0
observed-transformer-batches.tsv/EV-rooms2049-40000000/51	2048	0	0,39991808	0,0	0	0,0
observed-transformer-batches.tsv/EV-rooms2049-40000000/52	2048	0	0,39991808	0,0	0	0,0
observed-transformer-batches.tsv/EV-rooms2049-40000000/53	2048	0	0,39991808	0,0	0	0,0
observed-transformer-batches.tsv/EV-rooms2049-40000000/54	2048	0	0,39991808	0,0	0	0,0
observed-transformer-batches.tsv/EV-rooms2049-40000000/55	2048	0	0,39991808	0,0	0	0,0
observed-transformer-batches.tsv/EV-rooms2049-40000000/56	2048	0	0,39991808	0,0	0	0,0
observed-transformer-batches.tsv/EV-rooms2049-40000000/57	2048	0	0,39991808	0,0	0	0,0
observed-transformer-batches.tsv/EV-rooms2049-40000000/58	2048	0	0,39991808	0,0	0	0,0
observed-transformer-batches.tsv/EV-rooms2049-40000000/59	2048	0	0,39991808	0,0	0	0,0
observed-transformer-batches.tsv/EV-rooms2049-40000000/60	2048	0	0,39991808	0,0	0	0,0
observed-transformer-batches.tsv/EV-rooms2049-2049/21	2048	16384	2049,2049	0,0	8192	0,8192
observed-transformer-batches.tsv/EV-rooms2049-2049/22	2048	8192	2049,0	0,0	8192	8192,0
observed-transformer-batches.tsv/EV-rooms2049-2049/23	2048	0	0,0	0,0	0	0,0
observed-transformer-batches.tsv/EV-rooms2049-2049/24	2048	0	0,0	0,0	0	0,0
observed-transformer-batches.tsv/EV-rooms2049-2049/25	2048	0	0,0	0,0	0	0,0
observed-transformer-batches.tsv/EV-rooms2049-2049/26	2048	0	0,0	0,0	0	0,0
observed-transformer-batches.tsv/EV-rooms2049-2049/27	2048	0	0,0	0,0	0	0,0
observed-transformer-batches.tsv/EV-rooms2049-2049/28	2048	0	0,0	0,0	0	0,0
observed-transformer-batches.tsv/EV-rooms2049-2049/29	2048	0	0,0	0,0	0	0,0
observed-transformer-batches.tsv/EV-rooms2049-2049/30	2048	0	0,0	0,0	0	0,0
observed-transformer-batches.tsv/EV-rooms2049-2049/31	2048	0	0,0	0,0	0	0,0
observed-transformer-batches.tsv/EV-rooms2049-2049/32	2048	0	0,0	0,0	0	0,0
observed-transformer-batches.tsv/EV-rooms2049-2049/33	2048	0	0,0	0,0	0	0,0
observed-transformer-batches.tsv/EV-rooms2049-2049/34	2048	0	0,0	0,0	0	0,0
observed-transformer-batches.tsv/EV-rooms2049-2049/35	2048	0	0,0	0,0	0	0,0
observed-transformer-batches.tsv/EV-rooms2049-2049/36	2048	0	0,0	0,0	0	0,0
observed-transformer-batches.tsv/EV-rooms2049-2049/37	2048	0	0,0	0,0	0	0,0
observed-transformer-batches.tsv/EV-rooms2049-2049/38	2048	0	0,0	0,0	0	0,0
observed-transformer-batches.tsv/EV-rooms2049-2049/39	2048	0	0,0	0,0	0	0,0
observed-transformer-batches.tsv/EV-rooms2049-2049/40	2048	0	0,0	0,0	0	0,0
observed-transformer-batches.tsv/EV-rooms2049-2049/41	2048	0	0,0	0,0	0	0,0
observed-transformer-batches.tsv/EV-rooms2049-2049/42	2048	0	0,0	0,0	0	0,0
observed-transformer-batches.tsv/EV-rooms2049-2049/43	2048	0	0,0	0,0	0	0,0
observed-transformer-batches.tsv/EV-rooms2049-2049/44	2048	0	0,0	0,0	0	0,0
observed-transformer-batches.tsv/EV-rooms2049-2049/45	2048	0	0,0	0,0	0	0,0
observed-transformer-batches.tsv/EV-rooms2049-2049/46	2048	0	0,0	0,0	0	0,0
observed-transformer-batches.tsv/EV-rooms2049-2049/47	2048	0	0,0	0,0	0	0,0
observed-transformer-batches.tsv/EV-rooms2049-2049/48	2048	0	0,0	0,0	0	0,0
observed-transformer-batches.tsv/EV-rooms2049-2049/49	2048	0	0,0	0,0	0	0,0
observed-transformer-batches.tsv/EV-rooms2049-2049/50	2048	0	0,0	0,0	0	0,0
observed-transformer-batches.tsv/EV-rooms2049-2049/51	2048	0	0,0	0,0	0	0,0
observed-transformer-batches.tsv/EV-rooms2049-2049/52	2048	0	0,0	0,0	0	0,0
observed-transformer-batches.tsv/EV-rooms2049-2049/53	2048	0	0,0	0,0	0	0,0
observed-transformer-batches.tsv/EV-rooms2049-2049/54	2048	0	0,0	0,0	0	0,0
observed-transformer-batches.tsv/EV-rooms2049-2049/55	2048	0	0,0	0,0	0	0,0
observed-transformer-batches.tsv/EV-rooms2049-2049/56	2048	0	0,0	0,0	0	0,0
observed-transformer-batches.tsv/EV-rooms2049-2049/57	2048	0	0,0	0,0	0	0,0
observed-transformer-batches.tsv/EV-rooms2049-2049/58	2048	0	0,0	0,0	0	0,0
observed-transformer-batches.tsv/EV-rooms2049-2049/59	2048	0	0,0	0,0	0	0,0
observed-transformer-batches.tsv/EV-rooms2049-2049/60	2048	0	0,0	0,0	0	0,0
observed-transformer-batches.tsv/EV-rooms4097-4097/21	2048	16384	4097,4097	0,0	8192	8192,0
observed-transformer-batches.tsv/EV-rooms4097-4097/22	2048	8192	0,4097	0,0	8192	0,8192
observed-transformer-batches.tsv/EV-rooms4097-4097/23	2048	0	0,0	0,0	0	0,0
observed-transformer-batches.tsv/EV-rooms4097-4097/24	2048	0	0,0	0,0	0	0,0
observed-transformer-batches.tsv/EV-rooms4097-4097/25	2048	0	0,0	0,0	0	0,0
observed-transformer-batches.tsv/EV-rooms4097-4097/26	2048	0	0,0	0,0	0	0,0
observed-transformer-batches.tsv/EV-rooms4097-4097/27	2048	0	0,0	0,0	0	0,0
observed-transformer-batches.tsv/EV-rooms4097-4097/28	2048	0	0,0	0,0	0	0,0
observed-transformer-batches.tsv/EV-rooms4097-4097/29	2048	0	0,0	0,0	0	0,0
observed-transformer-batches.tsv/EV-rooms4097-4097/30	2048	0	0,0	0,0	0	0,0
observed-transformer-batches.tsv/EV-rooms4097-4097/31	2048	0	0,0	0,0	0	0,0
observed-transformer-batches.tsv/EV-rooms4097-4097/32	2048	0	0,0	0,0	0	0,0
observed-transformer-batches.tsv/EV-rooms4097-4097/33	2048	0	0,0	0,0	0	0,0
observed-transformer-batches.tsv/EV-rooms4097-4097/34	2048	0	0,0	0,0	0	0,0
observed-transformer-batches.tsv/EV-rooms4097-4097/35	2048	0	0,0	0,0	0	0,0
observed-transformer-batches.tsv/EV-rooms4097-4097/36	2048	0	0,0	0,0	0	0,0
observed-transformer-batches.tsv/EV-rooms4097-4097/37	2048	0	0,0	0,0	0	0,0
observed-transformer-batches.tsv/EV-rooms4097-4097/38	2048	0	0,0	0,0	0	0,0
observed-transformer-batches.tsv/EV-rooms4097-4097/39	2048	0	0,0	0,0	0	0,0
observed-transformer-batches.tsv/EV-rooms4097-4097/40	2048	0	0,0	0,0	0	0,0
observed-transformer-batches.tsv/EV-rooms4097-4097/41	2048	0	0,0	0,0	0	0,0
observed-transformer-batches.tsv/EV-rooms4097-4097/42	2048	0	0,0	0,0	0	0,0
observed-transformer-batches.tsv/EV-rooms4097-4097/43	2048	0	0,0	0,0	0	0,0
observed-transformer-batches.tsv/EV-rooms4097-4097/44	2048	0	0,0	0,0	0	0,0
observed-transformer-batches.tsv/EV-rooms4097-4097/45	2048	0	0,0	0,0	0	0,0
observed-transformer-batches.tsv/EV-rooms4097-4097/46	2048	0	0,0	0,0	0	0,0
observed-transformer-batches.tsv/EV-rooms4097-4097/47	2048	0	0,0	0,0	0	0,0
observed-transformer-batches.tsv/EV-rooms4097-4097/48	2048	0	0,0	0,0	0	0,0
observed-transformer-batches.tsv/EV-rooms4097-4097/49	2048	0	0,0	0,0	0	0,0
observed-transformer-batches.tsv/EV-rooms4097-4097/50	2048	0	0,0	0,0	0	0,0
observed-transformer-batches.tsv/EV-rooms4097-4097/51	2048	0	0,0	0,0	0	0,0
observed-transformer-batches.tsv/EV-rooms4097-4097/52	2048	0	0,0	0,0	0	0,0
observed-transformer-batches.tsv/EV-rooms4097-4097/53	2048	0	0,0	0,0	0	0,0
observed-transformer-batches.tsv/EV-rooms4097-4097/54	2048	0	0,0	0,0	0	0,0
observed-transformer-batches.tsv/EV-rooms4097-4097/55	2048	0	0,0	0,0	0	0,0
observed-transformer-batches.tsv/EV-rooms4097-4097/56	2048	0	0,0	0,0	0	0,0
observed-transformer-batches.tsv/EV-rooms4097-4097/57	2048	0	0,0	0,0	0	0,0
observed-transformer-batches.tsv/EV-rooms4097-4097/58	2048	0	0,0	0,0	0	0,0
observed-transformer-batches.tsv/EV-rooms4097-4097/59	2048	0	0,0	0,0	0	0,0
observed-transformer-batches.tsv/EV-rooms4097-4097/60	2048	0	0,0	0,0	0	0,0
observed-transformer-batches.tsv/EV-rooms0-40000000/21	2048	16384	0,40000000	0,0	8192	0,8192
observed-transformer-batches.tsv/EV-rooms0-40000000/22	2048	8192	0,39991808	0,0	8192	0,8192
observed-transformer-batches.tsv/EV-rooms0-40000000/23	2048	0	0,39983616	0,0	0	0,0
observed-transformer-batches.tsv/EV-rooms0-40000000/24	2048	0	0,39983616	0,0	0	0,0
observed-transformer-batches.tsv/EV-rooms0-40000000/25	2048	0	0,39983616	0,0	0	0,0
observed-transformer-batches.tsv/EV-rooms0-40000000/26	2048	0	0,39983616	0,0	0	0,0
observed-transformer-batches.tsv/EV-rooms0-40000000/27	2048	0	0,39983616	0,0	0	0,0
observed-transformer-batches.tsv/EV-rooms0-40000000/28	2048	0	0,39983616	0,0	0	0,0
observed-transformer-batches.tsv/EV-rooms0-40000000/29	2048	0	0,39983616	0,0	0	0,0
observed-transformer-batches.tsv/EV-rooms0-40000000/30	2048	0	0,39983616	0,0	0	0,0
observed-transformer-batches.tsv/EV-rooms0-40000000/31	2048	0	0,39983616	0,0	0	0,0
observed-transformer-batches.tsv/EV-rooms0-40000000/32	2048	0	0,39983616	0,0	0	0,0
observed-transformer-batches.tsv/EV-rooms0-40000000/33	2048	0	0,39983616	0,0	0	0,0
observed-transformer-batches.tsv/EV-rooms0-40000000/34	2048	0	0,39983616	0,0	0	0,0
observed-transformer-batches.tsv/EV-rooms0-40000000/35	2048	0	0,39983616	0,0	0	0,0
observed-transformer-batches.tsv/EV-rooms0-40000000/36	2048	0	0,39983616	0,0	0	0,0
observed-transformer-batches.tsv/EV-rooms0-40000000/37	2048	0	0,39983616	0,0	0	0,0
observed-transformer-batches.tsv/EV-rooms0-40000000/38	2048	0	0,39983616	0,0	0	0,0
observed-transformer-batches.tsv/EV-rooms0-40000000/39	2048	0	0,39983616	0,0	0	0,0
observed-transformer-batches.tsv/EV-rooms0-40000000/40	2048	0	0,39983616	0,0	0	0,0
observed-transformer-batches.tsv/EV-rooms0-40000000/41	2048	0	0,39983616	0,0	0	0,0
observed-transformer-batches.tsv/EV-rooms0-40000000/42	2048	0	0,39983616	0,0	0	0,0
observed-transformer-batches.tsv/EV-rooms0-40000000/43	2048	0	0,39983616	0,0	0	0,0
observed-transformer-batches.tsv/EV-rooms0-40000000/44	2048	0	0,39983616	0,0	0	0,0
observed-transformer-batches.tsv/EV-rooms0-40000000/45	2048	0	0,39983616	0,0	0	0,0
observed-transformer-batches.tsv/EV-rooms0-40000000/46	2048	0	0,39983616	0,0	0	0,0
observed-transformer-batches.tsv/EV-rooms0-40000000/47	2048	0	0,39983616	0,0	0	0,0
observed-transformer-batches.tsv/EV-rooms0-40000000/48	2048	0	0,39983616	0,0	0	0,0
observed-transformer-batches.tsv/EV-rooms0-40000000/49	2048	0	0,39983616	0,0	0	0,0
observed-transformer-batches.tsv/EV-rooms0-40000000/50	2048	0	0,39983616	0,0	0	0,0
observed-transformer-batches.tsv/EV-rooms0-40000000/51	2048	0	0,39983616	0,0	0	0,0
observed-transformer-batches.tsv/EV-rooms0-40000000/52	2048	0	0,39983616	0,0	0	0,0
observed-transformer-batches.tsv/EV-rooms0-40000000/53	2048	0	0,39983616	0,0	0	0,0
observed-transformer-batches.tsv/EV-rooms0-40000000/54	2048	0	0,39983616	0,0	0	0,0
observed-transformer-batches.tsv/EV-rooms0-40000000/55	2048	0	0,39983616	0,0	0	0,0
observed-transformer-batches.tsv/EV-rooms0-40000000/56	2048	0	0,39983616	0,0	0	0,0
observed-transformer-batches.tsv/EV-rooms0-40000000/57	2048	0	0,39983616	0,0	0	0,0
observed-transformer-batches.tsv/EV-rooms0-40000000/58	2048	0	0,39983616	0,0	0	0,0
observed-transformer-batches.tsv/EV-rooms0-40000000/59	2048	0	0,39983616	0,0	0	0,0
observed-transformer-batches.tsv/EV-rooms0-40000000/60	2048	0	0,39983616	0,0	0	0,0
observed-transformer-split-loss.tsv/LV-loss1-2-rooms30-40000000/21	32	256	30,40000000	1,2	128	0,120
observed-transformer-split-loss.tsv/LV-loss1-2-rooms30-40000000/22	32	128	30,39999880	1,2	128	0,120
observed-transformer-split-loss.tsv/LV-loss1-2-rooms30-40000000/23	32	0	30,39999760	1,2	0	0,0
observed-transformer-split-loss.tsv/LV-loss1-2-rooms30-40000000/24	32	0	30,39999760	1,2	0	0,0
observed-transformer-split-loss.tsv/LV-loss1-2-rooms30-40000000/25	32	0	30,39999760	1,2	0	0,0
observed-transformer-split-loss.tsv/LV-loss1-2-rooms30-40000000/26	32	0	30,39999760	1,2	0	0,0
observed-transformer-split-loss.tsv/LV-loss1-2-rooms30-40000000/27	32	0	30,39999760	1,2	0	0,0
observed-transformer-split-loss.tsv/LV-loss1-2-rooms30-40000000/28	32	0	30,39999760	1,2	0	0,0
observed-transformer-split-loss.tsv/LV-loss1-2-rooms30-40000000/29	32	0	30,39999760	1,2	0	0,0
observed-transformer-split-loss.tsv/LV-loss1-2-rooms30-40000000/30	32	0	30,39999760	1,2	0	0,0
observed-transformer-split-loss.tsv/LV-loss1-2-rooms30-40000000/31	32	0	30,39999760	1,2	0	0,0
observed-transformer-split-loss.tsv/LV-loss1-2-rooms30-40000000/32	32	0	30,39999760	1,2	0	0,0
observed-transformer-split-loss.tsv/LV-loss1-2-rooms30-40000000/33	32	0	30,39999760	1,2	0	0,0
observed-transformer-split-loss.tsv/LV-loss1-2-rooms30-40000000/34	32	0	30,39999760	1,2	0	0,0
observed-transformer-split-loss.tsv/LV-loss1-2-rooms30-40000000/35	32	0	30,39999760	1,2	0	0,0
observed-transformer-split-loss.tsv/LV-loss1-2-rooms30-40000000/36	32	0	30,39999760	1,2	0	0,0
observed-transformer-split-loss.tsv/LV-loss1-2-rooms30-40000000/37	32	0	30,39999760	1,2	0	0,0
observed-transformer-split-loss.tsv/LV-loss1-2-rooms30-40000000/38	32	0	30,39999760	1,2	0	0,0
observed-transformer-split-loss.tsv/LV-loss1-2-rooms30-40000000/39	32	0	30,39999760	1,2	0	0,0
observed-transformer-split-loss.tsv/LV-loss1-2-rooms30-40000000/40	32	0	30,39999760	1,2	0	0,0
observed-transformer-split-loss.tsv/LV-loss1-2-rooms30-40000000/41	32	0	30,39999760	1,2	0	0,0
observed-transformer-split-loss.tsv/LV-loss1-2-rooms30-40000000/42	32	0	30,39999760	1,2	0	0,0
observed-transformer-split-loss.tsv/LV-loss1-2-rooms30-40000000/43	32	0	30,39999760	1,2	0	0,0
observed-transformer-split-loss.tsv/LV-loss1-2-rooms30-40000000/44	32	0	30,39999760	1,2	0	0,0
observed-transformer-split-loss.tsv/LV-loss1-2-rooms30-40000000/45	32	0	30,39999760	1,2	0	0,0
observed-transformer-split-loss.tsv/LV-loss1-2-rooms30-40000000/46	32	0	30,39999760	1,2	0	0,0
observed-transformer-split-loss.tsv/LV-loss1-2-rooms30-40000000/47	32	0	30,39999760	1,2	0	0,0
observed-transformer-split-loss.tsv/LV-loss1-2-rooms30-40000000/48	32	0	30,39999760	1,2	0	0,0
observed-transformer-split-loss.tsv/LV-loss1-2-rooms30-40000000/49	32	0	30,39999760	1,2	0	0,0
observed-transformer-split-loss.tsv/LV-loss1-2-rooms30-40000000/50	32	0	30,39999760	1,2	0	0,0
observed-transformer-split-loss.tsv/LV-loss1-2-rooms30-40000000/51	32	0	30,39999760	1,2	0	0,0
observed-transformer-split-loss.tsv/LV-loss1-2-rooms30-40000000/52	32	0	30,39999760	1,2	0	0,0
observed-transformer-split-loss.tsv/LV-loss1-2-rooms30-40000000/53	32	0	30,39999760	1,2	0	0,0
observed-transformer-split-loss.tsv/LV-loss1-2-rooms30-40000000/54	32	0	30,39999760	1,2	0	0,0
observed-transformer-split-loss.tsv/LV-loss1-2-rooms30-40000000/55	32	0	30,39999760	1,2	0	0,0
observed-transformer-split-loss.tsv/LV-loss1-2-rooms30-40000000/56	32	0	30,39999760	1,2	0	0,0
observed-transformer-split-loss.tsv/LV-loss1-2-rooms30-40000000/57	32	0	30,39999760	1,2	0	0,0
observed-transformer-split-loss.tsv/LV-loss1-2-rooms30-40000000/58	32	0	30,39999760	1,2	0	0,0
observed-transformer-split-loss.tsv/LV-loss1-2-rooms30-40000000/59	32	0	30,39999760	1,2	0	0,0
observed-transformer-split-loss.tsv/LV-loss1-2-rooms30-40000000/60	32	0	30,39999760	1,2	0	0,0
observed-transformer-split-loss.tsv/MV-loss1-2-rooms126-40000000/21	128	1024	126,40000000	1,2	512	0,504
observed-transformer-split-loss.tsv/MV-loss1-2-rooms126-40000000/22	128	512	126,39999496	1,2	511	126,378
observed-transformer-split-loss.tsv/MV-loss1-2-rooms126-40000000/23	128	1	0,39999118	1,2	0	0,0
observed-transformer-split-loss.tsv/MV-loss1-2-rooms126-40000000/24	128	1	0,39999118	1,2	0	0,0
observed-transformer-split-loss.tsv/MV-loss1-2-rooms126-40000000/25	128	1	0,39999118	1,2	0	0,0
observed-transformer-split-loss.tsv/MV-loss1-2-rooms126-40000000/26	128	1	0,39999118	1,2	0	0,0
observed-transformer-split-loss.tsv/MV-loss1-2-rooms126-40000000/27	128	1	0,39999118	1,2	0	0,0
observed-transformer-split-loss.tsv/MV-loss1-2-rooms126-40000000/28	128	1	0,39999118	1,2	0	0,0
observed-transformer-split-loss.tsv/MV-loss1-2-rooms126-40000000/29	128	1	0,39999118	1,2	0	0,0
observed-transformer-split-loss.tsv/MV-loss1-2-rooms126-40000000/30	128	1	0,39999118	1,2	0	0,0
observed-transformer-split-loss.tsv/MV-loss1-2-rooms126-40000000/31	128	1	0,39999118	1,2	0	0,0
observed-transformer-split-loss.tsv/MV-loss1-2-rooms126-40000000/32	128	1	0,39999118	1,2	0	0,0
observed-transformer-split-loss.tsv/MV-loss1-2-rooms126-40000000/33	128	1	0,39999118	1,2	0	0,0
observed-transformer-split-loss.tsv/MV-loss1-2-rooms126-40000000/34	128	1	0,39999118	1,2	0	0,0
observed-transformer-split-loss.tsv/MV-loss1-2-rooms126-40000000/35	128	1	0,39999118	1,2	0	0,0
observed-transformer-split-loss.tsv/MV-loss1-2-rooms126-40000000/36	128	1	0,39999118	1,2	0	0,0
observed-transformer-split-loss.tsv/MV-loss1-2-rooms126-40000000/37	128	1	0,39999118	1,2	0	0,0
observed-transformer-split-loss.tsv/MV-loss1-2-rooms126-40000000/38	128	1	0,39999118	1,2	0	0,0
observed-transformer-split-loss.tsv/MV-loss1-2-rooms126-40000000/39	128	1	0,39999118	1,2	0	0,0
observed-transformer-split-loss.tsv/MV-loss1-2-rooms126-40000000/40	128	1	0,39999118	1,2	0	0,0
observed-transformer-split-loss.tsv/MV-loss1-2-rooms126-40000000/41	128	1	0,39999118	1,2	0	0,0
observed-transformer-split-loss.tsv/MV-loss1-2-rooms126-40000000/42	128	1	0,39999118	1,2	0	0,0
observed-transformer-split-loss.tsv/MV-loss1-2-rooms126-40000000/43	128	1	0,39999118	1,2	0	0,0
observed-transformer-split-loss.tsv/MV-loss1-2-rooms126-40000000/44	128	1	0,39999118	1,2	0	0,0
observed-transformer-split-loss.tsv/MV-loss1-2-rooms126-40000000/45	128	1	0,39999118	1,2	0	0,0
observed-transformer-split-loss.tsv/MV-loss1-2-rooms126-40000000/46	128	1	0,39999118	1,2	0	0,0
observed-transformer-split-loss.tsv/MV-loss1-2-rooms126-40000000/47	128	1	0,39999118	1,2	0	0,0
observed-transformer-split-loss.tsv/MV-loss1-2-rooms126-40000000/48	128	1	0,39999118	1,2	0	0,0
observed-transformer-split-loss.tsv/MV-loss1-2-rooms126-40000000/49	128	1	0,39999118	1,2	0	0,0
observed-transformer-split-loss.tsv/MV-loss1-2-rooms126-40000000/50	128	1	0,39999118	1,2	0	0,0
observed-transformer-split-loss.tsv/MV-loss1-2-rooms126-40000000/51	128	1	0,39999118	1,2	0	0,0
observed-transformer-split-loss.tsv/MV-loss1-2-rooms126-40000000/52	128	1	0,39999118	1,2	0	0,0
observed-transformer-split-loss.tsv/MV-loss1-2-rooms126-40000000/53	128	1	0,39999118	1,2	0	0,0
observed-transformer-split-loss.tsv/MV-loss1-2-rooms126-40000000/54	128	1	0,39999118	1,2	0	0,0
observed-transformer-split-loss.tsv/MV-loss1-2-rooms126-40000000/55	128	1	0,39999118	1,2	0	0,0
observed-transformer-split-loss.tsv/MV-loss1-2-rooms126-40000000/56	128	1	0,39999118	1,2	0	0,0
observed-transformer-split-loss.tsv/MV-loss1-2-rooms126-40000000/57	128	1	0,39999118	1,2	0	0,0
observed-transformer-split-loss.tsv/MV-loss1-2-rooms126-40000000/58	128	1	0,39999118	1,2	0	0,0
observed-transformer-split-loss.tsv/MV-loss1-2-rooms126-40000000/59	128	1	0,39999118	1,2	0	0,0
observed-transformer-split-loss.tsv/MV-loss1-2-rooms126-40000000/60	128	1	0,39999118	1,2	0	0,0
observed-transformer-split-loss.tsv/HV-loss1-2-rooms510-40000000/21	512	4096	510,40000000	1,2	2047	510,1530
observed-transformer-split-loss.tsv/HV-loss1-2-rooms510-40000000/22	512	2049	0,39998470	1,2	2048	0,2040
observed-transformer-split-loss.tsv/HV-loss1-2-rooms510-40000000/23	512	1	0,39996430	1,2	0	0,0
observed-transformer-split-loss.tsv/HV-loss1-2-rooms510-40000000/24	512	1	0,39996430	1,2	0	0,0
observed-transformer-split-loss.tsv/HV-loss1-2-rooms510-40000000/25	512	1	0,39996430	1,2	0	0,0
observed-transformer-split-loss.tsv/HV-loss1-2-rooms510-40000000/26	512	1	0,39996430	1,2	0	0,0
observed-transformer-split-loss.tsv/HV-loss1-2-rooms510-40000000/27	512	1	0,39996430	1,2	0	0,0
observed-transformer-split-loss.tsv/HV-loss1-2-rooms510-40000000/28	512	1	0,39996430	1,2	0	0,0
observed-transformer-split-loss.tsv/HV-loss1-2-rooms510-40000000/29	512	1	0,39996430	1,2	0	0,0
observed-transformer-split-loss.tsv/HV-loss1-2-rooms510-40000000/30	512	1	0,39996430	1,2	0	0,0
observed-transformer-split-loss.tsv/HV-loss1-2-rooms510-40000000/31	512	1	0,39996430	1,2	0	0,0
observed-transformer-split-loss.tsv/HV-loss1-2-rooms510-40000000/32	512	1	0,39996430	1,2	0	0,0
observed-transformer-split-loss.tsv/HV-loss1-2-rooms510-40000000/33	512	1	0,39996430	1,2	0	0,0
observed-transformer-split-loss.tsv/HV-loss1-2-rooms510-40000000/34	512	1	0,39996430	1,2	0	0,0
observed-transformer-split-loss.tsv/HV-loss1-2-rooms510-40000000/35	512	1	0,39996430	1,2	0	0,0
observed-transformer-split-loss.tsv/HV-loss1-2-rooms510-40000000/36	512	1	0,39996430	1,2	0	0,0
observed-transformer-split-loss.tsv/HV-loss1-2-rooms510-40000000/37	512	1	0,39996430	1,2	0	0,0
observed-transformer-split-loss.tsv/HV-loss1-2-rooms510-40000000/38	512	1	0,39996430	1,2	0	0,0
observed-transformer-split-loss.tsv/HV-loss1-2-rooms510-40000000/39	512	1	0,39996430	1,2	0	0,0
observed-transformer-split-loss.tsv/HV-loss1-2-rooms510-40000000/40	512	1	0,39996430	1,2	0	0,0
observed-transformer-split-loss.tsv/HV-loss1-2-rooms510-40000000/41	512	1	0,39996430	1,2	0	0,0
observed-transformer-split-loss.tsv/HV-loss1-2-rooms510-40000000/42	512	1	0,39996430	1,2	0	0,0
observed-transformer-split-loss.tsv/HV-loss1-2-rooms510-40000000/43	512	1	0,39996430	1,2	0	0,0
observed-transformer-split-loss.tsv/HV-loss1-2-rooms510-40000000/44	512	1	0,39996430	1,2	0	0,0
observed-transformer-split-loss.tsv/HV-loss1-2-rooms510-40000000/45	512	1	0,39996430	1,2	0	0,0
observed-transformer-split-loss.tsv/HV-loss1-2-rooms510-40000000/46	512	1	0,39996430	1,2	0	0,0
observed-transformer-split-loss.tsv/HV-loss1-2-rooms510-40000000/47	512	1	0,39996430	1,2	0	0,0
observed-transformer-split-loss.tsv/HV-loss1-2-rooms510-40000000/48	512	1	0,39996430	1,2	0	0,0
observed-transformer-split-loss.tsv/HV-loss1-2-rooms510-40000000/49	512	1	0,39996430	1,2	0	0,0
observed-transformer-split-loss.tsv/HV-loss1-2-rooms510-40000000/50	512	1	0,39996430	1,2	0	0,0
observed-transformer-split-loss.tsv/HV-loss1-2-rooms510-40000000/51	512	1	0,39996430	1,2	0	0,0
observed-transformer-split-loss.tsv/HV-loss1-2-rooms510-40000000/52	512	1	0,39996430	1,2	0	0,0
observed-transformer-split-loss.tsv/HV-loss1-2-rooms510-40000000/53	512	1	0,39996430	1,2	0	0,0
observed-transformer-split-loss.tsv/HV-loss1-2-rooms510-40000000/54	512	1	0,39996430	1,2	0	0,0
observed-transformer-split-loss.tsv/HV-loss1-2-rooms510-40000000/55	512	1	0,39996430	1,2	0	0,0
observed-transformer-split-loss.tsv/HV-loss1-2-rooms510-40000000/56	512	1	0,39996430	1,2	0	0,0
observed-transformer-split-loss.tsv/HV-loss1-2-rooms510-40000000/57	512	1	0,39996430	1,2	0	0,0
observed-transformer-split-loss.tsv/HV-loss1-2-rooms510-40000000/58	512	1	0,39996430	1,2	0	0,0
observed-transformer-split-loss.tsv/HV-loss1-2-rooms510-40000000/59	512	1	0,39996430	1,2	0	0,0
observed-transformer-split-loss.tsv/HV-loss1-2-rooms510-40000000/60	512	1	0,39996430	1,2	0	0,0
observed-transformer-split-loss.tsv/EV-loss1-2-rooms2046-40000000/21	2048	16384	2046,40000000	1,2	8192	0,8184
observed-transformer-split-loss.tsv/EV-loss1-2-rooms2046-40000000/22	2048	8192	2046,39991816	1,2	8192	0,8184
observed-transformer-split-loss.tsv/EV-loss1-2-rooms2046-40000000/23	2048	0	2046,39983632	1,2	0	0,0
observed-transformer-split-loss.tsv/EV-loss1-2-rooms2046-40000000/24	2048	0	2046,39983632	1,2	0	0,0
observed-transformer-split-loss.tsv/EV-loss1-2-rooms2046-40000000/25	2048	0	2046,39983632	1,2	0	0,0
observed-transformer-split-loss.tsv/EV-loss1-2-rooms2046-40000000/26	2048	0	2046,39983632	1,2	0	0,0
observed-transformer-split-loss.tsv/EV-loss1-2-rooms2046-40000000/27	2048	0	2046,39983632	1,2	0	0,0
observed-transformer-split-loss.tsv/EV-loss1-2-rooms2046-40000000/28	2048	0	2046,39983632	1,2	0	0,0
observed-transformer-split-loss.tsv/EV-loss1-2-rooms2046-40000000/29	2048	0	2046,39983632	1,2	0	0,0
observed-transformer-split-loss.tsv/EV-loss1-2-rooms2046-40000000/30	2048	0	2046,39983632	1,2	0	0,0
observed-transformer-split-loss.tsv/EV-loss1-2-rooms2046-40000000/31	2048	0	2046,39983632	1,2	0	0,0
observed-transformer-split-loss.tsv/EV-loss1-2-rooms2046-40000000/32	2048	0	2046,39983632	1,2	0	0,0
observed-transformer-split-loss.tsv/EV-loss1-2-rooms2046-40000000/33	2048	0	2046,39983632	1,2	0	0,0
observed-transformer-split-loss.tsv/EV-loss1-2-rooms2046-40000000/34	2048	0	2046,39983632	1,2	0	0,0
observed-transformer-split-loss.tsv/EV-loss1-2-rooms2046-40000000/35	2048	0	2046,39983632	1,2	0	0,0
observed-transformer-split-loss.tsv/EV-loss1-2-rooms2046-40000000/36	2048	0	2046,39983632	1,2	0	0,0
observed-transformer-split-loss.tsv/EV-loss1-2-rooms2046-40000000/37	2048	0	2046,39983632	1,2	0	0,0
observed-transformer-split-loss.tsv/EV-loss1-2-rooms2046-40000000/38	2048	0	2046,39983632	1,2	0	0,0
observed-transformer-split-loss.tsv/EV-loss1-2-rooms2046-40000000/39	2048	0	2046,39983632	1,2	0	0,0
observed-transformer-split-loss.tsv/EV-loss1-2-rooms2046-40000000/40	2048	0	2046,39983632	1,2	0	0,0
observed-transformer-split-loss.tsv/EV-loss1-2-rooms2046-40000000/41	2048	0	2046,39983632	1,2	0	0,0
observed-transformer-split-loss.tsv/EV-loss1-2-rooms2046-40000000/42	2048	0	2046,39983632	1,2	0	0,0
observed-transformer-split-loss.tsv/EV-loss1-2-rooms2046-40000000/43	2048	0	2046,39983632	1,2	0	0,0
observed-transformer-split-loss.tsv/EV-loss1-2-rooms2046-40000000/44	2048	0	2046,39983632	1,2	0	0,0
observed-transformer-split-loss.tsv/EV-loss1-2-rooms2046-40000000/45	2048	0	2046,39983632	1,2	0	0,0
observed-transformer-split-loss.tsv/EV-loss1-2-rooms2046-40000000/46	2048	0	2046,39983632	1,2	0	0,0
observed-transformer-split-loss.tsv/EV-loss1-2-rooms2046-40000000/47	2048	0	2046,39983632	1,2	0	0,0
observed-transformer-split-loss.tsv/EV-loss1-2-rooms2046-40000000/48	2048	0	2046,39983632	1,2	0	0,0
observed-transformer-split-loss.tsv/EV-loss1-2-rooms2046-40000000/49	2048	0	2046,39983632	1,2	0	0,0
observed-transformer-split-loss.tsv/EV-loss1-2-rooms2046-40000000/50	2048	0	2046,39983632	1,2	0	0,0
observed-transformer-split-loss.tsv/EV-loss1-2-rooms2046-40000000/51	2048	0	2046,39983632	1,2	0	0,0
observed-transformer-split-loss.tsv/EV-loss1-2-rooms2046-40000000/52	2048	0	2046,39983632	1,2	0	0,0
observed-transformer-split-loss.tsv/EV-loss1-2-rooms2046-40000000/53	2048	0	2046,39983632	1,2	0	0,0
observed-transformer-split-loss.tsv/EV-loss1-2-rooms2046-40000000/54	2048	0	2046,39983632	1,2	0	0,0
observed-transformer-split-loss.tsv/EV-loss1-2-rooms2046-40000000/55	2048	0	2046,39983632	1,2	0	0,0
observed-transformer-split-loss.tsv/EV-loss1-2-rooms2046-40000000/56	2048	0	2046,39983632	1,2	0	0,0
observed-transformer-split-loss.tsv/EV-loss1-2-rooms2046-40000000/57	2048	0	2046,39983632	1,2	0	0,0
observed-transformer-split-loss.tsv/EV-loss1-2-rooms2046-40000000/58	2048	0	2046,39983632	1,2	0	0,0
observed-transformer-split-loss.tsv/EV-loss1-2-rooms2046-40000000/59	2048	0	2046,39983632	1,2	0	0,0
observed-transformer-split-loss.tsv/EV-loss1-2-rooms2046-40000000/60	2048	0	2046,39983632	1,2	0	0,0
observed-transformer-split-loss.tsv/LV-loss1-2-rooms31-40000000/21	32	256	31,40000000	1,2	128	31,90
observed-transformer-split-loss.tsv/LV-loss1-2-rooms31-40000000/22	32	128	0,39999910	1,2	128	0,120
observed-transformer-split-loss.tsv/LV-loss1-2-rooms31-40000000/23	32	0	0,39999790	1,2	0	0,0
observed-transformer-split-loss.tsv/LV-loss1-2-rooms31-40000000/24	32	0	0,39999790	1,2	0	0,0
observed-transformer-split-loss.tsv/LV-loss1-2-rooms31-40000000/25	32	0	0,39999790	1,2	0	0,0
observed-transformer-split-loss.tsv/LV-loss1-2-rooms31-40000000/26	32	0	0,39999790	1,2	0	0,0
observed-transformer-split-loss.tsv/LV-loss1-2-rooms31-40000000/27	32	0	0,39999790	1,2	0	0,0
observed-transformer-split-loss.tsv/LV-loss1-2-rooms31-40000000/28	32	0	0,39999790	1,2	0	0,0
observed-transformer-split-loss.tsv/LV-loss1-2-rooms31-40000000/29	32	0	0,39999790	1,2	0	0,0
observed-transformer-split-loss.tsv/LV-loss1-2-rooms31-40000000/30	32	0	0,39999790	1,2	0	0,0
observed-transformer-split-loss.tsv/LV-loss1-2-rooms31-40000000/31	32	0	0,39999790	1,2	0	0,0
observed-transformer-split-loss.tsv/LV-loss1-2-rooms31-40000000/32	32	0	0,39999790	1,2	0	0,0
observed-transformer-split-loss.tsv/LV-loss1-2-rooms31-40000000/33	32	0	0,39999790	1,2	0	0,0
observed-transformer-split-loss.tsv/LV-loss1-2-rooms31-40000000/34	32	0	0,39999790	1,2	0	0,0
observed-transformer-split-loss.tsv/LV-loss1-2-rooms31-40000000/35	32	0	0,39999790	1,2	0	0,0
observed-transformer-split-loss.tsv/LV-loss1-2-rooms31-40000000/36	32	0	0,39999790	1,2	0	0,0
observed-transformer-split-loss.tsv/LV-loss1-2-rooms31-40000000/37	32	0	0,39999790	1,2	0	0,0
observed-transformer-split-loss.tsv/LV-loss1-2-rooms31-40000000/38	32	0	0,39999790	1,2	0	0,0
observed-transformer-split-loss.tsv/LV-loss1-2-rooms31-40000000/39	32	0	0,39999790	1,2	0	0,0
observed-transformer-split-loss.tsv/LV-loss1-2-rooms31-40000000/40	32	0	0,39999790	1,2	0	0,0
observed-transformer-split-loss.tsv/LV-loss1-2-rooms31-40000000/41	32	0	0,39999790	1,2	0	0,0
observed-transformer-split-loss.tsv/LV-loss1-2-rooms31-40000000/42	32	0	0,39999790	1,2	0	0,0
observed-transformer-split-loss.tsv/LV-loss1-2-rooms31-40000000/43	32	0	0,39999790	1,2	0	0,0
observed-transformer-split-loss.tsv/LV-loss1-2-rooms31-40000000/44	32	0	0,39999790	1,2	0	0,0
observed-transformer-split-loss.tsv/LV-loss1-2-rooms31-40000000/45	32	0	0,39999790	1,2	0	0,0
observed-transformer-split-loss.tsv/LV-loss1-2-rooms31-40000000/46	32	0	0,39999790	1,2	0	0,0
observed-transformer-split-loss.tsv/LV-loss1-2-rooms31-40000000/47	32	0	0,39999790	1,2	0	0,0
observed-transformer-split-loss.tsv/LV-loss1-2-rooms31-40000000/48	32	0	0,39999790	1,2	0	0,0
observed-transformer-split-loss.tsv/LV-loss1-2-rooms31-40000000/49	32	0	0,39999790	1,2	0	0,0
observed-transformer-split-loss.tsv/LV-loss1-2-rooms31-40000000/50	32	0	0,39999790	1,2	0	0,0
observed-transformer-split-loss.tsv/LV-loss1-2-rooms31-40000000/51	32	0	0,39999790	1,2	0	0,0
observed-transformer-split-loss.tsv/LV-loss1-2-rooms31-40000000/52	32	0	0,39999790	1,2	0	0,0
observed-transformer-split-loss.tsv/LV-loss1-2-rooms31-40000000/53	32	0	0,39999790	1,2	0	0,0
observed-transformer-split-loss.tsv/LV-loss1-2-rooms31-40000000/54	32	0	0,39999790	1,2	0	0,0
observed-transformer-split-loss.tsv/LV-loss1-2-rooms31-40000000/55	32	0	0,39999790	1,2	0	0,0
observed-transformer-split-loss.tsv/LV-loss1-2-rooms31-40000000/56	32	0	0,39999790	1,2	0	0,0
observed-transformer-split-loss.tsv/LV-loss1-2-rooms31-40000000/57	32	0	0,39999790	1,2	0	0,0
observed-transformer-split-loss.tsv/LV-loss1-2-rooms31-40000000/58	32	0	0,39999790	1,2	0	0,0
observed-transformer-split-loss.tsv/LV-loss1-2-rooms31-40000000/59	32	0	0,39999790	1,2	0	0,0
observed-transformer-split-loss.tsv/LV-loss1-2-rooms31-40000000/60	32	0	0,39999790	1,2	0	0,0
observed-transformer-split-loss.tsv/MV-loss1-2-rooms127-40000000/21	128	1024	127,40000000	1,2	512	127,378
observed-transformer-split-loss.tsv/MV-loss1-2-rooms127-40000000/22	128	512	0,39999622	1,2	512	0,504
observed-transformer-split-loss.tsv/MV-loss1-2-rooms127-40000000/23	128	0	0,39999118	1,2	0	0,0
observed-transformer-split-loss.tsv/MV-loss1-2-rooms127-40000000/24	128	0	0,39999118	1,2	0	0,0
observed-transformer-split-loss.tsv/MV-loss1-2-rooms127-40000000/25	128	0	0,39999118	1,2	0	0,0
observed-transformer-split-loss.tsv/MV-loss1-2-rooms127-40000000/26	128	0	0,39999118	1,2	0	0,0
observed-transformer-split-loss.tsv/MV-loss1-2-rooms127-40000000/27	128	0	0,39999118	1,2	0	0,0
observed-transformer-split-loss.tsv/MV-loss1-2-rooms127-40000000/28	128	0	0,39999118	1,2	0	0,0
observed-transformer-split-loss.tsv/MV-loss1-2-rooms127-40000000/29	128	0	0,39999118	1,2	0	0,0
observed-transformer-split-loss.tsv/MV-loss1-2-rooms127-40000000/30	128	0	0,39999118	1,2	0	0,0
observed-transformer-split-loss.tsv/MV-loss1-2-rooms127-40000000/31	128	0	0,39999118	1,2	0	0,0
observed-transformer-split-loss.tsv/MV-loss1-2-rooms127-40000000/32	128	0	0,39999118	1,2	0	0,0
observed-transformer-split-loss.tsv/MV-loss1-2-rooms127-40000000/33	128	0	0,39999118	1,2	0	0,0
observed-transformer-split-loss.tsv/MV-loss1-2-rooms127-40000000/34	128	0	0,39999118	1,2	0	0,0
observed-transformer-split-loss.tsv/MV-loss1-2-rooms127-40000000/35	128	0	0,39999118	1,2	0	0,0
observed-transformer-split-loss.tsv/MV-loss1-2-rooms127-40000000/36	128	0	0,39999118	1,2	0	0,0
observed-transformer-split-loss.tsv/MV-loss1-2-rooms127-40000000/37	128	0	0,39999118	1,2	0	0,0
observed-transformer-split-loss.tsv/MV-loss1-2-rooms127-40000000/38	128	0	0,39999118	1,2	0	0,0
observed-transformer-split-loss.tsv/MV-loss1-2-rooms127-40000000/39	128	0	0,39999118	1,2	0	0,0
observed-transformer-split-loss.tsv/MV-loss1-2-rooms127-40000000/40	128	0	0,39999118	1,2	0	0,0
observed-transformer-split-loss.tsv/MV-loss1-2-rooms127-40000000/41	128	0	0,39999118	1,2	0	0,0
observed-transformer-split-loss.tsv/MV-loss1-2-rooms127-40000000/42	128	0	0,39999118	1,2	0	0,0
observed-transformer-split-loss.tsv/MV-loss1-2-rooms127-40000000/43	128	0	0,39999118	1,2	0	0,0
observed-transformer-split-loss.tsv/MV-loss1-2-rooms127-40000000/44	128	0	0,39999118	1,2	0	0,0
observed-transformer-split-loss.tsv/MV-loss1-2-rooms127-40000000/45	128	0	0,39999118	1,2	0	0,0
observed-transformer-split-loss.tsv/MV-loss1-2-rooms127-40000000/46	128	0	0,39999118	1,2	0	0,0
observed-transformer-split-loss.tsv/MV-loss1-2-rooms127-40000000/47	128	0	0,39999118	1,2	0	0,0
observed-transformer-split-loss.tsv/MV-loss1-2-rooms127-40000000/48	128	0	0,39999118	1,2	0	0,0
observed-transformer-split-loss.tsv/MV-loss1-2-rooms127-40000000/49	128	0	0,39999118	1,2	0	0,0
observed-transformer-split-loss.tsv/MV-loss1-2-rooms127-40000000/50	128	0	0,39999118	1,2	0	0,0
observed-transformer-split-loss.tsv/MV-loss1-2-rooms127-40000000/51	128	0	0,39999118	1,2	0	0,0
observed-transformer-split-loss.tsv/MV-loss1-2-rooms127-40000000/52	128	0	0,39999118	1,2	0	0,0
observed-transformer-split-loss.tsv/MV-loss1-2-rooms127-40000000/53	128	0	0,39999118	1,2	0	0,0
observed-transformer-split-loss.tsv/MV-loss1-2-rooms127-40000000/54	128	0	0,39999118	1,2	0	0,0
observed-transformer-split-loss.tsv/MV-loss1-2-rooms127-40000000/55	128	0	0,39999118	1,2	0	0,0
observed-transformer-split-loss.tsv/MV-loss1-2-rooms127-40000000/56	128	0	0,39999118	1,2	0	0,0
observed-transformer-split-loss.tsv/MV-loss1-2-rooms127-40000000/57	128	0	0,39999118	1,2	0	0,0
observed-transformer-split-loss.tsv/MV-loss1-2-rooms127-40000000/58	128	0	0,39999118	1,2	0	0,0
observed-transformer-split-loss.tsv/MV-loss1-2-rooms127-40000000/59	128	0	0,39999118	1,2	0	0,0
observed-transformer-split-loss.tsv/MV-loss1-2-rooms127-40000000/60	128	0	0,39999118	1,2	0	0,0
observed-transformer-split-loss.tsv/HV-loss1-2-rooms511-40000000/21	512	4096	511,40000000	1,2	2048	511,1530
observed-transformer-split-loss.tsv/HV-loss1-2-rooms511-40000000/22	512	2048	0,39998470	1,2	2048	0,2040
observed-transformer-split-loss.tsv/HV-loss1-2-rooms511-40000000/23	512	0	0,39996430	1,2	0	0,0
observed-transformer-split-loss.tsv/HV-loss1-2-rooms511-40000000/24	512	0	0,39996430	1,2	0	0,0
observed-transformer-split-loss.tsv/HV-loss1-2-rooms511-40000000/25	512	0	0,39996430	1,2	0	0,0
observed-transformer-split-loss.tsv/HV-loss1-2-rooms511-40000000/26	512	0	0,39996430	1,2	0	0,0
observed-transformer-split-loss.tsv/HV-loss1-2-rooms511-40000000/27	512	0	0,39996430	1,2	0	0,0
observed-transformer-split-loss.tsv/HV-loss1-2-rooms511-40000000/28	512	0	0,39996430	1,2	0	0,0
observed-transformer-split-loss.tsv/HV-loss1-2-rooms511-40000000/29	512	0	0,39996430	1,2	0	0,0
observed-transformer-split-loss.tsv/HV-loss1-2-rooms511-40000000/30	512	0	0,39996430	1,2	0	0,0
observed-transformer-split-loss.tsv/HV-loss1-2-rooms511-40000000/31	512	0	0,39996430	1,2	0	0,0
observed-transformer-split-loss.tsv/HV-loss1-2-rooms511-40000000/32	512	0	0,39996430	1,2	0	0,0
observed-transformer-split-loss.tsv/HV-loss1-2-rooms511-40000000/33	512	0	0,39996430	1,2	0	0,0
observed-transformer-split-loss.tsv/HV-loss1-2-rooms511-40000000/34	512	0	0,39996430	1,2	0	0,0
observed-transformer-split-loss.tsv/HV-loss1-2-rooms511-40000000/35	512	0	0,39996430	1,2	0	0,0
observed-transformer-split-loss.tsv/HV-loss1-2-rooms511-40000000/36	512	0	0,39996430	1,2	0	0,0
observed-transformer-split-loss.tsv/HV-loss1-2-rooms511-40000000/37	512	0	0,39996430	1,2	0	0,0
observed-transformer-split-loss.tsv/HV-loss1-2-rooms511-40000000/38	512	0	0,39996430	1,2	0	0,0
observed-transformer-split-loss.tsv/HV-loss1-2-rooms511-40000000/39	512	0	0,39996430	1,2	0	0,0
observed-transformer-split-loss.tsv/HV-loss1-2-rooms511-40000000/40	512	0	0,39996430	1,2	0	0,0
observed-transformer-split-loss.tsv/HV-loss1-2-rooms511-40000000/41	512	0	0,39996430	1,2	0	0,0
observed-transformer-split-loss.tsv/HV-loss1-2-rooms511-40000000/42	512	0	0,39996430	1,2	0	0,0
observed-transformer-split-loss.tsv/HV-loss1-2-rooms511-40000000/43	512	0	0,39996430	1,2	0	0,0
observed-transformer-split-loss.tsv/HV-loss1-2-rooms511-40000000/44	512	0	0,39996430	1,2	0	0,0
observed-transformer-split-loss.tsv/HV-loss1-2-rooms511-40000000/45	512	0	0,39996430	1,2	0	0,0
observed-transformer-split-loss.tsv/HV-loss1-2-rooms511-40000000/46	512	0	0,39996430	1,2	0	0,0
observed-transformer-split-loss.tsv/HV-loss1-2-rooms511-40000000/47	512	0	0,39996430	1,2	0	0,0
observed-transformer-split-loss.tsv/HV-loss1-2-rooms511-40000000/48	512	0	0,39996430	1,2	0	0,0
observed-transformer-split-loss.tsv/HV-loss1-2-rooms511-40000000/49	512	0	0,39996430	1,2	0	0,0
observed-transformer-split-loss.tsv/HV-loss1-2-rooms511-40000000/50	512	0	0,39996430	1,2	0	0,0
observed-transformer-split-loss.tsv/HV-loss1-2-rooms511-40000000/51	512	0	0,39996430	1,2	0	0,0
observed-transformer-split-loss.tsv/HV-loss1-2-rooms511-40000000/52	512	0	0,39996430	1,2	0	0,0
observed-transformer-split-loss.tsv/HV-loss1-2-rooms511-40000000/53	512	0	0,39996430	1,2	0	0,0
observed-transformer-split-loss.tsv/HV-loss1-2-rooms511-40000000/54	512	0	0,39996430	1,2	0	0,0
observed-transformer-split-loss.tsv/HV-loss1-2-rooms511-40000000/55	512	0	0,39996430	1,2	0	0,0
observed-transformer-split-loss.tsv/HV-loss1-2-rooms511-40000000/56	512	0	0,39996430	1,2	0	0,0
observed-transformer-split-loss.tsv/HV-loss1-2-rooms511-40000000/57	512	0	0,39996430	1,2	0	0,0
observed-transformer-split-loss.tsv/HV-loss1-2-rooms511-40000000/58	512	0	0,39996430	1,2	0	0,0
observed-transformer-split-loss.tsv/HV-loss1-2-rooms511-40000000/59	512	0	0,39996430	1,2	0	0,0
observed-transformer-split-loss.tsv/HV-loss1-2-rooms511-40000000/60	512	0	0,39996430	1,2	0	0,0
observed-transformer-split-loss.tsv/EV-loss1-2-rooms2047-40000000/21	2048	16384	2047,40000000	1,2	8192	2047,6138
observed-transformer-split-loss.tsv/EV-loss1-2-rooms2047-40000000/22	2048	8192	0,39993862	1,2	8192	0,8184
observed-transformer-split-loss.tsv/EV-loss1-2-rooms2047-40000000/23	2048	0	0,39985678	1,2	0	0,0
observed-transformer-split-loss.tsv/EV-loss1-2-rooms2047-40000000/24	2048	0	0,39985678	1,2	0	0,0
observed-transformer-split-loss.tsv/EV-loss1-2-rooms2047-40000000/25	2048	0	0,39985678	1,2	0	0,0
observed-transformer-split-loss.tsv/EV-loss1-2-rooms2047-40000000/26	2048	0	0,39985678	1,2	0	0,0
observed-transformer-split-loss.tsv/EV-loss1-2-rooms2047-40000000/27	2048	0	0,39985678	1,2	0	0,0
observed-transformer-split-loss.tsv/EV-loss1-2-rooms2047-40000000/28	2048	0	0,39985678	1,2	0	0,0
observed-transformer-split-loss.tsv/EV-loss1-2-rooms2047-40000000/29	2048	0	0,39985678	1,2	0	0,0
observed-transformer-split-loss.tsv/EV-loss1-2-rooms2047-40000000/30	2048	0	0,39985678	1,2	0	0,0
observed-transformer-split-loss.tsv/EV-loss1-2-rooms2047-40000000/31	2048	0	0,39985678	1,2	0	0,0
observed-transformer-split-loss.tsv/EV-loss1-2-rooms2047-40000000/32	2048	0	0,39985678	1,2	0	0,0
observed-transformer-split-loss.tsv/EV-loss1-2-rooms2047-40000000/33	2048	0	0,39985678	1,2	0	0,0
observed-transformer-split-loss.tsv/EV-loss1-2-rooms2047-40000000/34	2048	0	0,39985678	1,2	0	0,0
observed-transformer-split-loss.tsv/EV-loss1-2-rooms2047-40000000/35	2048	0	0,39985678	1,2	0	0,0
observed-transformer-split-loss.tsv/EV-loss1-2-rooms2047-40000000/36	2048	0	0,39985678	1,2	0	0,0
observed-transformer-split-loss.tsv/EV-loss1-2-rooms2047-40000000/37	2048	0	0,39985678	1,2	0	0,0
observed-transformer-split-loss.tsv/EV-loss1-2-rooms2047-40000000/38	2048	0	0,39985678	1,2	0	0,0
observed-transformer-split-loss.tsv/EV-loss1-2-rooms2047-40000000/39	2048	0	0,39985678	1,2	0	0,0
observed-transformer-split-loss.tsv/EV-loss1-2-rooms2047-40000000/40	2048	0	0,39985678	1,2	0	0,0
observed-transformer-split-loss.tsv/EV-loss1-2-rooms2047-40000000/41	2048	0	0,39985678	1,2	0	0,0
observed-transformer-split-loss.tsv/EV-loss1-2-rooms2047-40000000/42	2048	0	0,39985678	1,2	0	0,0
observed-transformer-split-loss.tsv/EV-loss1-2-rooms2047-40000000/43	2048	0	0,39985678	1,2	0	0,0
observed-transformer-split-loss.tsv/EV-loss1-2-rooms2047-40000000/44	2048	0	0,39985678	1,2	0	0,0
observed-transformer-split-loss.tsv/EV-loss1-2-rooms2047-40000000/45	2048	0	0,39985678	1,2	0	0,0
observed-transformer-split-loss.tsv/EV-loss1-2-rooms2047-40000000/46	2048	0	0,39985678	1,2	0	0,0
observed-transformer-split-loss.tsv/EV-loss1-2-rooms2047-40000000/47	2048	0	0,39985678	1,2	0	0,0
observed-transformer-split-loss.tsv/EV-loss1-2-rooms2047-40000000/48	2048	0	0,39985678	1,2	0	0,0
observed-transformer-split-loss.tsv/EV-loss1-2-rooms2047-40000000/49	2048	0	0,39985678	1,2	0	0,0
observed-transformer-split-loss.tsv/EV-loss1-2-rooms2047-40000000/50	2048	0	0,39985678	1,2	0	0,0
observed-transformer-split-loss.tsv/EV-loss1-2-rooms2047-40000000/51	2048	0	0,39985678	1,2	0	0,0
observed-transformer-split-loss.tsv/EV-loss1-2-rooms2047-40000000/52	2048	0	0,39985678	1,2	0	0,0
observed-transformer-split-loss.tsv/EV-loss1-2-rooms2047-40000000/53	2048	0	0,39985678	1,2	0	0,0
observed-transformer-split-loss.tsv/EV-loss1-2-rooms2047-40000000/54	2048	0	0,39985678	1,2	0	0,0
observed-transformer-split-loss.tsv/EV-loss1-2-rooms2047-40000000/55	2048	0	0,39985678	1,2	0	0,0
observed-transformer-split-loss.tsv/EV-loss1-2-rooms2047-40000000/56	2048	0	0,39985678	1,2	0	0,0
observed-transformer-split-loss.tsv/EV-loss1-2-rooms2047-40000000/57	2048	0	0,39985678	1,2	0	0,0
observed-transformer-split-loss.tsv/EV-loss1-2-rooms2047-40000000/58	2048	0	0,39985678	1,2	0	0,0
observed-transformer-split-loss.tsv/EV-loss1-2-rooms2047-40000000/59	2048	0	0,39985678	1,2	0	0,0
observed-transformer-split-loss.tsv/EV-loss1-2-rooms2047-40000000/60	2048	0	0,39985678	1,2	0	0,0
observed-transformer-split-loss.tsv/LV-loss1-2-rooms32-32/21	32	256	32,32	1,2	128	124,0
observed-transformer-split-loss.tsv/LV-loss1-2-rooms32-32/22	32	128	0,32	1,2	128	0,120
observed-transformer-split-loss.tsv/LV-loss1-2-rooms32-32/23	32	0	0,0	1,2	0	0,0
observed-transformer-split-loss.tsv/LV-loss1-2-rooms32-32/24	32	0	0,0	1,2	0	0,0
observed-transformer-split-loss.tsv/LV-loss1-2-rooms32-32/25	32	0	0,0	1,2	0	0,0
observed-transformer-split-loss.tsv/LV-loss1-2-rooms32-32/26	32	0	0,0	1,2	0	0,0
observed-transformer-split-loss.tsv/LV-loss1-2-rooms32-32/27	32	0	0,0	1,2	0	0,0
observed-transformer-split-loss.tsv/LV-loss1-2-rooms32-32/28	32	0	0,0	1,2	0	0,0
observed-transformer-split-loss.tsv/LV-loss1-2-rooms32-32/29	32	0	0,0	1,2	0	0,0
observed-transformer-split-loss.tsv/LV-loss1-2-rooms32-32/30	32	0	0,0	1,2	0	0,0
observed-transformer-split-loss.tsv/LV-loss1-2-rooms32-32/31	32	0	0,0	1,2	0	0,0
observed-transformer-split-loss.tsv/LV-loss1-2-rooms32-32/32	32	0	0,0	1,2	0	0,0
observed-transformer-split-loss.tsv/LV-loss1-2-rooms32-32/33	32	0	0,0	1,2	0	0,0
observed-transformer-split-loss.tsv/LV-loss1-2-rooms32-32/34	32	0	0,0	1,2	0	0,0
observed-transformer-split-loss.tsv/LV-loss1-2-rooms32-32/35	32	0	0,0	1,2	0	0,0
observed-transformer-split-loss.tsv/LV-loss1-2-rooms32-32/36	32	0	0,0	1,2	0	0,0
observed-transformer-split-loss.tsv/LV-loss1-2-rooms32-32/37	32	0	0,0	1,2	0	0,0
observed-transformer-split-loss.tsv/LV-loss1-2-rooms32-32/38	32	0	0,0	1,2	0	0,0
observed-transformer-split-loss.tsv/LV-loss1-2-rooms32-32/39	32	0	0,0	1,2	0	0,0
observed-transformer-split-loss.tsv/LV-loss1-2-rooms32-32/40	32	0	0,0	1,2	0	0,0
observed-transformer-split-loss.tsv/LV-loss1-2-rooms32-32/41	32	0	0,0	1,2	0	0,0
observed-transformer-split-loss.tsv/LV-loss1-2-rooms32-32/42	32	0	0,0	1,2	0	0,0
observed-transformer-split-loss.tsv/LV-loss1-2-rooms32-32/43	32	0	0,0	1,2	0	0,0
observed-transformer-split-loss.tsv/LV-loss1-2-rooms32-32/44	32	0	0,0	1,2	0	0,0
observed-transformer-split-loss.tsv/LV-loss1-2-rooms32-32/45	32	0	0,0	1,2	0	0,0
observed-transformer-split-loss.tsv/LV-loss1-2-rooms32-32/46	32	0	0,0	1,2	0	0,0
observed-transformer-split-loss.tsv/LV-loss1-2-rooms32-32/47	32	0	0,0	1,2	0	0,0
observed-transformer-split-loss.tsv/LV-loss1-2-rooms32-32/48	32	0	0,0	1,2	0	0,0
observed-transformer-split-loss.tsv/LV-loss1-2-rooms32-32/49	32	0	0,0	1,2	0	0,0
observed-transformer-split-loss.tsv/LV-loss1-2-rooms32-32/50	32	0	0,0	1,2	0	0,0
observed-transformer-split-loss.tsv/LV-loss1-2-rooms32-32/51	32	0	0,0	1,2	0	0,0
observed-transformer-split-loss.tsv/LV-loss1-2-rooms32-32/52	32	0	0,0	1,2	0	0,0
observed-transformer-split-loss.tsv/LV-loss1-2-rooms32-32/53	32	0	0,0	1,2	0	0,0
observed-transformer-split-loss.tsv/LV-loss1-2-rooms32-32/54	32	0	0,0	1,2	0	0,0
observed-transformer-split-loss.tsv/LV-loss1-2-rooms32-32/55	32	0	0,0	1,2	0	0,0
observed-transformer-split-loss.tsv/LV-loss1-2-rooms32-32/56	32	0	0,0	1,2	0	0,0
observed-transformer-split-loss.tsv/LV-loss1-2-rooms32-32/57	32	0	0,0	1,2	0	0,0
observed-transformer-split-loss.tsv/LV-loss1-2-rooms32-32/58	32	0	0,0	1,2	0	0,0
observed-transformer-split-loss.tsv/LV-loss1-2-rooms32-32/59	32	0	0,0	1,2	0	0,0
observed-transformer-split-loss.tsv/LV-loss1-2-rooms32-32/60	32	0	0,0	1,2	0	0,0
observed-transformer-split-loss.tsv/MV-loss1-2-rooms128-128/21	128	1024	128,128	1,2	512	508,0
observed-transformer-split-loss.tsv/MV-loss1-2-rooms128-128/22	128	512	0,128	1,2	512	0,504
observed-transformer-split-loss.tsv/MV-loss1-2-rooms128-128/23	128	0	0,0	1,2	0	0,0
observed-transformer-split-loss.tsv/MV-loss1-2-rooms128-128/24	128	0	0,0	1,2	0	0,0
observed-transformer-split-loss.tsv/MV-loss1-2-rooms128-128/25	128	0	0,0	1,2	0	0,0
observed-transformer-split-loss.tsv/MV-loss1-2-rooms128-128/26	128	0	0,0	1,2	0	0,0
observed-transformer-split-loss.tsv/MV-loss1-2-rooms128-128/27	128	0	0,0	1,2	0	0,0
observed-transformer-split-loss.tsv/MV-loss1-2-rooms128-128/28	128	0	0,0	1,2	0	0,0
observed-transformer-split-loss.tsv/MV-loss1-2-rooms128-128/29	128	0	0,0	1,2	0	0,0
observed-transformer-split-loss.tsv/MV-loss1-2-rooms128-128/30	128	0	0,0	1,2	0	0,0
observed-transformer-split-loss.tsv/MV-loss1-2-rooms128-128/31	128	0	0,0	1,2	0	0,0
observed-transformer-split-loss.tsv/MV-loss1-2-rooms128-128/32	128	0	0,0	1,2	0	0,0
observed-transformer-split-loss.tsv/MV-loss1-2-rooms128-128/33	128	0	0,0	1,2	0	0,0
observed-transformer-split-loss.tsv/MV-loss1-2-rooms128-128/34	128	0	0,0	1,2	0	0,0
observed-transformer-split-loss.tsv/MV-loss1-2-rooms128-128/35	128	0	0,0	1,2	0	0,0
observed-transformer-split-loss.tsv/MV-loss1-2-rooms128-128/36	128	0	0,0	1,2	0	0,0
observed-transformer-split-loss.tsv/MV-loss1-2-rooms128-128/37	128	0	0,0	1,2	0	0,0
observed-transformer-split-loss.tsv/MV-loss1-2-rooms128-128/38	128	0	0,0	1,2	0	0,0
observed-transformer-split-loss.tsv/MV-loss1-2-rooms128-128/39	128	0	0,0	1,2	0	0,0
observed-transformer-split-loss.tsv/MV-loss1-2-rooms128-128/40	128	0	0,0	1,2	0	0,0
observed-transformer-split-loss.tsv/MV-loss1-2-rooms128-128/41	128	0	0,0	1,2	0	0,0
observed-transformer-split-loss.tsv/MV-loss1-2-rooms128-128/42	128	0	0,0	1,2	0	0,0
observed-transformer-split-loss.tsv/MV-loss1-2-rooms128-128/43	128	0	0,0	1,2	0	0,0
observed-transformer-split-loss.tsv/MV-loss1-2-rooms128-128/44	128	0	0,0	1,2	0	0,0
observed-transformer-split-loss.tsv/MV-loss1-2-rooms128-128/45	128	0	0,0	1,2	0	0,0
observed-transformer-split-loss.tsv/MV-loss1-2-rooms128-128/46	128	0	0,0	1,2	0	0,0
observed-transformer-split-loss.tsv/MV-loss1-2-rooms128-128/47	128	0	0,0	1,2	0	0,0
observed-transformer-split-loss.tsv/MV-loss1-2-rooms128-128/48	128	0	0,0	1,2	0	0,0
observed-transformer-split-loss.tsv/MV-loss1-2-rooms128-128/49	128	0	0,0	1,2	0	0,0
observed-transformer-split-loss.tsv/MV-loss1-2-rooms128-128/50	128	0	0,0	1,2	0	0,0
observed-transformer-split-loss.tsv/MV-loss1-2-rooms128-128/51	128	0	0,0	1,2	0	0,0
observed-transformer-split-loss.tsv/MV-loss1-2-rooms128-128/52	128	0	0,0	1,2	0	0,0
observed-transformer-split-loss.tsv/MV-loss1-2-rooms128-128/53	128	0	0,0	1,2	0	0,0
observed-transformer-split-loss.tsv/MV-loss1-2-rooms128-128/54	128	0	0,0	1,2	0	0,0
observed-transformer-split-loss.tsv/MV-loss1-2-rooms128-128/55	128	0	0,0	1,2	0	0,0
observed-transformer-split-loss.tsv/MV-loss1-2-rooms128-128/56	128	0	0,0	1,2	0	0,0
observed-transformer-split-loss.tsv/MV-loss1-2-rooms128-128/57	128	0	0,0	1,2	0	0,0
observed-transformer-split-loss.tsv/MV-loss1-2-rooms128-128/58	128	0	0,0	1,2	0	0,0
observed-transformer-split-loss.tsv/MV-loss1-2-rooms128-128/59	128	0	0,0	1,2	0	0,0
observed-transformer-split-loss.tsv/MV-loss1-2-rooms128-128/60	128	0	0,0	1,2	0	0,0
observed-transformer-split-loss.tsv/HV-loss1-2-rooms512-512/21	512	4096	512,512	1,2	2048	2044,0
observed-transformer-split-loss.tsv/HV-loss1-2-rooms512-512/22	512	2048	0,512	1,2	2048	0,2040
observed-transformer-split-loss.tsv/HV-loss1-2-rooms512-512/23	512	0	0,0	1,2	0	0,0
observed-transformer-split-loss.tsv/HV-loss1-2-rooms512-512/24	512	0	0,0	1,2	0	0,0
observed-transformer-split-loss.tsv/HV-loss1-2-rooms512-512/25	512	0	0,0	1,2	0	0,0
observed-transformer-split-loss.tsv/HV-loss1-2-rooms512-512/26	512	0	0,0	1,2	0	0,0
observed-transformer-split-loss.tsv/HV-loss1-2-rooms512-512/27	512	0	0,0	1,2	0	0,0
observed-transformer-split-loss.tsv/HV-loss1-2-rooms512-512/28	512	0	0,0	1,2	0	0,0
observed-transformer-split-loss.tsv/HV-loss1-2-rooms512-512/29	512	0	0,0	1,2	0	0,0
observed-transformer-split-loss.tsv/HV-loss1-2-rooms512-512/30	512	0	0,0	1,2	0	0,0
observed-transformer-split-loss.tsv/HV-loss1-2-rooms512-512/31	512	0	0,0	1,2	0	0,0
observed-transformer-split-loss.tsv/HV-loss1-2-rooms512-512/32	512	0	0,0	1,2	0	0,0
observed-transformer-split-loss.tsv/HV-loss1-2-rooms512-512/33	512	0	0,0	1,2	0	0,0
observed-transformer-split-loss.tsv/HV-loss1-2-rooms512-512/34	512	0	0,0	1,2	0	0,0
observed-transformer-split-loss.tsv/HV-loss1-2-rooms512-512/35	512	0	0,0	1,2	0	0,0
observed-transformer-split-loss.tsv/HV-loss1-2-rooms512-512/36	512	0	0,0	1,2	0	0,0
observed-transformer-split-loss.tsv/HV-loss1-2-rooms512-512/37	512	0	0,0	1,2	0	0,0
observed-transformer-split-loss.tsv/HV-loss1-2-rooms512-512/38	512	0	0,0	1,2	0	0,0
observed-transformer-split-loss.tsv/HV-loss1-2-rooms512-512/39	512	0	0,0	1,2	0	0,0
observed-transformer-split-loss.tsv/HV-loss1-2-rooms512-512/40	512	0	0,0	1,2	0	0,0
observed-transformer-split-loss.tsv/HV-loss1-2-rooms512-512/41	512	0	0,0	1,2	0	0,0
observed-transformer-split-loss.tsv/HV-loss1-2-rooms512-512/42	512	0	0,0	1,2	0	0,0
observed-transformer-split-loss.tsv/HV-loss1-2-rooms512-512/43	512	0	0,0	1,2	0	0,0
observed-transformer-split-loss.tsv/HV-loss1-2-rooms512-512/44	512	0	0,0	1,2	0	0,0
observed-transformer-split-loss.tsv/HV-loss1-2-rooms512-512/45	512	0	0,0	1,2	0	0,0
observed-transformer-split-loss.tsv/HV-loss1-2-rooms512-512/46	512	0	0,0	1,2	0	0,0
observed-transformer-split-loss.tsv/HV-loss1-2-rooms512-512/47	512	0	0,0	1,2	0	0,0
observed-transformer-split-loss.tsv/HV-loss1-2-rooms512-512/48	512	0	0,0	1,2	0	0,0
observed-transformer-split-loss.tsv/HV-loss1-2-rooms512-512/49	512	0	0,0	1,2	0	0,0
observed-transformer-split-loss.tsv/HV-loss1-2-rooms512-512/50	512	0	0,0	1,2	0	0,0
observed-transformer-split-loss.tsv/HV-loss1-2-rooms512-512/51	512	0	0,0	1,2	0	0,0
observed-transformer-split-loss.tsv/HV-loss1-2-rooms512-512/52	512	0	0,0	1,2	0	0,0
observed-transformer-split-loss.tsv/HV-loss1-2-rooms512-512/53	512	0	0,0	1,2	0	0,0
observed-transformer-split-loss.tsv/HV-loss1-2-rooms512-512/54	512	0	0,0	1,2	0	0,0
observed-transformer-split-loss.tsv/HV-loss1-2-rooms512-512/55	512	0	0,0	1,2	0	0,0
observed-transformer-split-loss.tsv/HV-loss1-2-rooms512-512/56	512	0	0,0	1,2	0	0,0
observed-transformer-split-loss.tsv/HV-loss1-2-rooms512-512/57	512	0	0,0	1,2	0	0,0
observed-transformer-split-loss.tsv/HV-loss1-2-rooms512-512/58	512	0	0,0	1,2	0	0,0
observed-transformer-split-loss.tsv/HV-loss1-2-rooms512-512/59	512	0	0,0	1,2	0	0,0
observed-transformer-split-loss.tsv/HV-loss1-2-rooms512-512/60	512	0	0,0	1,2	0	0,0
observed-transformer-split-loss.tsv/EV-loss1-2-rooms2048-2048/21	2048	16384	2048,2048	1,2	8192	0,8184
observed-transformer-split-loss.tsv/EV-loss1-2-rooms2048-2048/22	2048	8192	2048,0	1,2	8192	8188,0
observed-transformer-split-loss.tsv/EV-loss1-2-rooms2048-2048/23	2048	0	0,0	1,2	0	0,0
observed-transformer-split-loss.tsv/EV-loss1-2-rooms2048-2048/24	2048	0	0,0	1,2	0	0,0
observed-transformer-split-loss.tsv/EV-loss1-2-rooms2048-2048/25	2048	0	0,0	1,2	0	0,0
observed-transformer-split-loss.tsv/EV-loss1-2-rooms2048-2048/26	2048	0	0,0	1,2	0	0,0
observed-transformer-split-loss.tsv/EV-loss1-2-rooms2048-2048/27	2048	0	0,0	1,2	0	0,0
observed-transformer-split-loss.tsv/EV-loss1-2-rooms2048-2048/28	2048	0	0,0	1,2	0	0,0
observed-transformer-split-loss.tsv/EV-loss1-2-rooms2048-2048/29	2048	0	0,0	1,2	0	0,0
observed-transformer-split-loss.tsv/EV-loss1-2-rooms2048-2048/30	2048	0	0,0	1,2	0	0,0
observed-transformer-split-loss.tsv/EV-loss1-2-rooms2048-2048/31	2048	0	0,0	1,2	0	0,0
observed-transformer-split-loss.tsv/EV-loss1-2-rooms2048-2048/32	2048	0	0,0	1,2	0	0,0
observed-transformer-split-loss.tsv/EV-loss1-2-rooms2048-2048/33	2048	0	0,0	1,2	0	0,0
observed-transformer-split-loss.tsv/EV-loss1-2-rooms2048-2048/34	2048	0	0,0	1,2	0	0,0
observed-transformer-split-loss.tsv/EV-loss1-2-rooms2048-2048/35	2048	0	0,0	1,2	0	0,0
observed-transformer-split-loss.tsv/EV-loss1-2-rooms2048-2048/36	2048	0	0,0	1,2	0	0,0
observed-transformer-split-loss.tsv/EV-loss1-2-rooms2048-2048/37	2048	0	0,0	1,2	0	0,0
observed-transformer-split-loss.tsv/EV-loss1-2-rooms2048-2048/38	2048	0	0,0	1,2	0	0,0
observed-transformer-split-loss.tsv/EV-loss1-2-rooms2048-2048/39	2048	0	0,0	1,2	0	0,0
observed-transformer-split-loss.tsv/EV-loss1-2-rooms2048-2048/40	2048	0	0,0	1,2	0	0,0
observed-transformer-split-loss.tsv/EV-loss1-2-rooms2048-2048/41	2048	0	0,0	1,2	0	0,0
observed-transformer-split-loss.tsv/EV-loss1-2-rooms2048-2048/42	2048	0	0,0	1,2	0	0,0
observed-transformer-split-loss.tsv/EV-loss1-2-rooms2048-2048/43	2048	0	0,0	1,2	0	0,0
observed-transformer-split-loss.tsv/EV-loss1-2-rooms2048-2048/44	2048	0	0,0	1,2	0	0,0
observed-transformer-split-loss.tsv/EV-loss1-2-rooms2048-2048/45	2048	0	0,0	1,2	0	0,0
observed-transformer-split-loss.tsv/EV-loss1-2-rooms2048-2048/46	2048	0	0,0	1,2	0	0,0
observed-transformer-split-loss.tsv/EV-loss1-2-rooms2048-2048/47	2048	0	0,0	1,2	0	0,0
observed-transformer-split-loss.tsv/EV-loss1-2-rooms2048-2048/48	2048	0	0,0	1,2	0	0,0
observed-transformer-split-loss.tsv/EV-loss1-2-rooms2048-2048/49	2048	0	0,0	1,2	0	0,0
observed-transformer-split-loss.tsv/EV-loss1-2-rooms2048-2048/50	2048	0	0,0	1,2	0	0,0
observed-transformer-split-loss.tsv/EV-loss1-2-rooms2048-2048/51	2048	0	0,0	1,2	0	0,0
observed-transformer-split-loss.tsv/EV-loss1-2-rooms2048-2048/52	2048	0	0,0	1,2	0	0,0
observed-transformer-split-loss.tsv/EV-loss1-2-rooms2048-2048/53	2048	0	0,0	1,2	0	0,0
observed-transformer-split-loss.tsv/EV-loss1-2-rooms2048-2048/54	2048	0	0,0	1,2	0	0,0
observed-transformer-split-loss.tsv/EV-loss1-2-rooms2048-2048/55	2048	0	0,0	1,2	0	0,0
observed-transformer-split-loss.tsv/EV-loss1-2-rooms2048-2048/56	2048	0	0,0	1,2	0	0,0
observed-transformer-split-loss.tsv/EV-loss1-2-rooms2048-2048/57	2048	0	0,0	1,2	0	0,0
observed-transformer-split-loss.tsv/EV-loss1-2-rooms2048-2048/58	2048	0	0,0	1,2	0	0,0
observed-transformer-split-loss.tsv/EV-loss1-2-rooms2048-2048/59	2048	0	0,0	1,2	0	0,0
observed-transformer-split-loss.tsv/EV-loss1-2-rooms2048-2048/60	2048	0	0,0	1,2	0	0,0
observed-transformer-split-loss.tsv/LV-loss1-2-rooms33-33/21	32	256	33,33	1,2	128	124,0
observed-transformer-split-loss.tsv/LV-loss1-2-rooms33-33/22	32	128	0,33	1,2	128	0,120
observed-transformer-split-loss.tsv/LV-loss1-2-rooms33-33/23	32	0	0,0	1,2	0	0,0
observed-transformer-split-loss.tsv/LV-loss1-2-rooms33-33/24	32	0	0,0	1,2	0	0,0
observed-transformer-split-loss.tsv/LV-loss1-2-rooms33-33/25	32	0	0,0	1,2	0	0,0
observed-transformer-split-loss.tsv/LV-loss1-2-rooms33-33/26	32	0	0,0	1,2	0	0,0
observed-transformer-split-loss.tsv/LV-loss1-2-rooms33-33/27	32	0	0,0	1,2	0	0,0
observed-transformer-split-loss.tsv/LV-loss1-2-rooms33-33/28	32	0	0,0	1,2	0	0,0
observed-transformer-split-loss.tsv/LV-loss1-2-rooms33-33/29	32	0	0,0	1,2	0	0,0
observed-transformer-split-loss.tsv/LV-loss1-2-rooms33-33/30	32	0	0,0	1,2	0	0,0
observed-transformer-split-loss.tsv/LV-loss1-2-rooms33-33/31	32	0	0,0	1,2	0	0,0
observed-transformer-split-loss.tsv/LV-loss1-2-rooms33-33/32	32	0	0,0	1,2	0	0,0
observed-transformer-split-loss.tsv/LV-loss1-2-rooms33-33/33	32	0	0,0	1,2	0	0,0
observed-transformer-split-loss.tsv/LV-loss1-2-rooms33-33/34	32	0	0,0	1,2	0	0,0
observed-transformer-split-loss.tsv/LV-loss1-2-rooms33-33/35	32	0	0,0	1,2	0	0,0
observed-transformer-split-loss.tsv/LV-loss1-2-rooms33-33/36	32	0	0,0	1,2	0	0,0
observed-transformer-split-loss.tsv/LV-loss1-2-rooms33-33/37	32	0	0,0	1,2	0	0,0
observed-transformer-split-loss.tsv/LV-loss1-2-rooms33-33/38	32	0	0,0	1,2	0	0,0
observed-transformer-split-loss.tsv/LV-loss1-2-rooms33-33/39	32	0	0,0	1,2	0	0,0
observed-transformer-split-loss.tsv/LV-loss1-2-rooms33-33/40	32	0	0,0	1,2	0	0,0
observed-transformer-split-loss.tsv/LV-loss1-2-rooms33-33/41	32	0	0,0	1,2	0	0,0
observed-transformer-split-loss.tsv/LV-loss1-2-rooms33-33/42	32	0	0,0	1,2	0	0,0
observed-transformer-split-loss.tsv/LV-loss1-2-rooms33-33/43	32	0	0,0	1,2	0	0,0
observed-transformer-split-loss.tsv/LV-loss1-2-rooms33-33/44	32	0	0,0	1,2	0	0,0
observed-transformer-split-loss.tsv/LV-loss1-2-rooms33-33/45	32	0	0,0	1,2	0	0,0
observed-transformer-split-loss.tsv/LV-loss1-2-rooms33-33/46	32	0	0,0	1,2	0	0,0
observed-transformer-split-loss.tsv/LV-loss1-2-rooms33-33/47	32	0	0,0	1,2	0	0,0
observed-transformer-split-loss.tsv/LV-loss1-2-rooms33-33/48	32	0	0,0	1,2	0	0,0
observed-transformer-split-loss.tsv/LV-loss1-2-rooms33-33/49	32	0	0,0	1,2	0	0,0
observed-transformer-split-loss.tsv/LV-loss1-2-rooms33-33/50	32	0	0,0	1,2	0	0,0
observed-transformer-split-loss.tsv/LV-loss1-2-rooms33-33/51	32	0	0,0	1,2	0	0,0
observed-transformer-split-loss.tsv/LV-loss1-2-rooms33-33/52	32	0	0,0	1,2	0	0,0
observed-transformer-split-loss.tsv/LV-loss1-2-rooms33-33/53	32	0	0,0	1,2	0	0,0
observed-transformer-split-loss.tsv/LV-loss1-2-rooms33-33/54	32	0	0,0	1,2	0	0,0
observed-transformer-split-loss.tsv/LV-loss1-2-rooms33-33/55	32	0	0,0	1,2	0	0,0
observed-transformer-split-loss.tsv/LV-loss1-2-rooms33-33/56	32	0	0,0	1,2	0	0,0
observed-transformer-split-loss.tsv/LV-loss1-2-rooms33-33/57	32	0	0,0	1,2	0	0,0
observed-transformer-split-loss.tsv/LV-loss1-2-rooms33-33/58	32	0	0,0	1,2	0	0,0
observed-transformer-split-loss.tsv/LV-loss1-2-rooms33-33/59	32	0	0,0	1,2	0	0,0
observed-transformer-split-loss.tsv/LV-loss1-2-rooms33-33/60	32	0	0,0	1,2	0	0,0
observed-transformer-split-loss.tsv/MV-loss1-2-rooms129-129/21	128	1024	129,129	1,2	512	508,0
observed-transformer-split-loss.tsv/MV-loss1-2-rooms129-129/22	128	512	0,129	1,2	512	0,504
observed-transformer-split-loss.tsv/MV-loss1-2-rooms129-129/23	128	0	0,0	1,2	0	0,0
observed-transformer-split-loss.tsv/MV-loss1-2-rooms129-129/24	128	0	0,0	1,2	0	0,0
observed-transformer-split-loss.tsv/MV-loss1-2-rooms129-129/25	128	0	0,0	1,2	0	0,0
observed-transformer-split-loss.tsv/MV-loss1-2-rooms129-129/26	128	0	0,0	1,2	0	0,0
observed-transformer-split-loss.tsv/MV-loss1-2-rooms129-129/27	128	0	0,0	1,2	0	0,0
observed-transformer-split-loss.tsv/MV-loss1-2-rooms129-129/28	128	0	0,0	1,2	0	0,0
observed-transformer-split-loss.tsv/MV-loss1-2-rooms129-129/29	128	0	0,0	1,2	0	0,0
observed-transformer-split-loss.tsv/MV-loss1-2-rooms129-129/30	128	0	0,0	1,2	0	0,0
observed-transformer-split-loss.tsv/MV-loss1-2-rooms129-129/31	128	0	0,0	1,2	0	0,0
observed-transformer-split-loss.tsv/MV-loss1-2-rooms129-129/32	128	0	0,0	1,2	0	0,0
observed-transformer-split-loss.tsv/MV-loss1-2-rooms129-129/33	128	0	0,0	1,2	0	0,0
observed-transformer-split-loss.tsv/MV-loss1-2-rooms129-129/34	128	0	0,0	1,2	0	0,0
observed-transformer-split-loss.tsv/MV-loss1-2-rooms129-129/35	128	0	0,0	1,2	0	0,0
observed-transformer-split-loss.tsv/MV-loss1-2-rooms129-129/36	128	0	0,0	1,2	0	0,0
observed-transformer-split-loss.tsv/MV-loss1-2-rooms129-129/37	128	0	0,0	1,2	0	0,0
observed-transformer-split-loss.tsv/MV-loss1-2-rooms129-129/38	128	0	0,0	1,2	0	0,0
observed-transformer-split-loss.tsv/MV-loss1-2-rooms129-129/39	128	0	0,0	1,2	0	0,0
observed-transformer-split-loss.tsv/MV-loss1-2-rooms129-129/40	128	0	0,0	1,2	0	0,0
observed-transformer-split-loss.tsv/MV-loss1-2-rooms129-129/41	128	0	0,0	1,2	0	0,0
observed-transformer-split-loss.tsv/MV-loss1-2-rooms129-129/42	128	0	0,0	1,2	0	0,0
observed-transformer-split-loss.tsv/MV-loss1-2-rooms129-129/43	128	0	0,0	1,2	0	0,0
observed-transformer-split-loss.tsv/MV-loss1-2-rooms129-129/44	128	0	0,0	1,2	0	0,0
observed-transformer-split-loss.tsv/MV-loss1-2-rooms129-129/45	128	0	0,0	1,2	0	0,0
observed-transformer-split-loss.tsv/MV-loss1-2-rooms129-129/46	128	0	0,0	1,2	0	0,0
observed-transformer-split-loss.tsv/MV-loss1-2-rooms129-129/47	128	0	0,0	1,2	0	0,0
observed-transformer-split-loss.tsv/MV-loss1-2-rooms129-129/48	128	0	0,0	1,2	0	0,0
observed-transformer-split-loss.tsv/MV-loss1-2-rooms129-129/49	128	0	0,0	1,2	0	0,0
observed-transformer-split-loss.tsv/MV-loss1-2-rooms129-129/50	128	0	0,0	1,2	0	0,0
observed-transformer-split-loss.tsv/MV-loss1-2-rooms129-129/51	128	0	0,0	1,2	0	0,0
observed-transformer-split-loss.tsv/MV-loss1-2-rooms129-129/52	128	0	0,0	1,2	0	0,0
observed-transformer-split-loss.tsv/MV-loss1-2-rooms129-129/53	128	0	0,0	1,2	0	0,0
observed-transformer-split-loss.tsv/MV-loss1-2-rooms129-129/54	128	0	0,0	1,2	0	0,0
observed-transformer-split-loss.tsv/MV-loss1-2-rooms129-129/55	128	0	0,0	1,2	0	0,0
observed-transformer-split-loss.tsv/MV-loss1-2-rooms129-129/56	128	0	0,0	1,2	0	0,0
observed-transformer-split-loss.tsv/MV-loss1-2-rooms129-129/57	128	0	0,0	1,2	0	0,0
observed-transformer-split-loss.tsv/MV-loss1-2-rooms129-129/58	128	0	0,0	1,2	0	0,0
observed-transformer-split-loss.tsv/MV-loss1-2-rooms129-129/59	128	0	0,0	1,2	0	0,0
observed-transformer-split-loss.tsv/MV-loss1-2-rooms129-129/60	128	0	0,0	1,2	0	0,0
observed-transformer-split-loss.tsv/HV-loss1-2-rooms513-513/21	512	4096	513,513	1,2	2048	2044,0
observed-transformer-split-loss.tsv/HV-loss1-2-rooms513-513/22	512	2048	0,513	1,2	2048	0,2040
observed-transformer-split-loss.tsv/HV-loss1-2-rooms513-513/23	512	0	0,0	1,2	0	0,0
observed-transformer-split-loss.tsv/HV-loss1-2-rooms513-513/24	512	0	0,0	1,2	0	0,0
observed-transformer-split-loss.tsv/HV-loss1-2-rooms513-513/25	512	0	0,0	1,2	0	0,0
observed-transformer-split-loss.tsv/HV-loss1-2-rooms513-513/26	512	0	0,0	1,2	0	0,0
observed-transformer-split-loss.tsv/HV-loss1-2-rooms513-513/27	512	0	0,0	1,2	0	0,0
observed-transformer-split-loss.tsv/HV-loss1-2-rooms513-513/28	512	0	0,0	1,2	0	0,0
observed-transformer-split-loss.tsv/HV-loss1-2-rooms513-513/29	512	0	0,0	1,2	0	0,0
observed-transformer-split-loss.tsv/HV-loss1-2-rooms513-513/30	512	0	0,0	1,2	0	0,0
observed-transformer-split-loss.tsv/HV-loss1-2-rooms513-513/31	512	0	0,0	1,2	0	0,0
observed-transformer-split-loss.tsv/HV-loss1-2-rooms513-513/32	512	0	0,0	1,2	0	0,0
observed-transformer-split-loss.tsv/HV-loss1-2-rooms513-513/33	512	0	0,0	1,2	0	0,0
observed-transformer-split-loss.tsv/HV-loss1-2-rooms513-513/34	512	0	0,0	1,2	0	0,0
observed-transformer-split-loss.tsv/HV-loss1-2-rooms513-513/35	512	0	0,0	1,2	0	0,0
observed-transformer-split-loss.tsv/HV-loss1-2-rooms513-513/36	512	0	0,0	1,2	0	0,0
observed-transformer-split-loss.tsv/HV-loss1-2-rooms513-513/37	512	0	0,0	1,2	0	0,0
observed-transformer-split-loss.tsv/HV-loss1-2-rooms513-513/38	512	0	0,0	1,2	0	0,0
observed-transformer-split-loss.tsv/HV-loss1-2-rooms513-513/39	512	0	0,0	1,2	0	0,0
observed-transformer-split-loss.tsv/HV-loss1-2-rooms513-513/40	512	0	0,0	1,2	0	0,0
observed-transformer-split-loss.tsv/HV-loss1-2-rooms513-513/41	512	0	0,0	1,2	0	0,0
observed-transformer-split-loss.tsv/HV-loss1-2-rooms513-513/42	512	0	0,0	1,2	0	0,0
observed-transformer-split-loss.tsv/HV-loss1-2-rooms513-513/43	512	0	0,0	1,2	0	0,0
observed-transformer-split-loss.tsv/HV-loss1-2-rooms513-513/44	512	0	0,0	1,2	0	0,0
observed-transformer-split-loss.tsv/HV-loss1-2-rooms513-513/45	512	0	0,0	1,2	0	0,0
observed-transformer-split-loss.tsv/HV-loss1-2-rooms513-513/46	512	0	0,0	1,2	0	0,0
observed-transformer-split-loss.tsv/HV-loss1-2-rooms513-513/47	512	0	0,0	1,2	0	0,0
observed-transformer-split-loss.tsv/HV-loss1-2-rooms513-513/48	512	0	0,0	1,2	0	0,0
observed-transformer-split-loss.tsv/HV-loss1-2-rooms513-513/49	512	0	0,0	1,2	0	0,0
observed-transformer-split-loss.tsv/HV-loss1-2-rooms513-513/50	512	0	0,0	1,2	0	0,0
observed-transformer-split-loss.tsv/HV-loss1-2-rooms513-513/51	512	0	0,0	1,2	0	0,0
observed-transformer-split-loss.tsv/HV-loss1-2-rooms513-513/52	512	0	0,0	1,2	0	0,0
observed-transformer-split-loss.tsv/HV-loss1-2-rooms513-513/53	512	0	0,0	1,2	0	0,0
observed-transformer-split-loss.tsv/HV-loss1-2-rooms513-513/54	512	0	0,0	1,2	0	0,0
observed-transformer-split-loss.tsv/HV-loss1-2-rooms513-513/55	512	0	0,0	1,2	0	0,0
observed-transformer-split-loss.tsv/HV-loss1-2-rooms513-513/56	512	0	0,0	1,2	0	0,0
observed-transformer-split-loss.tsv/HV-loss1-2-rooms513-513/57	512	0	0,0	1,2	0	0,0
observed-transformer-split-loss.tsv/HV-loss1-2-rooms513-513/58	512	0	0,0	1,2	0	0,0
observed-transformer-split-loss.tsv/HV-loss1-2-rooms513-513/59	512	0	0,0	1,2	0	0,0
observed-transformer-split-loss.tsv/HV-loss1-2-rooms513-513/60	512	0	0,0	1,2	0	0,0
observed-transformer-split-loss.tsv/EV-loss1-2-rooms2049-2049/21	2048	16384	2049,2049	1,2	8192	0,8184
observed-transformer-split-loss.tsv/EV-loss1-2-rooms2049-2049/22	2048	8192	2049,0	1,2	8192	8188,0
observed-transformer-split-loss.tsv/EV-loss1-2-rooms2049-2049/23	2048	0	0,0	1,2	0	0,0
observed-transformer-split-loss.tsv/EV-loss1-2-rooms2049-2049/24	2048	0	0,0	1,2	0	0,0
observed-transformer-split-loss.tsv/EV-loss1-2-rooms2049-2049/25	2048	0	0,0	1,2	0	0,0
observed-transformer-split-loss.tsv/EV-loss1-2-rooms2049-2049/26	2048	0	0,0	1,2	0	0,0
observed-transformer-split-loss.tsv/EV-loss1-2-rooms2049-2049/27	2048	0	0,0	1,2	0	0,0
observed-transformer-split-loss.tsv/EV-loss1-2-rooms2049-2049/28	2048	0	0,0	1,2	0	0,0
observed-transformer-split-loss.tsv/EV-loss1-2-rooms2049-2049/29	2048	0	0,0	1,2	0	0,0
observed-transformer-split-loss.tsv/EV-loss1-2-rooms2049-2049/30	2048	0	0,0	1,2	0	0,0
observed-transformer-split-loss.tsv/EV-loss1-2-rooms2049-2049/31	2048	0	0,0	1,2	0	0,0
observed-transformer-split-loss.tsv/EV-loss1-2-rooms2049-2049/32	2048	0	0,0	1,2	0	0,0
observed-transformer-split-loss.tsv/EV-loss1-2-rooms2049-2049/33	2048	0	0,0	1,2	0	0,0
observed-transformer-split-loss.tsv/EV-loss1-2-rooms2049-2049/34	2048	0	0,0	1,2	0	0,0
observed-transformer-split-loss.tsv/EV-loss1-2-rooms2049-2049/35	2048	0	0,0	1,2	0	0,0
observed-transformer-split-loss.tsv/EV-loss1-2-rooms2049-2049/36	2048	0	0,0	1,2	0	0,0
observed-transformer-split-loss.tsv/EV-loss1-2-rooms2049-2049/37	2048	0	0,0	1,2	0	0,0
observed-transformer-split-loss.tsv/EV-loss1-2-rooms2049-2049/38	2048	0	0,0	1,2	0	0,0
observed-transformer-split-loss.tsv/EV-loss1-2-rooms2049-2049/39	2048	0	0,0	1,2	0	0,0
observed-transformer-split-loss.tsv/EV-loss1-2-rooms2049-2049/40	2048	0	0,0	1,2	0	0,0
observed-transformer-split-loss.tsv/EV-loss1-2-rooms2049-2049/41	2048	0	0,0	1,2	0	0,0
observed-transformer-split-loss.tsv/EV-loss1-2-rooms2049-2049/42	2048	0	0,0	1,2	0	0,0
observed-transformer-split-loss.tsv/EV-loss1-2-rooms2049-2049/43	2048	0	0,0	1,2	0	0,0
observed-transformer-split-loss.tsv/EV-loss1-2-rooms2049-2049/44	2048	0	0,0	1,2	0	0,0
observed-transformer-split-loss.tsv/EV-loss1-2-rooms2049-2049/45	2048	0	0,0	1,2	0	0,0
observed-transformer-split-loss.tsv/EV-loss1-2-rooms2049-2049/46	2048	0	0,0	1,2	0	0,0
observed-transformer-split-loss.tsv/EV-loss1-2-rooms2049-2049/47	2048	0	0,0	1,2	0	0,0
observed-transformer-split-loss.tsv/EV-loss1-2-rooms2049-2049/48	2048	0	0,0	1,2	0	0,0
observed-transformer-split-loss.tsv/EV-loss1-2-rooms2049-2049/49	2048	0	0,0	1,2	0	0,0
observed-transformer-split-loss.tsv/EV-loss1-2-rooms2049-2049/50	2048	0	0,0	1,2	0	0,0
observed-transformer-split-loss.tsv/EV-loss1-2-rooms2049-2049/51	2048	0	0,0	1,2	0	0,0
observed-transformer-split-loss.tsv/EV-loss1-2-rooms2049-2049/52	2048	0	0,0	1,2	0	0,0
observed-transformer-split-loss.tsv/EV-loss1-2-rooms2049-2049/53	2048	0	0,0	1,2	0	0,0
observed-transformer-split-loss.tsv/EV-loss1-2-rooms2049-2049/54	2048	0	0,0	1,2	0	0,0
observed-transformer-split-loss.tsv/EV-loss1-2-rooms2049-2049/55	2048	0	0,0	1,2	0	0,0
observed-transformer-split-loss.tsv/EV-loss1-2-rooms2049-2049/56	2048	0	0,0	1,2	0	0,0
observed-transformer-split-loss.tsv/EV-loss1-2-rooms2049-2049/57	2048	0	0,0	1,2	0	0,0
observed-transformer-split-loss.tsv/EV-loss1-2-rooms2049-2049/58	2048	0	0,0	1,2	0	0,0
observed-transformer-split-loss.tsv/EV-loss1-2-rooms2049-2049/59	2048	0	0,0	1,2	0	0,0
observed-transformer-split-loss.tsv/EV-loss1-2-rooms2049-2049/60	2048	0	0,0	1,2	0	0,0
single-loss/LV-glass1-room1/21	32	256	1	0	1	1
single-loss/LV-glass1-room1/22	32	255	0	0	0	0
single-loss/LV-glass1-room1/23	32	255	0	0	0	0
single-loss/LV-glass1-room1/24	32	255	0	0	0	0
single-loss/LV-glass1-room1/25	32	255	0	0	0	0
single-loss/LV-glass1-room1/26	32	255	0	0	0	0
single-loss/LV-glass1-room1/27	32	255	0	0	0	0
single-loss/LV-glass1-room1/28	32	255	0	0	0	0
single-loss/LV-glass1-room1/29	32	255	0	0	0	0
single-loss/LV-glass1-room1/30	32	255	0	0	0	0
single-loss/LV-glass1-room1/31	32	255	0	0	0	0
single-loss/LV-glass1-room1/32	32	255	0	0	0	0
single-loss/LV-glass1-room1/33	32	255	0	0	0	0
single-loss/LV-glass1-room1/34	32	255	0	0	0	0
single-loss/LV-glass1-room1/35	32	255	0	0	0	0
single-loss/LV-glass1-room1/36	32	255	0	0	0	0
single-loss/LV-glass1-room1/37	32	255	0	0	0	0
single-loss/LV-glass1-room1/38	32	255	0	0	0	0
single-loss/LV-glass1-room1/39	32	255	0	0	0	0
single-loss/LV-glass1-room1/40	32	255	0	0	0	0
single-loss/LV-glass1-room1/41	32	255	0	0	0	0
single-loss/LV-glass1-room1/42	32	255	0	0	0	0
single-loss/LV-glass1-room1/43	32	255	0	0	0	0
single-loss/LV-glass1-room1/44	32	255	0	0	0	0
single-loss/LV-glass1-room1/45	32	255	0	0	0	0
single-loss/LV-glass1-room1/46	32	255	0	0	0	0
single-loss/LV-glass1-room1/47	32	255	0	0	0	0
single-loss/LV-glass1-room1/48	32	255	0	0	0	0
single-loss/LV-glass1-room1/49	32	255	0	0	0	0
single-loss/LV-glass1-room1/50	32	255	0	0	0	0
single-loss/LV-glass1-room1/51	32	255	0	0	0	0
single-loss/LV-glass1-room1/52	32	255	0	0	0	0
single-loss/LV-glass1-room1/53	32	255	0	0	0	0
single-loss/LV-glass1-room1/54	32	255	0	0	0	0
single-loss/LV-glass1-room1/55	32	255	0	0	0	0
single-loss/LV-glass1-room1/56	32	255	0	0	0	0
single-loss/LV-glass1-room1/57	32	255	0	0	0	0
single-loss/LV-glass1-room1/58	32	255	0	0	0	0
single-loss/LV-glass1-room1/59	32	255	0	0	0	0
single-loss/LV-glass1-room1/60	32	255	0	0	0	0
single-loss/LV-glass40-room33/21	32	256	33	1	128	124
single-loss/LV-glass40-room33/22	32	128	0	1	0	0
single-loss/LV-glass40-room33/23	32	128	0	1	0	0
single-loss/LV-glass40-room33/24	32	128	0	1	0	0
single-loss/LV-glass40-room33/25	32	128	0	1	0	0
single-loss/LV-glass40-room33/26	32	128	0	1	0	0
single-loss/LV-glass40-room33/27	32	128	0	1	0	0
single-loss/LV-glass40-room33/28	32	128	0	1	0	0
single-loss/LV-glass40-room33/29	32	128	0	1	0	0
single-loss/LV-glass40-room33/30	32	128	0	1	0	0
single-loss/LV-glass40-room33/31	32	128	0	1	0	0
single-loss/LV-glass40-room33/32	32	128	0	1	0	0
single-loss/LV-glass40-room33/33	32	128	0	1	0	0
single-loss/LV-glass40-room33/34	32	128	0	1	0	0
single-loss/LV-glass40-room33/35	32	128	0	1	0	0
single-loss/LV-glass40-room33/36	32	128	0	1	0	0
single-loss/LV-glass40-room33/37	32	128	0	1	0	0
single-loss/LV-glass40-room33/38	32	128	0	1	0	0
single-loss/LV-glass40-room33/39	32	128	0	1	0	0
single-loss/LV-glass40-room33/40	32	128	0	1	0	0
single-loss/LV-glass40-room33/41	32	128	0	1	0	0
single-loss/LV-glass40-room33/42	32	128	0	1	0	0
single-loss/LV-glass40-room33/43	32	128	0	1	0	0
single-loss/LV-glass40-room33/44	32	128	0	1	0	0
single-loss/LV-glass40-room33/45	32	128	0	1	0	0
single-loss/LV-glass40-room33/46	32	128	0	1	0	0
single-loss/LV-glass40-room33/47	32	128	0	1	0	0
single-loss/LV-glass40-room33/48	32	128	0	1	0	0
single-loss/LV-glass40-room33/49	32	128	0	1	0	0
single-loss/LV-glass40-room33/50	32	128	0	1	0	0
single-loss/LV-glass40-room33/51	32	128	0	1	0	0
single-loss/LV-glass40-room33/52	32	128	0	1	0	0
single-loss/LV-glass40-room33/53	32	128	0	1	0	0
single-loss/LV-glass40-room33/54	32	128	0	1	0	0
single-loss/LV-glass40-room33/55	32	128	0	1	0	0
single-loss/LV-glass40-room33/56	32	128	0	1	0	0
single-loss/LV-glass40-room33/57	32	128	0	1	0	0
single-loss/LV-glass40-room33/58	32	128	0	1	0	0
single-loss/LV-glass40-room33/59	32	128	0	1	0	0
single-loss/LV-glass40-room33/60	32	128	0	1	0	0
single-loss/LV-glass80-room40000000/21	32	256	40000000	2	128	120
single-loss/LV-glass80-room40000000/22	32	128	39999880	2	128	120
single-loss/LV-glass80-room40000000/23	32	0	39999760	2	0	0
single-loss/LV-glass80-room40000000/24	32	0	39999760	2	0	0
single-loss/LV-glass80-room40000000/25	32	0	39999760	2	0	0
single-loss/LV-glass80-room40000000/26	32	0	39999760	2	0	0
single-loss/LV-glass80-room40000000/27	32	0	39999760	2	0	0
single-loss/LV-glass80-room40000000/28	32	0	39999760	2	0	0
single-loss/LV-glass80-room40000000/29	32	0	39999760	2	0	0
single-loss/LV-glass80-room40000000/30	32	0	39999760	2	0	0
single-loss/LV-glass80-room40000000/31	32	0	39999760	2	0	0
single-loss/LV-glass80-room40000000/32	32	0	39999760	2	0	0
single-loss/LV-glass80-room40000000/33	32	0	39999760	2	0	0
single-loss/LV-glass80-room40000000/34	32	0	39999760	2	0	0
single-loss/LV-glass80-room40000000/35	32	0	39999760	2	0	0
single-loss/LV-glass80-room40000000/36	32	0	39999760	2	0	0
single-loss/LV-glass80-room40000000/37	32	0	39999760	2	0	0
single-loss/LV-glass80-room40000000/38	32	0	39999760	2	0	0
single-loss/LV-glass80-room40000000/39	32	0	39999760	2	0	0
single-loss/LV-glass80-room40000000/40	32	0	39999760	2	0	0
single-loss/LV-glass80-room40000000/41	32	0	39999760	2	0	0
single-loss/LV-glass80-room40000000/42	32	0	39999760	2	0	0
single-loss/LV-glass80-room40000000/43	32	0	39999760	2	0	0
single-loss/LV-glass80-room40000000/44	32	0	39999760	2	0	0
single-loss/LV-glass80-room40000000/45	32	0	39999760	2	0	0
single-loss/LV-glass80-room40000000/46	32	0	39999760	2	0	0
single-loss/LV-glass80-room40000000/47	32	0	39999760	2	0	0
single-loss/LV-glass80-room40000000/48	32	0	39999760	2	0	0
single-loss/LV-glass80-room40000000/49	32	0	39999760	2	0	0
single-loss/LV-glass80-room40000000/50	32	0	39999760	2	0	0
single-loss/LV-glass80-room40000000/51	32	0	39999760	2	0	0
single-loss/LV-glass80-room40000000/52	32	0	39999760	2	0	0
single-loss/LV-glass80-room40000000/53	32	0	39999760	2	0	0
single-loss/LV-glass80-room40000000/54	32	0	39999760	2	0	0
single-loss/LV-glass80-room40000000/55	32	0	39999760	2	0	0
single-loss/LV-glass80-room40000000/56	32	0	39999760	2	0	0
single-loss/LV-glass80-room40000000/57	32	0	39999760	2	0	0
single-loss/LV-glass80-room40000000/58	32	0	39999760	2	0	0
single-loss/LV-glass80-room40000000/59	32	0	39999760	2	0	0
single-loss/LV-glass80-room40000000/60	32	0	39999760	2	0	0
single-loss/MV-glass40-room1/21	128	1024	1	1	2	1
single-loss/MV-glass40-room1/22	128	1022	0	1	0	0
single-loss/MV-glass40-room1/23	128	1022	0	1	0	0
single-loss/MV-glass40-room1/24	128	1022	0	1	0	0
single-loss/MV-glass40-room1/25	128	1022	0	1	0	0
single-loss/MV-glass40-room1/26	128	1022	0	1	0	0
single-loss/MV-glass40-room1/27	128	1022	0	1	0	0
single-loss/MV-glass40-room1/28	128	1022	0	1	0	0
single-loss/MV-glass40-room1/29	128	1022	0	1	0	0
single-loss/MV-glass40-room1/30	128	1022	0	1	0	0
single-loss/MV-glass40-room1/31	128	1022	0	1	0	0
single-loss/MV-glass40-room1/32	128	1022	0	1	0	0
single-loss/MV-glass40-room1/33	128	1022	0	1	0	0
single-loss/MV-glass40-room1/34	128	1022	0	1	0	0
single-loss/MV-glass40-room1/35	128	1022	0	1	0	0
single-loss/MV-glass40-room1/36	128	1022	0	1	0	0
single-loss/MV-glass40-room1/37	128	1022	0	1	0	0
single-loss/MV-glass40-room1/38	128	1022	0	1	0	0
single-loss/MV-glass40-room1/39	128	1022	0	1	0	0
single-loss/MV-glass40-room1/40	128	1022	0	1	0	0
single-loss/MV-glass40-room1/41	128	1022	0	1	0	0
single-loss/MV-glass40-room1/42	128	1022	0	1	0	0
single-loss/MV-glass40-room1/43	128	1022	0	1	0	0
single-loss/MV-glass40-room1/44	128	1022	0	1	0	0
single-loss/MV-glass40-room1/45	128	1022	0	1	0	0
single-loss/MV-glass40-room1/46	128	1022	0	1	0	0
single-loss/MV-glass40-room1/47	128	1022	0	1	0	0
single-loss/MV-glass40-room1/48	128	1022	0	1	0	0
single-loss/MV-glass40-room1/49	128	1022	0	1	0	0
single-loss/MV-glass40-room1/50	128	1022	0	1	0	0
single-loss/MV-glass40-room1/51	128	1022	0	1	0	0
single-loss/MV-glass40-room1/52	128	1022	0	1	0	0
single-loss/MV-glass40-room1/53	128	1022	0	1	0	0
single-loss/MV-glass40-room1/54	128	1022	0	1	0	0
single-loss/MV-glass40-room1/55	128	1022	0	1	0	0
single-loss/MV-glass40-room1/56	128	1022	0	1	0	0
single-loss/MV-glass40-room1/57	128	1022	0	1	0	0
single-loss/MV-glass40-room1/58	128	1022	0	1	0	0
single-loss/MV-glass40-room1/59	128	1022	0	1	0	0
single-loss/MV-glass40-room1/60	128	1022	0	1	0	0
single-loss/MV-glass80-room129/21	128	1024	129	2	512	504
single-loss/MV-glass80-room129/22	128	512	0	2	0	0
single-loss/MV-glass80-room129/23	128	512	0	2	0	0
single-loss/MV-glass80-room129/24	128	512	0	2	0	0
single-loss/MV-glass80-room129/25	128	512	0	2	0	0
single-loss/MV-glass80-room129/26	128	512	0	2	0	0
single-loss/MV-glass80-room129/27	128	512	0	2	0	0
single-loss/MV-glass80-room129/28	128	512	0	2	0	0
single-loss/MV-glass80-room129/29	128	512	0	2	0	0
single-loss/MV-glass80-room129/30	128	512	0	2	0	0
single-loss/MV-glass80-room129/31	128	512	0	2	0	0
single-loss/MV-glass80-room129/32	128	512	0	2	0	0
single-loss/MV-glass80-room129/33	128	512	0	2	0	0
single-loss/MV-glass80-room129/34	128	512	0	2	0	0
single-loss/MV-glass80-room129/35	128	512	0	2	0	0
single-loss/MV-glass80-room129/36	128	512	0	2	0	0
single-loss/MV-glass80-room129/37	128	512	0	2	0	0
single-loss/MV-glass80-room129/38	128	512	0	2	0	0
single-loss/MV-glass80-room129/39	128	512	0	2	0	0
single-loss/MV-glass80-room129/40	128	512	0	2	0	0
single-loss/MV-glass80-room129/41	128	512	0	2	0	0
single-loss/MV-glass80-room129/42	128	512	0	2	0	0
single-loss/MV-glass80-room129/43	128	512	0	2	0	0
single-loss/MV-glass80-room129/44	128	512	0	2	0	0
single-loss/MV-glass80-room129/45	128	512	0	2	0	0
single-loss/MV-glass80-room129/46	128	512	0	2	0	0
single-loss/MV-glass80-room129/47	128	512	0	2	0	0
single-loss/MV-glass80-room129/48	128	512	0	2	0	0
single-loss/MV-glass80-room129/49	128	512	0	2	0	0
single-loss/MV-glass80-room129/50	128	512	0	2	0	0
single-loss/MV-glass80-room129/51	128	512	0	2	0	0
single-loss/MV-glass80-room129/52	128	512	0	2	0	0
single-loss/MV-glass80-room129/53	128	512	0	2	0	0
single-loss/MV-glass80-room129/54	128	512	0	2	0	0
single-loss/MV-glass80-room129/55	128	512	0	2	0	0
single-loss/MV-glass80-room129/56	128	512	0	2	0	0
single-loss/MV-glass80-room129/57	128	512	0	2	0	0
single-loss/MV-glass80-room129/58	128	512	0	2	0	0
single-loss/MV-glass80-room129/59	128	512	0	2	0	0
single-loss/MV-glass80-room129/60	128	512	0	2	0	0
single-loss/HV-glass1-room40000000/21	512	4096	40000000	0	2048	2048
single-loss/HV-glass1-room40000000/22	512	2048	39997952	0	2048	2048
single-loss/HV-glass1-room40000000/23	512	0	39995904	0	0	0
single-loss/HV-glass1-room40000000/24	512	0	39995904	0	0	0
single-loss/HV-glass1-room40000000/25	512	0	39995904	0	0	0
single-loss/HV-glass1-room40000000/26	512	0	39995904	0	0	0
single-loss/HV-glass1-room40000000/27	512	0	39995904	0	0	0
single-loss/HV-glass1-room40000000/28	512	0	39995904	0	0	0
single-loss/HV-glass1-room40000000/29	512	0	39995904	0	0	0
single-loss/HV-glass1-room40000000/30	512	0	39995904	0	0	0
single-loss/HV-glass1-room40000000/31	512	0	39995904	0	0	0
single-loss/HV-glass1-room40000000/32	512	0	39995904	0	0	0
single-loss/HV-glass1-room40000000/33	512	0	39995904	0	0	0
single-loss/HV-glass1-room40000000/34	512	0	39995904	0	0	0
single-loss/HV-glass1-room40000000/35	512	0	39995904	0	0	0
single-loss/HV-glass1-room40000000/36	512	0	39995904	0	0	0
single-loss/HV-glass1-room40000000/37	512	0	39995904	0	0	0
single-loss/HV-glass1-room40000000/38	512	0	39995904	0	0	0
single-loss/HV-glass1-room40000000/39	512	0	39995904	0	0	0
single-loss/HV-glass1-room40000000/40	512	0	39995904	0	0	0
single-loss/HV-glass1-room40000000/41	512	0	39995904	0	0	0
single-loss/HV-glass1-room40000000/42	512	0	39995904	0	0	0
single-loss/HV-glass1-room40000000/43	512	0	39995904	0	0	0
single-loss/HV-glass1-room40000000/44	512	0	39995904	0	0	0
single-loss/HV-glass1-room40000000/45	512	0	39995904	0	0	0
single-loss/HV-glass1-room40000000/46	512	0	39995904	0	0	0
single-loss/HV-glass1-room40000000/47	512	0	39995904	0	0	0
single-loss/HV-glass1-room40000000/48	512	0	39995904	0	0	0
single-loss/HV-glass1-room40000000/49	512	0	39995904	0	0	0
single-loss/HV-glass1-room40000000/50	512	0	39995904	0	0	0
single-loss/HV-glass1-room40000000/51	512	0	39995904	0	0	0
single-loss/HV-glass1-room40000000/52	512	0	39995904	0	0	0
single-loss/HV-glass1-room40000000/53	512	0	39995904	0	0	0
single-loss/HV-glass1-room40000000/54	512	0	39995904	0	0	0
single-loss/HV-glass1-room40000000/55	512	0	39995904	0	0	0
single-loss/HV-glass1-room40000000/56	512	0	39995904	0	0	0
single-loss/HV-glass1-room40000000/57	512	0	39995904	0	0	0
single-loss/HV-glass1-room40000000/58	512	0	39995904	0	0	0
single-loss/HV-glass1-room40000000/59	512	0	39995904	0	0	0
single-loss/HV-glass1-room40000000/60	512	0	39995904	0	0	0
single-loss/HV-glass80-room1/21	512	4096	1	2	3	1
single-loss/HV-glass80-room1/22	512	4093	0	2	0	0
single-loss/HV-glass80-room1/23	512	4093	0	2	0	0
single-loss/HV-glass80-room1/24	512	4093	0	2	0	0
single-loss/HV-glass80-room1/25	512	4093	0	2	0	0
single-loss/HV-glass80-room1/26	512	4093	0	2	0	0
single-loss/HV-glass80-room1/27	512	4093	0	2	0	0
single-loss/HV-glass80-room1/28	512	4093	0	2	0	0
single-loss/HV-glass80-room1/29	512	4093	0	2	0	0
single-loss/HV-glass80-room1/30	512	4093	0	2	0	0
single-loss/HV-glass80-room1/31	512	4093	0	2	0	0
single-loss/HV-glass80-room1/32	512	4093	0	2	0	0
single-loss/HV-glass80-room1/33	512	4093	0	2	0	0
single-loss/HV-glass80-room1/34	512	4093	0	2	0	0
single-loss/HV-glass80-room1/35	512	4093	0	2	0	0
single-loss/HV-glass80-room1/36	512	4093	0	2	0	0
single-loss/HV-glass80-room1/37	512	4093	0	2	0	0
single-loss/HV-glass80-room1/38	512	4093	0	2	0	0
single-loss/HV-glass80-room1/39	512	4093	0	2	0	0
single-loss/HV-glass80-room1/40	512	4093	0	2	0	0
single-loss/HV-glass80-room1/41	512	4093	0	2	0	0
single-loss/HV-glass80-room1/42	512	4093	0	2	0	0
single-loss/HV-glass80-room1/43	512	4093	0	2	0	0
single-loss/HV-glass80-room1/44	512	4093	0	2	0	0
single-loss/HV-glass80-room1/45	512	4093	0	2	0	0
single-loss/HV-glass80-room1/46	512	4093	0	2	0	0
single-loss/HV-glass80-room1/47	512	4093	0	2	0	0
single-loss/HV-glass80-room1/48	512	4093	0	2	0	0
single-loss/HV-glass80-room1/49	512	4093	0	2	0	0
single-loss/HV-glass80-room1/50	512	4093	0	2	0	0
single-loss/HV-glass80-room1/51	512	4093	0	2	0	0
single-loss/HV-glass80-room1/52	512	4093	0	2	0	0
single-loss/HV-glass80-room1/53	512	4093	0	2	0	0
single-loss/HV-glass80-room1/54	512	4093	0	2	0	0
single-loss/HV-glass80-room1/55	512	4093	0	2	0	0
single-loss/HV-glass80-room1/56	512	4093	0	2	0	0
single-loss/HV-glass80-room1/57	512	4093	0	2	0	0
single-loss/HV-glass80-room1/58	512	4093	0	2	0	0
single-loss/HV-glass80-room1/59	512	4093	0	2	0	0
single-loss/HV-glass80-room1/60	512	4093	0	2	0	0
single-loss/EV-glass1-room2049/21	2048	16384	2049	0	8192	8192
single-loss/EV-glass1-room2049/22	2048	8192	0	0	0	0
single-loss/EV-glass1-room2049/23	2048	8192	0	0	0	0
single-loss/EV-glass1-room2049/24	2048	8192	0	0	0	0
single-loss/EV-glass1-room2049/25	2048	8192	0	0	0	0
single-loss/EV-glass1-room2049/26	2048	8192	0	0	0	0
single-loss/EV-glass1-room2049/27	2048	8192	0	0	0	0
single-loss/EV-glass1-room2049/28	2048	8192	0	0	0	0
single-loss/EV-glass1-room2049/29	2048	8192	0	0	0	0
single-loss/EV-glass1-room2049/30	2048	8192	0	0	0	0
single-loss/EV-glass1-room2049/31	2048	8192	0	0	0	0
single-loss/EV-glass1-room2049/32	2048	8192	0	0	0	0
single-loss/EV-glass1-room2049/33	2048	8192	0	0	0	0
single-loss/EV-glass1-room2049/34	2048	8192	0	0	0	0
single-loss/EV-glass1-room2049/35	2048	8192	0	0	0	0
single-loss/EV-glass1-room2049/36	2048	8192	0	0	0	0
single-loss/EV-glass1-room2049/37	2048	8192	0	0	0	0
single-loss/EV-glass1-room2049/38	2048	8192	0	0	0	0
single-loss/EV-glass1-room2049/39	2048	8192	0	0	0	0
single-loss/EV-glass1-room2049/40	2048	8192	0	0	0	0
single-loss/EV-glass1-room2049/41	2048	8192	0	0	0	0
single-loss/EV-glass1-room2049/42	2048	8192	0	0	0	0
single-loss/EV-glass1-room2049/43	2048	8192	0	0	0	0
single-loss/EV-glass1-room2049/44	2048	8192	0	0	0	0
single-loss/EV-glass1-room2049/45	2048	8192	0	0	0	0
single-loss/EV-glass1-room2049/46	2048	8192	0	0	0	0
single-loss/EV-glass1-room2049/47	2048	8192	0	0	0	0
single-loss/EV-glass1-room2049/48	2048	8192	0	0	0	0
single-loss/EV-glass1-room2049/49	2048	8192	0	0	0	0
single-loss/EV-glass1-room2049/50	2048	8192	0	0	0	0
single-loss/EV-glass1-room2049/51	2048	8192	0	0	0	0
single-loss/EV-glass1-room2049/52	2048	8192	0	0	0	0
single-loss/EV-glass1-room2049/53	2048	8192	0	0	0	0
single-loss/EV-glass1-room2049/54	2048	8192	0	0	0	0
single-loss/EV-glass1-room2049/55	2048	8192	0	0	0	0
single-loss/EV-glass1-room2049/56	2048	8192	0	0	0	0
single-loss/EV-glass1-room2049/57	2048	8192	0	0	0	0
single-loss/EV-glass1-room2049/58	2048	8192	0	0	0	0
single-loss/EV-glass1-room2049/59	2048	8192	0	0	0	0
single-loss/EV-glass1-room2049/60	2048	8192	0	0	0	0
single-loss/EV-glass40-room40000000/21	2048	16384	40000000	1	8192	8188
single-loss/EV-glass40-room40000000/22	2048	8192	39991812	1	8192	8188
single-loss/EV-glass40-room40000000/23	2048	0	39983624	1	0	0
single-loss/EV-glass40-room40000000/24	2048	0	39983624	1	0	0
single-loss/EV-glass40-room40000000/25	2048	0	39983624	1	0	0
single-loss/EV-glass40-room40000000/26	2048	0	39983624	1	0	0
single-loss/EV-glass40-room40000000/27	2048	0	39983624	1	0	0
single-loss/EV-glass40-room40000000/28	2048	0	39983624	1	0	0
single-loss/EV-glass40-room40000000/29	2048	0	39983624	1	0	0
single-loss/EV-glass40-room40000000/30	2048	0	39983624	1	0	0
single-loss/EV-glass40-room40000000/31	2048	0	39983624	1	0	0
single-loss/EV-glass40-room40000000/32	2048	0	39983624	1	0	0
single-loss/EV-glass40-room40000000/33	2048	0	39983624	1	0	0
single-loss/EV-glass40-room40000000/34	2048	0	39983624	1	0	0
single-loss/EV-glass40-room40000000/35	2048	0	39983624	1	0	0
single-loss/EV-glass40-room40000000/36	2048	0	39983624	1	0	0
single-loss/EV-glass40-room40000000/37	2048	0	39983624	1	0	0
single-loss/EV-glass40-room40000000/38	2048	0	39983624	1	0	0
single-loss/EV-glass40-room40000000/39	2048	0	39983624	1	0	0
single-loss/EV-glass40-room40000000/40	2048	0	39983624	1	0	0
single-loss/EV-glass40-room40000000/41	2048	0	39983624	1	0	0
single-loss/EV-glass40-room40000000/42	2048	0	39983624	1	0	0
single-loss/EV-glass40-room40000000/43	2048	0	39983624	1	0	0
single-loss/EV-glass40-room40000000/44	2048	0	39983624	1	0	0
single-loss/EV-glass40-room40000000/45	2048	0	39983624	1	0	0
single-loss/EV-glass40-room40000000/46	2048	0	39983624	1	0	0
single-loss/EV-glass40-room40000000/47	2048	0	39983624	1	0	0
single-loss/EV-glass40-room40000000/48	2048	0	39983624	1	0	0
single-loss/EV-glass40-room40000000/49	2048	0	39983624	1	0	0
single-loss/EV-glass40-room40000000/50	2048	0	39983624	1	0	0
single-loss/EV-glass40-room40000000/51	2048	0	39983624	1	0	0
single-loss/EV-glass40-room40000000/52	2048	0	39983624	1	0	0
single-loss/EV-glass40-room40000000/53	2048	0	39983624	1	0	0
single-loss/EV-glass40-room40000000/54	2048	0	39983624	1	0	0
single-loss/EV-glass40-room40000000/55	2048	0	39983624	1	0	0
single-loss/EV-glass40-room40000000/56	2048	0	39983624	1	0	0
single-loss/EV-glass40-room40000000/57	2048	0	39983624	1	0	0
single-loss/EV-glass40-room40000000/58	2048	0	39983624	1	0	0
single-loss/EV-glass40-room40000000/59	2048	0	39983624	1	0	0
single-loss/EV-glass40-room40000000/60	2048	0	39983624	1	0	0
single-loss/LV-glass1-room33/21	32	256	33	0	128	128
single-loss/LV-glass1-room33/22	32	128	0	0	0	0
single-loss/LV-glass1-room33/23	32	128	0	0	0	0
single-loss/LV-glass1-room33/24	32	128	0	0	0	0
single-loss/LV-glass1-room33/25	32	128	0	0	0	0
single-loss/LV-glass1-room33/26	32	128	0	0	0	0
single-loss/LV-glass1-room33/27	32	128	0	0	0	0
single-loss/LV-glass1-room33/28	32	128	0	0	0	0
single-loss/LV-glass1-room33/29	32	128	0	0	0	0
single-loss/LV-glass1-room33/30	32	128	0	0	0	0
single-loss/LV-glass1-room33/31	32	128	0	0	0	0
single-loss/LV-glass1-room33/32	32	128	0	0	0	0
single-loss/LV-glass1-room33/33	32	128	0	0	0	0
single-loss/LV-glass1-room33/34	32	128	0	0	0	0
single-loss/LV-glass1-room33/35	32	128	0	0	0	0
single-loss/LV-glass1-room33/36	32	128	0	0	0	0
single-loss/LV-glass1-room33/37	32	128	0	0	0	0
single-loss/LV-glass1-room33/38	32	128	0	0	0	0
single-loss/LV-glass1-room33/39	32	128	0	0	0	0
single-loss/LV-glass1-room33/40	32	128	0	0	0	0
single-loss/LV-glass1-room33/41	32	128	0	0	0	0
single-loss/LV-glass1-room33/42	32	128	0	0	0	0
single-loss/LV-glass1-room33/43	32	128	0	0	0	0
single-loss/LV-glass1-room33/44	32	128	0	0	0	0
single-loss/LV-glass1-room33/45	32	128	0	0	0	0
single-loss/LV-glass1-room33/46	32	128	0	0	0	0
single-loss/LV-glass1-room33/47	32	128	0	0	0	0
single-loss/LV-glass1-room33/48	32	128	0	0	0	0
single-loss/LV-glass1-room33/49	32	128	0	0	0	0
single-loss/LV-glass1-room33/50	32	128	0	0	0	0
single-loss/LV-glass1-room33/51	32	128	0	0	0	0
single-loss/LV-glass1-room33/52	32	128	0	0	0	0
single-loss/LV-glass1-room33/53	32	128	0	0	0	0
single-loss/LV-glass1-room33/54	32	128	0	0	0	0
single-loss/LV-glass1-room33/55	32	128	0	0	0	0
single-loss/LV-glass1-room33/56	32	128	0	0	0	0
single-loss/LV-glass1-room33/57	32	128	0	0	0	0
single-loss/LV-glass1-room33/58	32	128	0	0	0	0
single-loss/LV-glass1-room33/59	32	128	0	0	0	0
single-loss/LV-glass1-room33/60	32	128	0	0	0	0
single-loss/LV-glass40-room40000000/21	32	256	40000000	1	128	124
single-loss/LV-glass40-room40000000/22	32	128	39999876	1	128	124
single-loss/LV-glass40-room40000000/23	32	0	39999752	1	0	0
single-loss/LV-glass40-room40000000/24	32	0	39999752	1	0	0
single-loss/LV-glass40-room40000000/25	32	0	39999752	1	0	0
single-loss/LV-glass40-room40000000/26	32	0	39999752	1	0	0
single-loss/LV-glass40-room40000000/27	32	0	39999752	1	0	0
single-loss/LV-glass40-room40000000/28	32	0	39999752	1	0	0
single-loss/LV-glass40-room40000000/29	32	0	39999752	1	0	0
single-loss/LV-glass40-room40000000/30	32	0	39999752	1	0	0
single-loss/LV-glass40-room40000000/31	32	0	39999752	1	0	0
single-loss/LV-glass40-room40000000/32	32	0	39999752	1	0	0
single-loss/LV-glass40-room40000000/33	32	0	39999752	1	0	0
single-loss/LV-glass40-room40000000/34	32	0	39999752	1	0	0
single-loss/LV-glass40-room40000000/35	32	0	39999752	1	0	0
single-loss/LV-glass40-room40000000/36	32	0	39999752	1	0	0
single-loss/LV-glass40-room40000000/37	32	0	39999752	1	0	0
single-loss/LV-glass40-room40000000/38	32	0	39999752	1	0	0
single-loss/LV-glass40-room40000000/39	32	0	39999752	1	0	0
single-loss/LV-glass40-room40000000/40	32	0	39999752	1	0	0
single-loss/LV-glass40-room40000000/41	32	0	39999752	1	0	0
single-loss/LV-glass40-room40000000/42	32	0	39999752	1	0	0
single-loss/LV-glass40-room40000000/43	32	0	39999752	1	0	0
single-loss/LV-glass40-room40000000/44	32	0	39999752	1	0	0
single-loss/LV-glass40-room40000000/45	32	0	39999752	1	0	0
single-loss/LV-glass40-room40000000/46	32	0	39999752	1	0	0
single-loss/LV-glass40-room40000000/47	32	0	39999752	1	0	0
single-loss/LV-glass40-room40000000/48	32	0	39999752	1	0	0
single-loss/LV-glass40-room40000000/49	32	0	39999752	1	0	0
single-loss/LV-glass40-room40000000/50	32	0	39999752	1	0	0
single-loss/LV-glass40-room40000000/51	32	0	39999752	1	0	0
single-loss/LV-glass40-room40000000/52	32	0	39999752	1	0	0
single-loss/LV-glass40-room40000000/53	32	0	39999752	1	0	0
single-loss/LV-glass40-room40000000/54	32	0	39999752	1	0	0
single-loss/LV-glass40-room40000000/55	32	0	39999752	1	0	0
single-loss/LV-glass40-room40000000/56	32	0	39999752	1	0	0
single-loss/LV-glass40-room40000000/57	32	0	39999752	1	0	0
single-loss/LV-glass40-room40000000/58	32	0	39999752	1	0	0
single-loss/LV-glass40-room40000000/59	32	0	39999752	1	0	0
single-loss/LV-glass40-room40000000/60	32	0	39999752	1	0	0
single-loss/MV-glass1-room1/21	128	1024	1	0	1	1
single-loss/MV-glass1-room1/22	128	1023	0	0	0	0
single-loss/MV-glass1-room1/23	128	1023	0	0	0	0
single-loss/MV-glass1-room1/24	128	1023	0	0	0	0
single-loss/MV-glass1-room1/25	128	1023	0	0	0	0
single-loss/MV-glass1-room1/26	128	1023	0	0	0	0
single-loss/MV-glass1-room1/27	128	1023	0	0	0	0
single-loss/MV-glass1-room1/28	128	1023	0	0	0	0
single-loss/MV-glass1-room1/29	128	1023	0	0	0	0
single-loss/MV-glass1-room1/30	128	1023	0	0	0	0
single-loss/MV-glass1-room1/31	128	1023	0	0	0	0
single-loss/MV-glass1-room1/32	128	1023	0	0	0	0
single-loss/MV-glass1-room1/33	128	1023	0	0	0	0
single-loss/MV-glass1-room1/34	128	1023	0	0	0	0
single-loss/MV-glass1-room1/35	128	1023	0	0	0	0
single-loss/MV-glass1-room1/36	128	1023	0	0	0	0
single-loss/MV-glass1-room1/37	128	1023	0	0	0	0
single-loss/MV-glass1-room1/38	128	1023	0	0	0	0
single-loss/MV-glass1-room1/39	128	1023	0	0	0	0
single-loss/MV-glass1-room1/40	128	1023	0	0	0	0
single-loss/MV-glass1-room1/41	128	1023	0	0	0	0
single-loss/MV-glass1-room1/42	128	1023	0	0	0	0
single-loss/MV-glass1-room1/43	128	1023	0	0	0	0
single-loss/MV-glass1-room1/44	128	1023	0	0	0	0
single-loss/MV-glass1-room1/45	128	1023	0	0	0	0
single-loss/MV-glass1-room1/46	128	1023	0	0	0	0
single-loss/MV-glass1-room1/47	128	1023	0	0	0	0
single-loss/MV-glass1-room1/48	128	1023	0	0	0	0
single-loss/MV-glass1-room1/49	128	1023	0	0	0	0
single-loss/MV-glass1-room1/50	128	1023	0	0	0	0
single-loss/MV-glass1-room1/51	128	1023	0	0	0	0
single-loss/MV-glass1-room1/52	128	1023	0	0	0	0
single-loss/MV-glass1-room1/53	128	1023	0	0	0	0
single-loss/MV-glass1-room1/54	128	1023	0	0	0	0
single-loss/MV-glass1-room1/55	128	1023	0	0	0	0
single-loss/MV-glass1-room1/56	128	1023	0	0	0	0
single-loss/MV-glass1-room1/57	128	1023	0	0	0	0
single-loss/MV-glass1-room1/58	128	1023	0	0	0	0
single-loss/MV-glass1-room1/59	128	1023	0	0	0	0
single-loss/MV-glass1-room1/60	128	1023	0	0	0	0
single-loss/MV-glass40-room129/21	128	1024	129	1	512	508
single-loss/MV-glass40-room129/22	128	512	0	1	0	0
single-loss/MV-glass40-room129/23	128	512	0	1	0	0
single-loss/MV-glass40-room129/24	128	512	0	1	0	0
single-loss/MV-glass40-room129/25	128	512	0	1	0	0
single-loss/MV-glass40-room129/26	128	512	0	1	0	0
single-loss/MV-glass40-room129/27	128	512	0	1	0	0
single-loss/MV-glass40-room129/28	128	512	0	1	0	0
single-loss/MV-glass40-room129/29	128	512	0	1	0	0
single-loss/MV-glass40-room129/30	128	512	0	1	0	0
single-loss/MV-glass40-room129/31	128	512	0	1	0	0
single-loss/MV-glass40-room129/32	128	512	0	1	0	0
single-loss/MV-glass40-room129/33	128	512	0	1	0	0
single-loss/MV-glass40-room129/34	128	512	0	1	0	0
single-loss/MV-glass40-room129/35	128	512	0	1	0	0
single-loss/MV-glass40-room129/36	128	512	0	1	0	0
single-loss/MV-glass40-room129/37	128	512	0	1	0	0
single-loss/MV-glass40-room129/38	128	512	0	1	0	0
single-loss/MV-glass40-room129/39	128	512	0	1	0	0
single-loss/MV-glass40-room129/40	128	512	0	1	0	0
single-loss/MV-glass40-room129/41	128	512	0	1	0	0
single-loss/MV-glass40-room129/42	128	512	0	1	0	0
single-loss/MV-glass40-room129/43	128	512	0	1	0	0
single-loss/MV-glass40-room129/44	128	512	0	1	0	0
single-loss/MV-glass40-room129/45	128	512	0	1	0	0
single-loss/MV-glass40-room129/46	128	512	0	1	0	0
single-loss/MV-glass40-room129/47	128	512	0	1	0	0
single-loss/MV-glass40-room129/48	128	512	0	1	0	0
single-loss/MV-glass40-room129/49	128	512	0	1	0	0
single-loss/MV-glass40-room129/50	128	512	0	1	0	0
single-loss/MV-glass40-room129/51	128	512	0	1	0	0
single-loss/MV-glass40-room129/52	128	512	0	1	0	0
single-loss/MV-glass40-room129/53	128	512	0	1	0	0
single-loss/MV-glass40-room129/54	128	512	0	1	0	0
single-loss/MV-glass40-room129/55	128	512	0	1	0	0
single-loss/MV-glass40-room129/56	128	512	0	1	0	0
single-loss/MV-glass40-room129/57	128	512	0	1	0	0
single-loss/MV-glass40-room129/58	128	512	0	1	0	0
single-loss/MV-glass40-room129/59	128	512	0	1	0	0
single-loss/MV-glass40-room129/60	128	512	0	1	0	0
single-loss/MV-glass80-room40000000/21	128	1024	40000000	2	512	504
single-loss/MV-glass80-room40000000/22	128	512	39999496	2	512	504
single-loss/MV-glass80-room40000000/23	128	0	39998992	2	0	0
single-loss/MV-glass80-room40000000/24	128	0	39998992	2	0	0
single-loss/MV-glass80-room40000000/25	128	0	39998992	2	0	0
single-loss/MV-glass80-room40000000/26	128	0	39998992	2	0	0
single-loss/MV-glass80-room40000000/27	128	0	39998992	2	0	0
single-loss/MV-glass80-room40000000/28	128	0	39998992	2	0	0
single-loss/MV-glass80-room40000000/29	128	0	39998992	2	0	0
single-loss/MV-glass80-room40000000/30	128	0	39998992	2	0	0
single-loss/MV-glass80-room40000000/31	128	0	39998992	2	0	0
single-loss/MV-glass80-room40000000/32	128	0	39998992	2	0	0
single-loss/MV-glass80-room40000000/33	128	0	39998992	2	0	0
single-loss/MV-glass80-room40000000/34	128	0	39998992	2	0	0
single-loss/MV-glass80-room40000000/35	128	0	39998992	2	0	0
single-loss/MV-glass80-room40000000/36	128	0	39998992	2	0	0
single-loss/MV-glass80-room40000000/37	128	0	39998992	2	0	0
single-loss/MV-glass80-room40000000/38	128	0	39998992	2	0	0
single-loss/MV-glass80-room40000000/39	128	0	39998992	2	0	0
single-loss/MV-glass80-room40000000/40	128	0	39998992	2	0	0
single-loss/MV-glass80-room40000000/41	128	0	39998992	2	0	0
single-loss/MV-glass80-room40000000/42	128	0	39998992	2	0	0
single-loss/MV-glass80-room40000000/43	128	0	39998992	2	0	0
single-loss/MV-glass80-room40000000/44	128	0	39998992	2	0	0
single-loss/MV-glass80-room40000000/45	128	0	39998992	2	0	0
single-loss/MV-glass80-room40000000/46	128	0	39998992	2	0	0
single-loss/MV-glass80-room40000000/47	128	0	39998992	2	0	0
single-loss/MV-glass80-room40000000/48	128	0	39998992	2	0	0
single-loss/MV-glass80-room40000000/49	128	0	39998992	2	0	0
single-loss/MV-glass80-room40000000/50	128	0	39998992	2	0	0
single-loss/MV-glass80-room40000000/51	128	0	39998992	2	0	0
single-loss/MV-glass80-room40000000/52	128	0	39998992	2	0	0
single-loss/MV-glass80-room40000000/53	128	0	39998992	2	0	0
single-loss/MV-glass80-room40000000/54	128	0	39998992	2	0	0
single-loss/MV-glass80-room40000000/55	128	0	39998992	2	0	0
single-loss/MV-glass80-room40000000/56	128	0	39998992	2	0	0
single-loss/MV-glass80-room40000000/57	128	0	39998992	2	0	0
single-loss/MV-glass80-room40000000/58	128	0	39998992	2	0	0
single-loss/MV-glass80-room40000000/59	128	0	39998992	2	0	0
single-loss/MV-glass80-room40000000/60	128	0	39998992	2	0	0
single-loss/HV-glass40-room1/21	512	4096	1	1	2	1
single-loss/HV-glass40-room1/22	512	4094	0	1	0	0
single-loss/HV-glass40-room1/23	512	4094	0	1	0	0
single-loss/HV-glass40-room1/24	512	4094	0	1	0	0
single-loss/HV-glass40-room1/25	512	4094	0	1	0	0
single-loss/HV-glass40-room1/26	512	4094	0	1	0	0
single-loss/HV-glass40-room1/27	512	4094	0	1	0	0
single-loss/HV-glass40-room1/28	512	4094	0	1	0	0
single-loss/HV-glass40-room1/29	512	4094	0	1	0	0
single-loss/HV-glass40-room1/30	512	4094	0	1	0	0
single-loss/HV-glass40-room1/31	512	4094	0	1	0	0
single-loss/HV-glass40-room1/32	512	4094	0	1	0	0
single-loss/HV-glass40-room1/33	512	4094	0	1	0	0
single-loss/HV-glass40-room1/34	512	4094	0	1	0	0
single-loss/HV-glass40-room1/35	512	4094	0	1	0	0
single-loss/HV-glass40-room1/36	512	4094	0	1	0	0
single-loss/HV-glass40-room1/37	512	4094	0	1	0	0
single-loss/HV-glass40-room1/38	512	4094	0	1	0	0
single-loss/HV-glass40-room1/39	512	4094	0	1	0	0
single-loss/HV-glass40-room1/40	512	4094	0	1	0	0
single-loss/HV-glass40-room1/41	512	4094	0	1	0	0
single-loss/HV-glass40-room1/42	512	4094	0	1	0	0
single-loss/HV-glass40-room1/43	512	4094	0	1	0	0
single-loss/HV-glass40-room1/44	512	4094	0	1	0	0
single-loss/HV-glass40-room1/45	512	4094	0	1	0	0
single-loss/HV-glass40-room1/46	512	4094	0	1	0	0
single-loss/HV-glass40-room1/47	512	4094	0	1	0	0
single-loss/HV-glass40-room1/48	512	4094	0	1	0	0
single-loss/HV-glass40-room1/49	512	4094	0	1	0	0
single-loss/HV-glass40-room1/50	512	4094	0	1	0	0
single-loss/HV-glass40-room1/51	512	4094	0	1	0	0
single-loss/HV-glass40-room1/52	512	4094	0	1	0	0
single-loss/HV-glass40-room1/53	512	4094	0	1	0	0
single-loss/HV-glass40-room1/54	512	4094	0	1	0	0
single-loss/HV-glass40-room1/55	512	4094	0	1	0	0
single-loss/HV-glass40-room1/56	512	4094	0	1	0	0
single-loss/HV-glass40-room1/57	512	4094	0	1	0	0
single-loss/HV-glass40-room1/58	512	4094	0	1	0	0
single-loss/HV-glass40-room1/59	512	4094	0	1	0	0
single-loss/HV-glass40-room1/60	512	4094	0	1	0	0
single-loss/HV-glass80-room513/21	512	4096	513	2	2048	2040
single-loss/HV-glass80-room513/22	512	2048	0	2	0	0
single-loss/HV-glass80-room513/23	512	2048	0	2	0	0
single-loss/HV-glass80-room513/24	512	2048	0	2	0	0
single-loss/HV-glass80-room513/25	512	2048	0	2	0	0
single-loss/HV-glass80-room513/26	512	2048	0	2	0	0
single-loss/HV-glass80-room513/27	512	2048	0	2	0	0
single-loss/HV-glass80-room513/28	512	2048	0	2	0	0
single-loss/HV-glass80-room513/29	512	2048	0	2	0	0
single-loss/HV-glass80-room513/30	512	2048	0	2	0	0
single-loss/HV-glass80-room513/31	512	2048	0	2	0	0
single-loss/HV-glass80-room513/32	512	2048	0	2	0	0
single-loss/HV-glass80-room513/33	512	2048	0	2	0	0
single-loss/HV-glass80-room513/34	512	2048	0	2	0	0
single-loss/HV-glass80-room513/35	512	2048	0	2	0	0
single-loss/HV-glass80-room513/36	512	2048	0	2	0	0
single-loss/HV-glass80-room513/37	512	2048	0	2	0	0
single-loss/HV-glass80-room513/38	512	2048	0	2	0	0
single-loss/HV-glass80-room513/39	512	2048	0	2	0	0
single-loss/HV-glass80-room513/40	512	2048	0	2	0	0
single-loss/HV-glass80-room513/41	512	2048	0	2	0	0
single-loss/HV-glass80-room513/42	512	2048	0	2	0	0
single-loss/HV-glass80-room513/43	512	2048	0	2	0	0
single-loss/HV-glass80-room513/44	512	2048	0	2	0	0
single-loss/HV-glass80-room513/45	512	2048	0	2	0	0
single-loss/HV-glass80-room513/46	512	2048	0	2	0	0
single-loss/HV-glass80-room513/47	512	2048	0	2	0	0
single-loss/HV-glass80-room513/48	512	2048	0	2	0	0
single-loss/HV-glass80-room513/49	512	2048	0	2	0	0
single-loss/HV-glass80-room513/50	512	2048	0	2	0	0
single-loss/HV-glass80-room513/51	512	2048	0	2	0	0
single-loss/HV-glass80-room513/52	512	2048	0	2	0	0
single-loss/HV-glass80-room513/53	512	2048	0	2	0	0
single-loss/HV-glass80-room513/54	512	2048	0	2	0	0
single-loss/HV-glass80-room513/55	512	2048	0	2	0	0
single-loss/HV-glass80-room513/56	512	2048	0	2	0	0
single-loss/HV-glass80-room513/57	512	2048	0	2	0	0
single-loss/HV-glass80-room513/58	512	2048	0	2	0	0
single-loss/HV-glass80-room513/59	512	2048	0	2	0	0
single-loss/HV-glass80-room513/60	512	2048	0	2	0	0
single-loss/EV-glass1-room40000000/21	2048	16384	40000000	0	8192	8192
single-loss/EV-glass1-room40000000/22	2048	8192	39991808	0	8192	8192
single-loss/EV-glass1-room40000000/23	2048	0	39983616	0	0	0
single-loss/EV-glass1-room40000000/24	2048	0	39983616	0	0	0
single-loss/EV-glass1-room40000000/25	2048	0	39983616	0	0	0
single-loss/EV-glass1-room40000000/26	2048	0	39983616	0	0	0
single-loss/EV-glass1-room40000000/27	2048	0	39983616	0	0	0
single-loss/EV-glass1-room40000000/28	2048	0	39983616	0	0	0
single-loss/EV-glass1-room40000000/29	2048	0	39983616	0	0	0
single-loss/EV-glass1-room40000000/30	2048	0	39983616	0	0	0
single-loss/EV-glass1-room40000000/31	2048	0	39983616	0	0	0
single-loss/EV-glass1-room40000000/32	2048	0	39983616	0	0	0
single-loss/EV-glass1-room40000000/33	2048	0	39983616	0	0	0
single-loss/EV-glass1-room40000000/34	2048	0	39983616	0	0	0
single-loss/EV-glass1-room40000000/35	2048	0	39983616	0	0	0
single-loss/EV-glass1-room40000000/36	2048	0	39983616	0	0	0
single-loss/EV-glass1-room40000000/37	2048	0	39983616	0	0	0
single-loss/EV-glass1-room40000000/38	2048	0	39983616	0	0	0
single-loss/EV-glass1-room40000000/39	2048	0	39983616	0	0	0
single-loss/EV-glass1-room40000000/40	2048	0	39983616	0	0	0
single-loss/EV-glass1-room40000000/41	2048	0	39983616	0	0	0
single-loss/EV-glass1-room40000000/42	2048	0	39983616	0	0	0
single-loss/EV-glass1-room40000000/43	2048	0	39983616	0	0	0
single-loss/EV-glass1-room40000000/44	2048	0	39983616	0	0	0
single-loss/EV-glass1-room40000000/45	2048	0	39983616	0	0	0
single-loss/EV-glass1-room40000000/46	2048	0	39983616	0	0	0
single-loss/EV-glass1-room40000000/47	2048	0	39983616	0	0	0
single-loss/EV-glass1-room40000000/48	2048	0	39983616	0	0	0
single-loss/EV-glass1-room40000000/49	2048	0	39983616	0	0	0
single-loss/EV-glass1-room40000000/50	2048	0	39983616	0	0	0
single-loss/EV-glass1-room40000000/51	2048	0	39983616	0	0	0
single-loss/EV-glass1-room40000000/52	2048	0	39983616	0	0	0
single-loss/EV-glass1-room40000000/53	2048	0	39983616	0	0	0
single-loss/EV-glass1-room40000000/54	2048	0	39983616	0	0	0
single-loss/EV-glass1-room40000000/55	2048	0	39983616	0	0	0
single-loss/EV-glass1-room40000000/56	2048	0	39983616	0	0	0
single-loss/EV-glass1-room40000000/57	2048	0	39983616	0	0	0
single-loss/EV-glass1-room40000000/58	2048	0	39983616	0	0	0
single-loss/EV-glass1-room40000000/59	2048	0	39983616	0	0	0
single-loss/EV-glass1-room40000000/60	2048	0	39983616	0	0	0
single-loss/EV-glass80-room1/21	2048	16384	1	2	3	1
single-loss/EV-glass80-room1/22	2048	16381	0	2	0	0
single-loss/EV-glass80-room1/23	2048	16381	0	2	0	0
single-loss/EV-glass80-room1/24	2048	16381	0	2	0	0
single-loss/EV-glass80-room1/25	2048	16381	0	2	0	0
single-loss/EV-glass80-room1/26	2048	16381	0	2	0	0
single-loss/EV-glass80-room1/27	2048	16381	0	2	0	0
single-loss/EV-glass80-room1/28	2048	16381	0	2	0	0
single-loss/EV-glass80-room1/29	2048	16381	0	2	0	0
single-loss/EV-glass80-room1/30	2048	16381	0	2	0	0
single-loss/EV-glass80-room1/31	2048	16381	0	2	0	0
single-loss/EV-glass80-room1/32	2048	16381	0	2	0	0
single-loss/EV-glass80-room1/33	2048	16381	0	2	0	0
single-loss/EV-glass80-room1/34	2048	16381	0	2	0	0
single-loss/EV-glass80-room1/35	2048	16381	0	2	0	0
single-loss/EV-glass80-room1/36	2048	16381	0	2	0	0
single-loss/EV-glass80-room1/37	2048	16381	0	2	0	0
single-loss/EV-glass80-room1/38	2048	16381	0	2	0	0
single-loss/EV-glass80-room1/39	2048	16381	0	2	0	0
single-loss/EV-glass80-room1/40	2048	16381	0	2	0	0
single-loss/EV-glass80-room1/41	2048	16381	0	2	0	0
single-loss/EV-glass80-room1/42	2048	16381	0	2	0	0
single-loss/EV-glass80-room1/43	2048	16381	0	2	0	0
single-loss/EV-glass80-room1/44	2048	16381	0	2	0	0
single-loss/EV-glass80-room1/45	2048	16381	0	2	0	0
single-loss/EV-glass80-room1/46	2048	16381	0	2	0	0
single-loss/EV-glass80-room1/47	2048	16381	0	2	0	0
single-loss/EV-glass80-room1/48	2048	16381	0	2	0	0
single-loss/EV-glass80-room1/49	2048	16381	0	2	0	0
single-loss/EV-glass80-room1/50	2048	16381	0	2	0	0
single-loss/EV-glass80-room1/51	2048	16381	0	2	0	0
single-loss/EV-glass80-room1/52	2048	16381	0	2	0	0
single-loss/EV-glass80-room1/53	2048	16381	0	2	0	0
single-loss/EV-glass80-room1/54	2048	16381	0	2	0	0
single-loss/EV-glass80-room1/55	2048	16381	0	2	0	0
single-loss/EV-glass80-room1/56	2048	16381	0	2	0	0
single-loss/EV-glass80-room1/57	2048	16381	0	2	0	0
single-loss/EV-glass80-room1/58	2048	16381	0	2	0	0
single-loss/EV-glass80-room1/59	2048	16381	0	2	0	0
single-loss/EV-glass80-room1/60	2048	16381	0	2	0	0
single-loss/LV-glass1-room40000000/21	32	256	40000000	0	128	128
single-loss/LV-glass1-room40000000/22	32	128	39999872	0	128	128
single-loss/LV-glass1-room40000000/23	32	0	39999744	0	0	0
single-loss/LV-glass1-room40000000/24	32	0	39999744	0	0	0
single-loss/LV-glass1-room40000000/25	32	0	39999744	0	0	0
single-loss/LV-glass1-room40000000/26	32	0	39999744	0	0	0
single-loss/LV-glass1-room40000000/27	32	0	39999744	0	0	0
single-loss/LV-glass1-room40000000/28	32	0	39999744	0	0	0
single-loss/LV-glass1-room40000000/29	32	0	39999744	0	0	0
single-loss/LV-glass1-room40000000/30	32	0	39999744	0	0	0
single-loss/LV-glass1-room40000000/31	32	0	39999744	0	0	0
single-loss/LV-glass1-room40000000/32	32	0	39999744	0	0	0
single-loss/LV-glass1-room40000000/33	32	0	39999744	0	0	0
single-loss/LV-glass1-room40000000/34	32	0	39999744	0	0	0
single-loss/LV-glass1-room40000000/35	32	0	39999744	0	0	0
single-loss/LV-glass1-room40000000/36	32	0	39999744	0	0	0
single-loss/LV-glass1-room40000000/37	32	0	39999744	0	0	0
single-loss/LV-glass1-room40000000/38	32	0	39999744	0	0	0
single-loss/LV-glass1-room40000000/39	32	0	39999744	0	0	0
single-loss/LV-glass1-room40000000/40	32	0	39999744	0	0	0
single-loss/LV-glass1-room40000000/41	32	0	39999744	0	0	0
single-loss/LV-glass1-room40000000/42	32	0	39999744	0	0	0
single-loss/LV-glass1-room40000000/43	32	0	39999744	0	0	0
single-loss/LV-glass1-room40000000/44	32	0	39999744	0	0	0
single-loss/LV-glass1-room40000000/45	32	0	39999744	0	0	0
single-loss/LV-glass1-room40000000/46	32	0	39999744	0	0	0
single-loss/LV-glass1-room40000000/47	32	0	39999744	0	0	0
single-loss/LV-glass1-room40000000/48	32	0	39999744	0	0	0
single-loss/LV-glass1-room40000000/49	32	0	39999744	0	0	0
single-loss/LV-glass1-room40000000/50	32	0	39999744	0	0	0
single-loss/LV-glass1-room40000000/51	32	0	39999744	0	0	0
single-loss/LV-glass1-room40000000/52	32	0	39999744	0	0	0
single-loss/LV-glass1-room40000000/53	32	0	39999744	0	0	0
single-loss/LV-glass1-room40000000/54	32	0	39999744	0	0	0
single-loss/LV-glass1-room40000000/55	32	0	39999744	0	0	0
single-loss/LV-glass1-room40000000/56	32	0	39999744	0	0	0
single-loss/LV-glass1-room40000000/57	32	0	39999744	0	0	0
single-loss/LV-glass1-room40000000/58	32	0	39999744	0	0	0
single-loss/LV-glass1-room40000000/59	32	0	39999744	0	0	0
single-loss/LV-glass1-room40000000/60	32	0	39999744	0	0	0
single-loss/LV-glass80-room1/21	32	256	1	2	3	1
single-loss/LV-glass80-room1/22	32	253	0	2	0	0
single-loss/LV-glass80-room1/23	32	253	0	2	0	0
single-loss/LV-glass80-room1/24	32	253	0	2	0	0
single-loss/LV-glass80-room1/25	32	253	0	2	0	0
single-loss/LV-glass80-room1/26	32	253	0	2	0	0
single-loss/LV-glass80-room1/27	32	253	0	2	0	0
single-loss/LV-glass80-room1/28	32	253	0	2	0	0
single-loss/LV-glass80-room1/29	32	253	0	2	0	0
single-loss/LV-glass80-room1/30	32	253	0	2	0	0
single-loss/LV-glass80-room1/31	32	253	0	2	0	0
single-loss/LV-glass80-room1/32	32	253	0	2	0	0
single-loss/LV-glass80-room1/33	32	253	0	2	0	0
single-loss/LV-glass80-room1/34	32	253	0	2	0	0
single-loss/LV-glass80-room1/35	32	253	0	2	0	0
single-loss/LV-glass80-room1/36	32	253	0	2	0	0
single-loss/LV-glass80-room1/37	32	253	0	2	0	0
single-loss/LV-glass80-room1/38	32	253	0	2	0	0
single-loss/LV-glass80-room1/39	32	253	0	2	0	0
single-loss/LV-glass80-room1/40	32	253	0	2	0	0
single-loss/LV-glass80-room1/41	32	253	0	2	0	0
single-loss/LV-glass80-room1/42	32	253	0	2	0	0
single-loss/LV-glass80-room1/43	32	253	0	2	0	0
single-loss/LV-glass80-room1/44	32	253	0	2	0	0
single-loss/LV-glass80-room1/45	32	253	0	2	0	0
single-loss/LV-glass80-room1/46	32	253	0	2	0	0
single-loss/LV-glass80-room1/47	32	253	0	2	0	0
single-loss/LV-glass80-room1/48	32	253	0	2	0	0
single-loss/LV-glass80-room1/49	32	253	0	2	0	0
single-loss/LV-glass80-room1/50	32	253	0	2	0	0
single-loss/LV-glass80-room1/51	32	253	0	2	0	0
single-loss/LV-glass80-room1/52	32	253	0	2	0	0
single-loss/LV-glass80-room1/53	32	253	0	2	0	0
single-loss/LV-glass80-room1/54	32	253	0	2	0	0
single-loss/LV-glass80-room1/55	32	253	0	2	0	0
single-loss/LV-glass80-room1/56	32	253	0	2	0	0
single-loss/LV-glass80-room1/57	32	253	0	2	0	0
single-loss/LV-glass80-room1/58	32	253	0	2	0	0
single-loss/LV-glass80-room1/59	32	253	0	2	0	0
single-loss/LV-glass80-room1/60	32	253	0	2	0	0
single-loss/MV-glass1-room129/21	128	1024	129	0	512	512
single-loss/MV-glass1-room129/22	128	512	0	0	0	0
single-loss/MV-glass1-room129/23	128	512	0	0	0	0
single-loss/MV-glass1-room129/24	128	512	0	0	0	0
single-loss/MV-glass1-room129/25	128	512	0	0	0	0
single-loss/MV-glass1-room129/26	128	512	0	0	0	0
single-loss/MV-glass1-room129/27	128	512	0	0	0	0
single-loss/MV-glass1-room129/28	128	512	0	0	0	0
single-loss/MV-glass1-room129/29	128	512	0	0	0	0
single-loss/MV-glass1-room129/30	128	512	0	0	0	0
single-loss/MV-glass1-room129/31	128	512	0	0	0	0
single-loss/MV-glass1-room129/32	128	512	0	0	0	0
single-loss/MV-glass1-room129/33	128	512	0	0	0	0
single-loss/MV-glass1-room129/34	128	512	0	0	0	0
single-loss/MV-glass1-room129/35	128	512	0	0	0	0
single-loss/MV-glass1-room129/36	128	512	0	0	0	0
single-loss/MV-glass1-room129/37	128	512	0	0	0	0
single-loss/MV-glass1-room129/38	128	512	0	0	0	0
single-loss/MV-glass1-room129/39	128	512	0	0	0	0
single-loss/MV-glass1-room129/40	128	512	0	0	0	0
single-loss/MV-glass1-room129/41	128	512	0	0	0	0
single-loss/MV-glass1-room129/42	128	512	0	0	0	0
single-loss/MV-glass1-room129/43	128	512	0	0	0	0
single-loss/MV-glass1-room129/44	128	512	0	0	0	0
single-loss/MV-glass1-room129/45	128	512	0	0	0	0
single-loss/MV-glass1-room129/46	128	512	0	0	0	0
single-loss/MV-glass1-room129/47	128	512	0	0	0	0
single-loss/MV-glass1-room129/48	128	512	0	0	0	0
single-loss/MV-glass1-room129/49	128	512	0	0	0	0
single-loss/MV-glass1-room129/50	128	512	0	0	0	0
single-loss/MV-glass1-room129/51	128	512	0	0	0	0
single-loss/MV-glass1-room129/52	128	512	0	0	0	0
single-loss/MV-glass1-room129/53	128	512	0	0	0	0
single-loss/MV-glass1-room129/54	128	512	0	0	0	0
single-loss/MV-glass1-room129/55	128	512	0	0	0	0
single-loss/MV-glass1-room129/56	128	512	0	0	0	0
single-loss/MV-glass1-room129/57	128	512	0	0	0	0
single-loss/MV-glass1-room129/58	128	512	0	0	0	0
single-loss/MV-glass1-room129/59	128	512	0	0	0	0
single-loss/MV-glass1-room129/60	128	512	0	0	0	0
single-loss/MV-glass40-room40000000/21	128	1024	40000000	1	512	508
single-loss/MV-glass40-room40000000/22	128	512	39999492	1	512	508
single-loss/MV-glass40-room40000000/23	128	0	39998984	1	0	0
single-loss/MV-glass40-room40000000/24	128	0	39998984	1	0	0
single-loss/MV-glass40-room40000000/25	128	0	39998984	1	0	0
single-loss/MV-glass40-room40000000/26	128	0	39998984	1	0	0
single-loss/MV-glass40-room40000000/27	128	0	39998984	1	0	0
single-loss/MV-glass40-room40000000/28	128	0	39998984	1	0	0
single-loss/MV-glass40-room40000000/29	128	0	39998984	1	0	0
single-loss/MV-glass40-room40000000/30	128	0	39998984	1	0	0
single-loss/MV-glass40-room40000000/31	128	0	39998984	1	0	0
single-loss/MV-glass40-room40000000/32	128	0	39998984	1	0	0
single-loss/MV-glass40-room40000000/33	128	0	39998984	1	0	0
single-loss/MV-glass40-room40000000/34	128	0	39998984	1	0	0
single-loss/MV-glass40-room40000000/35	128	0	39998984	1	0	0
single-loss/MV-glass40-room40000000/36	128	0	39998984	1	0	0
single-loss/MV-glass40-room40000000/37	128	0	39998984	1	0	0
single-loss/MV-glass40-room40000000/38	128	0	39998984	1	0	0
single-loss/MV-glass40-room40000000/39	128	0	39998984	1	0	0
single-loss/MV-glass40-room40000000/40	128	0	39998984	1	0	0
single-loss/MV-glass40-room40000000/41	128	0	39998984	1	0	0
single-loss/MV-glass40-room40000000/42	128	0	39998984	1	0	0
single-loss/MV-glass40-room40000000/43	128	0	39998984	1	0	0
single-loss/MV-glass40-room40000000/44	128	0	39998984	1	0	0
single-loss/MV-glass40-room40000000/45	128	0	39998984	1	0	0
single-loss/MV-glass40-room40000000/46	128	0	39998984	1	0	0
single-loss/MV-glass40-room40000000/47	128	0	39998984	1	0	0
single-loss/MV-glass40-room40000000/48	128	0	39998984	1	0	0
single-loss/MV-glass40-room40000000/49	128	0	39998984	1	0	0
single-loss/MV-glass40-room40000000/50	128	0	39998984	1	0	0
single-loss/MV-glass40-room40000000/51	128	0	39998984	1	0	0
single-loss/MV-glass40-room40000000/52	128	0	39998984	1	0	0
single-loss/MV-glass40-room40000000/53	128	0	39998984	1	0	0
single-loss/MV-glass40-room40000000/54	128	0	39998984	1	0	0
single-loss/MV-glass40-room40000000/55	128	0	39998984	1	0	0
single-loss/MV-glass40-room40000000/56	128	0	39998984	1	0	0
single-loss/MV-glass40-room40000000/57	128	0	39998984	1	0	0
single-loss/MV-glass40-room40000000/58	128	0	39998984	1	0	0
single-loss/MV-glass40-room40000000/59	128	0	39998984	1	0	0
single-loss/MV-glass40-room40000000/60	128	0	39998984	1	0	0
single-loss/HV-glass1-room1/21	512	4096	1	0	1	1
single-loss/HV-glass1-room1/22	512	4095	0	0	0	0
single-loss/HV-glass1-room1/23	512	4095	0	0	0	0
single-loss/HV-glass1-room1/24	512	4095	0	0	0	0
single-loss/HV-glass1-room1/25	512	4095	0	0	0	0
single-loss/HV-glass1-room1/26	512	4095	0	0	0	0
single-loss/HV-glass1-room1/27	512	4095	0	0	0	0
single-loss/HV-glass1-room1/28	512	4095	0	0	0	0
single-loss/HV-glass1-room1/29	512	4095	0	0	0	0
single-loss/HV-glass1-room1/30	512	4095	0	0	0	0
single-loss/HV-glass1-room1/31	512	4095	0	0	0	0
single-loss/HV-glass1-room1/32	512	4095	0	0	0	0
single-loss/HV-glass1-room1/33	512	4095	0	0	0	0
single-loss/HV-glass1-room1/34	512	4095	0	0	0	0
single-loss/HV-glass1-room1/35	512	4095	0	0	0	0
single-loss/HV-glass1-room1/36	512	4095	0	0	0	0
single-loss/HV-glass1-room1/37	512	4095	0	0	0	0
single-loss/HV-glass1-room1/38	512	4095	0	0	0	0
single-loss/HV-glass1-room1/39	512	4095	0	0	0	0
single-loss/HV-glass1-room1/40	512	4095	0	0	0	0
single-loss/HV-glass1-room1/41	512	4095	0	0	0	0
single-loss/HV-glass1-room1/42	512	4095	0	0	0	0
single-loss/HV-glass1-room1/43	512	4095	0	0	0	0
single-loss/HV-glass1-room1/44	512	4095	0	0	0	0
single-loss/HV-glass1-room1/45	512	4095	0	0	0	0
single-loss/HV-glass1-room1/46	512	4095	0	0	0	0
single-loss/HV-glass1-room1/47	512	4095	0	0	0	0
single-loss/HV-glass1-room1/48	512	4095	0	0	0	0
single-loss/HV-glass1-room1/49	512	4095	0	0	0	0
single-loss/HV-glass1-room1/50	512	4095	0	0	0	0
single-loss/HV-glass1-room1/51	512	4095	0	0	0	0
single-loss/HV-glass1-room1/52	512	4095	0	0	0	0
single-loss/HV-glass1-room1/53	512	4095	0	0	0	0
single-loss/HV-glass1-room1/54	512	4095	0	0	0	0
single-loss/HV-glass1-room1/55	512	4095	0	0	0	0
single-loss/HV-glass1-room1/56	512	4095	0	0	0	0
single-loss/HV-glass1-room1/57	512	4095	0	0	0	0
single-loss/HV-glass1-room1/58	512	4095	0	0	0	0
single-loss/HV-glass1-room1/59	512	4095	0	0	0	0
single-loss/HV-glass1-room1/60	512	4095	0	0	0	0
single-loss/HV-glass40-room513/21	512	4096	513	1	2048	2044
single-loss/HV-glass40-room513/22	512	2048	0	1	0	0
single-loss/HV-glass40-room513/23	512	2048	0	1	0	0
single-loss/HV-glass40-room513/24	512	2048	0	1	0	0
single-loss/HV-glass40-room513/25	512	2048	0	1	0	0
single-loss/HV-glass40-room513/26	512	2048	0	1	0	0
single-loss/HV-glass40-room513/27	512	2048	0	1	0	0
single-loss/HV-glass40-room513/28	512	2048	0	1	0	0
single-loss/HV-glass40-room513/29	512	2048	0	1	0	0
single-loss/HV-glass40-room513/30	512	2048	0	1	0	0
single-loss/HV-glass40-room513/31	512	2048	0	1	0	0
single-loss/HV-glass40-room513/32	512	2048	0	1	0	0
single-loss/HV-glass40-room513/33	512	2048	0	1	0	0
single-loss/HV-glass40-room513/34	512	2048	0	1	0	0
single-loss/HV-glass40-room513/35	512	2048	0	1	0	0
single-loss/HV-glass40-room513/36	512	2048	0	1	0	0
single-loss/HV-glass40-room513/37	512	2048	0	1	0	0
single-loss/HV-glass40-room513/38	512	2048	0	1	0	0
single-loss/HV-glass40-room513/39	512	2048	0	1	0	0
single-loss/HV-glass40-room513/40	512	2048	0	1	0	0
single-loss/HV-glass40-room513/41	512	2048	0	1	0	0
single-loss/HV-glass40-room513/42	512	2048	0	1	0	0
single-loss/HV-glass40-room513/43	512	2048	0	1	0	0
single-loss/HV-glass40-room513/44	512	2048	0	1	0	0
single-loss/HV-glass40-room513/45	512	2048	0	1	0	0
single-loss/HV-glass40-room513/46	512	2048	0	1	0	0
single-loss/HV-glass40-room513/47	512	2048	0	1	0	0
single-loss/HV-glass40-room513/48	512	2048	0	1	0	0
single-loss/HV-glass40-room513/49	512	2048	0	1	0	0
single-loss/HV-glass40-room513/50	512	2048	0	1	0	0
single-loss/HV-glass40-room513/51	512	2048	0	1	0	0
single-loss/HV-glass40-room513/52	512	2048	0	1	0	0
single-loss/HV-glass40-room513/53	512	2048	0	1	0	0
single-loss/HV-glass40-room513/54	512	2048	0	1	0	0
single-loss/HV-glass40-room513/55	512	2048	0	1	0	0
single-loss/HV-glass40-room513/56	512	2048	0	1	0	0
single-loss/HV-glass40-room513/57	512	2048	0	1	0	0
single-loss/HV-glass40-room513/58	512	2048	0	1	0	0
single-loss/HV-glass40-room513/59	512	2048	0	1	0	0
single-loss/HV-glass40-room513/60	512	2048	0	1	0	0
single-loss/HV-glass80-room40000000/21	512	4096	40000000	2	2048	2040
single-loss/HV-glass80-room40000000/22	512	2048	39997960	2	2048	2040
single-loss/HV-glass80-room40000000/23	512	0	39995920	2	0	0
single-loss/HV-glass80-room40000000/24	512	0	39995920	2	0	0
single-loss/HV-glass80-room40000000/25	512	0	39995920	2	0	0
single-loss/HV-glass80-room40000000/26	512	0	39995920	2	0	0
single-loss/HV-glass80-room40000000/27	512	0	39995920	2	0	0
single-loss/HV-glass80-room40000000/28	512	0	39995920	2	0	0
single-loss/HV-glass80-room40000000/29	512	0	39995920	2	0	0
single-loss/HV-glass80-room40000000/30	512	0	39995920	2	0	0
single-loss/HV-glass80-room40000000/31	512	0	39995920	2	0	0
single-loss/HV-glass80-room40000000/32	512	0	39995920	2	0	0
single-loss/HV-glass80-room40000000/33	512	0	39995920	2	0	0
single-loss/HV-glass80-room40000000/34	512	0	39995920	2	0	0
single-loss/HV-glass80-room40000000/35	512	0	39995920	2	0	0
single-loss/HV-glass80-room40000000/36	512	0	39995920	2	0	0
single-loss/HV-glass80-room40000000/37	512	0	39995920	2	0	0
single-loss/HV-glass80-room40000000/38	512	0	39995920	2	0	0
single-loss/HV-glass80-room40000000/39	512	0	39995920	2	0	0
single-loss/HV-glass80-room40000000/40	512	0	39995920	2	0	0
single-loss/HV-glass80-room40000000/41	512	0	39995920	2	0	0
single-loss/HV-glass80-room40000000/42	512	0	39995920	2	0	0
single-loss/HV-glass80-room40000000/43	512	0	39995920	2	0	0
single-loss/HV-glass80-room40000000/44	512	0	39995920	2	0	0
single-loss/HV-glass80-room40000000/45	512	0	39995920	2	0	0
single-loss/HV-glass80-room40000000/46	512	0	39995920	2	0	0
single-loss/HV-glass80-room40000000/47	512	0	39995920	2	0	0
single-loss/HV-glass80-room40000000/48	512	0	39995920	2	0	0
single-loss/HV-glass80-room40000000/49	512	0	39995920	2	0	0
single-loss/HV-glass80-room40000000/50	512	0	39995920	2	0	0
single-loss/HV-glass80-room40000000/51	512	0	39995920	2	0	0
single-loss/HV-glass80-room40000000/52	512	0	39995920	2	0	0
single-loss/HV-glass80-room40000000/53	512	0	39995920	2	0	0
single-loss/HV-glass80-room40000000/54	512	0	39995920	2	0	0
single-loss/HV-glass80-room40000000/55	512	0	39995920	2	0	0
single-loss/HV-glass80-room40000000/56	512	0	39995920	2	0	0
single-loss/HV-glass80-room40000000/57	512	0	39995920	2	0	0
single-loss/HV-glass80-room40000000/58	512	0	39995920	2	0	0
single-loss/HV-glass80-room40000000/59	512	0	39995920	2	0	0
single-loss/HV-glass80-room40000000/60	512	0	39995920	2	0	0
single-loss/EV-glass40-room1/21	2048	16384	1	1	2	1
single-loss/EV-glass40-room1/22	2048	16382	0	1	0	0
single-loss/EV-glass40-room1/23	2048	16382	0	1	0	0
single-loss/EV-glass40-room1/24	2048	16382	0	1	0	0
single-loss/EV-glass40-room1/25	2048	16382	0	1	0	0
single-loss/EV-glass40-room1/26	2048	16382	0	1	0	0
single-loss/EV-glass40-room1/27	2048	16382	0	1	0	0
single-loss/EV-glass40-room1/28	2048	16382	0	1	0	0
single-loss/EV-glass40-room1/29	2048	16382	0	1	0	0
single-loss/EV-glass40-room1/30	2048	16382	0	1	0	0
single-loss/EV-glass40-room1/31	2048	16382	0	1	0	0
single-loss/EV-glass40-room1/32	2048	16382	0	1	0	0
single-loss/EV-glass40-room1/33	2048	16382	0	1	0	0
single-loss/EV-glass40-room1/34	2048	16382	0	1	0	0
single-loss/EV-glass40-room1/35	2048	16382	0	1	0	0
single-loss/EV-glass40-room1/36	2048	16382	0	1	0	0
single-loss/EV-glass40-room1/37	2048	16382	0	1	0	0
single-loss/EV-glass40-room1/38	2048	16382	0	1	0	0
single-loss/EV-glass40-room1/39	2048	16382	0	1	0	0
single-loss/EV-glass40-room1/40	2048	16382	0	1	0	0
single-loss/EV-glass40-room1/41	2048	16382	0	1	0	0
single-loss/EV-glass40-room1/42	2048	16382	0	1	0	0
single-loss/EV-glass40-room1/43	2048	16382	0	1	0	0
single-loss/EV-glass40-room1/44	2048	16382	0	1	0	0
single-loss/EV-glass40-room1/45	2048	16382	0	1	0	0
single-loss/EV-glass40-room1/46	2048	16382	0	1	0	0
single-loss/EV-glass40-room1/47	2048	16382	0	1	0	0
single-loss/EV-glass40-room1/48	2048	16382	0	1	0	0
single-loss/EV-glass40-room1/49	2048	16382	0	1	0	0
single-loss/EV-glass40-room1/50	2048	16382	0	1	0	0
single-loss/EV-glass40-room1/51	2048	16382	0	1	0	0
single-loss/EV-glass40-room1/52	2048	16382	0	1	0	0
single-loss/EV-glass40-room1/53	2048	16382	0	1	0	0
single-loss/EV-glass40-room1/54	2048	16382	0	1	0	0
single-loss/EV-glass40-room1/55	2048	16382	0	1	0	0
single-loss/EV-glass40-room1/56	2048	16382	0	1	0	0
single-loss/EV-glass40-room1/57	2048	16382	0	1	0	0
single-loss/EV-glass40-room1/58	2048	16382	0	1	0	0
single-loss/EV-glass40-room1/59	2048	16382	0	1	0	0
single-loss/EV-glass40-room1/60	2048	16382	0	1	0	0
single-loss/EV-glass80-room2049/21	2048	16384	2049	2	8192	8184
single-loss/EV-glass80-room2049/22	2048	8192	0	2	0	0
single-loss/EV-glass80-room2049/23	2048	8192	0	2	0	0
single-loss/EV-glass80-room2049/24	2048	8192	0	2	0	0
single-loss/EV-glass80-room2049/25	2048	8192	0	2	0	0
single-loss/EV-glass80-room2049/26	2048	8192	0	2	0	0
single-loss/EV-glass80-room2049/27	2048	8192	0	2	0	0
single-loss/EV-glass80-room2049/28	2048	8192	0	2	0	0
single-loss/EV-glass80-room2049/29	2048	8192	0	2	0	0
single-loss/EV-glass80-room2049/30	2048	8192	0	2	0	0
single-loss/EV-glass80-room2049/31	2048	8192	0	2	0	0
single-loss/EV-glass80-room2049/32	2048	8192	0	2	0	0
single-loss/EV-glass80-room2049/33	2048	8192	0	2	0	0
single-loss/EV-glass80-room2049/34	2048	8192	0	2	0	0
single-loss/EV-glass80-room2049/35	2048	8192	0	2	0	0
single-loss/EV-glass80-room2049/36	2048	8192	0	2	0	0
single-loss/EV-glass80-room2049/37	2048	8192	0	2	0	0
single-loss/EV-glass80-room2049/38	2048	8192	0	2	0	0
single-loss/EV-glass80-room2049/39	2048	8192	0	2	0	0
single-loss/EV-glass80-room2049/40	2048	8192	0	2	0	0
single-loss/EV-glass80-room2049/41	2048	8192	0	2	0	0
single-loss/EV-glass80-room2049/42	2048	8192	0	2	0	0
single-loss/EV-glass80-room2049/43	2048	8192	0	2	0	0
single-loss/EV-glass80-room2049/44	2048	8192	0	2	0	0
single-loss/EV-glass80-room2049/45	2048	8192	0	2	0	0
single-loss/EV-glass80-room2049/46	2048	8192	0	2	0	0
single-loss/EV-glass80-room2049/47	2048	8192	0	2	0	0
single-loss/EV-glass80-room2049/48	2048	8192	0	2	0	0
single-loss/EV-glass80-room2049/49	2048	8192	0	2	0	0
single-loss/EV-glass80-room2049/50	2048	8192	0	2	0	0
single-loss/EV-glass80-room2049/51	2048	8192	0	2	0	0
single-loss/EV-glass80-room2049/52	2048	8192	0	2	0	0
single-loss/EV-glass80-room2049/53	2048	8192	0	2	0	0
single-loss/EV-glass80-room2049/54	2048	8192	0	2	0	0
single-loss/EV-glass80-room2049/55	2048	8192	0	2	0	0
single-loss/EV-glass80-room2049/56	2048	8192	0	2	0	0
single-loss/EV-glass80-room2049/57	2048	8192	0	2	0	0
single-loss/EV-glass80-room2049/58	2048	8192	0	2	0	0
single-loss/EV-glass80-room2049/59	2048	8192	0	2	0	0
single-loss/EV-glass80-room2049/60	2048	8192	0	2	0	0
single-loss/LV-glass40-room1/21	32	256	1	1	2	1
single-loss/LV-glass40-room1/22	32	254	0	1	0	0
single-loss/LV-glass40-room1/23	32	254	0	1	0	0
single-loss/LV-glass40-room1/24	32	254	0	1	0	0
single-loss/LV-glass40-room1/25	32	254	0	1	0	0
single-loss/LV-glass40-room1/26	32	254	0	1	0	0
single-loss/LV-glass40-room1/27	32	254	0	1	0	0
single-loss/LV-glass40-room1/28	32	254	0	1	0	0
single-loss/LV-glass40-room1/29	32	254	0	1	0	0
single-loss/LV-glass40-room1/30	32	254	0	1	0	0
single-loss/LV-glass40-room1/31	32	254	0	1	0	0
single-loss/LV-glass40-room1/32	32	254	0	1	0	0
single-loss/LV-glass40-room1/33	32	254	0	1	0	0
single-loss/LV-glass40-room1/34	32	254	0	1	0	0
single-loss/LV-glass40-room1/35	32	254	0	1	0	0
single-loss/LV-glass40-room1/36	32	254	0	1	0	0
single-loss/LV-glass40-room1/37	32	254	0	1	0	0
single-loss/LV-glass40-room1/38	32	254	0	1	0	0
single-loss/LV-glass40-room1/39	32	254	0	1	0	0
single-loss/LV-glass40-room1/40	32	254	0	1	0	0
single-loss/LV-glass40-room1/41	32	254	0	1	0	0
single-loss/LV-glass40-room1/42	32	254	0	1	0	0
single-loss/LV-glass40-room1/43	32	254	0	1	0	0
single-loss/LV-glass40-room1/44	32	254	0	1	0	0
single-loss/LV-glass40-room1/45	32	254	0	1	0	0
single-loss/LV-glass40-room1/46	32	254	0	1	0	0
single-loss/LV-glass40-room1/47	32	254	0	1	0	0
single-loss/LV-glass40-room1/48	32	254	0	1	0	0
single-loss/LV-glass40-room1/49	32	254	0	1	0	0
single-loss/LV-glass40-room1/50	32	254	0	1	0	0
single-loss/LV-glass40-room1/51	32	254	0	1	0	0
single-loss/LV-glass40-room1/52	32	254	0	1	0	0
single-loss/LV-glass40-room1/53	32	254	0	1	0	0
single-loss/LV-glass40-room1/54	32	254	0	1	0	0
single-loss/LV-glass40-room1/55	32	254	0	1	0	0
single-loss/LV-glass40-room1/56	32	254	0	1	0	0
single-loss/LV-glass40-room1/57	32	254	0	1	0	0
single-loss/LV-glass40-room1/58	32	254	0	1	0	0
single-loss/LV-glass40-room1/59	32	254	0	1	0	0
single-loss/LV-glass40-room1/60	32	254	0	1	0	0
single-loss/LV-glass80-room33/21	32	256	33	2	128	120
single-loss/LV-glass80-room33/22	32	128	0	2	0	0
single-loss/LV-glass80-room33/23	32	128	0	2	0	0
single-loss/LV-glass80-room33/24	32	128	0	2	0	0
single-loss/LV-glass80-room33/25	32	128	0	2	0	0
single-loss/LV-glass80-room33/26	32	128	0	2	0	0
single-loss/LV-glass80-room33/27	32	128	0	2	0	0
single-loss/LV-glass80-room33/28	32	128	0	2	0	0
single-loss/LV-glass80-room33/29	32	128	0	2	0	0
single-loss/LV-glass80-room33/30	32	128	0	2	0	0
single-loss/LV-glass80-room33/31	32	128	0	2	0	0
single-loss/LV-glass80-room33/32	32	128	0	2	0	0
single-loss/LV-glass80-room33/33	32	128	0	2	0	0
single-loss/LV-glass80-room33/34	32	128	0	2	0	0
single-loss/LV-glass80-room33/35	32	128	0	2	0	0
single-loss/LV-glass80-room33/36	32	128	0	2	0	0
single-loss/LV-glass80-room33/37	32	128	0	2	0	0
single-loss/LV-glass80-room33/38	32	128	0	2	0	0
single-loss/LV-glass80-room33/39	32	128	0	2	0	0
single-loss/LV-glass80-room33/40	32	128	0	2	0	0
single-loss/LV-glass80-room33/41	32	128	0	2	0	0
single-loss/LV-glass80-room33/42	32	128	0	2	0	0
single-loss/LV-glass80-room33/43	32	128	0	2	0	0
single-loss/LV-glass80-room33/44	32	128	0	2	0	0
single-loss/LV-glass80-room33/45	32	128	0	2	0	0
single-loss/LV-glass80-room33/46	32	128	0	2	0	0
single-loss/LV-glass80-room33/47	32	128	0	2	0	0
single-loss/LV-glass80-room33/48	32	128	0	2	0	0
single-loss/LV-glass80-room33/49	32	128	0	2	0	0
single-loss/LV-glass80-room33/50	32	128	0	2	0	0
single-loss/LV-glass80-room33/51	32	128	0	2	0	0
single-loss/LV-glass80-room33/52	32	128	0	2	0	0
single-loss/LV-glass80-room33/53	32	128	0	2	0	0
single-loss/LV-glass80-room33/54	32	128	0	2	0	0
single-loss/LV-glass80-room33/55	32	128	0	2	0	0
single-loss/LV-glass80-room33/56	32	128	0	2	0	0
single-loss/LV-glass80-room33/57	32	128	0	2	0	0
single-loss/LV-glass80-room33/58	32	128	0	2	0	0
single-loss/LV-glass80-room33/59	32	128	0	2	0	0
single-loss/LV-glass80-room33/60	32	128	0	2	0	0
single-loss/MV-glass1-room40000000/21	128	1024	40000000	0	512	512
single-loss/MV-glass1-room40000000/22	128	512	39999488	0	512	512
single-loss/MV-glass1-room40000000/23	128	0	39998976	0	0	0
single-loss/MV-glass1-room40000000/24	128	0	39998976	0	0	0
single-loss/MV-glass1-room40000000/25	128	0	39998976	0	0	0
single-loss/MV-glass1-room40000000/26	128	0	39998976	0	0	0
single-loss/MV-glass1-room40000000/27	128	0	39998976	0	0	0
single-loss/MV-glass1-room40000000/28	128	0	39998976	0	0	0
single-loss/MV-glass1-room40000000/29	128	0	39998976	0	0	0
single-loss/MV-glass1-room40000000/30	128	0	39998976	0	0	0
single-loss/MV-glass1-room40000000/31	128	0	39998976	0	0	0
single-loss/MV-glass1-room40000000/32	128	0	39998976	0	0	0
single-loss/MV-glass1-room40000000/33	128	0	39998976	0	0	0
single-loss/MV-glass1-room40000000/34	128	0	39998976	0	0	0
single-loss/MV-glass1-room40000000/35	128	0	39998976	0	0	0
single-loss/MV-glass1-room40000000/36	128	0	39998976	0	0	0
single-loss/MV-glass1-room40000000/37	128	0	39998976	0	0	0
single-loss/MV-glass1-room40000000/38	128	0	39998976	0	0	0
single-loss/MV-glass1-room40000000/39	128	0	39998976	0	0	0
single-loss/MV-glass1-room40000000/40	128	0	39998976	0	0	0
single-loss/MV-glass1-room40000000/41	128	0	39998976	0	0	0
single-loss/MV-glass1-room40000000/42	128	0	39998976	0	0	0
single-loss/MV-glass1-room40000000/43	128	0	39998976	0	0	0
single-loss/MV-glass1-room40000000/44	128	0	39998976	0	0	0
single-loss/MV-glass1-room40000000/45	128	0	39998976	0	0	0
single-loss/MV-glass1-room40000000/46	128	0	39998976	0	0	0
single-loss/MV-glass1-room40000000/47	128	0	39998976	0	0	0
single-loss/MV-glass1-room40000000/48	128	0	39998976	0	0	0
single-loss/MV-glass1-room40000000/49	128	0	39998976	0	0	0
single-loss/MV-glass1-room40000000/50	128	0	39998976	0	0	0
single-loss/MV-glass1-room40000000/51	128	0	39998976	0	0	0
single-loss/MV-glass1-room40000000/52	128	0	39998976	0	0	0
single-loss/MV-glass1-room40000000/53	128	0	39998976	0	0	0
single-loss/MV-glass1-room40000000/54	128	0	39998976	0	0	0
single-loss/MV-glass1-room40000000/55	128	0	39998976	0	0	0
single-loss/MV-glass1-room40000000/56	128	0	39998976	0	0	0
single-loss/MV-glass1-room40000000/57	128	0	39998976	0	0	0
single-loss/MV-glass1-room40000000/58	128	0	39998976	0	0	0
single-loss/MV-glass1-room40000000/59	128	0	39998976	0	0	0
single-loss/MV-glass1-room40000000/60	128	0	39998976	0	0	0
single-loss/MV-glass80-room1/21	128	1024	1	2	3	1
single-loss/MV-glass80-room1/22	128	1021	0	2	0	0
single-loss/MV-glass80-room1/23	128	1021	0	2	0	0
single-loss/MV-glass80-room1/24	128	1021	0	2	0	0
single-loss/MV-glass80-room1/25	128	1021	0	2	0	0
single-loss/MV-glass80-room1/26	128	1021	0	2	0	0
single-loss/MV-glass80-room1/27	128	1021	0	2	0	0
single-loss/MV-glass80-room1/28	128	1021	0	2	0	0
single-loss/MV-glass80-room1/29	128	1021	0	2	0	0
single-loss/MV-glass80-room1/30	128	1021	0	2	0	0
single-loss/MV-glass80-room1/31	128	1021	0	2	0	0
single-loss/MV-glass80-room1/32	128	1021	0	2	0	0
single-loss/MV-glass80-room1/33	128	1021	0	2	0	0
single-loss/MV-glass80-room1/34	128	1021	0	2	0	0
single-loss/MV-glass80-room1/35	128	1021	0	2	0	0
single-loss/MV-glass80-room1/36	128	1021	0	2	0	0
single-loss/MV-glass80-room1/37	128	1021	0	2	0	0
single-loss/MV-glass80-room1/38	128	1021	0	2	0	0
single-loss/MV-glass80-room1/39	128	1021	0	2	0	0
single-loss/MV-glass80-room1/40	128	1021	0	2	0	0
single-loss/MV-glass80-room1/41	128	1021	0	2	0	0
single-loss/MV-glass80-room1/42	128	1021	0	2	0	0
single-loss/MV-glass80-room1/43	128	1021	0	2	0	0
single-loss/MV-glass80-room1/44	128	1021	0	2	0	0
single-loss/MV-glass80-room1/45	128	1021	0	2	0	0
single-loss/MV-glass80-room1/46	128	1021	0	2	0	0
single-loss/MV-glass80-room1/47	128	1021	0	2	0	0
single-loss/MV-glass80-room1/48	128	1021	0	2	0	0
single-loss/MV-glass80-room1/49	128	1021	0	2	0	0
single-loss/MV-glass80-room1/50	128	1021	0	2	0	0
single-loss/MV-glass80-room1/51	128	1021	0	2	0	0
single-loss/MV-glass80-room1/52	128	1021	0	2	0	0
single-loss/MV-glass80-room1/53	128	1021	0	2	0	0
single-loss/MV-glass80-room1/54	128	1021	0	2	0	0
single-loss/MV-glass80-room1/55	128	1021	0	2	0	0
single-loss/MV-glass80-room1/56	128	1021	0	2	0	0
single-loss/MV-glass80-room1/57	128	1021	0	2	0	0
single-loss/MV-glass80-room1/58	128	1021	0	2	0	0
single-loss/MV-glass80-room1/59	128	1021	0	2	0	0
single-loss/MV-glass80-room1/60	128	1021	0	2	0	0
single-loss/HV-glass1-room513/21	512	4096	513	0	2048	2048
single-loss/HV-glass1-room513/22	512	2048	0	0	0	0
single-loss/HV-glass1-room513/23	512	2048	0	0	0	0
single-loss/HV-glass1-room513/24	512	2048	0	0	0	0
single-loss/HV-glass1-room513/25	512	2048	0	0	0	0
single-loss/HV-glass1-room513/26	512	2048	0	0	0	0
single-loss/HV-glass1-room513/27	512	2048	0	0	0	0
single-loss/HV-glass1-room513/28	512	2048	0	0	0	0
single-loss/HV-glass1-room513/29	512	2048	0	0	0	0
single-loss/HV-glass1-room513/30	512	2048	0	0	0	0
single-loss/HV-glass1-room513/31	512	2048	0	0	0	0
single-loss/HV-glass1-room513/32	512	2048	0	0	0	0
single-loss/HV-glass1-room513/33	512	2048	0	0	0	0
single-loss/HV-glass1-room513/34	512	2048	0	0	0	0
single-loss/HV-glass1-room513/35	512	2048	0	0	0	0
single-loss/HV-glass1-room513/36	512	2048	0	0	0	0
single-loss/HV-glass1-room513/37	512	2048	0	0	0	0
single-loss/HV-glass1-room513/38	512	2048	0	0	0	0
single-loss/HV-glass1-room513/39	512	2048	0	0	0	0
single-loss/HV-glass1-room513/40	512	2048	0	0	0	0
single-loss/HV-glass1-room513/41	512	2048	0	0	0	0
single-loss/HV-glass1-room513/42	512	2048	0	0	0	0
single-loss/HV-glass1-room513/43	512	2048	0	0	0	0
single-loss/HV-glass1-room513/44	512	2048	0	0	0	0
single-loss/HV-glass1-room513/45	512	2048	0	0	0	0
single-loss/HV-glass1-room513/46	512	2048	0	0	0	0
single-loss/HV-glass1-room513/47	512	2048	0	0	0	0
single-loss/HV-glass1-room513/48	512	2048	0	0	0	0
single-loss/HV-glass1-room513/49	512	2048	0	0	0	0
single-loss/HV-glass1-room513/50	512	2048	0	0	0	0
single-loss/HV-glass1-room513/51	512	2048	0	0	0	0
single-loss/HV-glass1-room513/52	512	2048	0	0	0	0
single-loss/HV-glass1-room513/53	512	2048	0	0	0	0
single-loss/HV-glass1-room513/54	512	2048	0	0	0	0
single-loss/HV-glass1-room513/55	512	2048	0	0	0	0
single-loss/HV-glass1-room513/56	512	2048	0	0	0	0
single-loss/HV-glass1-room513/57	512	2048	0	0	0	0
single-loss/HV-glass1-room513/58	512	2048	0	0	0	0
single-loss/HV-glass1-room513/59	512	2048	0	0	0	0
single-loss/HV-glass1-room513/60	512	2048	0	0	0	0
single-loss/HV-glass40-room40000000/21	512	4096	40000000	1	2048	2044
single-loss/HV-glass40-room40000000/22	512	2048	39997956	1	2048	2044
single-loss/HV-glass40-room40000000/23	512	0	39995912	1	0	0
single-loss/HV-glass40-room40000000/24	512	0	39995912	1	0	0
single-loss/HV-glass40-room40000000/25	512	0	39995912	1	0	0
single-loss/HV-glass40-room40000000/26	512	0	39995912	1	0	0
single-loss/HV-glass40-room40000000/27	512	0	39995912	1	0	0
single-loss/HV-glass40-room40000000/28	512	0	39995912	1	0	0
single-loss/HV-glass40-room40000000/29	512	0	39995912	1	0	0
single-loss/HV-glass40-room40000000/30	512	0	39995912	1	0	0
single-loss/HV-glass40-room40000000/31	512	0	39995912	1	0	0
single-loss/HV-glass40-room40000000/32	512	0	39995912	1	0	0
single-loss/HV-glass40-room40000000/33	512	0	39995912	1	0	0
single-loss/HV-glass40-room40000000/34	512	0	39995912	1	0	0
single-loss/HV-glass40-room40000000/35	512	0	39995912	1	0	0
single-loss/HV-glass40-room40000000/36	512	0	39995912	1	0	0
single-loss/HV-glass40-room40000000/37	512	0	39995912	1	0	0
single-loss/HV-glass40-room40000000/38	512	0	39995912	1	0	0
single-loss/HV-glass40-room40000000/39	512	0	39995912	1	0	0
single-loss/HV-glass40-room40000000/40	512	0	39995912	1	0	0
single-loss/HV-glass40-room40000000/41	512	0	39995912	1	0	0
single-loss/HV-glass40-room40000000/42	512	0	39995912	1	0	0
single-loss/HV-glass40-room40000000/43	512	0	39995912	1	0	0
single-loss/HV-glass40-room40000000/44	512	0	39995912	1	0	0
single-loss/HV-glass40-room40000000/45	512	0	39995912	1	0	0
single-loss/HV-glass40-room40000000/46	512	0	39995912	1	0	0
single-loss/HV-glass40-room40000000/47	512	0	39995912	1	0	0
single-loss/HV-glass40-room40000000/48	512	0	39995912	1	0	0
single-loss/HV-glass40-room40000000/49	512	0	39995912	1	0	0
single-loss/HV-glass40-room40000000/50	512	0	39995912	1	0	0
single-loss/HV-glass40-room40000000/51	512	0	39995912	1	0	0
single-loss/HV-glass40-room40000000/52	512	0	39995912	1	0	0
single-loss/HV-glass40-room40000000/53	512	0	39995912	1	0	0
single-loss/HV-glass40-room40000000/54	512	0	39995912	1	0	0
single-loss/HV-glass40-room40000000/55	512	0	39995912	1	0	0
single-loss/HV-glass40-room40000000/56	512	0	39995912	1	0	0
single-loss/HV-glass40-room40000000/57	512	0	39995912	1	0	0
single-loss/HV-glass40-room40000000/58	512	0	39995912	1	0	0
single-loss/HV-glass40-room40000000/59	512	0	39995912	1	0	0
single-loss/HV-glass40-room40000000/60	512	0	39995912	1	0	0
single-loss/EV-glass1-room1/21	2048	16384	1	0	1	1
single-loss/EV-glass1-room1/22	2048	16383	0	0	0	0
single-loss/EV-glass1-room1/23	2048	16383	0	0	0	0
single-loss/EV-glass1-room1/24	2048	16383	0	0	0	0
single-loss/EV-glass1-room1/25	2048	16383	0	0	0	0
single-loss/EV-glass1-room1/26	2048	16383	0	0	0	0
single-loss/EV-glass1-room1/27	2048	16383	0	0	0	0
single-loss/EV-glass1-room1/28	2048	16383	0	0	0	0
single-loss/EV-glass1-room1/29	2048	16383	0	0	0	0
single-loss/EV-glass1-room1/30	2048	16383	0	0	0	0
single-loss/EV-glass1-room1/31	2048	16383	0	0	0	0
single-loss/EV-glass1-room1/32	2048	16383	0	0	0	0
single-loss/EV-glass1-room1/33	2048	16383	0	0	0	0
single-loss/EV-glass1-room1/34	2048	16383	0	0	0	0
single-loss/EV-glass1-room1/35	2048	16383	0	0	0	0
single-loss/EV-glass1-room1/36	2048	16383	0	0	0	0
single-loss/EV-glass1-room1/37	2048	16383	0	0	0	0
single-loss/EV-glass1-room1/38	2048	16383	0	0	0	0
single-loss/EV-glass1-room1/39	2048	16383	0	0	0	0
single-loss/EV-glass1-room1/40	2048	16383	0	0	0	0
single-loss/EV-glass1-room1/41	2048	16383	0	0	0	0
single-loss/EV-glass1-room1/42	2048	16383	0	0	0	0
single-loss/EV-glass1-room1/43	2048	16383	0	0	0	0
single-loss/EV-glass1-room1/44	2048	16383	0	0	0	0
single-loss/EV-glass1-room1/45	2048	16383	0	0	0	0
single-loss/EV-glass1-room1/46	2048	16383	0	0	0	0
single-loss/EV-glass1-room1/47	2048	16383	0	0	0	0
single-loss/EV-glass1-room1/48	2048	16383	0	0	0	0
single-loss/EV-glass1-room1/49	2048	16383	0	0	0	0
single-loss/EV-glass1-room1/50	2048	16383	0	0	0	0
single-loss/EV-glass1-room1/51	2048	16383	0	0	0	0
single-loss/EV-glass1-room1/52	2048	16383	0	0	0	0
single-loss/EV-glass1-room1/53	2048	16383	0	0	0	0
single-loss/EV-glass1-room1/54	2048	16383	0	0	0	0
single-loss/EV-glass1-room1/55	2048	16383	0	0	0	0
single-loss/EV-glass1-room1/56	2048	16383	0	0	0	0
single-loss/EV-glass1-room1/57	2048	16383	0	0	0	0
single-loss/EV-glass1-room1/58	2048	16383	0	0	0	0
single-loss/EV-glass1-room1/59	2048	16383	0	0	0	0
single-loss/EV-glass1-room1/60	2048	16383	0	0	0	0
single-loss/EV-glass40-room2049/21	2048	16384	2049	1	8192	8188
single-loss/EV-glass40-room2049/22	2048	8192	0	1	0	0
single-loss/EV-glass40-room2049/23	2048	8192	0	1	0	0
single-loss/EV-glass40-room2049/24	2048	8192	0	1	0	0
single-loss/EV-glass40-room2049/25	2048	8192	0	1	0	0
single-loss/EV-glass40-room2049/26	2048	8192	0	1	0	0
single-loss/EV-glass40-room2049/27	2048	8192	0	1	0	0
single-loss/EV-glass40-room2049/28	2048	8192	0	1	0	0
single-loss/EV-glass40-room2049/29	2048	8192	0	1	0	0
single-loss/EV-glass40-room2049/30	2048	8192	0	1	0	0
single-loss/EV-glass40-room2049/31	2048	8192	0	1	0	0
single-loss/EV-glass40-room2049/32	2048	8192	0	1	0	0
single-loss/EV-glass40-room2049/33	2048	8192	0	1	0	0
single-loss/EV-glass40-room2049/34	2048	8192	0	1	0	0
single-loss/EV-glass40-room2049/35	2048	8192	0	1	0	0
single-loss/EV-glass40-room2049/36	2048	8192	0	1	0	0
single-loss/EV-glass40-room2049/37	2048	8192	0	1	0	0
single-loss/EV-glass40-room2049/38	2048	8192	0	1	0	0
single-loss/EV-glass40-room2049/39	2048	8192	0	1	0	0
single-loss/EV-glass40-room2049/40	2048	8192	0	1	0	0
single-loss/EV-glass40-room2049/41	2048	8192	0	1	0	0
single-loss/EV-glass40-room2049/42	2048	8192	0	1	0	0
single-loss/EV-glass40-room2049/43	2048	8192	0	1	0	0
single-loss/EV-glass40-room2049/44	2048	8192	0	1	0	0
single-loss/EV-glass40-room2049/45	2048	8192	0	1	0	0
single-loss/EV-glass40-room2049/46	2048	8192	0	1	0	0
single-loss/EV-glass40-room2049/47	2048	8192	0	1	0	0
single-loss/EV-glass40-room2049/48	2048	8192	0	1	0	0
single-loss/EV-glass40-room2049/49	2048	8192	0	1	0	0
single-loss/EV-glass40-room2049/50	2048	8192	0	1	0	0
single-loss/EV-glass40-room2049/51	2048	8192	0	1	0	0
single-loss/EV-glass40-room2049/52	2048	8192	0	1	0	0
single-loss/EV-glass40-room2049/53	2048	8192	0	1	0	0
single-loss/EV-glass40-room2049/54	2048	8192	0	1	0	0
single-loss/EV-glass40-room2049/55	2048	8192	0	1	0	0
single-loss/EV-glass40-room2049/56	2048	8192	0	1	0	0
single-loss/EV-glass40-room2049/57	2048	8192	0	1	0	0
single-loss/EV-glass40-room2049/58	2048	8192	0	1	0	0
single-loss/EV-glass40-room2049/59	2048	8192	0	1	0	0
single-loss/EV-glass40-room2049/60	2048	8192	0	1	0	0
single-loss/EV-glass80-room40000000/21	2048	16384	40000000	2	8192	8184
single-loss/EV-glass80-room40000000/22	2048	8192	39991816	2	8192	8184
single-loss/EV-glass80-room40000000/23	2048	0	39983632	2	0	0
single-loss/EV-glass80-room40000000/24	2048	0	39983632	2	0	0
single-loss/EV-glass80-room40000000/25	2048	0	39983632	2	0	0
single-loss/EV-glass80-room40000000/26	2048	0	39983632	2	0	0
single-loss/EV-glass80-room40000000/27	2048	0	39983632	2	0	0
single-loss/EV-glass80-room40000000/28	2048	0	39983632	2	0	0
single-loss/EV-glass80-room40000000/29	2048	0	39983632	2	0	0
single-loss/EV-glass80-room40000000/30	2048	0	39983632	2	0	0
single-loss/EV-glass80-room40000000/31	2048	0	39983632	2	0	0
single-loss/EV-glass80-room40000000/32	2048	0	39983632	2	0	0
single-loss/EV-glass80-room40000000/33	2048	0	39983632	2	0	0
single-loss/EV-glass80-room40000000/34	2048	0	39983632	2	0	0
single-loss/EV-glass80-room40000000/35	2048	0	39983632	2	0	0
single-loss/EV-glass80-room40000000/36	2048	0	39983632	2	0	0
single-loss/EV-glass80-room40000000/37	2048	0	39983632	2	0	0
single-loss/EV-glass80-room40000000/38	2048	0	39983632	2	0	0
single-loss/EV-glass80-room40000000/39	2048	0	39983632	2	0	0
single-loss/EV-glass80-room40000000/40	2048	0	39983632	2	0	0
single-loss/EV-glass80-room40000000/41	2048	0	39983632	2	0	0
single-loss/EV-glass80-room40000000/42	2048	0	39983632	2	0	0
single-loss/EV-glass80-room40000000/43	2048	0	39983632	2	0	0
single-loss/EV-glass80-room40000000/44	2048	0	39983632	2	0	0
single-loss/EV-glass80-room40000000/45	2048	0	39983632	2	0	0
single-loss/EV-glass80-room40000000/46	2048	0	39983632	2	0	0
single-loss/EV-glass80-room40000000/47	2048	0	39983632	2	0	0
single-loss/EV-glass80-room40000000/48	2048	0	39983632	2	0	0
single-loss/EV-glass80-room40000000/49	2048	0	39983632	2	0	0
single-loss/EV-glass80-room40000000/50	2048	0	39983632	2	0	0
single-loss/EV-glass80-room40000000/51	2048	0	39983632	2	0	0
single-loss/EV-glass80-room40000000/52	2048	0	39983632	2	0	0
single-loss/EV-glass80-room40000000/53	2048	0	39983632	2	0	0
single-loss/EV-glass80-room40000000/54	2048	0	39983632	2	0	0
single-loss/EV-glass80-room40000000/55	2048	0	39983632	2	0	0
single-loss/EV-glass80-room40000000/56	2048	0	39983632	2	0	0
single-loss/EV-glass80-room40000000/57	2048	0	39983632	2	0	0
single-loss/EV-glass80-room40000000/58	2048	0	39983632	2	0	0
single-loss/EV-glass80-room40000000/59	2048	0	39983632	2	0	0
single-loss/EV-glass80-room40000000/60	2048	0	39983632	2	0	0
residual-holdout-observed-transitions.tsv/LV-holdout-rooms29-40000000-buffer112/21	32	112	29,40000000	1,2	96	0,90
residual-holdout-observed-transitions.tsv/LV-holdout-rooms29-40000000-buffer112/22	32	16	29,39999910	1,2	0	0,0
residual-holdout-observed-transitions.tsv/LV-holdout-rooms29-40000000-buffer112/23	32	16	29,39999910	1,2	0	0,0
residual-holdout-observed-transitions.tsv/LV-holdout-rooms29-40000000-buffer112/24	32	16	29,39999910	1,2	0	0,0
residual-holdout-observed-transitions.tsv/LV-holdout-rooms29-40000000-buffer112/25	32	16	29,39999910	1,2	0	0,0
residual-holdout-observed-transitions.tsv/LV-holdout-rooms29-40000000-buffer112/26	32	16	29,39999910	1,2	0	0,0
residual-holdout-observed-transitions.tsv/LV-holdout-rooms29-40000000-buffer112/27	32	16	29,39999910	1,2	0	0,0
residual-holdout-observed-transitions.tsv/LV-holdout-rooms29-40000000-buffer112/28	32	16	29,39999910	1,2	0	0,0
residual-holdout-observed-transitions.tsv/LV-holdout-rooms29-40000000-buffer112/29	32	16	29,39999910	1,2	0	0,0
residual-holdout-observed-transitions.tsv/LV-holdout-rooms29-40000000-buffer112/30	32	16	29,39999910	1,2	0	0,0
residual-holdout-observed-transitions.tsv/LV-holdout-rooms29-40000000-buffer112/31	32	16	29,39999910	1,2	0	0,0
residual-holdout-observed-transitions.tsv/LV-holdout-rooms29-40000000-buffer112/32	32	16	29,39999910	1,2	0	0,0
residual-holdout-observed-transitions.tsv/LV-holdout-rooms29-40000000-buffer112/33	32	16	29,39999910	1,2	0	0,0
residual-holdout-observed-transitions.tsv/LV-holdout-rooms29-40000000-buffer112/34	32	16	29,39999910	1,2	0	0,0
residual-holdout-observed-transitions.tsv/LV-holdout-rooms29-40000000-buffer112/35	32	16	29,39999910	1,2	0	0,0
residual-holdout-observed-transitions.tsv/LV-holdout-rooms29-40000000-buffer112/36	32	16	29,39999910	1,2	0	0,0
residual-holdout-observed-transitions.tsv/LV-holdout-rooms29-40000000-buffer112/37	32	16	29,39999910	1,2	0	0,0
residual-holdout-observed-transitions.tsv/LV-holdout-rooms29-40000000-buffer112/38	32	16	29,39999910	1,2	0	0,0
residual-holdout-observed-transitions.tsv/LV-holdout-rooms29-40000000-buffer112/39	32	16	29,39999910	1,2	0	0,0
residual-holdout-observed-transitions.tsv/LV-holdout-rooms29-40000000-buffer112/40	32	16	29,39999910	1,2	0	0,0
residual-holdout-observed-transitions.tsv/LV-holdout-rooms29-40000000-buffer112/41	32	16	29,39999910	1,2	0	0,0
residual-holdout-observed-transitions.tsv/LV-holdout-rooms29-40000000-buffer112/42	32	16	29,39999910	1,2	0	0,0
residual-holdout-observed-transitions.tsv/LV-holdout-rooms29-40000000-buffer112/43	32	16	29,39999910	1,2	0	0,0
residual-holdout-observed-transitions.tsv/LV-holdout-rooms29-40000000-buffer112/44	32	16	29,39999910	1,2	0	0,0
residual-holdout-observed-transitions.tsv/LV-holdout-rooms29-40000000-buffer112/45	32	16	29,39999910	1,2	0	0,0
residual-holdout-observed-transitions.tsv/LV-holdout-rooms29-40000000-buffer112/46	32	16	29,39999910	1,2	0	0,0
residual-holdout-observed-transitions.tsv/LV-holdout-rooms29-40000000-buffer112/47	32	16	29,39999910	1,2	0	0,0
residual-holdout-observed-transitions.tsv/LV-holdout-rooms29-40000000-buffer112/48	32	16	29,39999910	1,2	0	0,0
residual-holdout-observed-transitions.tsv/LV-holdout-rooms29-40000000-buffer112/49	32	16	29,39999910	1,2	0	0,0
residual-holdout-observed-transitions.tsv/LV-holdout-rooms29-40000000-buffer112/50	32	16	29,39999910	1,2	0	0,0
residual-holdout-observed-transitions.tsv/LV-holdout-rooms29-40000000-buffer112/51	32	16	29,39999910	1,2	0	0,0
residual-holdout-observed-transitions.tsv/LV-holdout-rooms29-40000000-buffer112/52	32	16	29,39999910	1,2	0	0,0
residual-holdout-observed-transitions.tsv/LV-holdout-rooms29-40000000-buffer112/53	32	16	29,39999910	1,2	0	0,0
residual-holdout-observed-transitions.tsv/LV-holdout-rooms29-40000000-buffer112/54	32	16	29,39999910	1,2	0	0,0
residual-holdout-observed-transitions.tsv/LV-holdout-rooms29-40000000-buffer112/55	32	16	29,39999910	1,2	0	0,0
residual-holdout-observed-transitions.tsv/LV-holdout-rooms29-40000000-buffer112/56	32	16	29,39999910	1,2	0	0,0
residual-holdout-observed-transitions.tsv/LV-holdout-rooms29-40000000-buffer112/57	32	16	29,39999910	1,2	0	0,0
residual-holdout-observed-transitions.tsv/LV-holdout-rooms29-40000000-buffer112/58	32	16	29,39999910	1,2	0	0,0
residual-holdout-observed-transitions.tsv/LV-holdout-rooms29-40000000-buffer112/59	32	16	29,39999910	1,2	0	0,0
residual-holdout-observed-transitions.tsv/LV-holdout-rooms29-40000000-buffer112/60	32	16	29,39999910	1,2	0	0,0
residual-holdout-observed-transitions.tsv/MV-holdout-rooms125-40000000-buffer448/21	128	448	125,40000000	1,2	382	125,252
residual-holdout-observed-transitions.tsv/MV-holdout-rooms125-40000000-buffer448/22	128	66	0,39999748	1,2	0	0,0
residual-holdout-observed-transitions.tsv/MV-holdout-rooms125-40000000-buffer448/23	128	66	0,39999748	1,2	0	0,0
residual-holdout-observed-transitions.tsv/MV-holdout-rooms125-40000000-buffer448/24	128	66	0,39999748	1,2	0	0,0
residual-holdout-observed-transitions.tsv/MV-holdout-rooms125-40000000-buffer448/25	128	66	0,39999748	1,2	0	0,0
residual-holdout-observed-transitions.tsv/MV-holdout-rooms125-40000000-buffer448/26	128	66	0,39999748	1,2	0	0,0
residual-holdout-observed-transitions.tsv/MV-holdout-rooms125-40000000-buffer448/27	128	66	0,39999748	1,2	0	0,0
residual-holdout-observed-transitions.tsv/MV-holdout-rooms125-40000000-buffer448/28	128	66	0,39999748	1,2	0	0,0
residual-holdout-observed-transitions.tsv/MV-holdout-rooms125-40000000-buffer448/29	128	66	0,39999748	1,2	0	0,0
residual-holdout-observed-transitions.tsv/MV-holdout-rooms125-40000000-buffer448/30	128	66	0,39999748	1,2	0	0,0
residual-holdout-observed-transitions.tsv/MV-holdout-rooms125-40000000-buffer448/31	128	66	0,39999748	1,2	0	0,0
residual-holdout-observed-transitions.tsv/MV-holdout-rooms125-40000000-buffer448/32	128	66	0,39999748	1,2	0	0,0
residual-holdout-observed-transitions.tsv/MV-holdout-rooms125-40000000-buffer448/33	128	66	0,39999748	1,2	0	0,0
residual-holdout-observed-transitions.tsv/MV-holdout-rooms125-40000000-buffer448/34	128	66	0,39999748	1,2	0	0,0
residual-holdout-observed-transitions.tsv/MV-holdout-rooms125-40000000-buffer448/35	128	66	0,39999748	1,2	0	0,0
residual-holdout-observed-transitions.tsv/MV-holdout-rooms125-40000000-buffer448/36	128	66	0,39999748	1,2	0	0,0
residual-holdout-observed-transitions.tsv/MV-holdout-rooms125-40000000-buffer448/37	128	66	0,39999748	1,2	0	0,0
residual-holdout-observed-transitions.tsv/MV-holdout-rooms125-40000000-buffer448/38	128	66	0,39999748	1,2	0	0,0
residual-holdout-observed-transitions.tsv/MV-holdout-rooms125-40000000-buffer448/39	128	66	0,39999748	1,2	0	0,0
residual-holdout-observed-transitions.tsv/MV-holdout-rooms125-40000000-buffer448/40	128	66	0,39999748	1,2	0	0,0
residual-holdout-observed-transitions.tsv/MV-holdout-rooms125-40000000-buffer448/41	128	66	0,39999748	1,2	0	0,0
residual-holdout-observed-transitions.tsv/MV-holdout-rooms125-40000000-buffer448/42	128	66	0,39999748	1,2	0	0,0
residual-holdout-observed-transitions.tsv/MV-holdout-rooms125-40000000-buffer448/43	128	66	0,39999748	1,2	0	0,0
residual-holdout-observed-transitions.tsv/MV-holdout-rooms125-40000000-buffer448/44	128	66	0,39999748	1,2	0	0,0
residual-holdout-observed-transitions.tsv/MV-holdout-rooms125-40000000-buffer448/45	128	66	0,39999748	1,2	0	0,0
residual-holdout-observed-transitions.tsv/MV-holdout-rooms125-40000000-buffer448/46	128	66	0,39999748	1,2	0	0,0
residual-holdout-observed-transitions.tsv/MV-holdout-rooms125-40000000-buffer448/47	128	66	0,39999748	1,2	0	0,0
residual-holdout-observed-transitions.tsv/MV-holdout-rooms125-40000000-buffer448/48	128	66	0,39999748	1,2	0	0,0
residual-holdout-observed-transitions.tsv/MV-holdout-rooms125-40000000-buffer448/49	128	66	0,39999748	1,2	0	0,0
residual-holdout-observed-transitions.tsv/MV-holdout-rooms125-40000000-buffer448/50	128	66	0,39999748	1,2	0	0,0
residual-holdout-observed-transitions.tsv/MV-holdout-rooms125-40000000-buffer448/51	128	66	0,39999748	1,2	0	0,0
residual-holdout-observed-transitions.tsv/MV-holdout-rooms125-40000000-buffer448/52	128	66	0,39999748	1,2	0	0,0
residual-holdout-observed-transitions.tsv/MV-holdout-rooms125-40000000-buffer448/53	128	66	0,39999748	1,2	0	0,0
residual-holdout-observed-transitions.tsv/MV-holdout-rooms125-40000000-buffer448/54	128	66	0,39999748	1,2	0	0,0
residual-holdout-observed-transitions.tsv/MV-holdout-rooms125-40000000-buffer448/55	128	66	0,39999748	1,2	0	0,0
residual-holdout-observed-transitions.tsv/MV-holdout-rooms125-40000000-buffer448/56	128	66	0,39999748	1,2	0	0,0
residual-holdout-observed-transitions.tsv/MV-holdout-rooms125-40000000-buffer448/57	128	66	0,39999748	1,2	0	0,0
residual-holdout-observed-transitions.tsv/MV-holdout-rooms125-40000000-buffer448/58	128	66	0,39999748	1,2	0	0,0
residual-holdout-observed-transitions.tsv/MV-holdout-rooms125-40000000-buffer448/59	128	66	0,39999748	1,2	0	0,0
residual-holdout-observed-transitions.tsv/MV-holdout-rooms125-40000000-buffer448/60	128	66	0,39999748	1,2	0	0,0
residual-holdout-observed-transitions.tsv/HV-holdout-rooms509-40000000-buffer1792/21	512	1792	509,40000000	1,2	1536	0,1530
residual-holdout-observed-transitions.tsv/HV-holdout-rooms509-40000000-buffer1792/22	512	256	509,39998470	1,2	0	0,0
residual-holdout-observed-transitions.tsv/HV-holdout-rooms509-40000000-buffer1792/23	512	256	509,39998470	1,2	0	0,0
residual-holdout-observed-transitions.tsv/HV-holdout-rooms509-40000000-buffer1792/24	512	256	509,39998470	1,2	0	0,0
residual-holdout-observed-transitions.tsv/HV-holdout-rooms509-40000000-buffer1792/25	512	256	509,39998470	1,2	0	0,0
residual-holdout-observed-transitions.tsv/HV-holdout-rooms509-40000000-buffer1792/26	512	256	509,39998470	1,2	0	0,0
residual-holdout-observed-transitions.tsv/HV-holdout-rooms509-40000000-buffer1792/27	512	256	509,39998470	1,2	0	0,0
residual-holdout-observed-transitions.tsv/HV-holdout-rooms509-40000000-buffer1792/28	512	256	509,39998470	1,2	0	0,0
residual-holdout-observed-transitions.tsv/HV-holdout-rooms509-40000000-buffer1792/29	512	256	509,39998470	1,2	0	0,0
residual-holdout-observed-transitions.tsv/HV-holdout-rooms509-40000000-buffer1792/30	512	256	509,39998470	1,2	0	0,0
residual-holdout-observed-transitions.tsv/HV-holdout-rooms509-40000000-buffer1792/31	512	256	509,39998470	1,2	0	0,0
residual-holdout-observed-transitions.tsv/HV-holdout-rooms509-40000000-buffer1792/32	512	256	509,39998470	1,2	0	0,0
residual-holdout-observed-transitions.tsv/HV-holdout-rooms509-40000000-buffer1792/33	512	256	509,39998470	1,2	0	0,0
residual-holdout-observed-transitions.tsv/HV-holdout-rooms509-40000000-buffer1792/34	512	256	509,39998470	1,2	0	0,0
residual-holdout-observed-transitions.tsv/HV-holdout-rooms509-40000000-buffer1792/35	512	256	509,39998470	1,2	0	0,0
residual-holdout-observed-transitions.tsv/HV-holdout-rooms509-40000000-buffer1792/36	512	256	509,39998470	1,2	0	0,0
residual-holdout-observed-transitions.tsv/HV-holdout-rooms509-40000000-buffer1792/37	512	256	509,39998470	1,2	0	0,0
residual-holdout-observed-transitions.tsv/HV-holdout-rooms509-40000000-buffer1792/38	512	256	509,39998470	1,2	0	0,0
residual-holdout-observed-transitions.tsv/HV-holdout-rooms509-40000000-buffer1792/39	512	256	509,39998470	1,2	0	0,0
residual-holdout-observed-transitions.tsv/HV-holdout-rooms509-40000000-buffer1792/40	512	256	509,39998470	1,2	0	0,0
residual-holdout-observed-transitions.tsv/HV-holdout-rooms509-40000000-buffer1792/41	512	256	509,39998470	1,2	0	0,0
residual-holdout-observed-transitions.tsv/HV-holdout-rooms509-40000000-buffer1792/42	512	256	509,39998470	1,2	0	0,0
residual-holdout-observed-transitions.tsv/HV-holdout-rooms509-40000000-buffer1792/43	512	256	509,39998470	1,2	0	0,0
residual-holdout-observed-transitions.tsv/HV-holdout-rooms509-40000000-buffer1792/44	512	256	509,39998470	1,2	0	0,0
residual-holdout-observed-transitions.tsv/HV-holdout-rooms509-40000000-buffer1792/45	512	256	509,39998470	1,2	0	0,0
residual-holdout-observed-transitions.tsv/HV-holdout-rooms509-40000000-buffer1792/46	512	256	509,39998470	1,2	0	0,0
residual-holdout-observed-transitions.tsv/HV-holdout-rooms509-40000000-buffer1792/47	512	256	509,39998470	1,2	0	0,0
residual-holdout-observed-transitions.tsv/HV-holdout-rooms509-40000000-buffer1792/48	512	256	509,39998470	1,2	0	0,0
residual-holdout-observed-transitions.tsv/HV-holdout-rooms509-40000000-buffer1792/49	512	256	509,39998470	1,2	0	0,0
residual-holdout-observed-transitions.tsv/HV-holdout-rooms509-40000000-buffer1792/50	512	256	509,39998470	1,2	0	0,0
residual-holdout-observed-transitions.tsv/HV-holdout-rooms509-40000000-buffer1792/51	512	256	509,39998470	1,2	0	0,0
residual-holdout-observed-transitions.tsv/HV-holdout-rooms509-40000000-buffer1792/52	512	256	509,39998470	1,2	0	0,0
residual-holdout-observed-transitions.tsv/HV-holdout-rooms509-40000000-buffer1792/53	512	256	509,39998470	1,2	0	0,0
residual-holdout-observed-transitions.tsv/HV-holdout-rooms509-40000000-buffer1792/54	512	256	509,39998470	1,2	0	0,0
residual-holdout-observed-transitions.tsv/HV-holdout-rooms509-40000000-buffer1792/55	512	256	509,39998470	1,2	0	0,0
residual-holdout-observed-transitions.tsv/HV-holdout-rooms509-40000000-buffer1792/56	512	256	509,39998470	1,2	0	0,0
residual-holdout-observed-transitions.tsv/HV-holdout-rooms509-40000000-buffer1792/57	512	256	509,39998470	1,2	0	0,0
residual-holdout-observed-transitions.tsv/HV-holdout-rooms509-40000000-buffer1792/58	512	256	509,39998470	1,2	0	0,0
residual-holdout-observed-transitions.tsv/HV-holdout-rooms509-40000000-buffer1792/59	512	256	509,39998470	1,2	0	0,0
residual-holdout-observed-transitions.tsv/HV-holdout-rooms509-40000000-buffer1792/60	512	256	509,39998470	1,2	0	0,0
residual-holdout-observed-transitions.tsv/EV-holdout-rooms2045-40000000-buffer7168/21	2048	7168	2045,40000000	1,2	6142	2045,4092
residual-holdout-observed-transitions.tsv/EV-holdout-rooms2045-40000000-buffer7168/22	2048	1026	0,39995908	1,2	0	0,0
residual-holdout-observed-transitions.tsv/EV-holdout-rooms2045-40000000-buffer7168/23	2048	1026	0,39995908	1,2	0	0,0
residual-holdout-observed-transitions.tsv/EV-holdout-rooms2045-40000000-buffer7168/24	2048	1026	0,39995908	1,2	0	0,0
residual-holdout-observed-transitions.tsv/EV-holdout-rooms2045-40000000-buffer7168/25	2048	1026	0,39995908	1,2	0	0,0
residual-holdout-observed-transitions.tsv/EV-holdout-rooms2045-40000000-buffer7168/26	2048	1026	0,39995908	1,2	0	0,0
residual-holdout-observed-transitions.tsv/EV-holdout-rooms2045-40000000-buffer7168/27	2048	1026	0,39995908	1,2	0	0,0
residual-holdout-observed-transitions.tsv/EV-holdout-rooms2045-40000000-buffer7168/28	2048	1026	0,39995908	1,2	0	0,0
residual-holdout-observed-transitions.tsv/EV-holdout-rooms2045-40000000-buffer7168/29	2048	1026	0,39995908	1,2	0	0,0
residual-holdout-observed-transitions.tsv/EV-holdout-rooms2045-40000000-buffer7168/30	2048	1026	0,39995908	1,2	0	0,0
residual-holdout-observed-transitions.tsv/EV-holdout-rooms2045-40000000-buffer7168/31	2048	1026	0,39995908	1,2	0	0,0
residual-holdout-observed-transitions.tsv/EV-holdout-rooms2045-40000000-buffer7168/32	2048	1026	0,39995908	1,2	0	0,0
residual-holdout-observed-transitions.tsv/EV-holdout-rooms2045-40000000-buffer7168/33	2048	1026	0,39995908	1,2	0	0,0
residual-holdout-observed-transitions.tsv/EV-holdout-rooms2045-40000000-buffer7168/34	2048	1026	0,39995908	1,2	0	0,0
residual-holdout-observed-transitions.tsv/EV-holdout-rooms2045-40000000-buffer7168/35	2048	1026	0,39995908	1,2	0	0,0
residual-holdout-observed-transitions.tsv/EV-holdout-rooms2045-40000000-buffer7168/36	2048	1026	0,39995908	1,2	0	0,0
residual-holdout-observed-transitions.tsv/EV-holdout-rooms2045-40000000-buffer7168/37	2048	1026	0,39995908	1,2	0	0,0
residual-holdout-observed-transitions.tsv/EV-holdout-rooms2045-40000000-buffer7168/38	2048	1026	0,39995908	1,2	0	0,0
residual-holdout-observed-transitions.tsv/EV-holdout-rooms2045-40000000-buffer7168/39	2048	1026	0,39995908	1,2	0	0,0
residual-holdout-observed-transitions.tsv/EV-holdout-rooms2045-40000000-buffer7168/40	2048	1026	0,39995908	1,2	0	0,0
residual-holdout-observed-transitions.tsv/EV-holdout-rooms2045-40000000-buffer7168/41	2048	1026	0,39995908	1,2	0	0,0
residual-holdout-observed-transitions.tsv/EV-holdout-rooms2045-40000000-buffer7168/42	2048	1026	0,39995908	1,2	0	0,0
residual-holdout-observed-transitions.tsv/EV-holdout-rooms2045-40000000-buffer7168/43	2048	1026	0,39995908	1,2	0	0,0
residual-holdout-observed-transitions.tsv/EV-holdout-rooms2045-40000000-buffer7168/44	2048	1026	0,39995908	1,2	0	0,0
residual-holdout-observed-transitions.tsv/EV-holdout-rooms2045-40000000-buffer7168/45	2048	1026	0,39995908	1,2	0	0,0
residual-holdout-observed-transitions.tsv/EV-holdout-rooms2045-40000000-buffer7168/46	2048	1026	0,39995908	1,2	0	0,0
residual-holdout-observed-transitions.tsv/EV-holdout-rooms2045-40000000-buffer7168/47	2048	1026	0,39995908	1,2	0	0,0
residual-holdout-observed-transitions.tsv/EV-holdout-rooms2045-40000000-buffer7168/48	2048	1026	0,39995908	1,2	0	0,0
residual-holdout-observed-transitions.tsv/EV-holdout-rooms2045-40000000-buffer7168/49	2048	1026	0,39995908	1,2	0	0,0
residual-holdout-observed-transitions.tsv/EV-holdout-rooms2045-40000000-buffer7168/50	2048	1026	0,39995908	1,2	0	0,0
residual-holdout-observed-transitions.tsv/EV-holdout-rooms2045-40000000-buffer7168/51	2048	1026	0,39995908	1,2	0	0,0
residual-holdout-observed-transitions.tsv/EV-holdout-rooms2045-40000000-buffer7168/52	2048	1026	0,39995908	1,2	0	0,0
residual-holdout-observed-transitions.tsv/EV-holdout-rooms2045-40000000-buffer7168/53	2048	1026	0,39995908	1,2	0	0,0
residual-holdout-observed-transitions.tsv/EV-holdout-rooms2045-40000000-buffer7168/54	2048	1026	0,39995908	1,2	0	0,0
residual-holdout-observed-transitions.tsv/EV-holdout-rooms2045-40000000-buffer7168/55	2048	1026	0,39995908	1,2	0	0,0
residual-holdout-observed-transitions.tsv/EV-holdout-rooms2045-40000000-buffer7168/56	2048	1026	0,39995908	1,2	0	0,0
residual-holdout-observed-transitions.tsv/EV-holdout-rooms2045-40000000-buffer7168/57	2048	1026	0,39995908	1,2	0	0,0
residual-holdout-observed-transitions.tsv/EV-holdout-rooms2045-40000000-buffer7168/58	2048	1026	0,39995908	1,2	0	0,0
residual-holdout-observed-transitions.tsv/EV-holdout-rooms2045-40000000-buffer7168/59	2048	1026	0,39995908	1,2	0	0,0
residual-holdout-observed-transitions.tsv/EV-holdout-rooms2045-40000000-buffer7168/60	2048	1026	0,39995908	1,2	0	0,0
residual-holdout-observed-transitions.tsv/LV-holdout-rooms28-40000000-buffer176/21	32	176	28,40000000	1,2	128	0,120
residual-holdout-observed-transitions.tsv/LV-holdout-rooms28-40000000-buffer176/22	32	48	28,39999880	1,2	32	28,1
residual-holdout-observed-transitions.tsv/LV-holdout-rooms28-40000000-buffer176/23	32	16	0,39999879	1,2	0	0,0
residual-holdout-observed-transitions.tsv/LV-holdout-rooms28-40000000-buffer176/24	32	16	0,39999879	1,2	0	0,0
residual-holdout-observed-transitions.tsv/LV-holdout-rooms28-40000000-buffer176/25	32	16	0,39999879	1,2	0	0,0
residual-holdout-observed-transitions.tsv/LV-holdout-rooms28-40000000-buffer176/26	32	16	0,39999879	1,2	0	0,0
residual-holdout-observed-transitions.tsv/LV-holdout-rooms28-40000000-buffer176/27	32	16	0,39999879	1,2	0	0,0
residual-holdout-observed-transitions.tsv/LV-holdout-rooms28-40000000-buffer176/28	32	16	0,39999879	1,2	0	0,0
residual-holdout-observed-transitions.tsv/LV-holdout-rooms28-40000000-buffer176/29	32	16	0,39999879	1,2	0	0,0
residual-holdout-observed-transitions.tsv/LV-holdout-rooms28-40000000-buffer176/30	32	16	0,39999879	1,2	0	0,0
residual-holdout-observed-transitions.tsv/LV-holdout-rooms28-40000000-buffer176/31	32	16	0,39999879	1,2	0	0,0
residual-holdout-observed-transitions.tsv/LV-holdout-rooms28-40000000-buffer176/32	32	16	0,39999879	1,2	0	0,0
residual-holdout-observed-transitions.tsv/LV-holdout-rooms28-40000000-buffer176/33	32	16	0,39999879	1,2	0	0,0
residual-holdout-observed-transitions.tsv/LV-holdout-rooms28-40000000-buffer176/34	32	16	0,39999879	1,2	0	0,0
residual-holdout-observed-transitions.tsv/LV-holdout-rooms28-40000000-buffer176/35	32	16	0,39999879	1,2	0	0,0
residual-holdout-observed-transitions.tsv/LV-holdout-rooms28-40000000-buffer176/36	32	16	0,39999879	1,2	0	0,0
residual-holdout-observed-transitions.tsv/LV-holdout-rooms28-40000000-buffer176/37	32	16	0,39999879	1,2	0	0,0
residual-holdout-observed-transitions.tsv/LV-holdout-rooms28-40000000-buffer176/38	32	16	0,39999879	1,2	0	0,0
residual-holdout-observed-transitions.tsv/LV-holdout-rooms28-40000000-buffer176/39	32	16	0,39999879	1,2	0	0,0
residual-holdout-observed-transitions.tsv/LV-holdout-rooms28-40000000-buffer176/40	32	16	0,39999879	1,2	0	0,0
residual-holdout-observed-transitions.tsv/LV-holdout-rooms28-40000000-buffer176/41	32	16	0,39999879	1,2	0	0,0
residual-holdout-observed-transitions.tsv/LV-holdout-rooms28-40000000-buffer176/42	32	16	0,39999879	1,2	0	0,0
residual-holdout-observed-transitions.tsv/LV-holdout-rooms28-40000000-buffer176/43	32	16	0,39999879	1,2	0	0,0
residual-holdout-observed-transitions.tsv/LV-holdout-rooms28-40000000-buffer176/44	32	16	0,39999879	1,2	0	0,0
residual-holdout-observed-transitions.tsv/LV-holdout-rooms28-40000000-buffer176/45	32	16	0,39999879	1,2	0	0,0
residual-holdout-observed-transitions.tsv/LV-holdout-rooms28-40000000-buffer176/46	32	16	0,39999879	1,2	0	0,0
residual-holdout-observed-transitions.tsv/LV-holdout-rooms28-40000000-buffer176/47	32	16	0,39999879	1,2	0	0,0
residual-holdout-observed-transitions.tsv/LV-holdout-rooms28-40000000-buffer176/48	32	16	0,39999879	1,2	0	0,0
residual-holdout-observed-transitions.tsv/LV-holdout-rooms28-40000000-buffer176/49	32	16	0,39999879	1,2	0	0,0
residual-holdout-observed-transitions.tsv/LV-holdout-rooms28-40000000-buffer176/50	32	16	0,39999879	1,2	0	0,0
residual-holdout-observed-transitions.tsv/LV-holdout-rooms28-40000000-buffer176/51	32	16	0,39999879	1,2	0	0,0
residual-holdout-observed-transitions.tsv/LV-holdout-rooms28-40000000-buffer176/52	32	16	0,39999879	1,2	0	0,0
residual-holdout-observed-transitions.tsv/LV-holdout-rooms28-40000000-buffer176/53	32	16	0,39999879	1,2	0	0,0
residual-holdout-observed-transitions.tsv/LV-holdout-rooms28-40000000-buffer176/54	32	16	0,39999879	1,2	0	0,0
residual-holdout-observed-transitions.tsv/LV-holdout-rooms28-40000000-buffer176/55	32	16	0,39999879	1,2	0	0,0
residual-holdout-observed-transitions.tsv/LV-holdout-rooms28-40000000-buffer176/56	32	16	0,39999879	1,2	0	0,0
residual-holdout-observed-transitions.tsv/LV-holdout-rooms28-40000000-buffer176/57	32	16	0,39999879	1,2	0	0,0
residual-holdout-observed-transitions.tsv/LV-holdout-rooms28-40000000-buffer176/58	32	16	0,39999879	1,2	0	0,0
residual-holdout-observed-transitions.tsv/LV-holdout-rooms28-40000000-buffer176/59	32	16	0,39999879	1,2	0	0,0
residual-holdout-observed-transitions.tsv/LV-holdout-rooms28-40000000-buffer176/60	32	16	0,39999879	1,2	0	0,0
residual-holdout-observed-transitions.tsv/MV-holdout-rooms124-40000000-buffer704/21	128	704	124,40000000	1,2	512	124,379
residual-holdout-observed-transitions.tsv/MV-holdout-rooms124-40000000-buffer704/22	128	192	0,39999621	1,2	128	0,126
residual-holdout-observed-transitions.tsv/MV-holdout-rooms124-40000000-buffer704/23	128	64	0,39999495	1,2	0	0,0
residual-holdout-observed-transitions.tsv/MV-holdout-rooms124-40000000-buffer704/24	128	64	0,39999495	1,2	0	0,0
residual-holdout-observed-transitions.tsv/MV-holdout-rooms124-40000000-buffer704/25	128	64	0,39999495	1,2	0	0,0
residual-holdout-observed-transitions.tsv/MV-holdout-rooms124-40000000-buffer704/26	128	64	0,39999495	1,2	0	0,0
residual-holdout-observed-transitions.tsv/MV-holdout-rooms124-40000000-buffer704/27	128	64	0,39999495	1,2	0	0,0
residual-holdout-observed-transitions.tsv/MV-holdout-rooms124-40000000-buffer704/28	128	64	0,39999495	1,2	0	0,0
residual-holdout-observed-transitions.tsv/MV-holdout-rooms124-40000000-buffer704/29	128	64	0,39999495	1,2	0	0,0
residual-holdout-observed-transitions.tsv/MV-holdout-rooms124-40000000-buffer704/30	128	64	0,39999495	1,2	0	0,0
residual-holdout-observed-transitions.tsv/MV-holdout-rooms124-40000000-buffer704/31	128	64	0,39999495	1,2	0	0,0
residual-holdout-observed-transitions.tsv/MV-holdout-rooms124-40000000-buffer704/32	128	64	0,39999495	1,2	0	0,0
residual-holdout-observed-transitions.tsv/MV-holdout-rooms124-40000000-buffer704/33	128	64	0,39999495	1,2	0	0,0
residual-holdout-observed-transitions.tsv/MV-holdout-rooms124-40000000-buffer704/34	128	64	0,39999495	1,2	0	0,0
residual-holdout-observed-transitions.tsv/MV-holdout-rooms124-40000000-buffer704/35	128	64	0,39999495	1,2	0	0,0
residual-holdout-observed-transitions.tsv/MV-holdout-rooms124-40000000-buffer704/36	128	64	0,39999495	1,2	0	0,0
residual-holdout-observed-transitions.tsv/MV-holdout-rooms124-40000000-buffer704/37	128	64	0,39999495	1,2	0	0,0
residual-holdout-observed-transitions.tsv/MV-holdout-rooms124-40000000-buffer704/38	128	64	0,39999495	1,2	0	0,0
residual-holdout-observed-transitions.tsv/MV-holdout-rooms124-40000000-buffer704/39	128	64	0,39999495	1,2	0	0,0
residual-holdout-observed-transitions.tsv/MV-holdout-rooms124-40000000-buffer704/40	128	64	0,39999495	1,2	0	0,0
residual-holdout-observed-transitions.tsv/MV-holdout-rooms124-40000000-buffer704/41	128	64	0,39999495	1,2	0	0,0
residual-holdout-observed-transitions.tsv/MV-holdout-rooms124-40000000-buffer704/42	128	64	0,39999495	1,2	0	0,0
residual-holdout-observed-transitions.tsv/MV-holdout-rooms124-40000000-buffer704/43	128	64	0,39999495	1,2	0	0,0
residual-holdout-observed-transitions.tsv/MV-holdout-rooms124-40000000-buffer704/44	128	64	0,39999495	1,2	0	0,0
residual-holdout-observed-transitions.tsv/MV-holdout-rooms124-40000000-buffer704/45	128	64	0,39999495	1,2	0	0,0
residual-holdout-observed-transitions.tsv/MV-holdout-rooms124-40000000-buffer704/46	128	64	0,39999495	1,2	0	0,0
residual-holdout-observed-transitions.tsv/MV-holdout-rooms124-40000000-buffer704/47	128	64	0,39999495	1,2	0	0,0
residual-holdout-observed-transitions.tsv/MV-holdout-rooms124-40000000-buffer704/48	128	64	0,39999495	1,2	0	0,0
residual-holdout-observed-transitions.tsv/MV-holdout-rooms124-40000000-buffer704/49	128	64	0,39999495	1,2	0	0,0
residual-holdout-observed-transitions.tsv/MV-holdout-rooms124-40000000-buffer704/50	128	64	0,39999495	1,2	0	0,0
residual-holdout-observed-transitions.tsv/MV-holdout-rooms124-40000000-buffer704/51	128	64	0,39999495	1,2	0	0,0
residual-holdout-observed-transitions.tsv/MV-holdout-rooms124-40000000-buffer704/52	128	64	0,39999495	1,2	0	0,0
residual-holdout-observed-transitions.tsv/MV-holdout-rooms124-40000000-buffer704/53	128	64	0,39999495	1,2	0	0,0
residual-holdout-observed-transitions.tsv/MV-holdout-rooms124-40000000-buffer704/54	128	64	0,39999495	1,2	0	0,0
residual-holdout-observed-transitions.tsv/MV-holdout-rooms124-40000000-buffer704/55	128	64	0,39999495	1,2	0	0,0
residual-holdout-observed-transitions.tsv/MV-holdout-rooms124-40000000-buffer704/56	128	64	0,39999495	1,2	0	0,0
residual-holdout-observed-transitions.tsv/MV-holdout-rooms124-40000000-buffer704/57	128	64	0,39999495	1,2	0	0,0
residual-holdout-observed-transitions.tsv/MV-holdout-rooms124-40000000-buffer704/58	128	64	0,39999495	1,2	0	0,0
residual-holdout-observed-transitions.tsv/MV-holdout-rooms124-40000000-buffer704/59	128	64	0,39999495	1,2	0	0,0
residual-holdout-observed-transitions.tsv/MV-holdout-rooms124-40000000-buffer704/60	128	64	0,39999495	1,2	0	0,0
residual-holdout-observed-transitions.tsv/HV-holdout-rooms508-40000000-buffer2816/21	512	2816	508,40000000	1,2	2048	508,1531
residual-holdout-observed-transitions.tsv/HV-holdout-rooms508-40000000-buffer2816/22	512	768	0,39998469	1,2	512	0,510
residual-holdout-observed-transitions.tsv/HV-holdout-rooms508-40000000-buffer2816/23	512	256	0,39997959	1,2	0	0,0
residual-holdout-observed-transitions.tsv/HV-holdout-rooms508-40000000-buffer2816/24	512	256	0,39997959	1,2	0	0,0
residual-holdout-observed-transitions.tsv/HV-holdout-rooms508-40000000-buffer2816/25	512	256	0,39997959	1,2	0	0,0
residual-holdout-observed-transitions.tsv/HV-holdout-rooms508-40000000-buffer2816/26	512	256	0,39997959	1,2	0	0,0
residual-holdout-observed-transitions.tsv/HV-holdout-rooms508-40000000-buffer2816/27	512	256	0,39997959	1,2	0	0,0
residual-holdout-observed-transitions.tsv/HV-holdout-rooms508-40000000-buffer2816/28	512	256	0,39997959	1,2	0	0,0
residual-holdout-observed-transitions.tsv/HV-holdout-rooms508-40000000-buffer2816/29	512	256	0,39997959	1,2	0	0,0
residual-holdout-observed-transitions.tsv/HV-holdout-rooms508-40000000-buffer2816/30	512	256	0,39997959	1,2	0	0,0
residual-holdout-observed-transitions.tsv/HV-holdout-rooms508-40000000-buffer2816/31	512	256	0,39997959	1,2	0	0,0
residual-holdout-observed-transitions.tsv/HV-holdout-rooms508-40000000-buffer2816/32	512	256	0,39997959	1,2	0	0,0
residual-holdout-observed-transitions.tsv/HV-holdout-rooms508-40000000-buffer2816/33	512	256	0,39997959	1,2	0	0,0
residual-holdout-observed-transitions.tsv/HV-holdout-rooms508-40000000-buffer2816/34	512	256	0,39997959	1,2	0	0,0
residual-holdout-observed-transitions.tsv/HV-holdout-rooms508-40000000-buffer2816/35	512	256	0,39997959	1,2	0	0,0
residual-holdout-observed-transitions.tsv/HV-holdout-rooms508-40000000-buffer2816/36	512	256	0,39997959	1,2	0	0,0
residual-holdout-observed-transitions.tsv/HV-holdout-rooms508-40000000-buffer2816/37	512	256	0,39997959	1,2	0	0,0
residual-holdout-observed-transitions.tsv/HV-holdout-rooms508-40000000-buffer2816/38	512	256	0,39997959	1,2	0	0,0
residual-holdout-observed-transitions.tsv/HV-holdout-rooms508-40000000-buffer2816/39	512	256	0,39997959	1,2	0	0,0
residual-holdout-observed-transitions.tsv/HV-holdout-rooms508-40000000-buffer2816/40	512	256	0,39997959	1,2	0	0,0
residual-holdout-observed-transitions.tsv/HV-holdout-rooms508-40000000-buffer2816/41	512	256	0,39997959	1,2	0	0,0
residual-holdout-observed-transitions.tsv/HV-holdout-rooms508-40000000-buffer2816/42	512	256	0,39997959	1,2	0	0,0
residual-holdout-observed-transitions.tsv/HV-holdout-rooms508-40000000-buffer2816/43	512	256	0,39997959	1,2	0	0,0
residual-holdout-observed-transitions.tsv/HV-holdout-rooms508-40000000-buffer2816/44	512	256	0,39997959	1,2	0	0,0
residual-holdout-observed-transitions.tsv/HV-holdout-rooms508-40000000-buffer2816/45	512	256	0,39997959	1,2	0	0,0
residual-holdout-observed-transitions.tsv/HV-holdout-rooms508-40000000-buffer2816/46	512	256	0,39997959	1,2	0	0,0
residual-holdout-observed-transitions.tsv/HV-holdout-rooms508-40000000-buffer2816/47	512	256	0,39997959	1,2	0	0,0
residual-holdout-observed-transitions.tsv/HV-holdout-rooms508-40000000-buffer2816/48	512	256	0,39997959	1,2	0	0,0
residual-holdout-observed-transitions.tsv/HV-holdout-rooms508-40000000-buffer2816/49	512	256	0,39997959	1,2	0	0,0
residual-holdout-observed-transitions.tsv/HV-holdout-rooms508-40000000-buffer2816/50	512	256	0,39997959	1,2	0	0,0
residual-holdout-observed-transitions.tsv/HV-holdout-rooms508-40000000-buffer2816/51	512	256	0,39997959	1,2	0	0,0
residual-holdout-observed-transitions.tsv/HV-holdout-rooms508-40000000-buffer2816/52	512	256	0,39997959	1,2	0	0,0
residual-holdout-observed-transitions.tsv/HV-holdout-rooms508-40000000-buffer2816/53	512	256	0,39997959	1,2	0	0,0
residual-holdout-observed-transitions.tsv/HV-holdout-rooms508-40000000-buffer2816/54	512	256	0,39997959	1,2	0	0,0
residual-holdout-observed-transitions.tsv/HV-holdout-rooms508-40000000-buffer2816/55	512	256	0,39997959	1,2	0	0,0
residual-holdout-observed-transitions.tsv/HV-holdout-rooms508-40000000-buffer2816/56	512	256	0,39997959	1,2	0	0,0
residual-holdout-observed-transitions.tsv/HV-holdout-rooms508-40000000-buffer2816/57	512	256	0,39997959	1,2	0	0,0
residual-holdout-observed-transitions.tsv/HV-holdout-rooms508-40000000-buffer2816/58	512	256	0,39997959	1,2	0	0,0
residual-holdout-observed-transitions.tsv/HV-holdout-rooms508-40000000-buffer2816/59	512	256	0,39997959	1,2	0	0,0
residual-holdout-observed-transitions.tsv/HV-holdout-rooms508-40000000-buffer2816/60	512	256	0,39997959	1,2	0	0,0
residual-holdout-observed-transitions.tsv/EV-holdout-rooms2044-40000000-buffer11264/21	2048	11264	2044,40000000	1,2	8192	2044,6139
residual-holdout-observed-transitions.tsv/EV-holdout-rooms2044-40000000-buffer11264/22	2048	3072	0,39993861	1,2	2048	0,2046
residual-holdout-observed-transitions.tsv/EV-holdout-rooms2044-40000000-buffer11264/23	2048	1024	0,39991815	1,2	0	0,0
residual-holdout-observed-transitions.tsv/EV-holdout-rooms2044-40000000-buffer11264/24	2048	1024	0,39991815	1,2	0	0,0
residual-holdout-observed-transitions.tsv/EV-holdout-rooms2044-40000000-buffer11264/25	2048	1024	0,39991815	1,2	0	0,0
residual-holdout-observed-transitions.tsv/EV-holdout-rooms2044-40000000-buffer11264/26	2048	1024	0,39991815	1,2	0	0,0
residual-holdout-observed-transitions.tsv/EV-holdout-rooms2044-40000000-buffer11264/27	2048	1024	0,39991815	1,2	0	0,0
residual-holdout-observed-transitions.tsv/EV-holdout-rooms2044-40000000-buffer11264/28	2048	1024	0,39991815	1,2	0	0,0
residual-holdout-observed-transitions.tsv/EV-holdout-rooms2044-40000000-buffer11264/29	2048	1024	0,39991815	1,2	0	0,0
residual-holdout-observed-transitions.tsv/EV-holdout-rooms2044-40000000-buffer11264/30	2048	1024	0,39991815	1,2	0	0,0
residual-holdout-observed-transitions.tsv/EV-holdout-rooms2044-40000000-buffer11264/31	2048	1024	0,39991815	1,2	0	0,0
residual-holdout-observed-transitions.tsv/EV-holdout-rooms2044-40000000-buffer11264/32	2048	1024	0,39991815	1,2	0	0,0
residual-holdout-observed-transitions.tsv/EV-holdout-rooms2044-40000000-buffer11264/33	2048	1024	0,39991815	1,2	0	0,0
residual-holdout-observed-transitions.tsv/EV-holdout-rooms2044-40000000-buffer11264/34	2048	1024	0,39991815	1,2	0	0,0
residual-holdout-observed-transitions.tsv/EV-holdout-rooms2044-40000000-buffer11264/35	2048	1024	0,39991815	1,2	0	0,0
residual-holdout-observed-transitions.tsv/EV-holdout-rooms2044-40000000-buffer11264/36	2048	1024	0,39991815	1,2	0	0,0
residual-holdout-observed-transitions.tsv/EV-holdout-rooms2044-40000000-buffer11264/37	2048	1024	0,39991815	1,2	0	0,0
residual-holdout-observed-transitions.tsv/EV-holdout-rooms2044-40000000-buffer11264/38	2048	1024	0,39991815	1,2	0	0,0
residual-holdout-observed-transitions.tsv/EV-holdout-rooms2044-40000000-buffer11264/39	2048	1024	0,39991815	1,2	0	0,0
residual-holdout-observed-transitions.tsv/EV-holdout-rooms2044-40000000-buffer11264/40	2048	1024	0,39991815	1,2	0	0,0
residual-holdout-observed-transitions.tsv/EV-holdout-rooms2044-40000000-buffer11264/41	2048	1024	0,39991815	1,2	0	0,0
residual-holdout-observed-transitions.tsv/EV-holdout-rooms2044-40000000-buffer11264/42	2048	1024	0,39991815	1,2	0	0,0
residual-holdout-observed-transitions.tsv/EV-holdout-rooms2044-40000000-buffer11264/43	2048	1024	0,39991815	1,2	0	0,0
residual-holdout-observed-transitions.tsv/EV-holdout-rooms2044-40000000-buffer11264/44	2048	1024	0,39991815	1,2	0	0,0
residual-holdout-observed-transitions.tsv/EV-holdout-rooms2044-40000000-buffer11264/45	2048	1024	0,39991815	1,2	0	0,0
residual-holdout-observed-transitions.tsv/EV-holdout-rooms2044-40000000-buffer11264/46	2048	1024	0,39991815	1,2	0	0,0
residual-holdout-observed-transitions.tsv/EV-holdout-rooms2044-40000000-buffer11264/47	2048	1024	0,39991815	1,2	0	0,0
residual-holdout-observed-transitions.tsv/EV-holdout-rooms2044-40000000-buffer11264/48	2048	1024	0,39991815	1,2	0	0,0
residual-holdout-observed-transitions.tsv/EV-holdout-rooms2044-40000000-buffer11264/49	2048	1024	0,39991815	1,2	0	0,0
residual-holdout-observed-transitions.tsv/EV-holdout-rooms2044-40000000-buffer11264/50	2048	1024	0,39991815	1,2	0	0,0
residual-holdout-observed-transitions.tsv/EV-holdout-rooms2044-40000000-buffer11264/51	2048	1024	0,39991815	1,2	0	0,0
residual-holdout-observed-transitions.tsv/EV-holdout-rooms2044-40000000-buffer11264/52	2048	1024	0,39991815	1,2	0	0,0
residual-holdout-observed-transitions.tsv/EV-holdout-rooms2044-40000000-buffer11264/53	2048	1024	0,39991815	1,2	0	0,0
residual-holdout-observed-transitions.tsv/EV-holdout-rooms2044-40000000-buffer11264/54	2048	1024	0,39991815	1,2	0	0,0
residual-holdout-observed-transitions.tsv/EV-holdout-rooms2044-40000000-buffer11264/55	2048	1024	0,39991815	1,2	0	0,0
residual-holdout-observed-transitions.tsv/EV-holdout-rooms2044-40000000-buffer11264/56	2048	1024	0,39991815	1,2	0	0,0
residual-holdout-observed-transitions.tsv/EV-holdout-rooms2044-40000000-buffer11264/57	2048	1024	0,39991815	1,2	0	0,0
residual-holdout-observed-transitions.tsv/EV-holdout-rooms2044-40000000-buffer11264/58	2048	1024	0,39991815	1,2	0	0,0
residual-holdout-observed-transitions.tsv/EV-holdout-rooms2044-40000000-buffer11264/59	2048	1024	0,39991815	1,2	0	0,0
residual-holdout-observed-transitions.tsv/EV-holdout-rooms2044-40000000-buffer11264/60	2048	1024	0,39991815	1,2	0	0,0
residual-holdout-observed-transitions.tsv/LV-holdout-rooms17-18-buffer112/21	32	112	17,18	1,2	38	17,18
residual-holdout-observed-transitions.tsv/LV-holdout-rooms17-18-buffer112/22	32	74	0,0	1,2	0	0,0
residual-holdout-observed-transitions.tsv/LV-holdout-rooms17-18-buffer112/23	32	74	0,0	1,2	0	0,0
residual-holdout-observed-transitions.tsv/LV-holdout-rooms17-18-buffer112/24	32	74	0,0	1,2	0	0,0
residual-holdout-observed-transitions.tsv/LV-holdout-rooms17-18-buffer112/25	32	74	0,0	1,2	0	0,0
residual-holdout-observed-transitions.tsv/LV-holdout-rooms17-18-buffer112/26	32	74	0,0	1,2	0	0,0
residual-holdout-observed-transitions.tsv/LV-holdout-rooms17-18-buffer112/27	32	74	0,0	1,2	0	0,0
residual-holdout-observed-transitions.tsv/LV-holdout-rooms17-18-buffer112/28	32	74	0,0	1,2	0	0,0
residual-holdout-observed-transitions.tsv/LV-holdout-rooms17-18-buffer112/29	32	74	0,0	1,2	0	0,0
residual-holdout-observed-transitions.tsv/LV-holdout-rooms17-18-buffer112/30	32	74	0,0	1,2	0	0,0
residual-holdout-observed-transitions.tsv/LV-holdout-rooms17-18-buffer112/31	32	74	0,0	1,2	0	0,0
residual-holdout-observed-transitions.tsv/LV-holdout-rooms17-18-buffer112/32	32	74	0,0	1,2	0	0,0
residual-holdout-observed-transitions.tsv/LV-holdout-rooms17-18-buffer112/33	32	74	0,0	1,2	0	0,0
residual-holdout-observed-transitions.tsv/LV-holdout-rooms17-18-buffer112/34	32	74	0,0	1,2	0	0,0
residual-holdout-observed-transitions.tsv/LV-holdout-rooms17-18-buffer112/35	32	74	0,0	1,2	0	0,0
residual-holdout-observed-transitions.tsv/LV-holdout-rooms17-18-buffer112/36	32	74	0,0	1,2	0	0,0
residual-holdout-observed-transitions.tsv/LV-holdout-rooms17-18-buffer112/37	32	74	0,0	1,2	0	0,0
residual-holdout-observed-transitions.tsv/LV-holdout-rooms17-18-buffer112/38	32	74	0,0	1,2	0	0,0
residual-holdout-observed-transitions.tsv/LV-holdout-rooms17-18-buffer112/39	32	74	0,0	1,2	0	0,0
residual-holdout-observed-transitions.tsv/LV-holdout-rooms17-18-buffer112/40	32	74	0,0	1,2	0	0,0
residual-holdout-observed-transitions.tsv/LV-holdout-rooms17-18-buffer112/41	32	74	0,0	1,2	0	0,0
residual-holdout-observed-transitions.tsv/LV-holdout-rooms17-18-buffer112/42	32	74	0,0	1,2	0	0,0
residual-holdout-observed-transitions.tsv/LV-holdout-rooms17-18-buffer112/43	32	74	0,0	1,2	0	0,0
residual-holdout-observed-transitions.tsv/LV-holdout-rooms17-18-buffer112/44	32	74	0,0	1,2	0	0,0
residual-holdout-observed-transitions.tsv/LV-holdout-rooms17-18-buffer112/45	32	74	0,0	1,2	0	0,0
residual-holdout-observed-transitions.tsv/LV-holdout-rooms17-18-buffer112/46	32	74	0,0	1,2	0	0,0
residual-holdout-observed-transitions.tsv/LV-holdout-rooms17-18-buffer112/47	32	74	0,0	1,2	0	0,0
residual-holdout-observed-transitions.tsv/LV-holdout-rooms17-18-buffer112/48	32	74	0,0	1,2	0	0,0
residual-holdout-observed-transitions.tsv/LV-holdout-rooms17-18-buffer112/49	32	74	0,0	1,2	0	0,0
residual-holdout-observed-transitions.tsv/LV-holdout-rooms17-18-buffer112/50	32	74	0,0	1,2	0	0,0
residual-holdout-observed-transitions.tsv/LV-holdout-rooms17-18-buffer112/51	32	74	0,0	1,2	0	0,0
residual-holdout-observed-transitions.tsv/LV-holdout-rooms17-18-buffer112/52	32	74	0,0	1,2	0	0,0
residual-holdout-observed-transitions.tsv/LV-holdout-rooms17-18-buffer112/53	32	74	0,0	1,2	0	0,0
residual-holdout-observed-transitions.tsv/LV-holdout-rooms17-18-buffer112/54	32	74	0,0	1,2	0	0,0
residual-holdout-observed-transitions.tsv/LV-holdout-rooms17-18-buffer112/55	32	74	0,0	1,2	0	0,0
residual-holdout-observed-transitions.tsv/LV-holdout-rooms17-18-buffer112/56	32	74	0,0	1,2	0	0,0
residual-holdout-observed-transitions.tsv/LV-holdout-rooms17-18-buffer112/57	32	74	0,0	1,2	0	0,0
residual-holdout-observed-transitions.tsv/LV-holdout-rooms17-18-buffer112/58	32	74	0,0	1,2	0	0,0
residual-holdout-observed-transitions.tsv/LV-holdout-rooms17-18-buffer112/59	32	74	0,0	1,2	0	0,0
residual-holdout-observed-transitions.tsv/LV-holdout-rooms17-18-buffer112/60	32	74	0,0	1,2	0	0,0
residual-holdout-observed-transitions.tsv/MV-holdout-rooms65-66-buffer448/21	128	448	65,66	1,2	134	65,66
residual-holdout-observed-transitions.tsv/MV-holdout-rooms65-66-buffer448/22	128	314	0,0	1,2	0	0,0
residual-holdout-observed-transitions.tsv/MV-holdout-rooms65-66-buffer448/23	128	314	0,0	1,2	0	0,0
residual-holdout-observed-transitions.tsv/MV-holdout-rooms65-66-buffer448/24	128	314	0,0	1,2	0	0,0
residual-holdout-observed-transitions.tsv/MV-holdout-rooms65-66-buffer448/25	128	314	0,0	1,2	0	0,0
residual-holdout-observed-transitions.tsv/MV-holdout-rooms65-66-buffer448/26	128	314	0,0	1,2	0	0,0
residual-holdout-observed-transitions.tsv/MV-holdout-rooms65-66-buffer448/27	128	314	0,0	1,2	0	0,0
residual-holdout-observed-transitions.tsv/MV-holdout-rooms65-66-buffer448/28	128	314	0,0	1,2	0	0,0
residual-holdout-observed-transitions.tsv/MV-holdout-rooms65-66-buffer448/29	128	314	0,0	1,2	0	0,0
residual-holdout-observed-transitions.tsv/MV-holdout-rooms65-66-buffer448/30	128	314	0,0	1,2	0	0,0
residual-holdout-observed-transitions.tsv/MV-holdout-rooms65-66-buffer448/31	128	314	0,0	1,2	0	0,0
residual-holdout-observed-transitions.tsv/MV-holdout-rooms65-66-buffer448/32	128	314	0,0	1,2	0	0,0
residual-holdout-observed-transitions.tsv/MV-holdout-rooms65-66-buffer448/33	128	314	0,0	1,2	0	0,0
residual-holdout-observed-transitions.tsv/MV-holdout-rooms65-66-buffer448/34	128	314	0,0	1,2	0	0,0
residual-holdout-observed-transitions.tsv/MV-holdout-rooms65-66-buffer448/35	128	314	0,0	1,2	0	0,0
residual-holdout-observed-transitions.tsv/MV-holdout-rooms65-66-buffer448/36	128	314	0,0	1,2	0	0,0
residual-holdout-observed-transitions.tsv/MV-holdout-rooms65-66-buffer448/37	128	314	0,0	1,2	0	0,0
residual-holdout-observed-transitions.tsv/MV-holdout-rooms65-66-buffer448/38	128	314	0,0	1,2	0	0,0
residual-holdout-observed-transitions.tsv/MV-holdout-rooms65-66-buffer448/39	128	314	0,0	1,2	0	0,0
residual-holdout-observed-transitions.tsv/MV-holdout-rooms65-66-buffer448/40	128	314	0,0	1,2	0	0,0
residual-holdout-observed-transitions.tsv/MV-holdout-rooms65-66-buffer448/41	128	314	0,0	1,2	0	0,0
residual-holdout-observed-transitions.tsv/MV-holdout-rooms65-66-buffer448/42	128	314	0,0	1,2	0	0,0
residual-holdout-observed-transitions.tsv/MV-holdout-rooms65-66-buffer448/43	128	314	0,0	1,2	0	0,0
residual-holdout-observed-transitions.tsv/MV-holdout-rooms65-66-buffer448/44	128	314	0,0	1,2	0	0,0
residual-holdout-observed-transitions.tsv/MV-holdout-rooms65-66-buffer448/45	128	314	0,0	1,2	0	0,0
residual-holdout-observed-transitions.tsv/MV-holdout-rooms65-66-buffer448/46	128	314	0,0	1,2	0	0,0
residual-holdout-observed-transitions.tsv/MV-holdout-rooms65-66-buffer448/47	128	314	0,0	1,2	0	0,0
residual-holdout-observed-transitions.tsv/MV-holdout-rooms65-66-buffer448/48	128	314	0,0	1,2	0	0,0
residual-holdout-observed-transitions.tsv/MV-holdout-rooms65-66-buffer448/49	128	314	0,0	1,2	0	0,0
residual-holdout-observed-transitions.tsv/MV-holdout-rooms65-66-buffer448/50	128	314	0,0	1,2	0	0,0
residual-holdout-observed-transitions.tsv/MV-holdout-rooms65-66-buffer448/51	128	314	0,0	1,2	0	0,0
residual-holdout-observed-transitions.tsv/MV-holdout-rooms65-66-buffer448/52	128	314	0,0	1,2	0	0,0
residual-holdout-observed-transitions.tsv/MV-holdout-rooms65-66-buffer448/53	128	314	0,0	1,2	0	0,0
residual-holdout-observed-transitions.tsv/MV-holdout-rooms65-66-buffer448/54	128	314	0,0	1,2	0	0,0
residual-holdout-observed-transitions.tsv/MV-holdout-rooms65-66-buffer448/55	128	314	0,0	1,2	0	0,0
residual-holdout-observed-transitions.tsv/MV-holdout-rooms65-66-buffer448/56	128	314	0,0	1,2	0	0,0
residual-holdout-observed-transitions.tsv/MV-holdout-rooms65-66-buffer448/57	128	314	0,0	1,2	0	0,0
residual-holdout-observed-transitions.tsv/MV-holdout-rooms65-66-buffer448/58	128	314	0,0	1,2	0	0,0
residual-holdout-observed-transitions.tsv/MV-holdout-rooms65-66-buffer448/59	128	314	0,0	1,2	0	0,0
residual-holdout-observed-transitions.tsv/MV-holdout-rooms65-66-buffer448/60	128	314	0,0	1,2	0	0,0
residual-holdout-observed-transitions.tsv/HV-holdout-rooms257-258-buffer1792/21	512	1792	257,258	1,2	518	257,258
residual-holdout-observed-transitions.tsv/HV-holdout-rooms257-258-buffer1792/22	512	1274	0,0	1,2	0	0,0
residual-holdout-observed-transitions.tsv/HV-holdout-rooms257-258-buffer1792/23	512	1274	0,0	1,2	0	0,0
residual-holdout-observed-transitions.tsv/HV-holdout-rooms257-258-buffer1792/24	512	1274	0,0	1,2	0	0,0
residual-holdout-observed-transitions.tsv/HV-holdout-rooms257-258-buffer1792/25	512	1274	0,0	1,2	0	0,0
residual-holdout-observed-transitions.tsv/HV-holdout-rooms257-258-buffer1792/26	512	1274	0,0	1,2	0	0,0
residual-holdout-observed-transitions.tsv/HV-holdout-rooms257-258-buffer1792/27	512	1274	0,0	1,2	0	0,0
residual-holdout-observed-transitions.tsv/HV-holdout-rooms257-258-buffer1792/28	512	1274	0,0	1,2	0	0,0
residual-holdout-observed-transitions.tsv/HV-holdout-rooms257-258-buffer1792/29	512	1274	0,0	1,2	0	0,0
residual-holdout-observed-transitions.tsv/HV-holdout-rooms257-258-buffer1792/30	512	1274	0,0	1,2	0	0,0
residual-holdout-observed-transitions.tsv/HV-holdout-rooms257-258-buffer1792/31	512	1274	0,0	1,2	0	0,0
residual-holdout-observed-transitions.tsv/HV-holdout-rooms257-258-buffer1792/32	512	1274	0,0	1,2	0	0,0
residual-holdout-observed-transitions.tsv/HV-holdout-rooms257-258-buffer1792/33	512	1274	0,0	1,2	0	0,0
residual-holdout-observed-transitions.tsv/HV-holdout-rooms257-258-buffer1792/34	512	1274	0,0	1,2	0	0,0
residual-holdout-observed-transitions.tsv/HV-holdout-rooms257-258-buffer1792/35	512	1274	0,0	1,2	0	0,0
residual-holdout-observed-transitions.tsv/HV-holdout-rooms257-258-buffer1792/36	512	1274	0,0	1,2	0	0,0
residual-holdout-observed-transitions.tsv/HV-holdout-rooms257-258-buffer1792/37	512	1274	0,0	1,2	0	0,0
residual-holdout-observed-transitions.tsv/HV-holdout-rooms257-258-buffer1792/38	512	1274	0,0	1,2	0	0,0
residual-holdout-observed-transitions.tsv/HV-holdout-rooms257-258-buffer1792/39	512	1274	0,0	1,2	0	0,0
residual-holdout-observed-transitions.tsv/HV-holdout-rooms257-258-buffer1792/40	512	1274	0,0	1,2	0	0,0
residual-holdout-observed-transitions.tsv/HV-holdout-rooms257-258-buffer1792/41	512	1274	0,0	1,2	0	0,0
residual-holdout-observed-transitions.tsv/HV-holdout-rooms257-258-buffer1792/42	512	1274	0,0	1,2	0	0,0
residual-holdout-observed-transitions.tsv/HV-holdout-rooms257-258-buffer1792/43	512	1274	0,0	1,2	0	0,0
residual-holdout-observed-transitions.tsv/HV-holdout-rooms257-258-buffer1792/44	512	1274	0,0	1,2	0	0,0
residual-holdout-observed-transitions.tsv/HV-holdout-rooms257-258-buffer1792/45	512	1274	0,0	1,2	0	0,0
residual-holdout-observed-transitions.tsv/HV-holdout-rooms257-258-buffer1792/46	512	1274	0,0	1,2	0	0,0
residual-holdout-observed-transitions.tsv/HV-holdout-rooms257-258-buffer1792/47	512	1274	0,0	1,2	0	0,0
residual-holdout-observed-transitions.tsv/HV-holdout-rooms257-258-buffer1792/48	512	1274	0,0	1,2	0	0,0
residual-holdout-observed-transitions.tsv/HV-holdout-rooms257-258-buffer1792/49	512	1274	0,0	1,2	0	0,0
residual-holdout-observed-transitions.tsv/HV-holdout-rooms257-258-buffer1792/50	512	1274	0,0	1,2	0	0,0
residual-holdout-observed-transitions.tsv/HV-holdout-rooms257-258-buffer1792/51	512	1274	0,0	1,2	0	0,0
residual-holdout-observed-transitions.tsv/HV-holdout-rooms257-258-buffer1792/52	512	1274	0,0	1,2	0	0,0
residual-holdout-observed-transitions.tsv/HV-holdout-rooms257-258-buffer1792/53	512	1274	0,0	1,2	0	0,0
residual-holdout-observed-transitions.tsv/HV-holdout-rooms257-258-buffer1792/54	512	1274	0,0	1,2	0	0,0
residual-holdout-observed-transitions.tsv/HV-holdout-rooms257-258-buffer1792/55	512	1274	0,0	1,2	0	0,0
residual-holdout-observed-transitions.tsv/HV-holdout-rooms257-258-buffer1792/56	512	1274	0,0	1,2	0	0,0
residual-holdout-observed-transitions.tsv/HV-holdout-rooms257-258-buffer1792/57	512	1274	0,0	1,2	0	0,0
residual-holdout-observed-transitions.tsv/HV-holdout-rooms257-258-buffer1792/58	512	1274	0,0	1,2	0	0,0
residual-holdout-observed-transitions.tsv/HV-holdout-rooms257-258-buffer1792/59	512	1274	0,0	1,2	0	0,0
residual-holdout-observed-transitions.tsv/HV-holdout-rooms257-258-buffer1792/60	512	1274	0,0	1,2	0	0,0
residual-holdout-observed-transitions.tsv/EV-holdout-rooms1025-1026-buffer7168/21	2048	7168	1025,1026	1,2	2054	1025,1026
residual-holdout-observed-transitions.tsv/EV-holdout-rooms1025-1026-buffer7168/22	2048	5114	0,0	1,2	0	0,0
residual-holdout-observed-transitions.tsv/EV-holdout-rooms1025-1026-buffer7168/23	2048	5114	0,0	1,2	0	0,0
residual-holdout-observed-transitions.tsv/EV-holdout-rooms1025-1026-buffer7168/24	2048	5114	0,0	1,2	0	0,0
residual-holdout-observed-transitions.tsv/EV-holdout-rooms1025-1026-buffer7168/25	2048	5114	0,0	1,2	0	0,0
residual-holdout-observed-transitions.tsv/EV-holdout-rooms1025-1026-buffer7168/26	2048	5114	0,0	1,2	0	0,0
residual-holdout-observed-transitions.tsv/EV-holdout-rooms1025-1026-buffer7168/27	2048	5114	0,0	1,2	0	0,0
residual-holdout-observed-transitions.tsv/EV-holdout-rooms1025-1026-buffer7168/28	2048	5114	0,0	1,2	0	0,0
residual-holdout-observed-transitions.tsv/EV-holdout-rooms1025-1026-buffer7168/29	2048	5114	0,0	1,2	0	0,0
residual-holdout-observed-transitions.tsv/EV-holdout-rooms1025-1026-buffer7168/30	2048	5114	0,0	1,2	0	0,0
residual-holdout-observed-transitions.tsv/EV-holdout-rooms1025-1026-buffer7168/31	2048	5114	0,0	1,2	0	0,0
residual-holdout-observed-transitions.tsv/EV-holdout-rooms1025-1026-buffer7168/32	2048	5114	0,0	1,2	0	0,0
residual-holdout-observed-transitions.tsv/EV-holdout-rooms1025-1026-buffer7168/33	2048	5114	0,0	1,2	0	0,0
residual-holdout-observed-transitions.tsv/EV-holdout-rooms1025-1026-buffer7168/34	2048	5114	0,0	1,2	0	0,0
residual-holdout-observed-transitions.tsv/EV-holdout-rooms1025-1026-buffer7168/35	2048	5114	0,0	1,2	0	0,0
residual-holdout-observed-transitions.tsv/EV-holdout-rooms1025-1026-buffer7168/36	2048	5114	0,0	1,2	0	0,0
residual-holdout-observed-transitions.tsv/EV-holdout-rooms1025-1026-buffer7168/37	2048	5114	0,0	1,2	0	0,0
residual-holdout-observed-transitions.tsv/EV-holdout-rooms1025-1026-buffer7168/38	2048	5114	0,0	1,2	0	0,0
residual-holdout-observed-transitions.tsv/EV-holdout-rooms1025-1026-buffer7168/39	2048	5114	0,0	1,2	0	0,0
residual-holdout-observed-transitions.tsv/EV-holdout-rooms1025-1026-buffer7168/40	2048	5114	0,0	1,2	0	0,0
residual-holdout-observed-transitions.tsv/EV-holdout-rooms1025-1026-buffer7168/41	2048	5114	0,0	1,2	0	0,0
residual-holdout-observed-transitions.tsv/EV-holdout-rooms1025-1026-buffer7168/42	2048	5114	0,0	1,2	0	0,0
residual-holdout-observed-transitions.tsv/EV-holdout-rooms1025-1026-buffer7168/43	2048	5114	0,0	1,2	0	0,0
residual-holdout-observed-transitions.tsv/EV-holdout-rooms1025-1026-buffer7168/44	2048	5114	0,0	1,2	0	0,0
residual-holdout-observed-transitions.tsv/EV-holdout-rooms1025-1026-buffer7168/45	2048	5114	0,0	1,2	0	0,0
residual-holdout-observed-transitions.tsv/EV-holdout-rooms1025-1026-buffer7168/46	2048	5114	0,0	1,2	0	0,0
residual-holdout-observed-transitions.tsv/EV-holdout-rooms1025-1026-buffer7168/47	2048	5114	0,0	1,2	0	0,0
residual-holdout-observed-transitions.tsv/EV-holdout-rooms1025-1026-buffer7168/48	2048	5114	0,0	1,2	0	0,0
residual-holdout-observed-transitions.tsv/EV-holdout-rooms1025-1026-buffer7168/49	2048	5114	0,0	1,2	0	0,0
residual-holdout-observed-transitions.tsv/EV-holdout-rooms1025-1026-buffer7168/50	2048	5114	0,0	1,2	0	0,0
residual-holdout-observed-transitions.tsv/EV-holdout-rooms1025-1026-buffer7168/51	2048	5114	0,0	1,2	0	0,0
residual-holdout-observed-transitions.tsv/EV-holdout-rooms1025-1026-buffer7168/52	2048	5114	0,0	1,2	0	0,0
residual-holdout-observed-transitions.tsv/EV-holdout-rooms1025-1026-buffer7168/53	2048	5114	0,0	1,2	0	0,0
residual-holdout-observed-transitions.tsv/EV-holdout-rooms1025-1026-buffer7168/54	2048	5114	0,0	1,2	0	0,0
residual-holdout-observed-transitions.tsv/EV-holdout-rooms1025-1026-buffer7168/55	2048	5114	0,0	1,2	0	0,0
residual-holdout-observed-transitions.tsv/EV-holdout-rooms1025-1026-buffer7168/56	2048	5114	0,0	1,2	0	0,0
residual-holdout-observed-transitions.tsv/EV-holdout-rooms1025-1026-buffer7168/57	2048	5114	0,0	1,2	0	0,0
residual-holdout-observed-transitions.tsv/EV-holdout-rooms1025-1026-buffer7168/58	2048	5114	0,0	1,2	0	0,0
residual-holdout-observed-transitions.tsv/EV-holdout-rooms1025-1026-buffer7168/59	2048	5114	0,0	1,2	0	0,0
residual-holdout-observed-transitions.tsv/EV-holdout-rooms1025-1026-buffer7168/60	2048	5114	0,0	1,2	0	0,0
residual-holdout-observed-transitions.tsv/LV-holdout-rooms34-16-buffer112/21	32	112	34,16	1,2	96	75,16
residual-holdout-observed-transitions.tsv/LV-holdout-rooms34-16-buffer112/22	32	16	0,0	1,2	0	0,0
residual-holdout-observed-transitions.tsv/LV-holdout-rooms34-16-buffer112/23	32	16	0,0	1,2	0	0,0
residual-holdout-observed-transitions.tsv/LV-holdout-rooms34-16-buffer112/24	32	16	0,0	1,2	0	0,0
residual-holdout-observed-transitions.tsv/LV-holdout-rooms34-16-buffer112/25	32	16	0,0	1,2	0	0,0
residual-holdout-observed-transitions.tsv/LV-holdout-rooms34-16-buffer112/26	32	16	0,0	1,2	0	0,0
residual-holdout-observed-transitions.tsv/LV-holdout-rooms34-16-buffer112/27	32	16	0,0	1,2	0	0,0
residual-holdout-observed-transitions.tsv/LV-holdout-rooms34-16-buffer112/28	32	16	0,0	1,2	0	0,0
residual-holdout-observed-transitions.tsv/LV-holdout-rooms34-16-buffer112/29	32	16	0,0	1,2	0	0,0
residual-holdout-observed-transitions.tsv/LV-holdout-rooms34-16-buffer112/30	32	16	0,0	1,2	0	0,0
residual-holdout-observed-transitions.tsv/LV-holdout-rooms34-16-buffer112/31	32	16	0,0	1,2	0	0,0
residual-holdout-observed-transitions.tsv/LV-holdout-rooms34-16-buffer112/32	32	16	0,0	1,2	0	0,0
residual-holdout-observed-transitions.tsv/LV-holdout-rooms34-16-buffer112/33	32	16	0,0	1,2	0	0,0
residual-holdout-observed-transitions.tsv/LV-holdout-rooms34-16-buffer112/34	32	16	0,0	1,2	0	0,0
residual-holdout-observed-transitions.tsv/LV-holdout-rooms34-16-buffer112/35	32	16	0,0	1,2	0	0,0
residual-holdout-observed-transitions.tsv/LV-holdout-rooms34-16-buffer112/36	32	16	0,0	1,2	0	0,0
residual-holdout-observed-transitions.tsv/LV-holdout-rooms34-16-buffer112/37	32	16	0,0	1,2	0	0,0
residual-holdout-observed-transitions.tsv/LV-holdout-rooms34-16-buffer112/38	32	16	0,0	1,2	0	0,0
residual-holdout-observed-transitions.tsv/LV-holdout-rooms34-16-buffer112/39	32	16	0,0	1,2	0	0,0
residual-holdout-observed-transitions.tsv/LV-holdout-rooms34-16-buffer112/40	32	16	0,0	1,2	0	0,0
residual-holdout-observed-transitions.tsv/LV-holdout-rooms34-16-buffer112/41	32	16	0,0	1,2	0	0,0
residual-holdout-observed-transitions.tsv/LV-holdout-rooms34-16-buffer112/42	32	16	0,0	1,2	0	0,0
residual-holdout-observed-transitions.tsv/LV-holdout-rooms34-16-buffer112/43	32	16	0,0	1,2	0	0,0
residual-holdout-observed-transitions.tsv/LV-holdout-rooms34-16-buffer112/44	32	16	0,0	1,2	0	0,0
residual-holdout-observed-transitions.tsv/LV-holdout-rooms34-16-buffer112/45	32	16	0,0	1,2	0	0,0
residual-holdout-observed-transitions.tsv/LV-holdout-rooms34-16-buffer112/46	32	16	0,0	1,2	0	0,0
residual-holdout-observed-transitions.tsv/LV-holdout-rooms34-16-buffer112/47	32	16	0,0	1,2	0	0,0
residual-holdout-observed-transitions.tsv/LV-holdout-rooms34-16-buffer112/48	32	16	0,0	1,2	0	0,0
residual-holdout-observed-transitions.tsv/LV-holdout-rooms34-16-buffer112/49	32	16	0,0	1,2	0	0,0
residual-holdout-observed-transitions.tsv/LV-holdout-rooms34-16-buffer112/50	32	16	0,0	1,2	0	0,0
residual-holdout-observed-transitions.tsv/LV-holdout-rooms34-16-buffer112/51	32	16	0,0	1,2	0	0,0
residual-holdout-observed-transitions.tsv/LV-holdout-rooms34-16-buffer112/52	32	16	0,0	1,2	0	0,0
residual-holdout-observed-transitions.tsv/LV-holdout-rooms34-16-buffer112/53	32	16	0,0	1,2	0	0,0
residual-holdout-observed-transitions.tsv/LV-holdout-rooms34-16-buffer112/54	32	16	0,0	1,2	0	0,0
residual-holdout-observed-transitions.tsv/LV-holdout-rooms34-16-buffer112/55	32	16	0,0	1,2	0	0,0
residual-holdout-observed-transitions.tsv/LV-holdout-rooms34-16-buffer112/56	32	16	0,0	1,2	0	0,0
residual-holdout-observed-transitions.tsv/LV-holdout-rooms34-16-buffer112/57	32	16	0,0	1,2	0	0,0
residual-holdout-observed-transitions.tsv/LV-holdout-rooms34-16-buffer112/58	32	16	0,0	1,2	0	0,0
residual-holdout-observed-transitions.tsv/LV-holdout-rooms34-16-buffer112/59	32	16	0,0	1,2	0	0,0
residual-holdout-observed-transitions.tsv/LV-holdout-rooms34-16-buffer112/60	32	16	0,0	1,2	0	0,0
residual-holdout-observed-transitions.tsv/MV-holdout-rooms130-64-buffer448/21	128	448	130,64	1,2	384	381,0
residual-holdout-observed-transitions.tsv/MV-holdout-rooms130-64-buffer448/22	128	64	0,64	1,2	0	0,0
residual-holdout-observed-transitions.tsv/MV-holdout-rooms130-64-buffer448/23	128	64	0,64	1,2	0	0,0
residual-holdout-observed-transitions.tsv/MV-holdout-rooms130-64-buffer448/24	128	64	0,64	1,2	0	0,0
residual-holdout-observed-transitions.tsv/MV-holdout-rooms130-64-buffer448/25	128	64	0,64	1,2	0	0,0
residual-holdout-observed-transitions.tsv/MV-holdout-rooms130-64-buffer448/26	128	64	0,64	1,2	0	0,0
residual-holdout-observed-transitions.tsv/MV-holdout-rooms130-64-buffer448/27	128	64	0,64	1,2	0	0,0
residual-holdout-observed-transitions.tsv/MV-holdout-rooms130-64-buffer448/28	128	64	0,64	1,2	0	0,0
residual-holdout-observed-transitions.tsv/MV-holdout-rooms130-64-buffer448/29	128	64	0,64	1,2	0	0,0
residual-holdout-observed-transitions.tsv/MV-holdout-rooms130-64-buffer448/30	128	64	0,64	1,2	0	0,0
residual-holdout-observed-transitions.tsv/MV-holdout-rooms130-64-buffer448/31	128	64	0,64	1,2	0	0,0
residual-holdout-observed-transitions.tsv/MV-holdout-rooms130-64-buffer448/32	128	64	0,64	1,2	0	0,0
residual-holdout-observed-transitions.tsv/MV-holdout-rooms130-64-buffer448/33	128	64	0,64	1,2	0	0,0
residual-holdout-observed-transitions.tsv/MV-holdout-rooms130-64-buffer448/34	128	64	0,64	1,2	0	0,0
residual-holdout-observed-transitions.tsv/MV-holdout-rooms130-64-buffer448/35	128	64	0,64	1,2	0	0,0
residual-holdout-observed-transitions.tsv/MV-holdout-rooms130-64-buffer448/36	128	64	0,64	1,2	0	0,0
residual-holdout-observed-transitions.tsv/MV-holdout-rooms130-64-buffer448/37	128	64	0,64	1,2	0	0,0
residual-holdout-observed-transitions.tsv/MV-holdout-rooms130-64-buffer448/38	128	64	0,64	1,2	0	0,0
residual-holdout-observed-transitions.tsv/MV-holdout-rooms130-64-buffer448/39	128	64	0,64	1,2	0	0,0
residual-holdout-observed-transitions.tsv/MV-holdout-rooms130-64-buffer448/40	128	64	0,64	1,2	0	0,0
residual-holdout-observed-transitions.tsv/MV-holdout-rooms130-64-buffer448/41	128	64	0,64	1,2	0	0,0
residual-holdout-observed-transitions.tsv/MV-holdout-rooms130-64-buffer448/42	128	64	0,64	1,2	0	0,0
residual-holdout-observed-transitions.tsv/MV-holdout-rooms130-64-buffer448/43	128	64	0,64	1,2	0	0,0
residual-holdout-observed-transitions.tsv/MV-holdout-rooms130-64-buffer448/44	128	64	0,64	1,2	0	0,0
residual-holdout-observed-transitions.tsv/MV-holdout-rooms130-64-buffer448/45	128	64	0,64	1,2	0	0,0
residual-holdout-observed-transitions.tsv/MV-holdout-rooms130-64-buffer448/46	128	64	0,64	1,2	0	0,0
residual-holdout-observed-transitions.tsv/MV-holdout-rooms130-64-buffer448/47	128	64	0,64	1,2	0	0,0
residual-holdout-observed-transitions.tsv/MV-holdout-rooms130-64-buffer448/48	128	64	0,64	1,2	0	0,0
residual-holdout-observed-transitions.tsv/MV-holdout-rooms130-64-buffer448/49	128	64	0,64	1,2	0	0,0
residual-holdout-observed-transitions.tsv/MV-holdout-rooms130-64-buffer448/50	128	64	0,64	1,2	0	0,0
residual-holdout-observed-transitions.tsv/MV-holdout-rooms130-64-buffer448/51	128	64	0,64	1,2	0	0,0
residual-holdout-observed-transitions.tsv/MV-holdout-rooms130-64-buffer448/52	128	64	0,64	1,2	0	0,0
residual-holdout-observed-transitions.tsv/MV-holdout-rooms130-64-buffer448/53	128	64	0,64	1,2	0	0,0
residual-holdout-observed-transitions.tsv/MV-holdout-rooms130-64-buffer448/54	128	64	0,64	1,2	0	0,0
residual-holdout-observed-transitions.tsv/MV-holdout-rooms130-64-buffer448/55	128	64	0,64	1,2	0	0,0
residual-holdout-observed-transitions.tsv/MV-holdout-rooms130-64-buffer448/56	128	64	0,64	1,2	0	0,0
residual-holdout-observed-transitions.tsv/MV-holdout-rooms130-64-buffer448/57	128	64	0,64	1,2	0	0,0
residual-holdout-observed-transitions.tsv/MV-holdout-rooms130-64-buffer448/58	128	64	0,64	1,2	0	0,0
residual-holdout-observed-transitions.tsv/MV-holdout-rooms130-64-buffer448/59	128	64	0,64	1,2	0	0,0
residual-holdout-observed-transitions.tsv/MV-holdout-rooms130-64-buffer448/60	128	64	0,64	1,2	0	0,0
residual-holdout-observed-transitions.tsv/HV-holdout-rooms514-256-buffer1792/21	512	1792	514,256	1,2	1536	1533,0
residual-holdout-observed-transitions.tsv/HV-holdout-rooms514-256-buffer1792/22	512	256	0,256	1,2	0	0,0
residual-holdout-observed-transitions.tsv/HV-holdout-rooms514-256-buffer1792/23	512	256	0,256	1,2	0	0,0
residual-holdout-observed-transitions.tsv/HV-holdout-rooms514-256-buffer1792/24	512	256	0,256	1,2	0	0,0
residual-holdout-observed-transitions.tsv/HV-holdout-rooms514-256-buffer1792/25	512	256	0,256	1,2	0	0,0
residual-holdout-observed-transitions.tsv/HV-holdout-rooms514-256-buffer1792/26	512	256	0,256	1,2	0	0,0
residual-holdout-observed-transitions.tsv/HV-holdout-rooms514-256-buffer1792/27	512	256	0,256	1,2	0	0,0
residual-holdout-observed-transitions.tsv/HV-holdout-rooms514-256-buffer1792/28	512	256	0,256	1,2	0	0,0
residual-holdout-observed-transitions.tsv/HV-holdout-rooms514-256-buffer1792/29	512	256	0,256	1,2	0	0,0
residual-holdout-observed-transitions.tsv/HV-holdout-rooms514-256-buffer1792/30	512	256	0,256	1,2	0	0,0
residual-holdout-observed-transitions.tsv/HV-holdout-rooms514-256-buffer1792/31	512	256	0,256	1,2	0	0,0
residual-holdout-observed-transitions.tsv/HV-holdout-rooms514-256-buffer1792/32	512	256	0,256	1,2	0	0,0
residual-holdout-observed-transitions.tsv/HV-holdout-rooms514-256-buffer1792/33	512	256	0,256	1,2	0	0,0
residual-holdout-observed-transitions.tsv/HV-holdout-rooms514-256-buffer1792/34	512	256	0,256	1,2	0	0,0
residual-holdout-observed-transitions.tsv/HV-holdout-rooms514-256-buffer1792/35	512	256	0,256	1,2	0	0,0
residual-holdout-observed-transitions.tsv/HV-holdout-rooms514-256-buffer1792/36	512	256	0,256	1,2	0	0,0
residual-holdout-observed-transitions.tsv/HV-holdout-rooms514-256-buffer1792/37	512	256	0,256	1,2	0	0,0
residual-holdout-observed-transitions.tsv/HV-holdout-rooms514-256-buffer1792/38	512	256	0,256	1,2	0	0,0
residual-holdout-observed-transitions.tsv/HV-holdout-rooms514-256-buffer1792/39	512	256	0,256	1,2	0	0,0
residual-holdout-observed-transitions.tsv/HV-holdout-rooms514-256-buffer1792/40	512	256	0,256	1,2	0	0,0
residual-holdout-observed-transitions.tsv/HV-holdout-rooms514-256-buffer1792/41	512	256	0,256	1,2	0	0,0
residual-holdout-observed-transitions.tsv/HV-holdout-rooms514-256-buffer1792/42	512	256	0,256	1,2	0	0,0
residual-holdout-observed-transitions.tsv/HV-holdout-rooms514-256-buffer1792/43	512	256	0,256	1,2	0	0,0
residual-holdout-observed-transitions.tsv/HV-holdout-rooms514-256-buffer1792/44	512	256	0,256	1,2	0	0,0
residual-holdout-observed-transitions.tsv/HV-holdout-rooms514-256-buffer1792/45	512	256	0,256	1,2	0	0,0
residual-holdout-observed-transitions.tsv/HV-holdout-rooms514-256-buffer1792/46	512	256	0,256	1,2	0	0,0
residual-holdout-observed-transitions.tsv/HV-holdout-rooms514-256-buffer1792/47	512	256	0,256	1,2	0	0,0
residual-holdout-observed-transitions.tsv/HV-holdout-rooms514-256-buffer1792/48	512	256	0,256	1,2	0	0,0
residual-holdout-observed-transitions.tsv/HV-holdout-rooms514-256-buffer1792/49	512	256	0,256	1,2	0	0,0
residual-holdout-observed-transitions.tsv/HV-holdout-rooms514-256-buffer1792/50	512	256	0,256	1,2	0	0,0
residual-holdout-observed-transitions.tsv/HV-holdout-rooms514-256-buffer1792/51	512	256	0,256	1,2	0	0,0
residual-holdout-observed-transitions.tsv/HV-holdout-rooms514-256-buffer1792/52	512	256	0,256	1,2	0	0,0
residual-holdout-observed-transitions.tsv/HV-holdout-rooms514-256-buffer1792/53	512	256	0,256	1,2	0	0,0
residual-holdout-observed-transitions.tsv/HV-holdout-rooms514-256-buffer1792/54	512	256	0,256	1,2	0	0,0
residual-holdout-observed-transitions.tsv/HV-holdout-rooms514-256-buffer1792/55	512	256	0,256	1,2	0	0,0
residual-holdout-observed-transitions.tsv/HV-holdout-rooms514-256-buffer1792/56	512	256	0,256	1,2	0	0,0
residual-holdout-observed-transitions.tsv/HV-holdout-rooms514-256-buffer1792/57	512	256	0,256	1,2	0	0,0
residual-holdout-observed-transitions.tsv/HV-holdout-rooms514-256-buffer1792/58	512	256	0,256	1,2	0	0,0
residual-holdout-observed-transitions.tsv/HV-holdout-rooms514-256-buffer1792/59	512	256	0,256	1,2	0	0,0
residual-holdout-observed-transitions.tsv/HV-holdout-rooms514-256-buffer1792/60	512	256	0,256	1,2	0	0,0
residual-holdout-observed-transitions.tsv/EV-holdout-rooms2050-1024-buffer7168/21	2048	7168	2050,1024	1,2	6144	5115,1024
residual-holdout-observed-transitions.tsv/EV-holdout-rooms2050-1024-buffer7168/22	2048	1024	0,0	1,2	0	0,0
residual-holdout-observed-transitions.tsv/EV-holdout-rooms2050-1024-buffer7168/23	2048	1024	0,0	1,2	0	0,0
residual-holdout-observed-transitions.tsv/EV-holdout-rooms2050-1024-buffer7168/24	2048	1024	0,0	1,2	0	0,0
residual-holdout-observed-transitions.tsv/EV-holdout-rooms2050-1024-buffer7168/25	2048	1024	0,0	1,2	0	0,0
residual-holdout-observed-transitions.tsv/EV-holdout-rooms2050-1024-buffer7168/26	2048	1024	0,0	1,2	0	0,0
residual-holdout-observed-transitions.tsv/EV-holdout-rooms2050-1024-buffer7168/27	2048	1024	0,0	1,2	0	0,0
residual-holdout-observed-transitions.tsv/EV-holdout-rooms2050-1024-buffer7168/28	2048	1024	0,0	1,2	0	0,0
residual-holdout-observed-transitions.tsv/EV-holdout-rooms2050-1024-buffer7168/29	2048	1024	0,0	1,2	0	0,0
residual-holdout-observed-transitions.tsv/EV-holdout-rooms2050-1024-buffer7168/30	2048	1024	0,0	1,2	0	0,0
residual-holdout-observed-transitions.tsv/EV-holdout-rooms2050-1024-buffer7168/31	2048	1024	0,0	1,2	0	0,0
residual-holdout-observed-transitions.tsv/EV-holdout-rooms2050-1024-buffer7168/32	2048	1024	0,0	1,2	0	0,0
residual-holdout-observed-transitions.tsv/EV-holdout-rooms2050-1024-buffer7168/33	2048	1024	0,0	1,2	0	0,0
residual-holdout-observed-transitions.tsv/EV-holdout-rooms2050-1024-buffer7168/34	2048	1024	0,0	1,2	0	0,0
residual-holdout-observed-transitions.tsv/EV-holdout-rooms2050-1024-buffer7168/35	2048	1024	0,0	1,2	0	0,0
residual-holdout-observed-transitions.tsv/EV-holdout-rooms2050-1024-buffer7168/36	2048	1024	0,0	1,2	0	0,0
residual-holdout-observed-transitions.tsv/EV-holdout-rooms2050-1024-buffer7168/37	2048	1024	0,0	1,2	0	0,0
residual-holdout-observed-transitions.tsv/EV-holdout-rooms2050-1024-buffer7168/38	2048	1024	0,0	1,2	0	0,0
residual-holdout-observed-transitions.tsv/EV-holdout-rooms2050-1024-buffer7168/39	2048	1024	0,0	1,2	0	0,0
residual-holdout-observed-transitions.tsv/EV-holdout-rooms2050-1024-buffer7168/40	2048	1024	0,0	1,2	0	0,0
residual-holdout-observed-transitions.tsv/EV-holdout-rooms2050-1024-buffer7168/41	2048	1024	0,0	1,2	0	0,0
residual-holdout-observed-transitions.tsv/EV-holdout-rooms2050-1024-buffer7168/42	2048	1024	0,0	1,2	0	0,0
residual-holdout-observed-transitions.tsv/EV-holdout-rooms2050-1024-buffer7168/43	2048	1024	0,0	1,2	0	0,0
residual-holdout-observed-transitions.tsv/EV-holdout-rooms2050-1024-buffer7168/44	2048	1024	0,0	1,2	0	0,0
residual-holdout-observed-transitions.tsv/EV-holdout-rooms2050-1024-buffer7168/45	2048	1024	0,0	1,2	0	0,0
residual-holdout-observed-transitions.tsv/EV-holdout-rooms2050-1024-buffer7168/46	2048	1024	0,0	1,2	0	0,0
residual-holdout-observed-transitions.tsv/EV-holdout-rooms2050-1024-buffer7168/47	2048	1024	0,0	1,2	0	0,0
residual-holdout-observed-transitions.tsv/EV-holdout-rooms2050-1024-buffer7168/48	2048	1024	0,0	1,2	0	0,0
residual-holdout-observed-transitions.tsv/EV-holdout-rooms2050-1024-buffer7168/49	2048	1024	0,0	1,2	0	0,0
residual-holdout-observed-transitions.tsv/EV-holdout-rooms2050-1024-buffer7168/50	2048	1024	0,0	1,2	0	0,0
residual-holdout-observed-transitions.tsv/EV-holdout-rooms2050-1024-buffer7168/51	2048	1024	0,0	1,2	0	0,0
residual-holdout-observed-transitions.tsv/EV-holdout-rooms2050-1024-buffer7168/52	2048	1024	0,0	1,2	0	0,0
residual-holdout-observed-transitions.tsv/EV-holdout-rooms2050-1024-buffer7168/53	2048	1024	0,0	1,2	0	0,0
residual-holdout-observed-transitions.tsv/EV-holdout-rooms2050-1024-buffer7168/54	2048	1024	0,0	1,2	0	0,0
residual-holdout-observed-transitions.tsv/EV-holdout-rooms2050-1024-buffer7168/55	2048	1024	0,0	1,2	0	0,0
residual-holdout-observed-transitions.tsv/EV-holdout-rooms2050-1024-buffer7168/56	2048	1024	0,0	1,2	0	0,0
residual-holdout-observed-transitions.tsv/EV-holdout-rooms2050-1024-buffer7168/57	2048	1024	0,0	1,2	0	0,0
residual-holdout-observed-transitions.tsv/EV-holdout-rooms2050-1024-buffer7168/58	2048	1024	0,0	1,2	0	0,0
residual-holdout-observed-transitions.tsv/EV-holdout-rooms2050-1024-buffer7168/59	2048	1024	0,0	1,2	0	0,0
residual-holdout-observed-transitions.tsv/EV-holdout-rooms2050-1024-buffer7168/60	2048	1024	0,0	1,2	0	0,0
triple-observed-transitions.tsv/LV-rooms31-33-40000000-buffer112/21	32	112	31,33,40000000	0,0,0	96	0,96,0
triple-observed-transitions.tsv/LV-rooms31-33-40000000-buffer112/22	32	16	31,0,40000000	0,0,0	0	0,0,0
triple-observed-transitions.tsv/LV-rooms31-33-40000000-buffer112/23	32	16	31,0,40000000	0,0,0	0	0,0,0
triple-observed-transitions.tsv/LV-rooms31-33-40000000-buffer112/24	32	16	31,0,40000000	0,0,0	0	0,0,0
triple-observed-transitions.tsv/LV-rooms31-33-40000000-buffer112/25	32	16	31,0,40000000	0,0,0	0	0,0,0
triple-observed-transitions.tsv/LV-rooms31-33-40000000-buffer112/26	32	16	31,0,40000000	0,0,0	0	0,0,0
triple-observed-transitions.tsv/LV-rooms31-33-40000000-buffer112/27	32	16	31,0,40000000	0,0,0	0	0,0,0
triple-observed-transitions.tsv/LV-rooms31-33-40000000-buffer112/28	32	16	31,0,40000000	0,0,0	0	0,0,0
triple-observed-transitions.tsv/LV-rooms31-33-40000000-buffer112/29	32	16	31,0,40000000	0,0,0	0	0,0,0
triple-observed-transitions.tsv/LV-rooms31-33-40000000-buffer112/30	32	16	31,0,40000000	0,0,0	0	0,0,0
triple-observed-transitions.tsv/LV-rooms31-33-40000000-buffer112/31	32	16	31,0,40000000	0,0,0	0	0,0,0
triple-observed-transitions.tsv/LV-rooms31-33-40000000-buffer112/32	32	16	31,0,40000000	0,0,0	0	0,0,0
triple-observed-transitions.tsv/LV-rooms31-33-40000000-buffer112/33	32	16	31,0,40000000	0,0,0	0	0,0,0
triple-observed-transitions.tsv/LV-rooms31-33-40000000-buffer112/34	32	16	31,0,40000000	0,0,0	0	0,0,0
triple-observed-transitions.tsv/LV-rooms31-33-40000000-buffer112/35	32	16	31,0,40000000	0,0,0	0	0,0,0
triple-observed-transitions.tsv/LV-rooms31-33-40000000-buffer112/36	32	16	31,0,40000000	0,0,0	0	0,0,0
triple-observed-transitions.tsv/LV-rooms31-33-40000000-buffer112/37	32	16	31,0,40000000	0,0,0	0	0,0,0
triple-observed-transitions.tsv/LV-rooms31-33-40000000-buffer112/38	32	16	31,0,40000000	0,0,0	0	0,0,0
triple-observed-transitions.tsv/LV-rooms31-33-40000000-buffer112/39	32	16	31,0,40000000	0,0,0	0	0,0,0
triple-observed-transitions.tsv/LV-rooms31-33-40000000-buffer112/40	32	16	31,0,40000000	0,0,0	0	0,0,0
triple-observed-transitions.tsv/LV-rooms31-33-40000000-buffer112/41	32	16	31,0,40000000	0,0,0	0	0,0,0
triple-observed-transitions.tsv/LV-rooms31-33-40000000-buffer112/42	32	16	31,0,40000000	0,0,0	0	0,0,0
triple-observed-transitions.tsv/LV-rooms31-33-40000000-buffer112/43	32	16	31,0,40000000	0,0,0	0	0,0,0
triple-observed-transitions.tsv/LV-rooms31-33-40000000-buffer112/44	32	16	31,0,40000000	0,0,0	0	0,0,0
triple-observed-transitions.tsv/LV-rooms31-33-40000000-buffer112/45	32	16	31,0,40000000	0,0,0	0	0,0,0
triple-observed-transitions.tsv/LV-rooms31-33-40000000-buffer112/46	32	16	31,0,40000000	0,0,0	0	0,0,0
triple-observed-transitions.tsv/LV-rooms31-33-40000000-buffer112/47	32	16	31,0,40000000	0,0,0	0	0,0,0
triple-observed-transitions.tsv/LV-rooms31-33-40000000-buffer112/48	32	16	31,0,40000000	0,0,0	0	0,0,0
triple-observed-transitions.tsv/LV-rooms31-33-40000000-buffer112/49	32	16	31,0,40000000	0,0,0	0	0,0,0
triple-observed-transitions.tsv/LV-rooms31-33-40000000-buffer112/50	32	16	31,0,40000000	0,0,0	0	0,0,0
triple-observed-transitions.tsv/LV-rooms31-33-40000000-buffer112/51	32	16	31,0,40000000	0,0,0	0	0,0,0
triple-observed-transitions.tsv/LV-rooms31-33-40000000-buffer112/52	32	16	31,0,40000000	0,0,0	0	0,0,0
triple-observed-transitions.tsv/LV-rooms31-33-40000000-buffer112/53	32	16	31,0,40000000	0,0,0	0	0,0,0
triple-observed-transitions.tsv/LV-rooms31-33-40000000-buffer112/54	32	16	31,0,40000000	0,0,0	0	0,0,0
triple-observed-transitions.tsv/LV-rooms31-33-40000000-buffer112/55	32	16	31,0,40000000	0,0,0	0	0,0,0
triple-observed-transitions.tsv/LV-rooms31-33-40000000-buffer112/56	32	16	31,0,40000000	0,0,0	0	0,0,0
triple-observed-transitions.tsv/LV-rooms31-33-40000000-buffer112/57	32	16	31,0,40000000	0,0,0	0	0,0,0
triple-observed-transitions.tsv/LV-rooms31-33-40000000-buffer112/58	32	16	31,0,40000000	0,0,0	0	0,0,0
triple-observed-transitions.tsv/LV-rooms31-33-40000000-buffer112/59	32	16	31,0,40000000	0,0,0	0	0,0,0
triple-observed-transitions.tsv/LV-rooms31-33-40000000-buffer112/60	32	16	31,0,40000000	0,0,0	0	0,0,0
triple-observed-transitions.tsv/LV-rooms31-33-40000000-buffer256/21	32	256	31,33,40000000	0,0,0	128	31,0,97
triple-observed-transitions.tsv/LV-rooms31-33-40000000-buffer256/22	32	128	0,33,39999903	0,0,0	128	0,128,0
triple-observed-transitions.tsv/LV-rooms31-33-40000000-buffer256/23	32	0	0,0,39999903	0,0,0	0	0,0,0
triple-observed-transitions.tsv/LV-rooms31-33-40000000-buffer256/24	32	0	0,0,39999903	0,0,0	0	0,0,0
triple-observed-transitions.tsv/LV-rooms31-33-40000000-buffer256/25	32	0	0,0,39999903	0,0,0	0	0,0,0
triple-observed-transitions.tsv/LV-rooms31-33-40000000-buffer256/26	32	0	0,0,39999903	0,0,0	0	0,0,0
triple-observed-transitions.tsv/LV-rooms31-33-40000000-buffer256/27	32	0	0,0,39999903	0,0,0	0	0,0,0
triple-observed-transitions.tsv/LV-rooms31-33-40000000-buffer256/28	32	0	0,0,39999903	0,0,0	0	0,0,0
triple-observed-transitions.tsv/LV-rooms31-33-40000000-buffer256/29	32	0	0,0,39999903	0,0,0	0	0,0,0
triple-observed-transitions.tsv/LV-rooms31-33-40000000-buffer256/30	32	0	0,0,39999903	0,0,0	0	0,0,0
triple-observed-transitions.tsv/LV-rooms31-33-40000000-buffer256/31	32	0	0,0,39999903	0,0,0	0	0,0,0
triple-observed-transitions.tsv/LV-rooms31-33-40000000-buffer256/32	32	0	0,0,39999903	0,0,0	0	0,0,0
triple-observed-transitions.tsv/LV-rooms31-33-40000000-buffer256/33	32	0	0,0,39999903	0,0,0	0	0,0,0
triple-observed-transitions.tsv/LV-rooms31-33-40000000-buffer256/34	32	0	0,0,39999903	0,0,0	0	0,0,0
triple-observed-transitions.tsv/LV-rooms31-33-40000000-buffer256/35	32	0	0,0,39999903	0,0,0	0	0,0,0
triple-observed-transitions.tsv/LV-rooms31-33-40000000-buffer256/36	32	0	0,0,39999903	0,0,0	0	0,0,0
triple-observed-transitions.tsv/LV-rooms31-33-40000000-buffer256/37	32	0	0,0,39999903	0,0,0	0	0,0,0
triple-observed-transitions.tsv/LV-rooms31-33-40000000-buffer256/38	32	0	0,0,39999903	0,0,0	0	0,0,0
triple-observed-transitions.tsv/LV-rooms31-33-40000000-buffer256/39	32	0	0,0,39999903	0,0,0	0	0,0,0
triple-observed-transitions.tsv/LV-rooms31-33-40000000-buffer256/40	32	0	0,0,39999903	0,0,0	0	0,0,0
triple-observed-transitions.tsv/LV-rooms31-33-40000000-buffer256/41	32	0	0,0,39999903	0,0,0	0	0,0,0
triple-observed-transitions.tsv/LV-rooms31-33-40000000-buffer256/42	32	0	0,0,39999903	0,0,0	0	0,0,0
triple-observed-transitions.tsv/LV-rooms31-33-40000000-buffer256/43	32	0	0,0,39999903	0,0,0	0	0,0,0
triple-observed-transitions.tsv/LV-rooms31-33-40000000-buffer256/44	32	0	0,0,39999903	0,0,0	0	0,0,0
triple-observed-transitions.tsv/LV-rooms31-33-40000000-buffer256/45	32	0	0,0,39999903	0,0,0	0	0,0,0
triple-observed-transitions.tsv/LV-rooms31-33-40000000-buffer256/46	32	0	0,0,39999903	0,0,0	0	0,0,0
triple-observed-transitions.tsv/LV-rooms31-33-40000000-buffer256/47	32	0	0,0,39999903	0,0,0	0	0,0,0
triple-observed-transitions.tsv/LV-rooms31-33-40000000-buffer256/48	32	0	0,0,39999903	0,0,0	0	0,0,0
triple-observed-transitions.tsv/LV-rooms31-33-40000000-buffer256/49	32	0	0,0,39999903	0,0,0	0	0,0,0
triple-observed-transitions.tsv/LV-rooms31-33-40000000-buffer256/50	32	0	0,0,39999903	0,0,0	0	0,0,0
triple-observed-transitions.tsv/LV-rooms31-33-40000000-buffer256/51	32	0	0,0,39999903	0,0,0	0	0,0,0
triple-observed-transitions.tsv/LV-rooms31-33-40000000-buffer256/52	32	0	0,0,39999903	0,0,0	0	0,0,0
triple-observed-transitions.tsv/LV-rooms31-33-40000000-buffer256/53	32	0	0,0,39999903	0,0,0	0	0,0,0
triple-observed-transitions.tsv/LV-rooms31-33-40000000-buffer256/54	32	0	0,0,39999903	0,0,0	0	0,0,0
triple-observed-transitions.tsv/LV-rooms31-33-40000000-buffer256/55	32	0	0,0,39999903	0,0,0	0	0,0,0
triple-observed-transitions.tsv/LV-rooms31-33-40000000-buffer256/56	32	0	0,0,39999903	0,0,0	0	0,0,0
triple-observed-transitions.tsv/LV-rooms31-33-40000000-buffer256/57	32	0	0,0,39999903	0,0,0	0	0,0,0
triple-observed-transitions.tsv/LV-rooms31-33-40000000-buffer256/58	32	0	0,0,39999903	0,0,0	0	0,0,0
triple-observed-transitions.tsv/LV-rooms31-33-40000000-buffer256/59	32	0	0,0,39999903	0,0,0	0	0,0,0
triple-observed-transitions.tsv/LV-rooms31-33-40000000-buffer256/60	32	0	0,0,39999903	0,0,0	0	0,0,0
triple-observed-transitions.tsv/LV-rooms1-1-40000000-buffer112/21	32	112	1,1,40000000	0,0,0	96	1,0,95
triple-observed-transitions.tsv/LV-rooms1-1-40000000-buffer112/22	32	16	0,1,39999905	0,0,0	0	0,0,0
triple-observed-transitions.tsv/LV-rooms1-1-40000000-buffer112/23	32	16	0,1,39999905	0,0,0	0	0,0,0
triple-observed-transitions.tsv/LV-rooms1-1-40000000-buffer112/24	32	16	0,1,39999905	0,0,0	0	0,0,0
triple-observed-transitions.tsv/LV-rooms1-1-40000000-buffer112/25	32	16	0,1,39999905	0,0,0	0	0,0,0
triple-observed-transitions.tsv/LV-rooms1-1-40000000-buffer112/26	32	16	0,1,39999905	0,0,0	0	0,0,0
triple-observed-transitions.tsv/LV-rooms1-1-40000000-buffer112/27	32	16	0,1,39999905	0,0,0	0	0,0,0
triple-observed-transitions.tsv/LV-rooms1-1-40000000-buffer112/28	32	16	0,1,39999905	0,0,0	0	0,0,0
triple-observed-transitions.tsv/LV-rooms1-1-40000000-buffer112/29	32	16	0,1,39999905	0,0,0	0	0,0,0
triple-observed-transitions.tsv/LV-rooms1-1-40000000-buffer112/30	32	16	0,1,39999905	0,0,0	0	0,0,0
triple-observed-transitions.tsv/LV-rooms1-1-40000000-buffer112/31	32	16	0,1,39999905	0,0,0	0	0,0,0
triple-observed-transitions.tsv/LV-rooms1-1-40000000-buffer112/32	32	16	0,1,39999905	0,0,0	0	0,0,0
triple-observed-transitions.tsv/LV-rooms1-1-40000000-buffer112/33	32	16	0,1,39999905	0,0,0	0	0,0,0
triple-observed-transitions.tsv/LV-rooms1-1-40000000-buffer112/34	32	16	0,1,39999905	0,0,0	0	0,0,0
triple-observed-transitions.tsv/LV-rooms1-1-40000000-buffer112/35	32	16	0,1,39999905	0,0,0	0	0,0,0
triple-observed-transitions.tsv/LV-rooms1-1-40000000-buffer112/36	32	16	0,1,39999905	0,0,0	0	0,0,0
triple-observed-transitions.tsv/LV-rooms1-1-40000000-buffer112/37	32	16	0,1,39999905	0,0,0	0	0,0,0
triple-observed-transitions.tsv/LV-rooms1-1-40000000-buffer112/38	32	16	0,1,39999905	0,0,0	0	0,0,0
triple-observed-transitions.tsv/LV-rooms1-1-40000000-buffer112/39	32	16	0,1,39999905	0,0,0	0	0,0,0
triple-observed-transitions.tsv/LV-rooms1-1-40000000-buffer112/40	32	16	0,1,39999905	0,0,0	0	0,0,0
triple-observed-transitions.tsv/LV-rooms1-1-40000000-buffer112/41	32	16	0,1,39999905	0,0,0	0	0,0,0
triple-observed-transitions.tsv/LV-rooms1-1-40000000-buffer112/42	32	16	0,1,39999905	0,0,0	0	0,0,0
triple-observed-transitions.tsv/LV-rooms1-1-40000000-buffer112/43	32	16	0,1,39999905	0,0,0	0	0,0,0
triple-observed-transitions.tsv/LV-rooms1-1-40000000-buffer112/44	32	16	0,1,39999905	0,0,0	0	0,0,0
triple-observed-transitions.tsv/LV-rooms1-1-40000000-buffer112/45	32	16	0,1,39999905	0,0,0	0	0,0,0
triple-observed-transitions.tsv/LV-rooms1-1-40000000-buffer112/46	32	16	0,1,39999905	0,0,0	0	0,0,0
triple-observed-transitions.tsv/LV-rooms1-1-40000000-buffer112/47	32	16	0,1,39999905	0,0,0	0	0,0,0
triple-observed-transitions.tsv/LV-rooms1-1-40000000-buffer112/48	32	16	0,1,39999905	0,0,0	0	0,0,0
triple-observed-transitions.tsv/LV-rooms1-1-40000000-buffer112/49	32	16	0,1,39999905	0,0,0	0	0,0,0
triple-observed-transitions.tsv/LV-rooms1-1-40000000-buffer112/50	32	16	0,1,39999905	0,0,0	0	0,0,0
triple-observed-transitions.tsv/LV-rooms1-1-40000000-buffer112/51	32	16	0,1,39999905	0,0,0	0	0,0,0
triple-observed-transitions.tsv/LV-rooms1-1-40000000-buffer112/52	32	16	0,1,39999905	0,0,0	0	0,0,0
triple-observed-transitions.tsv/LV-rooms1-1-40000000-buffer112/53	32	16	0,1,39999905	0,0,0	0	0,0,0
triple-observed-transitions.tsv/LV-rooms1-1-40000000-buffer112/54	32	16	0,1,39999905	0,0,0	0	0,0,0
triple-observed-transitions.tsv/LV-rooms1-1-40000000-buffer112/55	32	16	0,1,39999905	0,0,0	0	0,0,0
triple-observed-transitions.tsv/LV-rooms1-1-40000000-buffer112/56	32	16	0,1,39999905	0,0,0	0	0,0,0
triple-observed-transitions.tsv/LV-rooms1-1-40000000-buffer112/57	32	16	0,1,39999905	0,0,0	0	0,0,0
triple-observed-transitions.tsv/LV-rooms1-1-40000000-buffer112/58	32	16	0,1,39999905	0,0,0	0	0,0,0
triple-observed-transitions.tsv/LV-rooms1-1-40000000-buffer112/59	32	16	0,1,39999905	0,0,0	0	0,0,0
triple-observed-transitions.tsv/LV-rooms1-1-40000000-buffer112/60	32	16	0,1,39999905	0,0,0	0	0,0,0
triple-observed-transitions.tsv/LV-rooms1-1-40000000-buffer256/21	32	256	1,1,40000000	0,0,0	128	1,1,126
triple-observed-transitions.tsv/LV-rooms1-1-40000000-buffer256/22	32	128	0,0,39999874	0,0,0	128	0,0,128
triple-observed-transitions.tsv/LV-rooms1-1-40000000-buffer256/23	32	0	0,0,39999746	0,0,0	0	0,0,0
triple-observed-transitions.tsv/LV-rooms1-1-40000000-buffer256/24	32	0	0,0,39999746	0,0,0	0	0,0,0
triple-observed-transitions.tsv/LV-rooms1-1-40000000-buffer256/25	32	0	0,0,39999746	0,0,0	0	0,0,0
triple-observed-transitions.tsv/LV-rooms1-1-40000000-buffer256/26	32	0	0,0,39999746	0,0,0	0	0,0,0
triple-observed-transitions.tsv/LV-rooms1-1-40000000-buffer256/27	32	0	0,0,39999746	0,0,0	0	0,0,0
triple-observed-transitions.tsv/LV-rooms1-1-40000000-buffer256/28	32	0	0,0,39999746	0,0,0	0	0,0,0
triple-observed-transitions.tsv/LV-rooms1-1-40000000-buffer256/29	32	0	0,0,39999746	0,0,0	0	0,0,0
triple-observed-transitions.tsv/LV-rooms1-1-40000000-buffer256/30	32	0	0,0,39999746	0,0,0	0	0,0,0
triple-observed-transitions.tsv/LV-rooms1-1-40000000-buffer256/31	32	0	0,0,39999746	0,0,0	0	0,0,0
triple-observed-transitions.tsv/LV-rooms1-1-40000000-buffer256/32	32	0	0,0,39999746	0,0,0	0	0,0,0
triple-observed-transitions.tsv/LV-rooms1-1-40000000-buffer256/33	32	0	0,0,39999746	0,0,0	0	0,0,0
triple-observed-transitions.tsv/LV-rooms1-1-40000000-buffer256/34	32	0	0,0,39999746	0,0,0	0	0,0,0
triple-observed-transitions.tsv/LV-rooms1-1-40000000-buffer256/35	32	0	0,0,39999746	0,0,0	0	0,0,0
triple-observed-transitions.tsv/LV-rooms1-1-40000000-buffer256/36	32	0	0,0,39999746	0,0,0	0	0,0,0
triple-observed-transitions.tsv/LV-rooms1-1-40000000-buffer256/37	32	0	0,0,39999746	0,0,0	0	0,0,0
triple-observed-transitions.tsv/LV-rooms1-1-40000000-buffer256/38	32	0	0,0,39999746	0,0,0	0	0,0,0
triple-observed-transitions.tsv/LV-rooms1-1-40000000-buffer256/39	32	0	0,0,39999746	0,0,0	0	0,0,0
triple-observed-transitions.tsv/LV-rooms1-1-40000000-buffer256/40	32	0	0,0,39999746	0,0,0	0	0,0,0
triple-observed-transitions.tsv/LV-rooms1-1-40000000-buffer256/41	32	0	0,0,39999746	0,0,0	0	0,0,0
triple-observed-transitions.tsv/LV-rooms1-1-40000000-buffer256/42	32	0	0,0,39999746	0,0,0	0	0,0,0
triple-observed-transitions.tsv/LV-rooms1-1-40000000-buffer256/43	32	0	0,0,39999746	0,0,0	0	0,0,0
triple-observed-transitions.tsv/LV-rooms1-1-40000000-buffer256/44	32	0	0,0,39999746	0,0,0	0	0,0,0
triple-observed-transitions.tsv/LV-rooms1-1-40000000-buffer256/45	32	0	0,0,39999746	0,0,0	0	0,0,0
triple-observed-transitions.tsv/LV-rooms1-1-40000000-buffer256/46	32	0	0,0,39999746	0,0,0	0	0,0,0
triple-observed-transitions.tsv/LV-rooms1-1-40000000-buffer256/47	32	0	0,0,39999746	0,0,0	0	0,0,0
triple-observed-transitions.tsv/LV-rooms1-1-40000000-buffer256/48	32	0	0,0,39999746	0,0,0	0	0,0,0
triple-observed-transitions.tsv/LV-rooms1-1-40000000-buffer256/49	32	0	0,0,39999746	0,0,0	0	0,0,0
triple-observed-transitions.tsv/LV-rooms1-1-40000000-buffer256/50	32	0	0,0,39999746	0,0,0	0	0,0,0
triple-observed-transitions.tsv/LV-rooms1-1-40000000-buffer256/51	32	0	0,0,39999746	0,0,0	0	0,0,0
triple-observed-transitions.tsv/LV-rooms1-1-40000000-buffer256/52	32	0	0,0,39999746	0,0,0	0	0,0,0
triple-observed-transitions.tsv/LV-rooms1-1-40000000-buffer256/53	32	0	0,0,39999746	0,0,0	0	0,0,0
triple-observed-transitions.tsv/LV-rooms1-1-40000000-buffer256/54	32	0	0,0,39999746	0,0,0	0	0,0,0
triple-observed-transitions.tsv/LV-rooms1-1-40000000-buffer256/55	32	0	0,0,39999746	0,0,0	0	0,0,0
triple-observed-transitions.tsv/LV-rooms1-1-40000000-buffer256/56	32	0	0,0,39999746	0,0,0	0	0,0,0
triple-observed-transitions.tsv/LV-rooms1-1-40000000-buffer256/57	32	0	0,0,39999746	0,0,0	0	0,0,0
triple-observed-transitions.tsv/LV-rooms1-1-40000000-buffer256/58	32	0	0,0,39999746	0,0,0	0	0,0,0
triple-observed-transitions.tsv/LV-rooms1-1-40000000-buffer256/59	32	0	0,0,39999746	0,0,0	0	0,0,0
triple-observed-transitions.tsv/LV-rooms1-1-40000000-buffer256/60	32	0	0,0,39999746	0,0,0	0	0,0,0
triple-observed-transitions.tsv/LV-rooms17-17-33-buffer112/21	32	112	17,17,33	0,0,0	96	0,17,79
triple-observed-transitions.tsv/LV-rooms17-17-33-buffer112/22	32	16	17,0,0	0,0,0	0	0,0,0
triple-observed-transitions.tsv/LV-rooms17-17-33-buffer112/23	32	16	17,0,0	0,0,0	0	0,0,0
triple-observed-transitions.tsv/LV-rooms17-17-33-buffer112/24	32	16	17,0,0	0,0,0	0	0,0,0
triple-observed-transitions.tsv/LV-rooms17-17-33-buffer112/25	32	16	17,0,0	0,0,0	0	0,0,0
triple-observed-transitions.tsv/LV-rooms17-17-33-buffer112/26	32	16	17,0,0	0,0,0	0	0,0,0
triple-observed-transitions.tsv/LV-rooms17-17-33-buffer112/27	32	16	17,0,0	0,0,0	0	0,0,0
triple-observed-transitions.tsv/LV-rooms17-17-33-buffer112/28	32	16	17,0,0	0,0,0	0	0,0,0
triple-observed-transitions.tsv/LV-rooms17-17-33-buffer112/29	32	16	17,0,0	0,0,0	0	0,0,0
triple-observed-transitions.tsv/LV-rooms17-17-33-buffer112/30	32	16	17,0,0	0,0,0	0	0,0,0
triple-observed-transitions.tsv/LV-rooms17-17-33-buffer112/31	32	16	17,0,0	0,0,0	0	0,0,0
triple-observed-transitions.tsv/LV-rooms17-17-33-buffer112/32	32	16	17,0,0	0,0,0	0	0,0,0
triple-observed-transitions.tsv/LV-rooms17-17-33-buffer112/33	32	16	17,0,0	0,0,0	0	0,0,0
triple-observed-transitions.tsv/LV-rooms17-17-33-buffer112/34	32	16	17,0,0	0,0,0	0	0,0,0
triple-observed-transitions.tsv/LV-rooms17-17-33-buffer112/35	32	16	17,0,0	0,0,0	0	0,0,0
triple-observed-transitions.tsv/LV-rooms17-17-33-buffer112/36	32	16	17,0,0	0,0,0	0	0,0,0
triple-observed-transitions.tsv/LV-rooms17-17-33-buffer112/37	32	16	17,0,0	0,0,0	0	0,0,0
triple-observed-transitions.tsv/LV-rooms17-17-33-buffer112/38	32	16	17,0,0	0,0,0	0	0,0,0
triple-observed-transitions.tsv/LV-rooms17-17-33-buffer112/39	32	16	17,0,0	0,0,0	0	0,0,0
triple-observed-transitions.tsv/LV-rooms17-17-33-buffer112/40	32	16	17,0,0	0,0,0	0	0,0,0
triple-observed-transitions.tsv/LV-rooms17-17-33-buffer112/41	32	16	17,0,0	0,0,0	0	0,0,0
triple-observed-transitions.tsv/LV-rooms17-17-33-buffer112/42	32	16	17,0,0	0,0,0	0	0,0,0
triple-observed-transitions.tsv/LV-rooms17-17-33-buffer112/43	32	16	17,0,0	0,0,0	0	0,0,0
triple-observed-transitions.tsv/LV-rooms17-17-33-buffer112/44	32	16	17,0,0	0,0,0	0	0,0,0
triple-observed-transitions.tsv/LV-rooms17-17-33-buffer112/45	32	16	17,0,0	0,0,0	0	0,0,0
triple-observed-transitions.tsv/LV-rooms17-17-33-buffer112/46	32	16	17,0,0	0,0,0	0	0,0,0
triple-observed-transitions.tsv/LV-rooms17-17-33-buffer112/47	32	16	17,0,0	0,0,0	0	0,0,0
triple-observed-transitions.tsv/LV-rooms17-17-33-buffer112/48	32	16	17,0,0	0,0,0	0	0,0,0
triple-observed-transitions.tsv/LV-rooms17-17-33-buffer112/49	32	16	17,0,0	0,0,0	0	0,0,0
triple-observed-transitions.tsv/LV-rooms17-17-33-buffer112/50	32	16	17,0,0	0,0,0	0	0,0,0
triple-observed-transitions.tsv/LV-rooms17-17-33-buffer112/51	32	16	17,0,0	0,0,0	0	0,0,0
triple-observed-transitions.tsv/LV-rooms17-17-33-buffer112/52	32	16	17,0,0	0,0,0	0	0,0,0
triple-observed-transitions.tsv/LV-rooms17-17-33-buffer112/53	32	16	17,0,0	0,0,0	0	0,0,0
triple-observed-transitions.tsv/LV-rooms17-17-33-buffer112/54	32	16	17,0,0	0,0,0	0	0,0,0
triple-observed-transitions.tsv/LV-rooms17-17-33-buffer112/55	32	16	17,0,0	0,0,0	0	0,0,0
triple-observed-transitions.tsv/LV-rooms17-17-33-buffer112/56	32	16	17,0,0	0,0,0	0	0,0,0
triple-observed-transitions.tsv/LV-rooms17-17-33-buffer112/57	32	16	17,0,0	0,0,0	0	0,0,0
triple-observed-transitions.tsv/LV-rooms17-17-33-buffer112/58	32	16	17,0,0	0,0,0	0	0,0,0
triple-observed-transitions.tsv/LV-rooms17-17-33-buffer112/59	32	16	17,0,0	0,0,0	0	0,0,0
triple-observed-transitions.tsv/LV-rooms17-17-33-buffer112/60	32	16	17,0,0	0,0,0	0	0,0,0
triple-observed-transitions.tsv/LV-rooms17-17-33-buffer256/21	32	256	17,17,33	0,0,0	128	0,0,128
triple-observed-transitions.tsv/LV-rooms17-17-33-buffer256/22	32	128	17,17,0	0,0,0	34	17,17,0
triple-observed-transitions.tsv/LV-rooms17-17-33-buffer256/23	32	94	0,0,0	0,0,0	0	0,0,0
triple-observed-transitions.tsv/LV-rooms17-17-33-buffer256/24	32	94	0,0,0	0,0,0	0	0,0,0
triple-observed-transitions.tsv/LV-rooms17-17-33-buffer256/25	32	94	0,0,0	0,0,0	0	0,0,0
triple-observed-transitions.tsv/LV-rooms17-17-33-buffer256/26	32	94	0,0,0	0,0,0	0	0,0,0
triple-observed-transitions.tsv/LV-rooms17-17-33-buffer256/27	32	94	0,0,0	0,0,0	0	0,0,0
triple-observed-transitions.tsv/LV-rooms17-17-33-buffer256/28	32	94	0,0,0	0,0,0	0	0,0,0
triple-observed-transitions.tsv/LV-rooms17-17-33-buffer256/29	32	94	0,0,0	0,0,0	0	0,0,0
triple-observed-transitions.tsv/LV-rooms17-17-33-buffer256/30	32	94	0,0,0	0,0,0	0	0,0,0
triple-observed-transitions.tsv/LV-rooms17-17-33-buffer256/31	32	94	0,0,0	0,0,0	0	0,0,0
triple-observed-transitions.tsv/LV-rooms17-17-33-buffer256/32	32	94	0,0,0	0,0,0	0	0,0,0
triple-observed-transitions.tsv/LV-rooms17-17-33-buffer256/33	32	94	0,0,0	0,0,0	0	0,0,0
triple-observed-transitions.tsv/LV-rooms17-17-33-buffer256/34	32	94	0,0,0	0,0,0	0	0,0,0
triple-observed-transitions.tsv/LV-rooms17-17-33-buffer256/35	32	94	0,0,0	0,0,0	0	0,0,0
triple-observed-transitions.tsv/LV-rooms17-17-33-buffer256/36	32	94	0,0,0	0,0,0	0	0,0,0
triple-observed-transitions.tsv/LV-rooms17-17-33-buffer256/37	32	94	0,0,0	0,0,0	0	0,0,0
triple-observed-transitions.tsv/LV-rooms17-17-33-buffer256/38	32	94	0,0,0	0,0,0	0	0,0,0
triple-observed-transitions.tsv/LV-rooms17-17-33-buffer256/39	32	94	0,0,0	0,0,0	0	0,0,0
triple-observed-transitions.tsv/LV-rooms17-17-33-buffer256/40	32	94	0,0,0	0,0,0	0	0,0,0
triple-observed-transitions.tsv/LV-rooms17-17-33-buffer256/41	32	94	0,0,0	0,0,0	0	0,0,0
triple-observed-transitions.tsv/LV-rooms17-17-33-buffer256/42	32	94	0,0,0	0,0,0	0	0,0,0
triple-observed-transitions.tsv/LV-rooms17-17-33-buffer256/43	32	94	0,0,0	0,0,0	0	0,0,0
triple-observed-transitions.tsv/LV-rooms17-17-33-buffer256/44	32	94	0,0,0	0,0,0	0	0,0,0
triple-observed-transitions.tsv/LV-rooms17-17-33-buffer256/45	32	94	0,0,0	0,0,0	0	0,0,0
triple-observed-transitions.tsv/LV-rooms17-17-33-buffer256/46	32	94	0,0,0	0,0,0	0	0,0,0
triple-observed-transitions.tsv/LV-rooms17-17-33-buffer256/47	32	94	0,0,0	0,0,0	0	0,0,0
triple-observed-transitions.tsv/LV-rooms17-17-33-buffer256/48	32	94	0,0,0	0,0,0	0	0,0,0
triple-observed-transitions.tsv/LV-rooms17-17-33-buffer256/49	32	94	0,0,0	0,0,0	0	0,0,0
triple-observed-transitions.tsv/LV-rooms17-17-33-buffer256/50	32	94	0,0,0	0,0,0	0	0,0,0
triple-observed-transitions.tsv/LV-rooms17-17-33-buffer256/51	32	94	0,0,0	0,0,0	0	0,0,0
triple-observed-transitions.tsv/LV-rooms17-17-33-buffer256/52	32	94	0,0,0	0,0,0	0	0,0,0
triple-observed-transitions.tsv/LV-rooms17-17-33-buffer256/53	32	94	0,0,0	0,0,0	0	0,0,0
triple-observed-transitions.tsv/LV-rooms17-17-33-buffer256/54	32	94	0,0,0	0,0,0	0	0,0,0
triple-observed-transitions.tsv/LV-rooms17-17-33-buffer256/55	32	94	0,0,0	0,0,0	0	0,0,0
triple-observed-transitions.tsv/LV-rooms17-17-33-buffer256/56	32	94	0,0,0	0,0,0	0	0,0,0
triple-observed-transitions.tsv/LV-rooms17-17-33-buffer256/57	32	94	0,0,0	0,0,0	0	0,0,0
triple-observed-transitions.tsv/LV-rooms17-17-33-buffer256/58	32	94	0,0,0	0,0,0	0	0,0,0
triple-observed-transitions.tsv/LV-rooms17-17-33-buffer256/59	32	94	0,0,0	0,0,0	0	0,0,0
triple-observed-transitions.tsv/LV-rooms17-17-33-buffer256/60	32	94	0,0,0	0,0,0	0	0,0,0
triple-observed-transitions.tsv/LV-rooms33-33-33-buffer112/21	32	112	33,33,33	0,0,0	96	96,0,0
triple-observed-transitions.tsv/LV-rooms33-33-33-buffer112/22	32	16	0,33,33	0,0,0	0	0,0,0
triple-observed-transitions.tsv/LV-rooms33-33-33-buffer112/23	32	16	0,33,33	0,0,0	0	0,0,0
triple-observed-transitions.tsv/LV-rooms33-33-33-buffer112/24	32	16	0,33,33	0,0,0	0	0,0,0
triple-observed-transitions.tsv/LV-rooms33-33-33-buffer112/25	32	16	0,33,33	0,0,0	0	0,0,0
triple-observed-transitions.tsv/LV-rooms33-33-33-buffer112/26	32	16	0,33,33	0,0,0	0	0,0,0
triple-observed-transitions.tsv/LV-rooms33-33-33-buffer112/27	32	16	0,33,33	0,0,0	0	0,0,0
triple-observed-transitions.tsv/LV-rooms33-33-33-buffer112/28	32	16	0,33,33	0,0,0	0	0,0,0
triple-observed-transitions.tsv/LV-rooms33-33-33-buffer112/29	32	16	0,33,33	0,0,0	0	0,0,0
triple-observed-transitions.tsv/LV-rooms33-33-33-buffer112/30	32	16	0,33,33	0,0,0	0	0,0,0
triple-observed-transitions.tsv/LV-rooms33-33-33-buffer112/31	32	16	0,33,33	0,0,0	0	0,0,0
triple-observed-transitions.tsv/LV-rooms33-33-33-buffer112/32	32	16	0,33,33	0,0,0	0	0,0,0
triple-observed-transitions.tsv/LV-rooms33-33-33-buffer112/33	32	16	0,33,33	0,0,0	0	0,0,0
triple-observed-transitions.tsv/LV-rooms33-33-33-buffer112/34	32	16	0,33,33	0,0,0	0	0,0,0
triple-observed-transitions.tsv/LV-rooms33-33-33-buffer112/35	32	16	0,33,33	0,0,0	0	0,0,0
triple-observed-transitions.tsv/LV-rooms33-33-33-buffer112/36	32	16	0,33,33	0,0,0	0	0,0,0
triple-observed-transitions.tsv/LV-rooms33-33-33-buffer112/37	32	16	0,33,33	0,0,0	0	0,0,0
triple-observed-transitions.tsv/LV-rooms33-33-33-buffer112/38	32	16	0,33,33	0,0,0	0	0,0,0
triple-observed-transitions.tsv/LV-rooms33-33-33-buffer112/39	32	16	0,33,33	0,0,0	0	0,0,0
triple-observed-transitions.tsv/LV-rooms33-33-33-buffer112/40	32	16	0,33,33	0,0,0	0	0,0,0
triple-observed-transitions.tsv/LV-rooms33-33-33-buffer112/41	32	16	0,33,33	0,0,0	0	0,0,0
triple-observed-transitions.tsv/LV-rooms33-33-33-buffer112/42	32	16	0,33,33	0,0,0	0	0,0,0
triple-observed-transitions.tsv/LV-rooms33-33-33-buffer112/43	32	16	0,33,33	0,0,0	0	0,0,0
triple-observed-transitions.tsv/LV-rooms33-33-33-buffer112/44	32	16	0,33,33	0,0,0	0	0,0,0
triple-observed-transitions.tsv/LV-rooms33-33-33-buffer112/45	32	16	0,33,33	0,0,0	0	0,0,0
triple-observed-transitions.tsv/LV-rooms33-33-33-buffer112/46	32	16	0,33,33	0,0,0	0	0,0,0
triple-observed-transitions.tsv/LV-rooms33-33-33-buffer112/47	32	16	0,33,33	0,0,0	0	0,0,0
triple-observed-transitions.tsv/LV-rooms33-33-33-buffer112/48	32	16	0,33,33	0,0,0	0	0,0,0
triple-observed-transitions.tsv/LV-rooms33-33-33-buffer112/49	32	16	0,33,33	0,0,0	0	0,0,0
triple-observed-transitions.tsv/LV-rooms33-33-33-buffer112/50	32	16	0,33,33	0,0,0	0	0,0,0
triple-observed-transitions.tsv/LV-rooms33-33-33-buffer112/51	32	16	0,33,33	0,0,0	0	0,0,0
triple-observed-transitions.tsv/LV-rooms33-33-33-buffer112/52	32	16	0,33,33	0,0,0	0	0,0,0
triple-observed-transitions.tsv/LV-rooms33-33-33-buffer112/53	32	16	0,33,33	0,0,0	0	0,0,0
triple-observed-transitions.tsv/LV-rooms33-33-33-buffer112/54	32	16	0,33,33	0,0,0	0	0,0,0
triple-observed-transitions.tsv/LV-rooms33-33-33-buffer112/55	32	16	0,33,33	0,0,0	0	0,0,0
triple-observed-transitions.tsv/LV-rooms33-33-33-buffer112/56	32	16	0,33,33	0,0,0	0	0,0,0
triple-observed-transitions.tsv/LV-rooms33-33-33-buffer112/57	32	16	0,33,33	0,0,0	0	0,0,0
triple-observed-transitions.tsv/LV-rooms33-33-33-buffer112/58	32	16	0,33,33	0,0,0	0	0,0,0
triple-observed-transitions.tsv/LV-rooms33-33-33-buffer112/59	32	16	0,33,33	0,0,0	0	0,0,0
triple-observed-transitions.tsv/LV-rooms33-33-33-buffer112/60	32	16	0,33,33	0,0,0	0	0,0,0
triple-observed-transitions.tsv/LV-rooms33-33-33-buffer256/21	32	256	33,33,33	0,0,0	128	128,0,0
triple-observed-transitions.tsv/LV-rooms33-33-33-buffer256/22	32	128	0,33,33	0,0,0	128	0,128,0
triple-observed-transitions.tsv/LV-rooms33-33-33-buffer256/23	32	0	0,0,33	0,0,0	0	0,0,0
triple-observed-transitions.tsv/LV-rooms33-33-33-buffer256/24	32	0	0,0,33	0,0,0	0	0,0,0
triple-observed-transitions.tsv/LV-rooms33-33-33-buffer256/25	32	0	0,0,33	0,0,0	0	0,0,0
triple-observed-transitions.tsv/LV-rooms33-33-33-buffer256/26	32	0	0,0,33	0,0,0	0	0,0,0
triple-observed-transitions.tsv/LV-rooms33-33-33-buffer256/27	32	0	0,0,33	0,0,0	0	0,0,0
triple-observed-transitions.tsv/LV-rooms33-33-33-buffer256/28	32	0	0,0,33	0,0,0	0	0,0,0
triple-observed-transitions.tsv/LV-rooms33-33-33-buffer256/29	32	0	0,0,33	0,0,0	0	0,0,0
triple-observed-transitions.tsv/LV-rooms33-33-33-buffer256/30	32	0	0,0,33	0,0,0	0	0,0,0
triple-observed-transitions.tsv/LV-rooms33-33-33-buffer256/31	32	0	0,0,33	0,0,0	0	0,0,0
triple-observed-transitions.tsv/LV-rooms33-33-33-buffer256/32	32	0	0,0,33	0,0,0	0	0,0,0
triple-observed-transitions.tsv/LV-rooms33-33-33-buffer256/33	32	0	0,0,33	0,0,0	0	0,0,0
triple-observed-transitions.tsv/LV-rooms33-33-33-buffer256/34	32	0	0,0,33	0,0,0	0	0,0,0
triple-observed-transitions.tsv/LV-rooms33-33-33-buffer256/35	32	0	0,0,33	0,0,0	0	0,0,0
triple-observed-transitions.tsv/LV-rooms33-33-33-buffer256/36	32	0	0,0,33	0,0,0	0	0,0,0
triple-observed-transitions.tsv/LV-rooms33-33-33-buffer256/37	32	0	0,0,33	0,0,0	0	0,0,0
triple-observed-transitions.tsv/LV-rooms33-33-33-buffer256/38	32	0	0,0,33	0,0,0	0	0,0,0
triple-observed-transitions.tsv/LV-rooms33-33-33-buffer256/39	32	0	0,0,33	0,0,0	0	0,0,0
triple-observed-transitions.tsv/LV-rooms33-33-33-buffer256/40	32	0	0,0,33	0,0,0	0	0,0,0
triple-observed-transitions.tsv/LV-rooms33-33-33-buffer256/41	32	0	0,0,33	0,0,0	0	0,0,0
triple-observed-transitions.tsv/LV-rooms33-33-33-buffer256/42	32	0	0,0,33	0,0,0	0	0,0,0
triple-observed-transitions.tsv/LV-rooms33-33-33-buffer256/43	32	0	0,0,33	0,0,0	0	0,0,0
triple-observed-transitions.tsv/LV-rooms33-33-33-buffer256/44	32	0	0,0,33	0,0,0	0	0,0,0
triple-observed-transitions.tsv/LV-rooms33-33-33-buffer256/45	32	0	0,0,33	0,0,0	0	0,0,0
triple-observed-transitions.tsv/LV-rooms33-33-33-buffer256/46	32	0	0,0,33	0,0,0	0	0,0,0
triple-observed-transitions.tsv/LV-rooms33-33-33-buffer256/47	32	0	0,0,33	0,0,0	0	0,0,0
triple-observed-transitions.tsv/LV-rooms33-33-33-buffer256/48	32	0	0,0,33	0,0,0	0	0,0,0
triple-observed-transitions.tsv/LV-rooms33-33-33-buffer256/49	32	0	0,0,33	0,0,0	0	0,0,0
triple-observed-transitions.tsv/LV-rooms33-33-33-buffer256/50	32	0	0,0,33	0,0,0	0	0,0,0
triple-observed-transitions.tsv/LV-rooms33-33-33-buffer256/51	32	0	0,0,33	0,0,0	0	0,0,0
triple-observed-transitions.tsv/LV-rooms33-33-33-buffer256/52	32	0	0,0,33	0,0,0	0	0,0,0
triple-observed-transitions.tsv/LV-rooms33-33-33-buffer256/53	32	0	0,0,33	0,0,0	0	0,0,0
triple-observed-transitions.tsv/LV-rooms33-33-33-buffer256/54	32	0	0,0,33	0,0,0	0	0,0,0
triple-observed-transitions.tsv/LV-rooms33-33-33-buffer256/55	32	0	0,0,33	0,0,0	0	0,0,0
triple-observed-transitions.tsv/LV-rooms33-33-33-buffer256/56	32	0	0,0,33	0,0,0	0	0,0,0
triple-observed-transitions.tsv/LV-rooms33-33-33-buffer256/57	32	0	0,0,33	0,0,0	0	0,0,0
triple-observed-transitions.tsv/LV-rooms33-33-33-buffer256/58	32	0	0,0,33	0,0,0	0	0,0,0
triple-observed-transitions.tsv/LV-rooms33-33-33-buffer256/59	32	0	0,0,33	0,0,0	0	0,0,0
triple-observed-transitions.tsv/LV-rooms33-33-33-buffer256/60	32	0	0,0,33	0,0,0	0	0,0,0
triple-observed-transitions.tsv/LV-rooms0-32-65-buffer112/21	32	112	0,32,65	0,0,0	96	0,0,96
triple-observed-transitions.tsv/LV-rooms0-32-65-buffer112/22	32	16	0,32,0	0,0,0	0	0,0,0
triple-observed-transitions.tsv/LV-rooms0-32-65-buffer112/23	32	16	0,32,0	0,0,0	0	0,0,0
triple-observed-transitions.tsv/LV-rooms0-32-65-buffer112/24	32	16	0,32,0	0,0,0	0	0,0,0
triple-observed-transitions.tsv/LV-rooms0-32-65-buffer112/25	32	16	0,32,0	0,0,0	0	0,0,0
triple-observed-transitions.tsv/LV-rooms0-32-65-buffer112/26	32	16	0,32,0	0,0,0	0	0,0,0
triple-observed-transitions.tsv/LV-rooms0-32-65-buffer112/27	32	16	0,32,0	0,0,0	0	0,0,0
triple-observed-transitions.tsv/LV-rooms0-32-65-buffer112/28	32	16	0,32,0	0,0,0	0	0,0,0
triple-observed-transitions.tsv/LV-rooms0-32-65-buffer112/29	32	16	0,32,0	0,0,0	0	0,0,0
triple-observed-transitions.tsv/LV-rooms0-32-65-buffer112/30	32	16	0,32,0	0,0,0	0	0,0,0
triple-observed-transitions.tsv/LV-rooms0-32-65-buffer112/31	32	16	0,32,0	0,0,0	0	0,0,0
triple-observed-transitions.tsv/LV-rooms0-32-65-buffer112/32	32	16	0,32,0	0,0,0	0	0,0,0
triple-observed-transitions.tsv/LV-rooms0-32-65-buffer112/33	32	16	0,32,0	0,0,0	0	0,0,0
triple-observed-transitions.tsv/LV-rooms0-32-65-buffer112/34	32	16	0,32,0	0,0,0	0	0,0,0
triple-observed-transitions.tsv/LV-rooms0-32-65-buffer112/35	32	16	0,32,0	0,0,0	0	0,0,0
triple-observed-transitions.tsv/LV-rooms0-32-65-buffer112/36	32	16	0,32,0	0,0,0	0	0,0,0
triple-observed-transitions.tsv/LV-rooms0-32-65-buffer112/37	32	16	0,32,0	0,0,0	0	0,0,0
triple-observed-transitions.tsv/LV-rooms0-32-65-buffer112/38	32	16	0,32,0	0,0,0	0	0,0,0
triple-observed-transitions.tsv/LV-rooms0-32-65-buffer112/39	32	16	0,32,0	0,0,0	0	0,0,0
triple-observed-transitions.tsv/LV-rooms0-32-65-buffer112/40	32	16	0,32,0	0,0,0	0	0,0,0
triple-observed-transitions.tsv/LV-rooms0-32-65-buffer112/41	32	16	0,32,0	0,0,0	0	0,0,0
triple-observed-transitions.tsv/LV-rooms0-32-65-buffer112/42	32	16	0,32,0	0,0,0	0	0,0,0
triple-observed-transitions.tsv/LV-rooms0-32-65-buffer112/43	32	16	0,32,0	0,0,0	0	0,0,0
triple-observed-transitions.tsv/LV-rooms0-32-65-buffer112/44	32	16	0,32,0	0,0,0	0	0,0,0
triple-observed-transitions.tsv/LV-rooms0-32-65-buffer112/45	32	16	0,32,0	0,0,0	0	0,0,0
triple-observed-transitions.tsv/LV-rooms0-32-65-buffer112/46	32	16	0,32,0	0,0,0	0	0,0,0
triple-observed-transitions.tsv/LV-rooms0-32-65-buffer112/47	32	16	0,32,0	0,0,0	0	0,0,0
triple-observed-transitions.tsv/LV-rooms0-32-65-buffer112/48	32	16	0,32,0	0,0,0	0	0,0,0
triple-observed-transitions.tsv/LV-rooms0-32-65-buffer112/49	32	16	0,32,0	0,0,0	0	0,0,0
triple-observed-transitions.tsv/LV-rooms0-32-65-buffer112/50	32	16	0,32,0	0,0,0	0	0,0,0
triple-observed-transitions.tsv/LV-rooms0-32-65-buffer112/51	32	16	0,32,0	0,0,0	0	0,0,0
triple-observed-transitions.tsv/LV-rooms0-32-65-buffer112/52	32	16	0,32,0	0,0,0	0	0,0,0
triple-observed-transitions.tsv/LV-rooms0-32-65-buffer112/53	32	16	0,32,0	0,0,0	0	0,0,0
triple-observed-transitions.tsv/LV-rooms0-32-65-buffer112/54	32	16	0,32,0	0,0,0	0	0,0,0
triple-observed-transitions.tsv/LV-rooms0-32-65-buffer112/55	32	16	0,32,0	0,0,0	0	0,0,0
triple-observed-transitions.tsv/LV-rooms0-32-65-buffer112/56	32	16	0,32,0	0,0,0	0	0,0,0
triple-observed-transitions.tsv/LV-rooms0-32-65-buffer112/57	32	16	0,32,0	0,0,0	0	0,0,0
triple-observed-transitions.tsv/LV-rooms0-32-65-buffer112/58	32	16	0,32,0	0,0,0	0	0,0,0
triple-observed-transitions.tsv/LV-rooms0-32-65-buffer112/59	32	16	0,32,0	0,0,0	0	0,0,0
triple-observed-transitions.tsv/LV-rooms0-32-65-buffer112/60	32	16	0,32,0	0,0,0	0	0,0,0
triple-observed-transitions.tsv/LV-rooms0-32-65-buffer256/21	32	256	0,32,65	0,0,0	128	0,0,128
triple-observed-transitions.tsv/LV-rooms0-32-65-buffer256/22	32	128	0,32,0	0,0,0	32	0,32,0
triple-observed-transitions.tsv/LV-rooms0-32-65-buffer256/23	32	96	0,0,0	0,0,0	0	0,0,0
triple-observed-transitions.tsv/LV-rooms0-32-65-buffer256/24	32	96	0,0,0	0,0,0	0	0,0,0
triple-observed-transitions.tsv/LV-rooms0-32-65-buffer256/25	32	96	0,0,0	0,0,0	0	0,0,0
triple-observed-transitions.tsv/LV-rooms0-32-65-buffer256/26	32	96	0,0,0	0,0,0	0	0,0,0
triple-observed-transitions.tsv/LV-rooms0-32-65-buffer256/27	32	96	0,0,0	0,0,0	0	0,0,0
triple-observed-transitions.tsv/LV-rooms0-32-65-buffer256/28	32	96	0,0,0	0,0,0	0	0,0,0
triple-observed-transitions.tsv/LV-rooms0-32-65-buffer256/29	32	96	0,0,0	0,0,0	0	0,0,0
triple-observed-transitions.tsv/LV-rooms0-32-65-buffer256/30	32	96	0,0,0	0,0,0	0	0,0,0
triple-observed-transitions.tsv/LV-rooms0-32-65-buffer256/31	32	96	0,0,0	0,0,0	0	0,0,0
triple-observed-transitions.tsv/LV-rooms0-32-65-buffer256/32	32	96	0,0,0	0,0,0	0	0,0,0
triple-observed-transitions.tsv/LV-rooms0-32-65-buffer256/33	32	96	0,0,0	0,0,0	0	0,0,0
triple-observed-transitions.tsv/LV-rooms0-32-65-buffer256/34	32	96	0,0,0	0,0,0	0	0,0,0
triple-observed-transitions.tsv/LV-rooms0-32-65-buffer256/35	32	96	0,0,0	0,0,0	0	0,0,0
triple-observed-transitions.tsv/LV-rooms0-32-65-buffer256/36	32	96	0,0,0	0,0,0	0	0,0,0
triple-observed-transitions.tsv/LV-rooms0-32-65-buffer256/37	32	96	0,0,0	0,0,0	0	0,0,0
triple-observed-transitions.tsv/LV-rooms0-32-65-buffer256/38	32	96	0,0,0	0,0,0	0	0,0,0
triple-observed-transitions.tsv/LV-rooms0-32-65-buffer256/39	32	96	0,0,0	0,0,0	0	0,0,0
triple-observed-transitions.tsv/LV-rooms0-32-65-buffer256/40	32	96	0,0,0	0,0,0	0	0,0,0
triple-observed-transitions.tsv/LV-rooms0-32-65-buffer256/41	32	96	0,0,0	0,0,0	0	0,0,0
triple-observed-transitions.tsv/LV-rooms0-32-65-buffer256/42	32	96	0,0,0	0,0,0	0	0,0,0
triple-observed-transitions.tsv/LV-rooms0-32-65-buffer256/43	32	96	0,0,0	0,0,0	0	0,0,0
triple-observed-transitions.tsv/LV-rooms0-32-65-buffer256/44	32	96	0,0,0	0,0,0	0	0,0,0
triple-observed-transitions.tsv/LV-rooms0-32-65-buffer256/45	32	96	0,0,0	0,0,0	0	0,0,0
triple-observed-transitions.tsv/LV-rooms0-32-65-buffer256/46	32	96	0,0,0	0,0,0	0	0,0,0
triple-observed-transitions.tsv/LV-rooms0-32-65-buffer256/47	32	96	0,0,0	0,0,0	0	0,0,0
triple-observed-transitions.tsv/LV-rooms0-32-65-buffer256/48	32	96	0,0,0	0,0,0	0	0,0,0
triple-observed-transitions.tsv/LV-rooms0-32-65-buffer256/49	32	96	0,0,0	0,0,0	0	0,0,0
triple-observed-transitions.tsv/LV-rooms0-32-65-buffer256/50	32	96	0,0,0	0,0,0	0	0,0,0
triple-observed-transitions.tsv/LV-rooms0-32-65-buffer256/51	32	96	0,0,0	0,0,0	0	0,0,0
triple-observed-transitions.tsv/LV-rooms0-32-65-buffer256/52	32	96	0,0,0	0,0,0	0	0,0,0
triple-observed-transitions.tsv/LV-rooms0-32-65-buffer256/53	32	96	0,0,0	0,0,0	0	0,0,0
triple-observed-transitions.tsv/LV-rooms0-32-65-buffer256/54	32	96	0,0,0	0,0,0	0	0,0,0
triple-observed-transitions.tsv/LV-rooms0-32-65-buffer256/55	32	96	0,0,0	0,0,0	0	0,0,0
triple-observed-transitions.tsv/LV-rooms0-32-65-buffer256/56	32	96	0,0,0	0,0,0	0	0,0,0
triple-observed-transitions.tsv/LV-rooms0-32-65-buffer256/57	32	96	0,0,0	0,0,0	0	0,0,0
triple-observed-transitions.tsv/LV-rooms0-32-65-buffer256/58	32	96	0,0,0	0,0,0	0	0,0,0
triple-observed-transitions.tsv/LV-rooms0-32-65-buffer256/59	32	96	0,0,0	0,0,0	0	0,0,0
triple-observed-transitions.tsv/LV-rooms0-32-65-buffer256/60	32	96	0,0,0	0,0,0	0	0,0,0
triple-observed-transitions.tsv/LV-rooms31-31-31-buffer112/21	32	112	31,31,31	0,0,0	93	31,31,31
triple-observed-transitions.tsv/LV-rooms31-31-31-buffer112/22	32	19	0,0,0	0,0,0	0	0,0,0
triple-observed-transitions.tsv/LV-rooms31-31-31-buffer112/23	32	19	0,0,0	0,0,0	0	0,0,0
triple-observed-transitions.tsv/LV-rooms31-31-31-buffer112/24	32	19	0,0,0	0,0,0	0	0,0,0
triple-observed-transitions.tsv/LV-rooms31-31-31-buffer112/25	32	19	0,0,0	0,0,0	0	0,0,0
triple-observed-transitions.tsv/LV-rooms31-31-31-buffer112/26	32	19	0,0,0	0,0,0	0	0,0,0
triple-observed-transitions.tsv/LV-rooms31-31-31-buffer112/27	32	19	0,0,0	0,0,0	0	0,0,0
triple-observed-transitions.tsv/LV-rooms31-31-31-buffer112/28	32	19	0,0,0	0,0,0	0	0,0,0
triple-observed-transitions.tsv/LV-rooms31-31-31-buffer112/29	32	19	0,0,0	0,0,0	0	0,0,0
triple-observed-transitions.tsv/LV-rooms31-31-31-buffer112/30	32	19	0,0,0	0,0,0	0	0,0,0
triple-observed-transitions.tsv/LV-rooms31-31-31-buffer112/31	32	19	0,0,0	0,0,0	0	0,0,0
triple-observed-transitions.tsv/LV-rooms31-31-31-buffer112/32	32	19	0,0,0	0,0,0	0	0,0,0
triple-observed-transitions.tsv/LV-rooms31-31-31-buffer112/33	32	19	0,0,0	0,0,0	0	0,0,0
triple-observed-transitions.tsv/LV-rooms31-31-31-buffer112/34	32	19	0,0,0	0,0,0	0	0,0,0
triple-observed-transitions.tsv/LV-rooms31-31-31-buffer112/35	32	19	0,0,0	0,0,0	0	0,0,0
triple-observed-transitions.tsv/LV-rooms31-31-31-buffer112/36	32	19	0,0,0	0,0,0	0	0,0,0
triple-observed-transitions.tsv/LV-rooms31-31-31-buffer112/37	32	19	0,0,0	0,0,0	0	0,0,0
triple-observed-transitions.tsv/LV-rooms31-31-31-buffer112/38	32	19	0,0,0	0,0,0	0	0,0,0
triple-observed-transitions.tsv/LV-rooms31-31-31-buffer112/39	32	19	0,0,0	0,0,0	0	0,0,0
triple-observed-transitions.tsv/LV-rooms31-31-31-buffer112/40	32	19	0,0,0	0,0,0	0	0,0,0
triple-observed-transitions.tsv/LV-rooms31-31-31-buffer112/41	32	19	0,0,0	0,0,0	0	0,0,0
triple-observed-transitions.tsv/LV-rooms31-31-31-buffer112/42	32	19	0,0,0	0,0,0	0	0,0,0
triple-observed-transitions.tsv/LV-rooms31-31-31-buffer112/43	32	19	0,0,0	0,0,0	0	0,0,0
triple-observed-transitions.tsv/LV-rooms31-31-31-buffer112/44	32	19	0,0,0	0,0,0	0	0,0,0
triple-observed-transitions.tsv/LV-rooms31-31-31-buffer112/45	32	19	0,0,0	0,0,0	0	0,0,0
triple-observed-transitions.tsv/LV-rooms31-31-31-buffer112/46	32	19	0,0,0	0,0,0	0	0,0,0
triple-observed-transitions.tsv/LV-rooms31-31-31-buffer112/47	32	19	0,0,0	0,0,0	0	0,0,0
triple-observed-transitions.tsv/LV-rooms31-31-31-buffer112/48	32	19	0,0,0	0,0,0	0	0,0,0
triple-observed-transitions.tsv/LV-rooms31-31-31-buffer112/49	32	19	0,0,0	0,0,0	0	0,0,0
triple-observed-transitions.tsv/LV-rooms31-31-31-buffer112/50	32	19	0,0,0	0,0,0	0	0,0,0
triple-observed-transitions.tsv/LV-rooms31-31-31-buffer112/51	32	19	0,0,0	0,0,0	0	0,0,0
triple-observed-transitions.tsv/LV-rooms31-31-31-buffer112/52	32	19	0,0,0	0,0,0	0	0,0,0
triple-observed-transitions.tsv/LV-rooms31-31-31-buffer112/53	32	19	0,0,0	0,0,0	0	0,0,0
triple-observed-transitions.tsv/LV-rooms31-31-31-buffer112/54	32	19	0,0,0	0,0,0	0	0,0,0
triple-observed-transitions.tsv/LV-rooms31-31-31-buffer112/55	32	19	0,0,0	0,0,0	0	0,0,0
triple-observed-transitions.tsv/LV-rooms31-31-31-buffer112/56	32	19	0,0,0	0,0,0	0	0,0,0
triple-observed-transitions.tsv/LV-rooms31-31-31-buffer112/57	32	19	0,0,0	0,0,0	0	0,0,0
triple-observed-transitions.tsv/LV-rooms31-31-31-buffer112/58	32	19	0,0,0	0,0,0	0	0,0,0
triple-observed-transitions.tsv/LV-rooms31-31-31-buffer112/59	32	19	0,0,0	0,0,0	0	0,0,0
triple-observed-transitions.tsv/LV-rooms31-31-31-buffer112/60	32	19	0,0,0	0,0,0	0	0,0,0
triple-observed-transitions.tsv/LV-rooms31-31-31-buffer256/21	32	256	31,31,31	0,0,0	93	31,31,31
triple-observed-transitions.tsv/LV-rooms31-31-31-buffer256/22	32	163	0,0,0	0,0,0	0	0,0,0
triple-observed-transitions.tsv/LV-rooms31-31-31-buffer256/23	32	163	0,0,0	0,0,0	0	0,0,0
triple-observed-transitions.tsv/LV-rooms31-31-31-buffer256/24	32	163	0,0,0	0,0,0	0	0,0,0
triple-observed-transitions.tsv/LV-rooms31-31-31-buffer256/25	32	163	0,0,0	0,0,0	0	0,0,0
triple-observed-transitions.tsv/LV-rooms31-31-31-buffer256/26	32	163	0,0,0	0,0,0	0	0,0,0
triple-observed-transitions.tsv/LV-rooms31-31-31-buffer256/27	32	163	0,0,0	0,0,0	0	0,0,0
triple-observed-transitions.tsv/LV-rooms31-31-31-buffer256/28	32	163	0,0,0	0,0,0	0	0,0,0
triple-observed-transitions.tsv/LV-rooms31-31-31-buffer256/29	32	163	0,0,0	0,0,0	0	0,0,0
triple-observed-transitions.tsv/LV-rooms31-31-31-buffer256/30	32	163	0,0,0	0,0,0	0	0,0,0
triple-observed-transitions.tsv/LV-rooms31-31-31-buffer256/31	32	163	0,0,0	0,0,0	0	0,0,0
triple-observed-transitions.tsv/LV-rooms31-31-31-buffer256/32	32	163	0,0,0	0,0,0	0	0,0,0
triple-observed-transitions.tsv/LV-rooms31-31-31-buffer256/33	32	163	0,0,0	0,0,0	0	0,0,0
triple-observed-transitions.tsv/LV-rooms31-31-31-buffer256/34	32	163	0,0,0	0,0,0	0	0,0,0
triple-observed-transitions.tsv/LV-rooms31-31-31-buffer256/35	32	163	0,0,0	0,0,0	0	0,0,0
triple-observed-transitions.tsv/LV-rooms31-31-31-buffer256/36	32	163	0,0,0	0,0,0	0	0,0,0
triple-observed-transitions.tsv/LV-rooms31-31-31-buffer256/37	32	163	0,0,0	0,0,0	0	0,0,0
triple-observed-transitions.tsv/LV-rooms31-31-31-buffer256/38	32	163	0,0,0	0,0,0	0	0,0,0
triple-observed-transitions.tsv/LV-rooms31-31-31-buffer256/39	32	163	0,0,0	0,0,0	0	0,0,0
triple-observed-transitions.tsv/LV-rooms31-31-31-buffer256/40	32	163	0,0,0	0,0,0	0	0,0,0
triple-observed-transitions.tsv/LV-rooms31-31-31-buffer256/41	32	163	0,0,0	0,0,0	0	0,0,0
triple-observed-transitions.tsv/LV-rooms31-31-31-buffer256/42	32	163	0,0,0	0,0,0	0	0,0,0
triple-observed-transitions.tsv/LV-rooms31-31-31-buffer256/43	32	163	0,0,0	0,0,0	0	0,0,0
triple-observed-transitions.tsv/LV-rooms31-31-31-buffer256/44	32	163	0,0,0	0,0,0	0	0,0,0
triple-observed-transitions.tsv/LV-rooms31-31-31-buffer256/45	32	163	0,0,0	0,0,0	0	0,0,0
triple-observed-transitions.tsv/LV-rooms31-31-31-buffer256/46	32	163	0,0,0	0,0,0	0	0,0,0
triple-observed-transitions.tsv/LV-rooms31-31-31-buffer256/47	32	163	0,0,0	0,0,0	0	0,0,0
triple-observed-transitions.tsv/LV-rooms31-31-31-buffer256/48	32	163	0,0,0	0,0,0	0	0,0,0
triple-observed-transitions.tsv/LV-rooms31-31-31-buffer256/49	32	163	0,0,0	0,0,0	0	0,0,0
triple-observed-transitions.tsv/LV-rooms31-31-31-buffer256/50	32	163	0,0,0	0,0,0	0	0,0,0
triple-observed-transitions.tsv/LV-rooms31-31-31-buffer256/51	32	163	0,0,0	0,0,0	0	0,0,0
triple-observed-transitions.tsv/LV-rooms31-31-31-buffer256/52	32	163	0,0,0	0,0,0	0	0,0,0
triple-observed-transitions.tsv/LV-rooms31-31-31-buffer256/53	32	163	0,0,0	0,0,0	0	0,0,0
triple-observed-transitions.tsv/LV-rooms31-31-31-buffer256/54	32	163	0,0,0	0,0,0	0	0,0,0
triple-observed-transitions.tsv/LV-rooms31-31-31-buffer256/55	32	163	0,0,0	0,0,0	0	0,0,0
triple-observed-transitions.tsv/LV-rooms31-31-31-buffer256/56	32	163	0,0,0	0,0,0	0	0,0,0
triple-observed-transitions.tsv/LV-rooms31-31-31-buffer256/57	32	163	0,0,0	0,0,0	0	0,0,0
triple-observed-transitions.tsv/LV-rooms31-31-31-buffer256/58	32	163	0,0,0	0,0,0	0	0,0,0
triple-observed-transitions.tsv/LV-rooms31-31-31-buffer256/59	32	163	0,0,0	0,0,0	0	0,0,0
triple-observed-transitions.tsv/LV-rooms31-31-31-buffer256/60	32	163	0,0,0	0,0,0	0	0,0,0
triple-observed-transitions.tsv/MV-rooms127-129-40000000-buffer448/21	128	448	127,129,40000000	0,0,0	384	0,384,0
triple-observed-transitions.tsv/MV-rooms127-129-40000000-buffer448/22	128	64	127,0,40000000	0,0,0	0	0,0,0
triple-observed-transitions.tsv/MV-rooms127-129-40000000-buffer448/23	128	64	127,0,40000000	0,0,0	0	0,0,0
triple-observed-transitions.tsv/MV-rooms127-129-40000000-buffer448/24	128	64	127,0,40000000	0,0,0	0	0,0,0
triple-observed-transitions.tsv/MV-rooms127-129-40000000-buffer448/25	128	64	127,0,40000000	0,0,0	0	0,0,0
triple-observed-transitions.tsv/MV-rooms127-129-40000000-buffer448/26	128	64	127,0,40000000	0,0,0	0	0,0,0
triple-observed-transitions.tsv/MV-rooms127-129-40000000-buffer448/27	128	64	127,0,40000000	0,0,0	0	0,0,0
triple-observed-transitions.tsv/MV-rooms127-129-40000000-buffer448/28	128	64	127,0,40000000	0,0,0	0	0,0,0
triple-observed-transitions.tsv/MV-rooms127-129-40000000-buffer448/29	128	64	127,0,40000000	0,0,0	0	0,0,0
triple-observed-transitions.tsv/MV-rooms127-129-40000000-buffer448/30	128	64	127,0,40000000	0,0,0	0	0,0,0
triple-observed-transitions.tsv/MV-rooms127-129-40000000-buffer448/31	128	64	127,0,40000000	0,0,0	0	0,0,0
triple-observed-transitions.tsv/MV-rooms127-129-40000000-buffer448/32	128	64	127,0,40000000	0,0,0	0	0,0,0
triple-observed-transitions.tsv/MV-rooms127-129-40000000-buffer448/33	128	64	127,0,40000000	0,0,0	0	0,0,0
triple-observed-transitions.tsv/MV-rooms127-129-40000000-buffer448/34	128	64	127,0,40000000	0,0,0	0	0,0,0
triple-observed-transitions.tsv/MV-rooms127-129-40000000-buffer448/35	128	64	127,0,40000000	0,0,0	0	0,0,0
triple-observed-transitions.tsv/MV-rooms127-129-40000000-buffer448/36	128	64	127,0,40000000	0,0,0	0	0,0,0
triple-observed-transitions.tsv/MV-rooms127-129-40000000-buffer448/37	128	64	127,0,40000000	0,0,0	0	0,0,0
triple-observed-transitions.tsv/MV-rooms127-129-40000000-buffer448/38	128	64	127,0,40000000	0,0,0	0	0,0,0
triple-observed-transitions.tsv/MV-rooms127-129-40000000-buffer448/39	128	64	127,0,40000000	0,0,0	0	0,0,0
triple-observed-transitions.tsv/MV-rooms127-129-40000000-buffer448/40	128	64	127,0,40000000	0,0,0	0	0,0,0
triple-observed-transitions.tsv/MV-rooms127-129-40000000-buffer448/41	128	64	127,0,40000000	0,0,0	0	0,0,0
triple-observed-transitions.tsv/MV-rooms127-129-40000000-buffer448/42	128	64	127,0,40000000	0,0,0	0	0,0,0
triple-observed-transitions.tsv/MV-rooms127-129-40000000-buffer448/43	128	64	127,0,40000000	0,0,0	0	0,0,0
triple-observed-transitions.tsv/MV-rooms127-129-40000000-buffer448/44	128	64	127,0,40000000	0,0,0	0	0,0,0
triple-observed-transitions.tsv/MV-rooms127-129-40000000-buffer448/45	128	64	127,0,40000000	0,0,0	0	0,0,0
triple-observed-transitions.tsv/MV-rooms127-129-40000000-buffer448/46	128	64	127,0,40000000	0,0,0	0	0,0,0
triple-observed-transitions.tsv/MV-rooms127-129-40000000-buffer448/47	128	64	127,0,40000000	0,0,0	0	0,0,0
triple-observed-transitions.tsv/MV-rooms127-129-40000000-buffer448/48	128	64	127,0,40000000	0,0,0	0	0,0,0
triple-observed-transitions.tsv/MV-rooms127-129-40000000-buffer448/49	128	64	127,0,40000000	0,0,0	0	0,0,0
triple-observed-transitions.tsv/MV-rooms127-129-40000000-buffer448/50	128	64	127,0,40000000	0,0,0	0	0,0,0
triple-observed-transitions.tsv/MV-rooms127-129-40000000-buffer448/51	128	64	127,0,40000000	0,0,0	0	0,0,0
triple-observed-transitions.tsv/MV-rooms127-129-40000000-buffer448/52	128	64	127,0,40000000	0,0,0	0	0,0,0
triple-observed-transitions.tsv/MV-rooms127-129-40000000-buffer448/53	128	64	127,0,40000000	0,0,0	0	0,0,0
triple-observed-transitions.tsv/MV-rooms127-129-40000000-buffer448/54	128	64	127,0,40000000	0,0,0	0	0,0,0
triple-observed-transitions.tsv/MV-rooms127-129-40000000-buffer448/55	128	64	127,0,40000000	0,0,0	0	0,0,0
triple-observed-transitions.tsv/MV-rooms127-129-40000000-buffer448/56	128	64	127,0,40000000	0,0,0	0	0,0,0
triple-observed-transitions.tsv/MV-rooms127-129-40000000-buffer448/57	128	64	127,0,40000000	0,0,0	0	0,0,0
triple-observed-transitions.tsv/MV-rooms127-129-40000000-buffer448/58	128	64	127,0,40000000	0,0,0	0	0,0,0
triple-observed-transitions.tsv/MV-rooms127-129-40000000-buffer448/59	128	64	127,0,40000000	0,0,0	0	0,0,0
triple-observed-transitions.tsv/MV-rooms127-129-40000000-buffer448/60	128	64	127,0,40000000	0,0,0	0	0,0,0
triple-observed-transitions.tsv/MV-rooms127-129-40000000-buffer1024/21	128	1024	127,129,40000000	0,0,0	512	0,0,512
triple-observed-transitions.tsv/MV-rooms127-129-40000000-buffer1024/22	128	512	127,129,39999488	0,0,0	512	0,512,0
triple-observed-transitions.tsv/MV-rooms127-129-40000000-buffer1024/23	128	0	127,0,39999488	0,0,0	0	0,0,0
triple-observed-transitions.tsv/MV-rooms127-129-40000000-buffer1024/24	128	0	127,0,39999488	0,0,0	0	0,0,0
triple-observed-transitions.tsv/MV-rooms127-129-40000000-buffer1024/25	128	0	127,0,39999488	0,0,0	0	0,0,0
triple-observed-transitions.tsv/MV-rooms127-129-40000000-buffer1024/26	128	0	127,0,39999488	0,0,0	0	0,0,0
triple-observed-transitions.tsv/MV-rooms127-129-40000000-buffer1024/27	128	0	127,0,39999488	0,0,0	0	0,0,0
triple-observed-transitions.tsv/MV-rooms127-129-40000000-buffer1024/28	128	0	127,0,39999488	0,0,0	0	0,0,0
triple-observed-transitions.tsv/MV-rooms127-129-40000000-buffer1024/29	128	0	127,0,39999488	0,0,0	0	0,0,0
triple-observed-transitions.tsv/MV-rooms127-129-40000000-buffer1024/30	128	0	127,0,39999488	0,0,0	0	0,0,0
triple-observed-transitions.tsv/MV-rooms127-129-40000000-buffer1024/31	128	0	127,0,39999488	0,0,0	0	0,0,0
triple-observed-transitions.tsv/MV-rooms127-129-40000000-buffer1024/32	128	0	127,0,39999488	0,0,0	0	0,0,0
triple-observed-transitions.tsv/MV-rooms127-129-40000000-buffer1024/33	128	0	127,0,39999488	0,0,0	0	0,0,0
triple-observed-transitions.tsv/MV-rooms127-129-40000000-buffer1024/34	128	0	127,0,39999488	0,0,0	0	0,0,0
triple-observed-transitions.tsv/MV-rooms127-129-40000000-buffer1024/35	128	0	127,0,39999488	0,0,0	0	0,0,0
triple-observed-transitions.tsv/MV-rooms127-129-40000000-buffer1024/36	128	0	127,0,39999488	0,0,0	0	0,0,0
triple-observed-transitions.tsv/MV-rooms127-129-40000000-buffer1024/37	128	0	127,0,39999488	0,0,0	0	0,0,0
triple-observed-transitions.tsv/MV-rooms127-129-40000000-buffer1024/38	128	0	127,0,39999488	0,0,0	0	0,0,0
triple-observed-transitions.tsv/MV-rooms127-129-40000000-buffer1024/39	128	0	127,0,39999488	0,0,0	0	0,0,0
triple-observed-transitions.tsv/MV-rooms127-129-40000000-buffer1024/40	128	0	127,0,39999488	0,0,0	0	0,0,0
triple-observed-transitions.tsv/MV-rooms127-129-40000000-buffer1024/41	128	0	127,0,39999488	0,0,0	0	0,0,0
triple-observed-transitions.tsv/MV-rooms127-129-40000000-buffer1024/42	128	0	127,0,39999488	0,0,0	0	0,0,0
triple-observed-transitions.tsv/MV-rooms127-129-40000000-buffer1024/43	128	0	127,0,39999488	0,0,0	0	0,0,0
triple-observed-transitions.tsv/MV-rooms127-129-40000000-buffer1024/44	128	0	127,0,39999488	0,0,0	0	0,0,0
triple-observed-transitions.tsv/MV-rooms127-129-40000000-buffer1024/45	128	0	127,0,39999488	0,0,0	0	0,0,0
triple-observed-transitions.tsv/MV-rooms127-129-40000000-buffer1024/46	128	0	127,0,39999488	0,0,0	0	0,0,0
triple-observed-transitions.tsv/MV-rooms127-129-40000000-buffer1024/47	128	0	127,0,39999488	0,0,0	0	0,0,0
triple-observed-transitions.tsv/MV-rooms127-129-40000000-buffer1024/48	128	0	127,0,39999488	0,0,0	0	0,0,0
triple-observed-transitions.tsv/MV-rooms127-129-40000000-buffer1024/49	128	0	127,0,39999488	0,0,0	0	0,0,0
triple-observed-transitions.tsv/MV-rooms127-129-40000000-buffer1024/50	128	0	127,0,39999488	0,0,0	0	0,0,0
triple-observed-transitions.tsv/MV-rooms127-129-40000000-buffer1024/51	128	0	127,0,39999488	0,0,0	0	0,0,0
triple-observed-transitions.tsv/MV-rooms127-129-40000000-buffer1024/52	128	0	127,0,39999488	0,0,0	0	0,0,0
triple-observed-transitions.tsv/MV-rooms127-129-40000000-buffer1024/53	128	0	127,0,39999488	0,0,0	0	0,0,0
triple-observed-transitions.tsv/MV-rooms127-129-40000000-buffer1024/54	128	0	127,0,39999488	0,0,0	0	0,0,0
triple-observed-transitions.tsv/MV-rooms127-129-40000000-buffer1024/55	128	0	127,0,39999488	0,0,0	0	0,0,0
triple-observed-transitions.tsv/MV-rooms127-129-40000000-buffer1024/56	128	0	127,0,39999488	0,0,0	0	0,0,0
triple-observed-transitions.tsv/MV-rooms127-129-40000000-buffer1024/57	128	0	127,0,39999488	0,0,0	0	0,0,0
triple-observed-transitions.tsv/MV-rooms127-129-40000000-buffer1024/58	128	0	127,0,39999488	0,0,0	0	0,0,0
triple-observed-transitions.tsv/MV-rooms127-129-40000000-buffer1024/59	128	0	127,0,39999488	0,0,0	0	0,0,0
triple-observed-transitions.tsv/MV-rooms127-129-40000000-buffer1024/60	128	0	127,0,39999488	0,0,0	0	0,0,0
triple-observed-transitions.tsv/MV-rooms1-1-40000000-buffer448/21	128	448	1,1,40000000	0,0,0	384	0,1,383
triple-observed-transitions.tsv/MV-rooms1-1-40000000-buffer448/22	128	64	1,0,39999617	0,0,0	0	0,0,0
triple-observed-transitions.tsv/MV-rooms1-1-40000000-buffer448/23	128	64	1,0,39999617	0,0,0	0	0,0,0
triple-observed-transitions.tsv/MV-rooms1-1-40000000-buffer448/24	128	64	1,0,39999617	0,0,0	0	0,0,0
triple-observed-transitions.tsv/MV-rooms1-1-40000000-buffer448/25	128	64	1,0,39999617	0,0,0	0	0,0,0
triple-observed-transitions.tsv/MV-rooms1-1-40000000-buffer448/26	128	64	1,0,39999617	0,0,0	0	0,0,0
triple-observed-transitions.tsv/MV-rooms1-1-40000000-buffer448/27	128	64	1,0,39999617	0,0,0	0	0,0,0
triple-observed-transitions.tsv/MV-rooms1-1-40000000-buffer448/28	128	64	1,0,39999617	0,0,0	0	0,0,0
triple-observed-transitions.tsv/MV-rooms1-1-40000000-buffer448/29	128	64	1,0,39999617	0,0,0	0	0,0,0
triple-observed-transitions.tsv/MV-rooms1-1-40000000-buffer448/30	128	64	1,0,39999617	0,0,0	0	0,0,0
triple-observed-transitions.tsv/MV-rooms1-1-40000000-buffer448/31	128	64	1,0,39999617	0,0,0	0	0,0,0
triple-observed-transitions.tsv/MV-rooms1-1-40000000-buffer448/32	128	64	1,0,39999617	0,0,0	0	0,0,0
triple-observed-transitions.tsv/MV-rooms1-1-40000000-buffer448/33	128	64	1,0,39999617	0,0,0	0	0,0,0
triple-observed-transitions.tsv/MV-rooms1-1-40000000-buffer448/34	128	64	1,0,39999617	0,0,0	0	0,0,0
triple-observed-transitions.tsv/MV-rooms1-1-40000000-buffer448/35	128	64	1,0,39999617	0,0,0	0	0,0,0
triple-observed-transitions.tsv/MV-rooms1-1-40000000-buffer448/36	128	64	1,0,39999617	0,0,0	0	0,0,0
triple-observed-transitions.tsv/MV-rooms1-1-40000000-buffer448/37	128	64	1,0,39999617	0,0,0	0	0,0,0
triple-observed-transitions.tsv/MV-rooms1-1-40000000-buffer448/38	128	64	1,0,39999617	0,0,0	0	0,0,0
triple-observed-transitions.tsv/MV-rooms1-1-40000000-buffer448/39	128	64	1,0,39999617	0,0,0	0	0,0,0
triple-observed-transitions.tsv/MV-rooms1-1-40000000-buffer448/40	128	64	1,0,39999617	0,0,0	0	0,0,0
triple-observed-transitions.tsv/MV-rooms1-1-40000000-buffer448/41	128	64	1,0,39999617	0,0,0	0	0,0,0
triple-observed-transitions.tsv/MV-rooms1-1-40000000-buffer448/42	128	64	1,0,39999617	0,0,0	0	0,0,0
triple-observed-transitions.tsv/MV-rooms1-1-40000000-buffer448/43	128	64	1,0,39999617	0,0,0	0	0,0,0
triple-observed-transitions.tsv/MV-rooms1-1-40000000-buffer448/44	128	64	1,0,39999617	0,0,0	0	0,0,0
triple-observed-transitions.tsv/MV-rooms1-1-40000000-buffer448/45	128	64	1,0,39999617	0,0,0	0	0,0,0
triple-observed-transitions.tsv/MV-rooms1-1-40000000-buffer448/46	128	64	1,0,39999617	0,0,0	0	0,0,0
triple-observed-transitions.tsv/MV-rooms1-1-40000000-buffer448/47	128	64	1,0,39999617	0,0,0	0	0,0,0
triple-observed-transitions.tsv/MV-rooms1-1-40000000-buffer448/48	128	64	1,0,39999617	0,0,0	0	0,0,0
triple-observed-transitions.tsv/MV-rooms1-1-40000000-buffer448/49	128	64	1,0,39999617	0,0,0	0	0,0,0
triple-observed-transitions.tsv/MV-rooms1-1-40000000-buffer448/50	128	64	1,0,39999617	0,0,0	0	0,0,0
triple-observed-transitions.tsv/MV-rooms1-1-40000000-buffer448/51	128	64	1,0,39999617	0,0,0	0	0,0,0
triple-observed-transitions.tsv/MV-rooms1-1-40000000-buffer448/52	128	64	1,0,39999617	0,0,0	0	0,0,0
triple-observed-transitions.tsv/MV-rooms1-1-40000000-buffer448/53	128	64	1,0,39999617	0,0,0	0	0,0,0
triple-observed-transitions.tsv/MV-rooms1-1-40000000-buffer448/54	128	64	1,0,39999617	0,0,0	0	0,0,0
triple-observed-transitions.tsv/MV-rooms1-1-40000000-buffer448/55	128	64	1,0,39999617	0,0,0	0	0,0,0
triple-observed-transitions.tsv/MV-rooms1-1-40000000-buffer448/56	128	64	1,0,39999617	0,0,0	0	0,0,0
triple-observed-transitions.tsv/MV-rooms1-1-40000000-buffer448/57	128	64	1,0,39999617	0,0,0	0	0,0,0
triple-observed-transitions.tsv/MV-rooms1-1-40000000-buffer448/58	128	64	1,0,39999617	0,0,0	0	0,0,0
triple-observed-transitions.tsv/MV-rooms1-1-40000000-buffer448/59	128	64	1,0,39999617	0,0,0	0	0,0,0
triple-observed-transitions.tsv/MV-rooms1-1-40000000-buffer448/60	128	64	1,0,39999617	0,0,0	0	0,0,0
triple-observed-transitions.tsv/MV-rooms1-1-40000000-buffer1024/21	128	1024	1,1,40000000	0,0,0	512	0,1,511
triple-observed-transitions.tsv/MV-rooms1-1-40000000-buffer1024/22	128	512	1,0,39999489	0,0,0	512	0,0,512
triple-observed-transitions.tsv/MV-rooms1-1-40000000-buffer1024/23	128	0	1,0,39998977	0,0,0	0	0,0,0
triple-observed-transitions.tsv/MV-rooms1-1-40000000-buffer1024/24	128	0	1,0,39998977	0,0,0	0	0,0,0
triple-observed-transitions.tsv/MV-rooms1-1-40000000-buffer1024/25	128	0	1,0,39998977	0,0,0	0	0,0,0
triple-observed-transitions.tsv/MV-rooms1-1-40000000-buffer1024/26	128	0	1,0,39998977	0,0,0	0	0,0,0
triple-observed-transitions.tsv/MV-rooms1-1-40000000-buffer1024/27	128	0	1,0,39998977	0,0,0	0	0,0,0
triple-observed-transitions.tsv/MV-rooms1-1-40000000-buffer1024/28	128	0	1,0,39998977	0,0,0	0	0,0,0
triple-observed-transitions.tsv/MV-rooms1-1-40000000-buffer1024/29	128	0	1,0,39998977	0,0,0	0	0,0,0
triple-observed-transitions.tsv/MV-rooms1-1-40000000-buffer1024/30	128	0	1,0,39998977	0,0,0	0	0,0,0
triple-observed-transitions.tsv/MV-rooms1-1-40000000-buffer1024/31	128	0	1,0,39998977	0,0,0	0	0,0,0
triple-observed-transitions.tsv/MV-rooms1-1-40000000-buffer1024/32	128	0	1,0,39998977	0,0,0	0	0,0,0
triple-observed-transitions.tsv/MV-rooms1-1-40000000-buffer1024/33	128	0	1,0,39998977	0,0,0	0	0,0,0
triple-observed-transitions.tsv/MV-rooms1-1-40000000-buffer1024/34	128	0	1,0,39998977	0,0,0	0	0,0,0
triple-observed-transitions.tsv/MV-rooms1-1-40000000-buffer1024/35	128	0	1,0,39998977	0,0,0	0	0,0,0
triple-observed-transitions.tsv/MV-rooms1-1-40000000-buffer1024/36	128	0	1,0,39998977	0,0,0	0	0,0,0
triple-observed-transitions.tsv/MV-rooms1-1-40000000-buffer1024/37	128	0	1,0,39998977	0,0,0	0	0,0,0
triple-observed-transitions.tsv/MV-rooms1-1-40000000-buffer1024/38	128	0	1,0,39998977	0,0,0	0	0,0,0
triple-observed-transitions.tsv/MV-rooms1-1-40000000-buffer1024/39	128	0	1,0,39998977	0,0,0	0	0,0,0
triple-observed-transitions.tsv/MV-rooms1-1-40000000-buffer1024/40	128	0	1,0,39998977	0,0,0	0	0,0,0
triple-observed-transitions.tsv/MV-rooms1-1-40000000-buffer1024/41	128	0	1,0,39998977	0,0,0	0	0,0,0
triple-observed-transitions.tsv/MV-rooms1-1-40000000-buffer1024/42	128	0	1,0,39998977	0,0,0	0	0,0,0
triple-observed-transitions.tsv/MV-rooms1-1-40000000-buffer1024/43	128	0	1,0,39998977	0,0,0	0	0,0,0
triple-observed-transitions.tsv/MV-rooms1-1-40000000-buffer1024/44	128	0	1,0,39998977	0,0,0	0	0,0,0
triple-observed-transitions.tsv/MV-rooms1-1-40000000-buffer1024/45	128	0	1,0,39998977	0,0,0	0	0,0,0
triple-observed-transitions.tsv/MV-rooms1-1-40000000-buffer1024/46	128	0	1,0,39998977	0,0,0	0	0,0,0
triple-observed-transitions.tsv/MV-rooms1-1-40000000-buffer1024/47	128	0	1,0,39998977	0,0,0	0	0,0,0
triple-observed-transitions.tsv/MV-rooms1-1-40000000-buffer1024/48	128	0	1,0,39998977	0,0,0	0	0,0,0
triple-observed-transitions.tsv/MV-rooms1-1-40000000-buffer1024/49	128	0	1,0,39998977	0,0,0	0	0,0,0
triple-observed-transitions.tsv/MV-rooms1-1-40000000-buffer1024/50	128	0	1,0,39998977	0,0,0	0	0,0,0
triple-observed-transitions.tsv/MV-rooms1-1-40000000-buffer1024/51	128	0	1,0,39998977	0,0,0	0	0,0,0
triple-observed-transitions.tsv/MV-rooms1-1-40000000-buffer1024/52	128	0	1,0,39998977	0,0,0	0	0,0,0
triple-observed-transitions.tsv/MV-rooms1-1-40000000-buffer1024/53	128	0	1,0,39998977	0,0,0	0	0,0,0
triple-observed-transitions.tsv/MV-rooms1-1-40000000-buffer1024/54	128	0	1,0,39998977	0,0,0	0	0,0,0
triple-observed-transitions.tsv/MV-rooms1-1-40000000-buffer1024/55	128	0	1,0,39998977	0,0,0	0	0,0,0
triple-observed-transitions.tsv/MV-rooms1-1-40000000-buffer1024/56	128	0	1,0,39998977	0,0,0	0	0,0,0
triple-observed-transitions.tsv/MV-rooms1-1-40000000-buffer1024/57	128	0	1,0,39998977	0,0,0	0	0,0,0
triple-observed-transitions.tsv/MV-rooms1-1-40000000-buffer1024/58	128	0	1,0,39998977	0,0,0	0	0,0,0
triple-observed-transitions.tsv/MV-rooms1-1-40000000-buffer1024/59	128	0	1,0,39998977	0,0,0	0	0,0,0
triple-observed-transitions.tsv/MV-rooms1-1-40000000-buffer1024/60	128	0	1,0,39998977	0,0,0	0	0,0,0
triple-observed-transitions.tsv/MV-rooms65-65-129-buffer448/21	128	448	65,65,129	0,0,0	384	0,0,384
triple-observed-transitions.tsv/MV-rooms65-65-129-buffer448/22	128	64	65,65,0	0,0,0	0	0,0,0
triple-observed-transitions.tsv/MV-rooms65-65-129-buffer448/23	128	64	65,65,0	0,0,0	0	0,0,0
triple-observed-transitions.tsv/MV-rooms65-65-129-buffer448/24	128	64	65,65,0	0,0,0	0	0,0,0
triple-observed-transitions.tsv/MV-rooms65-65-129-buffer448/25	128	64	65,65,0	0,0,0	0	0,0,0
triple-observed-transitions.tsv/MV-rooms65-65-129-buffer448/26	128	64	65,65,0	0,0,0	0	0,0,0
triple-observed-transitions.tsv/MV-rooms65-65-129-buffer448/27	128	64	65,65,0	0,0,0	0	0,0,0
triple-observed-transitions.tsv/MV-rooms65-65-129-buffer448/28	128	64	65,65,0	0,0,0	0	0,0,0
triple-observed-transitions.tsv/MV-rooms65-65-129-buffer448/29	128	64	65,65,0	0,0,0	0	0,0,0
triple-observed-transitions.tsv/MV-rooms65-65-129-buffer448/30	128	64	65,65,0	0,0,0	0	0,0,0
triple-observed-transitions.tsv/MV-rooms65-65-129-buffer448/31	128	64	65,65,0	0,0,0	0	0,0,0
triple-observed-transitions.tsv/MV-rooms65-65-129-buffer448/32	128	64	65,65,0	0,0,0	0	0,0,0
triple-observed-transitions.tsv/MV-rooms65-65-129-buffer448/33	128	64	65,65,0	0,0,0	0	0,0,0
triple-observed-transitions.tsv/MV-rooms65-65-129-buffer448/34	128	64	65,65,0	0,0,0	0	0,0,0
triple-observed-transitions.tsv/MV-rooms65-65-129-buffer448/35	128	64	65,65,0	0,0,0	0	0,0,0
triple-observed-transitions.tsv/MV-rooms65-65-129-buffer448/36	128	64	65,65,0	0,0,0	0	0,0,0
triple-observed-transitions.tsv/MV-rooms65-65-129-buffer448/37	128	64	65,65,0	0,0,0	0	0,0,0
triple-observed-transitions.tsv/MV-rooms65-65-129-buffer448/38	128	64	65,65,0	0,0,0	0	0,0,0
triple-observed-transitions.tsv/MV-rooms65-65-129-buffer448/39	128	64	65,65,0	0,0,0	0	0,0,0
triple-observed-transitions.tsv/MV-rooms65-65-129-buffer448/40	128	64	65,65,0	0,0,0	0	0,0,0
triple-observed-transitions.tsv/MV-rooms65-65-129-buffer448/41	128	64	65,65,0	0,0,0	0	0,0,0
triple-observed-transitions.tsv/MV-rooms65-65-129-buffer448/42	128	64	65,65,0	0,0,0	0	0,0,0
triple-observed-transitions.tsv/MV-rooms65-65-129-buffer448/43	128	64	65,65,0	0,0,0	0	0,0,0
triple-observed-transitions.tsv/MV-rooms65-65-129-buffer448/44	128	64	65,65,0	0,0,0	0	0,0,0
triple-observed-transitions.tsv/MV-rooms65-65-129-buffer448/45	128	64	65,65,0	0,0,0	0	0,0,0
triple-observed-transitions.tsv/MV-rooms65-65-129-buffer448/46	128	64	65,65,0	0,0,0	0	0,0,0
triple-observed-transitions.tsv/MV-rooms65-65-129-buffer448/47	128	64	65,65,0	0,0,0	0	0,0,0
triple-observed-transitions.tsv/MV-rooms65-65-129-buffer448/48	128	64	65,65,0	0,0,0	0	0,0,0
triple-observed-transitions.tsv/MV-rooms65-65-129-buffer448/49	128	64	65,65,0	0,0,0	0	0,0,0
triple-observed-transitions.tsv/MV-rooms65-65-129-buffer448/50	128	64	65,65,0	0,0,0	0	0,0,0
triple-observed-transitions.tsv/MV-rooms65-65-129-buffer448/51	128	64	65,65,0	0,0,0	0	0,0,0
triple-observed-transitions.tsv/MV-rooms65-65-129-buffer448/52	128	64	65,65,0	0,0,0	0	0,0,0
triple-observed-transitions.tsv/MV-rooms65-65-129-buffer448/53	128	64	65,65,0	0,0,0	0	0,0,0
triple-observed-transitions.tsv/MV-rooms65-65-129-buffer448/54	128	64	65,65,0	0,0,0	0	0,0,0
triple-observed-transitions.tsv/MV-rooms65-65-129-buffer448/55	128	64	65,65,0	0,0,0	0	0,0,0
triple-observed-transitions.tsv/MV-rooms65-65-129-buffer448/56	128	64	65,65,0	0,0,0	0	0,0,0
triple-observed-transitions.tsv/MV-rooms65-65-129-buffer448/57	128	64	65,65,0	0,0,0	0	0,0,0
triple-observed-transitions.tsv/MV-rooms65-65-129-buffer448/58	128	64	65,65,0	0,0,0	0	0,0,0
triple-observed-transitions.tsv/MV-rooms65-65-129-buffer448/59	128	64	65,65,0	0,0,0	0	0,0,0
triple-observed-transitions.tsv/MV-rooms65-65-129-buffer448/60	128	64	65,65,0	0,0,0	0	0,0,0
triple-observed-transitions.tsv/MV-rooms65-65-129-buffer1024/21	128	1024	65,65,129	0,0,0	512	0,65,447
triple-observed-transitions.tsv/MV-rooms65-65-129-buffer1024/22	128	512	65,0,0	0,0,0	65	65,0,0
triple-observed-transitions.tsv/MV-rooms65-65-129-buffer1024/23	128	447	0,0,0	0,0,0	0	0,0,0
triple-observed-transitions.tsv/MV-rooms65-65-129-buffer1024/24	128	447	0,0,0	0,0,0	0	0,0,0
triple-observed-transitions.tsv/MV-rooms65-65-129-buffer1024/25	128	447	0,0,0	0,0,0	0	0,0,0
triple-observed-transitions.tsv/MV-rooms65-65-129-buffer1024/26	128	447	0,0,0	0,0,0	0	0,0,0
triple-observed-transitions.tsv/MV-rooms65-65-129-buffer1024/27	128	447	0,0,0	0,0,0	0	0,0,0
triple-observed-transitions.tsv/MV-rooms65-65-129-buffer1024/28	128	447	0,0,0	0,0,0	0	0,0,0
triple-observed-transitions.tsv/MV-rooms65-65-129-buffer1024/29	128	447	0,0,0	0,0,0	0	0,0,0
triple-observed-transitions.tsv/MV-rooms65-65-129-buffer1024/30	128	447	0,0,0	0,0,0	0	0,0,0
triple-observed-transitions.tsv/MV-rooms65-65-129-buffer1024/31	128	447	0,0,0	0,0,0	0	0,0,0
triple-observed-transitions.tsv/MV-rooms65-65-129-buffer1024/32	128	447	0,0,0	0,0,0	0	0,0,0
triple-observed-transitions.tsv/MV-rooms65-65-129-buffer1024/33	128	447	0,0,0	0,0,0	0	0,0,0
triple-observed-transitions.tsv/MV-rooms65-65-129-buffer1024/34	128	447	0,0,0	0,0,0	0	0,0,0
triple-observed-transitions.tsv/MV-rooms65-65-129-buffer1024/35	128	447	0,0,0	0,0,0	0	0,0,0
triple-observed-transitions.tsv/MV-rooms65-65-129-buffer1024/36	128	447	0,0,0	0,0,0	0	0,0,0
triple-observed-transitions.tsv/MV-rooms65-65-129-buffer1024/37	128	447	0,0,0	0,0,0	0	0,0,0
triple-observed-transitions.tsv/MV-rooms65-65-129-buffer1024/38	128	447	0,0,0	0,0,0	0	0,0,0
triple-observed-transitions.tsv/MV-rooms65-65-129-buffer1024/39	128	447	0,0,0	0,0,0	0	0,0,0
triple-observed-transitions.tsv/MV-rooms65-65-129-buffer1024/40	128	447	0,0,0	0,0,0	0	0,0,0
triple-observed-transitions.tsv/MV-rooms65-65-129-buffer1024/41	128	447	0,0,0	0,0,0	0	0,0,0
triple-observed-transitions.tsv/MV-rooms65-65-129-buffer1024/42	128	447	0,0,0	0,0,0	0	0,0,0
triple-observed-transitions.tsv/MV-rooms65-65-129-buffer1024/43	128	447	0,0,0	0,0,0	0	0,0,0
triple-observed-transitions.tsv/MV-rooms65-65-129-buffer1024/44	128	447	0,0,0	0,0,0	0	0,0,0
triple-observed-transitions.tsv/MV-rooms65-65-129-buffer1024/45	128	447	0,0,0	0,0,0	0	0,0,0
triple-observed-transitions.tsv/MV-rooms65-65-129-buffer1024/46	128	447	0,0,0	0,0,0	0	0,0,0
triple-observed-transitions.tsv/MV-rooms65-65-129-buffer1024/47	128	447	0,0,0	0,0,0	0	0,0,0
triple-observed-transitions.tsv/MV-rooms65-65-129-buffer1024/48	128	447	0,0,0	0,0,0	0	0,0,0
triple-observed-transitions.tsv/MV-rooms65-65-129-buffer1024/49	128	447	0,0,0	0,0,0	0	0,0,0
triple-observed-transitions.tsv/MV-rooms65-65-129-buffer1024/50	128	447	0,0,0	0,0,0	0	0,0,0
triple-observed-transitions.tsv/MV-rooms65-65-129-buffer1024/51	128	447	0,0,0	0,0,0	0	0,0,0
triple-observed-transitions.tsv/MV-rooms65-65-129-buffer1024/52	128	447	0,0,0	0,0,0	0	0,0,0
triple-observed-transitions.tsv/MV-rooms65-65-129-buffer1024/53	128	447	0,0,0	0,0,0	0	0,0,0
triple-observed-transitions.tsv/MV-rooms65-65-129-buffer1024/54	128	447	0,0,0	0,0,0	0	0,0,0
triple-observed-transitions.tsv/MV-rooms65-65-129-buffer1024/55	128	447	0,0,0	0,0,0	0	0,0,0
triple-observed-transitions.tsv/MV-rooms65-65-129-buffer1024/56	128	447	0,0,0	0,0,0	0	0,0,0
triple-observed-transitions.tsv/MV-rooms65-65-129-buffer1024/57	128	447	0,0,0	0,0,0	0	0,0,0
triple-observed-transitions.tsv/MV-rooms65-65-129-buffer1024/58	128	447	0,0,0	0,0,0	0	0,0,0
triple-observed-transitions.tsv/MV-rooms65-65-129-buffer1024/59	128	447	0,0,0	0,0,0	0	0,0,0
triple-observed-transitions.tsv/MV-rooms65-65-129-buffer1024/60	128	447	0,0,0	0,0,0	0	0,0,0
triple-observed-transitions.tsv/MV-rooms129-129-129-buffer448/21	128	448	129,129,129	0,0,0	384	0,384,0
triple-observed-transitions.tsv/MV-rooms129-129-129-buffer448/22	128	64	129,0,129	0,0,0	0	0,0,0
triple-observed-transitions.tsv/MV-rooms129-129-129-buffer448/23	128	64	129,0,129	0,0,0	0	0,0,0
triple-observed-transitions.tsv/MV-rooms129-129-129-buffer448/24	128	64	129,0,129	0,0,0	0	0,0,0
triple-observed-transitions.tsv/MV-rooms129-129-129-buffer448/25	128	64	129,0,129	0,0,0	0	0,0,0
triple-observed-transitions.tsv/MV-rooms129-129-129-buffer448/26	128	64	129,0,129	0,0,0	0	0,0,0
triple-observed-transitions.tsv/MV-rooms129-129-129-buffer448/27	128	64	129,0,129	0,0,0	0	0,0,0
triple-observed-transitions.tsv/MV-rooms129-129-129-buffer448/28	128	64	129,0,129	0,0,0	0	0,0,0
triple-observed-transitions.tsv/MV-rooms129-129-129-buffer448/29	128	64	129,0,129	0,0,0	0	0,0,0
triple-observed-transitions.tsv/MV-rooms129-129-129-buffer448/30	128	64	129,0,129	0,0,0	0	0,0,0
triple-observed-transitions.tsv/MV-rooms129-129-129-buffer448/31	128	64	129,0,129	0,0,0	0	0,0,0
triple-observed-transitions.tsv/MV-rooms129-129-129-buffer448/32	128	64	129,0,129	0,0,0	0	0,0,0
triple-observed-transitions.tsv/MV-rooms129-129-129-buffer448/33	128	64	129,0,129	0,0,0	0	0,0,0
triple-observed-transitions.tsv/MV-rooms129-129-129-buffer448/34	128	64	129,0,129	0,0,0	0	0,0,0
triple-observed-transitions.tsv/MV-rooms129-129-129-buffer448/35	128	64	129,0,129	0,0,0	0	0,0,0
triple-observed-transitions.tsv/MV-rooms129-129-129-buffer448/36	128	64	129,0,129	0,0,0	0	0,0,0
triple-observed-transitions.tsv/MV-rooms129-129-129-buffer448/37	128	64	129,0,129	0,0,0	0	0,0,0
triple-observed-transitions.tsv/MV-rooms129-129-129-buffer448/38	128	64	129,0,129	0,0,0	0	0,0,0
triple-observed-transitions.tsv/MV-rooms129-129-129-buffer448/39	128	64	129,0,129	0,0,0	0	0,0,0
triple-observed-transitions.tsv/MV-rooms129-129-129-buffer448/40	128	64	129,0,129	0,0,0	0	0,0,0
triple-observed-transitions.tsv/MV-rooms129-129-129-buffer448/41	128	64	129,0,129	0,0,0	0	0,0,0
triple-observed-transitions.tsv/MV-rooms129-129-129-buffer448/42	128	64	129,0,129	0,0,0	0	0,0,0
triple-observed-transitions.tsv/MV-rooms129-129-129-buffer448/43	128	64	129,0,129	0,0,0	0	0,0,0
triple-observed-transitions.tsv/MV-rooms129-129-129-buffer448/44	128	64	129,0,129	0,0,0	0	0,0,0
triple-observed-transitions.tsv/MV-rooms129-129-129-buffer448/45	128	64	129,0,129	0,0,0	0	0,0,0
triple-observed-transitions.tsv/MV-rooms129-129-129-buffer448/46	128	64	129,0,129	0,0,0	0	0,0,0
triple-observed-transitions.tsv/MV-rooms129-129-129-buffer448/47	128	64	129,0,129	0,0,0	0	0,0,0
triple-observed-transitions.tsv/MV-rooms129-129-129-buffer448/48	128	64	129,0,129	0,0,0	0	0,0,0
triple-observed-transitions.tsv/MV-rooms129-129-129-buffer448/49	128	64	129,0,129	0,0,0	0	0,0,0
triple-observed-transitions.tsv/MV-rooms129-129-129-buffer448/50	128	64	129,0,129	0,0,0	0	0,0,0
triple-observed-transitions.tsv/MV-rooms129-129-129-buffer448/51	128	64	129,0,129	0,0,0	0	0,0,0
triple-observed-transitions.tsv/MV-rooms129-129-129-buffer448/52	128	64	129,0,129	0,0,0	0	0,0,0
triple-observed-transitions.tsv/MV-rooms129-129-129-buffer448/53	128	64	129,0,129	0,0,0	0	0,0,0
triple-observed-transitions.tsv/MV-rooms129-129-129-buffer448/54	128	64	129,0,129	0,0,0	0	0,0,0
triple-observed-transitions.tsv/MV-rooms129-129-129-buffer448/55	128	64	129,0,129	0,0,0	0	0,0,0
triple-observed-transitions.tsv/MV-rooms129-129-129-buffer448/56	128	64	129,0,129	0,0,0	0	0,0,0
triple-observed-transitions.tsv/MV-rooms129-129-129-buffer448/57	128	64	129,0,129	0,0,0	0	0,0,0
triple-observed-transitions.tsv/MV-rooms129-129-129-buffer448/58	128	64	129,0,129	0,0,0	0	0,0,0
triple-observed-transitions.tsv/MV-rooms129-129-129-buffer448/59	128	64	129,0,129	0,0,0	0	0,0,0
triple-observed-transitions.tsv/MV-rooms129-129-129-buffer448/60	128	64	129,0,129	0,0,0	0	0,0,0
triple-observed-transitions.tsv/MV-rooms129-129-129-buffer1024/21	128	1024	129,129,129	0,0,0	512	0,512,0
triple-observed-transitions.tsv/MV-rooms129-129-129-buffer1024/22	128	512	129,0,129	0,0,0	512	512,0,0
triple-observed-transitions.tsv/MV-rooms129-129-129-buffer1024/23	128	0	0,0,129	0,0,0	0	0,0,0
triple-observed-transitions.tsv/MV-rooms129-129-129-buffer1024/24	128	0	0,0,129	0,0,0	0	0,0,0
triple-observed-transitions.tsv/MV-rooms129-129-129-buffer1024/25	128	0	0,0,129	0,0,0	0	0,0,0
triple-observed-transitions.tsv/MV-rooms129-129-129-buffer1024/26	128	0	0,0,129	0,0,0	0	0,0,0
triple-observed-transitions.tsv/MV-rooms129-129-129-buffer1024/27	128	0	0,0,129	0,0,0	0	0,0,0
triple-observed-transitions.tsv/MV-rooms129-129-129-buffer1024/28	128	0	0,0,129	0,0,0	0	0,0,0
triple-observed-transitions.tsv/MV-rooms129-129-129-buffer1024/29	128	0	0,0,129	0,0,0	0	0,0,0
triple-observed-transitions.tsv/MV-rooms129-129-129-buffer1024/30	128	0	0,0,129	0,0,0	0	0,0,0
triple-observed-transitions.tsv/MV-rooms129-129-129-buffer1024/31	128	0	0,0,129	0,0,0	0	0,0,0
triple-observed-transitions.tsv/MV-rooms129-129-129-buffer1024/32	128	0	0,0,129	0,0,0	0	0,0,0
triple-observed-transitions.tsv/MV-rooms129-129-129-buffer1024/33	128	0	0,0,129	0,0,0	0	0,0,0
triple-observed-transitions.tsv/MV-rooms129-129-129-buffer1024/34	128	0	0,0,129	0,0,0	0	0,0,0
triple-observed-transitions.tsv/MV-rooms129-129-129-buffer1024/35	128	0	0,0,129	0,0,0	0	0,0,0
triple-observed-transitions.tsv/MV-rooms129-129-129-buffer1024/36	128	0	0,0,129	0,0,0	0	0,0,0
triple-observed-transitions.tsv/MV-rooms129-129-129-buffer1024/37	128	0	0,0,129	0,0,0	0	0,0,0
triple-observed-transitions.tsv/MV-rooms129-129-129-buffer1024/38	128	0	0,0,129	0,0,0	0	0,0,0
triple-observed-transitions.tsv/MV-rooms129-129-129-buffer1024/39	128	0	0,0,129	0,0,0	0	0,0,0
triple-observed-transitions.tsv/MV-rooms129-129-129-buffer1024/40	128	0	0,0,129	0,0,0	0	0,0,0
triple-observed-transitions.tsv/MV-rooms129-129-129-buffer1024/41	128	0	0,0,129	0,0,0	0	0,0,0
triple-observed-transitions.tsv/MV-rooms129-129-129-buffer1024/42	128	0	0,0,129	0,0,0	0	0,0,0
triple-observed-transitions.tsv/MV-rooms129-129-129-buffer1024/43	128	0	0,0,129	0,0,0	0	0,0,0
triple-observed-transitions.tsv/MV-rooms129-129-129-buffer1024/44	128	0	0,0,129	0,0,0	0	0,0,0
triple-observed-transitions.tsv/MV-rooms129-129-129-buffer1024/45	128	0	0,0,129	0,0,0	0	0,0,0
triple-observed-transitions.tsv/MV-rooms129-129-129-buffer1024/46	128	0	0,0,129	0,0,0	0	0,0,0
triple-observed-transitions.tsv/MV-rooms129-129-129-buffer1024/47	128	0	0,0,129	0,0,0	0	0,0,0
triple-observed-transitions.tsv/MV-rooms129-129-129-buffer1024/48	128	0	0,0,129	0,0,0	0	0,0,0
triple-observed-transitions.tsv/MV-rooms129-129-129-buffer1024/49	128	0	0,0,129	0,0,0	0	0,0,0
triple-observed-transitions.tsv/MV-rooms129-129-129-buffer1024/50	128	0	0,0,129	0,0,0	0	0,0,0
triple-observed-transitions.tsv/MV-rooms129-129-129-buffer1024/51	128	0	0,0,129	0,0,0	0	0,0,0
triple-observed-transitions.tsv/MV-rooms129-129-129-buffer1024/52	128	0	0,0,129	0,0,0	0	0,0,0
triple-observed-transitions.tsv/MV-rooms129-129-129-buffer1024/53	128	0	0,0,129	0,0,0	0	0,0,0
triple-observed-transitions.tsv/MV-rooms129-129-129-buffer1024/54	128	0	0,0,129	0,0,0	0	0,0,0
triple-observed-transitions.tsv/MV-rooms129-129-129-buffer1024/55	128	0	0,0,129	0,0,0	0	0,0,0
triple-observed-transitions.tsv/MV-rooms129-129-129-buffer1024/56	128	0	0,0,129	0,0,0	0	0,0,0
triple-observed-transitions.tsv/MV-rooms129-129-129-buffer1024/57	128	0	0,0,129	0,0,0	0	0,0,0
triple-observed-transitions.tsv/MV-rooms129-129-129-buffer1024/58	128	0	0,0,129	0,0,0	0	0,0,0
triple-observed-transitions.tsv/MV-rooms129-129-129-buffer1024/59	128	0	0,0,129	0,0,0	0	0,0,0
triple-observed-transitions.tsv/MV-rooms129-129-129-buffer1024/60	128	0	0,0,129	0,0,0	0	0,0,0
triple-observed-transitions.tsv/MV-rooms0-128-257-buffer448/21	128	448	0,128,257	0,0,0	384	0,0,384
triple-observed-transitions.tsv/MV-rooms0-128-257-buffer448/22	128	64	0,128,0	0,0,0	0	0,0,0
triple-observed-transitions.tsv/MV-rooms0-128-257-buffer448/23	128	64	0,128,0	0,0,0	0	0,0,0
triple-observed-transitions.tsv/MV-rooms0-128-257-buffer448/24	128	64	0,128,0	0,0,0	0	0,0,0
triple-observed-transitions.tsv/MV-rooms0-128-257-buffer448/25	128	64	0,128,0	0,0,0	0	0,0,0
triple-observed-transitions.tsv/MV-rooms0-128-257-buffer448/26	128	64	0,128,0	0,0,0	0	0,0,0
triple-observed-transitions.tsv/MV-rooms0-128-257-buffer448/27	128	64	0,128,0	0,0,0	0	0,0,0
triple-observed-transitions.tsv/MV-rooms0-128-257-buffer448/28	128	64	0,128,0	0,0,0	0	0,0,0
triple-observed-transitions.tsv/MV-rooms0-128-257-buffer448/29	128	64	0,128,0	0,0,0	0	0,0,0
triple-observed-transitions.tsv/MV-rooms0-128-257-buffer448/30	128	64	0,128,0	0,0,0	0	0,0,0
triple-observed-transitions.tsv/MV-rooms0-128-257-buffer448/31	128	64	0,128,0	0,0,0	0	0,0,0
triple-observed-transitions.tsv/MV-rooms0-128-257-buffer448/32	128	64	0,128,0	0,0,0	0	0,0,0
triple-observed-transitions.tsv/MV-rooms0-128-257-buffer448/33	128	64	0,128,0	0,0,0	0	0,0,0
triple-observed-transitions.tsv/MV-rooms0-128-257-buffer448/34	128	64	0,128,0	0,0,0	0	0,0,0
triple-observed-transitions.tsv/MV-rooms0-128-257-buffer448/35	128	64	0,128,0	0,0,0	0	0,0,0
triple-observed-transitions.tsv/MV-rooms0-128-257-buffer448/36	128	64	0,128,0	0,0,0	0	0,0,0
triple-observed-transitions.tsv/MV-rooms0-128-257-buffer448/37	128	64	0,128,0	0,0,0	0	0,0,0
triple-observed-transitions.tsv/MV-rooms0-128-257-buffer448/38	128	64	0,128,0	0,0,0	0	0,0,0
triple-observed-transitions.tsv/MV-rooms0-128-257-buffer448/39	128	64	0,128,0	0,0,0	0	0,0,0
triple-observed-transitions.tsv/MV-rooms0-128-257-buffer448/40	128	64	0,128,0	0,0,0	0	0,0,0
triple-observed-transitions.tsv/MV-rooms0-128-257-buffer448/41	128	64	0,128,0	0,0,0	0	0,0,0
triple-observed-transitions.tsv/MV-rooms0-128-257-buffer448/42	128	64	0,128,0	0,0,0	0	0,0,0
triple-observed-transitions.tsv/MV-rooms0-128-257-buffer448/43	128	64	0,128,0	0,0,0	0	0,0,0
triple-observed-transitions.tsv/MV-rooms0-128-257-buffer448/44	128	64	0,128,0	0,0,0	0	0,0,0
triple-observed-transitions.tsv/MV-rooms0-128-257-buffer448/45	128	64	0,128,0	0,0,0	0	0,0,0
triple-observed-transitions.tsv/MV-rooms0-128-257-buffer448/46	128	64	0,128,0	0,0,0	0	0,0,0
triple-observed-transitions.tsv/MV-rooms0-128-257-buffer448/47	128	64	0,128,0	0,0,0	0	0,0,0
triple-observed-transitions.tsv/MV-rooms0-128-257-buffer448/48	128	64	0,128,0	0,0,0	0	0,0,0
triple-observed-transitions.tsv/MV-rooms0-128-257-buffer448/49	128	64	0,128,0	0,0,0	0	0,0,0
triple-observed-transitions.tsv/MV-rooms0-128-257-buffer448/50	128	64	0,128,0	0,0,0	0	0,0,0
triple-observed-transitions.tsv/MV-rooms0-128-257-buffer448/51	128	64	0,128,0	0,0,0	0	0,0,0
triple-observed-transitions.tsv/MV-rooms0-128-257-buffer448/52	128	64	0,128,0	0,0,0	0	0,0,0
triple-observed-transitions.tsv/MV-rooms0-128-257-buffer448/53	128	64	0,128,0	0,0,0	0	0,0,0
triple-observed-transitions.tsv/MV-rooms0-128-257-buffer448/54	128	64	0,128,0	0,0,0	0	0,0,0
triple-observed-transitions.tsv/MV-rooms0-128-257-buffer448/55	128	64	0,128,0	0,0,0	0	0,0,0
triple-observed-transitions.tsv/MV-rooms0-128-257-buffer448/56	128	64	0,128,0	0,0,0	0	0,0,0
triple-observed-transitions.tsv/MV-rooms0-128-257-buffer448/57	128	64	0,128,0	0,0,0	0	0,0,0
triple-observed-transitions.tsv/MV-rooms0-128-257-buffer448/58	128	64	0,128,0	0,0,0	0	0,0,0
triple-observed-transitions.tsv/MV-rooms0-128-257-buffer448/59	128	64	0,128,0	0,0,0	0	0,0,0
triple-observed-transitions.tsv/MV-rooms0-128-257-buffer448/60	128	64	0,128,0	0,0,0	0	0,0,0
triple-observed-transitions.tsv/MV-rooms0-128-257-buffer1024/21	128	1024	0,128,257	0,0,0	512	0,0,512
triple-observed-transitions.tsv/MV-rooms0-128-257-buffer1024/22	128	512	0,128,0	0,0,0	128	0,128,0
triple-observed-transitions.tsv/MV-rooms0-128-257-buffer1024/23	128	384	0,0,0	0,0,0	0	0,0,0
triple-observed-transitions.tsv/MV-rooms0-128-257-buffer1024/24	128	384	0,0,0	0,0,0	0	0,0,0
triple-observed-transitions.tsv/MV-rooms0-128-257-buffer1024/25	128	384	0,0,0	0,0,0	0	0,0,0
triple-observed-transitions.tsv/MV-rooms0-128-257-buffer1024/26	128	384	0,0,0	0,0,0	0	0,0,0
triple-observed-transitions.tsv/MV-rooms0-128-257-buffer1024/27	128	384	0,0,0	0,0,0	0	0,0,0
triple-observed-transitions.tsv/MV-rooms0-128-257-buffer1024/28	128	384	0,0,0	0,0,0	0	0,0,0
triple-observed-transitions.tsv/MV-rooms0-128-257-buffer1024/29	128	384	0,0,0	0,0,0	0	0,0,0
triple-observed-transitions.tsv/MV-rooms0-128-257-buffer1024/30	128	384	0,0,0	0,0,0	0	0,0,0
triple-observed-transitions.tsv/MV-rooms0-128-257-buffer1024/31	128	384	0,0,0	0,0,0	0	0,0,0
triple-observed-transitions.tsv/MV-rooms0-128-257-buffer1024/32	128	384	0,0,0	0,0,0	0	0,0,0
triple-observed-transitions.tsv/MV-rooms0-128-257-buffer1024/33	128	384	0,0,0	0,0,0	0	0,0,0
triple-observed-transitions.tsv/MV-rooms0-128-257-buffer1024/34	128	384	0,0,0	0,0,0	0	0,0,0
triple-observed-transitions.tsv/MV-rooms0-128-257-buffer1024/35	128	384	0,0,0	0,0,0	0	0,0,0
triple-observed-transitions.tsv/MV-rooms0-128-257-buffer1024/36	128	384	0,0,0	0,0,0	0	0,0,0
triple-observed-transitions.tsv/MV-rooms0-128-257-buffer1024/37	128	384	0,0,0	0,0,0	0	0,0,0
triple-observed-transitions.tsv/MV-rooms0-128-257-buffer1024/38	128	384	0,0,0	0,0,0	0	0,0,0
triple-observed-transitions.tsv/MV-rooms0-128-257-buffer1024/39	128	384	0,0,0	0,0,0	0	0,0,0
triple-observed-transitions.tsv/MV-rooms0-128-257-buffer1024/40	128	384	0,0,0	0,0,0	0	0,0,0
triple-observed-transitions.tsv/MV-rooms0-128-257-buffer1024/41	128	384	0,0,0	0,0,0	0	0,0,0
triple-observed-transitions.tsv/MV-rooms0-128-257-buffer1024/42	128	384	0,0,0	0,0,0	0	0,0,0
triple-observed-transitions.tsv/MV-rooms0-128-257-buffer1024/43	128	384	0,0,0	0,0,0	0	0,0,0
triple-observed-transitions.tsv/MV-rooms0-128-257-buffer1024/44	128	384	0,0,0	0,0,0	0	0,0,0
triple-observed-transitions.tsv/MV-rooms0-128-257-buffer1024/45	128	384	0,0,0	0,0,0	0	0,0,0
triple-observed-transitions.tsv/MV-rooms0-128-257-buffer1024/46	128	384	0,0,0	0,0,0	0	0,0,0
triple-observed-transitions.tsv/MV-rooms0-128-257-buffer1024/47	128	384	0,0,0	0,0,0	0	0,0,0
triple-observed-transitions.tsv/MV-rooms0-128-257-buffer1024/48	128	384	0,0,0	0,0,0	0	0,0,0
triple-observed-transitions.tsv/MV-rooms0-128-257-buffer1024/49	128	384	0,0,0	0,0,0	0	0,0,0
triple-observed-transitions.tsv/MV-rooms0-128-257-buffer1024/50	128	384	0,0,0	0,0,0	0	0,0,0
triple-observed-transitions.tsv/MV-rooms0-128-257-buffer1024/51	128	384	0,0,0	0,0,0	0	0,0,0
triple-observed-transitions.tsv/MV-rooms0-128-257-buffer1024/52	128	384	0,0,0	0,0,0	0	0,0,0
triple-observed-transitions.tsv/MV-rooms0-128-257-buffer1024/53	128	384	0,0,0	0,0,0	0	0,0,0
triple-observed-transitions.tsv/MV-rooms0-128-257-buffer1024/54	128	384	0,0,0	0,0,0	0	0,0,0
triple-observed-transitions.tsv/MV-rooms0-128-257-buffer1024/55	128	384	0,0,0	0,0,0	0	0,0,0
triple-observed-transitions.tsv/MV-rooms0-128-257-buffer1024/56	128	384	0,0,0	0,0,0	0	0,0,0
triple-observed-transitions.tsv/MV-rooms0-128-257-buffer1024/57	128	384	0,0,0	0,0,0	0	0,0,0
triple-observed-transitions.tsv/MV-rooms0-128-257-buffer1024/58	128	384	0,0,0	0,0,0	0	0,0,0
triple-observed-transitions.tsv/MV-rooms0-128-257-buffer1024/59	128	384	0,0,0	0,0,0	0	0,0,0
triple-observed-transitions.tsv/MV-rooms0-128-257-buffer1024/60	128	384	0,0,0	0,0,0	0	0,0,0
triple-observed-transitions.tsv/MV-rooms127-127-127-buffer448/21	128	448	127,127,127	0,0,0	381	127,127,127
triple-observed-transitions.tsv/MV-rooms127-127-127-buffer448/22	128	67	0,0,0	0,0,0	0	0,0,0
triple-observed-transitions.tsv/MV-rooms127-127-127-buffer448/23	128	67	0,0,0	0,0,0	0	0,0,0
triple-observed-transitions.tsv/MV-rooms127-127-127-buffer448/24	128	67	0,0,0	0,0,0	0	0,0,0
triple-observed-transitions.tsv/MV-rooms127-127-127-buffer448/25	128	67	0,0,0	0,0,0	0	0,0,0
triple-observed-transitions.tsv/MV-rooms127-127-127-buffer448/26	128	67	0,0,0	0,0,0	0	0,0,0
triple-observed-transitions.tsv/MV-rooms127-127-127-buffer448/27	128	67	0,0,0	0,0,0	0	0,0,0
triple-observed-transitions.tsv/MV-rooms127-127-127-buffer448/28	128	67	0,0,0	0,0,0	0	0,0,0
triple-observed-transitions.tsv/MV-rooms127-127-127-buffer448/29	128	67	0,0,0	0,0,0	0	0,0,0
triple-observed-transitions.tsv/MV-rooms127-127-127-buffer448/30	128	67	0,0,0	0,0,0	0	0,0,0
triple-observed-transitions.tsv/MV-rooms127-127-127-buffer448/31	128	67	0,0,0	0,0,0	0	0,0,0
triple-observed-transitions.tsv/MV-rooms127-127-127-buffer448/32	128	67	0,0,0	0,0,0	0	0,0,0
triple-observed-transitions.tsv/MV-rooms127-127-127-buffer448/33	128	67	0,0,0	0,0,0	0	0,0,0
triple-observed-transitions.tsv/MV-rooms127-127-127-buffer448/34	128	67	0,0,0	0,0,0	0	0,0,0
triple-observed-transitions.tsv/MV-rooms127-127-127-buffer448/35	128	67	0,0,0	0,0,0	0	0,0,0
triple-observed-transitions.tsv/MV-rooms127-127-127-buffer448/36	128	67	0,0,0	0,0,0	0	0,0,0
triple-observed-transitions.tsv/MV-rooms127-127-127-buffer448/37	128	67	0,0,0	0,0,0	0	0,0,0
triple-observed-transitions.tsv/MV-rooms127-127-127-buffer448/38	128	67	0,0,0	0,0,0	0	0,0,0
triple-observed-transitions.tsv/MV-rooms127-127-127-buffer448/39	128	67	0,0,0	0,0,0	0	0,0,0
triple-observed-transitions.tsv/MV-rooms127-127-127-buffer448/40	128	67	0,0,0	0,0,0	0	0,0,0
triple-observed-transitions.tsv/MV-rooms127-127-127-buffer448/41	128	67	0,0,0	0,0,0	0	0,0,0
triple-observed-transitions.tsv/MV-rooms127-127-127-buffer448/42	128	67	0,0,0	0,0,0	0	0,0,0
triple-observed-transitions.tsv/MV-rooms127-127-127-buffer448/43	128	67	0,0,0	0,0,0	0	0,0,0
triple-observed-transitions.tsv/MV-rooms127-127-127-buffer448/44	128	67	0,0,0	0,0,0	0	0,0,0
triple-observed-transitions.tsv/MV-rooms127-127-127-buffer448/45	128	67	0,0,0	0,0,0	0	0,0,0
triple-observed-transitions.tsv/MV-rooms127-127-127-buffer448/46	128	67	0,0,0	0,0,0	0	0,0,0
triple-observed-transitions.tsv/MV-rooms127-127-127-buffer448/47	128	67	0,0,0	0,0,0	0	0,0,0
triple-observed-transitions.tsv/MV-rooms127-127-127-buffer448/48	128	67	0,0,0	0,0,0	0	0,0,0
triple-observed-transitions.tsv/MV-rooms127-127-127-buffer448/49	128	67	0,0,0	0,0,0	0	0,0,0
triple-observed-transitions.tsv/MV-rooms127-127-127-buffer448/50	128	67	0,0,0	0,0,0	0	0,0,0
triple-observed-transitions.tsv/MV-rooms127-127-127-buffer448/51	128	67	0,0,0	0,0,0	0	0,0,0
triple-observed-transitions.tsv/MV-rooms127-127-127-buffer448/52	128	67	0,0,0	0,0,0	0	0,0,0
triple-observed-transitions.tsv/MV-rooms127-127-127-buffer448/53	128	67	0,0,0	0,0,0	0	0,0,0
triple-observed-transitions.tsv/MV-rooms127-127-127-buffer448/54	128	67	0,0,0	0,0,0	0	0,0,0
triple-observed-transitions.tsv/MV-rooms127-127-127-buffer448/55	128	67	0,0,0	0,0,0	0	0,0,0
triple-observed-transitions.tsv/MV-rooms127-127-127-buffer448/56	128	67	0,0,0	0,0,0	0	0,0,0
triple-observed-transitions.tsv/MV-rooms127-127-127-buffer448/57	128	67	0,0,0	0,0,0	0	0,0,0
triple-observed-transitions.tsv/MV-rooms127-127-127-buffer448/58	128	67	0,0,0	0,0,0	0	0,0,0
triple-observed-transitions.tsv/MV-rooms127-127-127-buffer448/59	128	67	0,0,0	0,0,0	0	0,0,0
triple-observed-transitions.tsv/MV-rooms127-127-127-buffer448/60	128	67	0,0,0	0,0,0	0	0,0,0
triple-observed-transitions.tsv/MV-rooms127-127-127-buffer1024/21	128	1024	127,127,127	0,0,0	381	127,127,127
triple-observed-transitions.tsv/MV-rooms127-127-127-buffer1024/22	128	643	0,0,0	0,0,0	0	0,0,0
triple-observed-transitions.tsv/MV-rooms127-127-127-buffer1024/23	128	643	0,0,0	0,0,0	0	0,0,0
triple-observed-transitions.tsv/MV-rooms127-127-127-buffer1024/24	128	643	0,0,0	0,0,0	0	0,0,0
triple-observed-transitions.tsv/MV-rooms127-127-127-buffer1024/25	128	643	0,0,0	0,0,0	0	0,0,0
triple-observed-transitions.tsv/MV-rooms127-127-127-buffer1024/26	128	643	0,0,0	0,0,0	0	0,0,0
triple-observed-transitions.tsv/MV-rooms127-127-127-buffer1024/27	128	643	0,0,0	0,0,0	0	0,0,0
triple-observed-transitions.tsv/MV-rooms127-127-127-buffer1024/28	128	643	0,0,0	0,0,0	0	0,0,0
triple-observed-transitions.tsv/MV-rooms127-127-127-buffer1024/29	128	643	0,0,0	0,0,0	0	0,0,0
triple-observed-transitions.tsv/MV-rooms127-127-127-buffer1024/30	128	643	0,0,0	0,0,0	0	0,0,0
triple-observed-transitions.tsv/MV-rooms127-127-127-buffer1024/31	128	643	0,0,0	0,0,0	0	0,0,0
triple-observed-transitions.tsv/MV-rooms127-127-127-buffer1024/32	128	643	0,0,0	0,0,0	0	0,0,0
triple-observed-transitions.tsv/MV-rooms127-127-127-buffer1024/33	128	643	0,0,0	0,0,0	0	0,0,0
triple-observed-transitions.tsv/MV-rooms127-127-127-buffer1024/34	128	643	0,0,0	0,0,0	0	0,0,0
triple-observed-transitions.tsv/MV-rooms127-127-127-buffer1024/35	128	643	0,0,0	0,0,0	0	0,0,0
triple-observed-transitions.tsv/MV-rooms127-127-127-buffer1024/36	128	643	0,0,0	0,0,0	0	0,0,0
triple-observed-transitions.tsv/MV-rooms127-127-127-buffer1024/37	128	643	0,0,0	0,0,0	0	0,0,0
triple-observed-transitions.tsv/MV-rooms127-127-127-buffer1024/38	128	643	0,0,0	0,0,0	0	0,0,0
triple-observed-transitions.tsv/MV-rooms127-127-127-buffer1024/39	128	643	0,0,0	0,0,0	0	0,0,0
triple-observed-transitions.tsv/MV-rooms127-127-127-buffer1024/40	128	643	0,0,0	0,0,0	0	0,0,0
triple-observed-transitions.tsv/MV-rooms127-127-127-buffer1024/41	128	643	0,0,0	0,0,0	0	0,0,0
triple-observed-transitions.tsv/MV-rooms127-127-127-buffer1024/42	128	643	0,0,0	0,0,0	0	0,0,0
triple-observed-transitions.tsv/MV-rooms127-127-127-buffer1024/43	128	643	0,0,0	0,0,0	0	0,0,0
triple-observed-transitions.tsv/MV-rooms127-127-127-buffer1024/44	128	643	0,0,0	0,0,0	0	0,0,0
triple-observed-transitions.tsv/MV-rooms127-127-127-buffer1024/45	128	643	0,0,0	0,0,0	0	0,0,0
triple-observed-transitions.tsv/MV-rooms127-127-127-buffer1024/46	128	643	0,0,0	0,0,0	0	0,0,0
triple-observed-transitions.tsv/MV-rooms127-127-127-buffer1024/47	128	643	0,0,0	0,0,0	0	0,0,0
triple-observed-transitions.tsv/MV-rooms127-127-127-buffer1024/48	128	643	0,0,0	0,0,0	0	0,0,0
triple-observed-transitions.tsv/MV-rooms127-127-127-buffer1024/49	128	643	0,0,0	0,0,0	0	0,0,0
triple-observed-transitions.tsv/MV-rooms127-127-127-buffer1024/50	128	643	0,0,0	0,0,0	0	0,0,0
triple-observed-transitions.tsv/MV-rooms127-127-127-buffer1024/51	128	643	0,0,0	0,0,0	0	0,0,0
triple-observed-transitions.tsv/MV-rooms127-127-127-buffer1024/52	128	643	0,0,0	0,0,0	0	0,0,0
triple-observed-transitions.tsv/MV-rooms127-127-127-buffer1024/53	128	643	0,0,0	0,0,0	0	0,0,0
triple-observed-transitions.tsv/MV-rooms127-127-127-buffer1024/54	128	643	0,0,0	0,0,0	0	0,0,0
triple-observed-transitions.tsv/MV-rooms127-127-127-buffer1024/55	128	643	0,0,0	0,0,0	0	0,0,0
triple-observed-transitions.tsv/MV-rooms127-127-127-buffer1024/56	128	643	0,0,0	0,0,0	0	0,0,0
triple-observed-transitions.tsv/MV-rooms127-127-127-buffer1024/57	128	643	0,0,0	0,0,0	0	0,0,0
triple-observed-transitions.tsv/MV-rooms127-127-127-buffer1024/58	128	643	0,0,0	0,0,0	0	0,0,0
triple-observed-transitions.tsv/MV-rooms127-127-127-buffer1024/59	128	643	0,0,0	0,0,0	0	0,0,0
triple-observed-transitions.tsv/MV-rooms127-127-127-buffer1024/60	128	643	0,0,0	0,0,0	0	0,0,0
triple-observed-transitions.tsv/HV-rooms511-513-40000000-buffer1792/21	512	1792	511,513,40000000	0,0,0	1536	511,0,1025
triple-observed-transitions.tsv/HV-rooms511-513-40000000-buffer1792/22	512	256	0,513,39998975	0,0,0	0	0,0,0
triple-observed-transitions.tsv/HV-rooms511-513-40000000-buffer1792/23	512	256	0,513,39998975	0,0,0	0	0,0,0
triple-observed-transitions.tsv/HV-rooms511-513-40000000-buffer1792/24	512	256	0,513,39998975	0,0,0	0	0,0,0
triple-observed-transitions.tsv/HV-rooms511-513-40000000-buffer1792/25	512	256	0,513,39998975	0,0,0	0	0,0,0
triple-observed-transitions.tsv/HV-rooms511-513-40000000-buffer1792/26	512	256	0,513,39998975	0,0,0	0	0,0,0
triple-observed-transitions.tsv/HV-rooms511-513-40000000-buffer1792/27	512	256	0,513,39998975	0,0,0	0	0,0,0
triple-observed-transitions.tsv/HV-rooms511-513-40000000-buffer1792/28	512	256	0,513,39998975	0,0,0	0	0,0,0
triple-observed-transitions.tsv/HV-rooms511-513-40000000-buffer1792/29	512	256	0,513,39998975	0,0,0	0	0,0,0
triple-observed-transitions.tsv/HV-rooms511-513-40000000-buffer1792/30	512	256	0,513,39998975	0,0,0	0	0,0,0
triple-observed-transitions.tsv/HV-rooms511-513-40000000-buffer1792/31	512	256	0,513,39998975	0,0,0	0	0,0,0
triple-observed-transitions.tsv/HV-rooms511-513-40000000-buffer1792/32	512	256	0,513,39998975	0,0,0	0	0,0,0
triple-observed-transitions.tsv/HV-rooms511-513-40000000-buffer1792/33	512	256	0,513,39998975	0,0,0	0	0,0,0
triple-observed-transitions.tsv/HV-rooms511-513-40000000-buffer1792/34	512	256	0,513,39998975	0,0,0	0	0,0,0
triple-observed-transitions.tsv/HV-rooms511-513-40000000-buffer1792/35	512	256	0,513,39998975	0,0,0	0	0,0,0
triple-observed-transitions.tsv/HV-rooms511-513-40000000-buffer1792/36	512	256	0,513,39998975	0,0,0	0	0,0,0
triple-observed-transitions.tsv/HV-rooms511-513-40000000-buffer1792/37	512	256	0,513,39998975	0,0,0	0	0,0,0
triple-observed-transitions.tsv/HV-rooms511-513-40000000-buffer1792/38	512	256	0,513,39998975	0,0,0	0	0,0,0
triple-observed-transitions.tsv/HV-rooms511-513-40000000-buffer1792/39	512	256	0,513,39998975	0,0,0	0	0,0,0
triple-observed-transitions.tsv/HV-rooms511-513-40000000-buffer1792/40	512	256	0,513,39998975	0,0,0	0	0,0,0
triple-observed-transitions.tsv/HV-rooms511-513-40000000-buffer1792/41	512	256	0,513,39998975	0,0,0	0	0,0,0
triple-observed-transitions.tsv/HV-rooms511-513-40000000-buffer1792/42	512	256	0,513,39998975	0,0,0	0	0,0,0
triple-observed-transitions.tsv/HV-rooms511-513-40000000-buffer1792/43	512	256	0,513,39998975	0,0,0	0	0,0,0
triple-observed-transitions.tsv/HV-rooms511-513-40000000-buffer1792/44	512	256	0,513,39998975	0,0,0	0	0,0,0
triple-observed-transitions.tsv/HV-rooms511-513-40000000-buffer1792/45	512	256	0,513,39998975	0,0,0	0	0,0,0
triple-observed-transitions.tsv/HV-rooms511-513-40000000-buffer1792/46	512	256	0,513,39998975	0,0,0	0	0,0,0
triple-observed-transitions.tsv/HV-rooms511-513-40000000-buffer1792/47	512	256	0,513,39998975	0,0,0	0	0,0,0
triple-observed-transitions.tsv/HV-rooms511-513-40000000-buffer1792/48	512	256	0,513,39998975	0,0,0	0	0,0,0
triple-observed-transitions.tsv/HV-rooms511-513-40000000-buffer1792/49	512	256	0,513,39998975	0,0,0	0	0,0,0
triple-observed-transitions.tsv/HV-rooms511-513-40000000-buffer1792/50	512	256	0,513,39998975	0,0,0	0	0,0,0
triple-observed-transitions.tsv/HV-rooms511-513-40000000-buffer1792/51	512	256	0,513,39998975	0,0,0	0	0,0,0
triple-observed-transitions.tsv/HV-rooms511-513-40000000-buffer1792/52	512	256	0,513,39998975	0,0,0	0	0,0,0
triple-observed-transitions.tsv/HV-rooms511-513-40000000-buffer1792/53	512	256	0,513,39998975	0,0,0	0	0,0,0
triple-observed-transitions.tsv/HV-rooms511-513-40000000-buffer1792/54	512	256	0,513,39998975	0,0,0	0	0,0,0
triple-observed-transitions.tsv/HV-rooms511-513-40000000-buffer1792/55	512	256	0,513,39998975	0,0,0	0	0,0,0
triple-observed-transitions.tsv/HV-rooms511-513-40000000-buffer1792/56	512	256	0,513,39998975	0,0,0	0	0,0,0
triple-observed-transitions.tsv/HV-rooms511-513-40000000-buffer1792/57	512	256	0,513,39998975	0,0,0	0	0,0,0
triple-observed-transitions.tsv/HV-rooms511-513-40000000-buffer1792/58	512	256	0,513,39998975	0,0,0	0	0,0,0
triple-observed-transitions.tsv/HV-rooms511-513-40000000-buffer1792/59	512	256	0,513,39998975	0,0,0	0	0,0,0
triple-observed-transitions.tsv/HV-rooms511-513-40000000-buffer1792/60	512	256	0,513,39998975	0,0,0	0	0,0,0
triple-observed-transitions.tsv/HV-rooms511-513-40000000-buffer4096/21	512	4096	511,513,40000000	0,0,0	2048	0,2048,0
triple-observed-transitions.tsv/HV-rooms511-513-40000000-buffer4096/22	512	2048	511,0,40000000	0,0,0	2048	0,0,2048
triple-observed-transitions.tsv/HV-rooms511-513-40000000-buffer4096/23	512	0	511,0,39997952	0,0,0	0	0,0,0
triple-observed-transitions.tsv/HV-rooms511-513-40000000-buffer4096/24	512	0	511,0,39997952	0,0,0	0	0,0,0
triple-observed-transitions.tsv/HV-rooms511-513-40000000-buffer4096/25	512	0	511,0,39997952	0,0,0	0	0,0,0
triple-observed-transitions.tsv/HV-rooms511-513-40000000-buffer4096/26	512	0	511,0,39997952	0,0,0	0	0,0,0
triple-observed-transitions.tsv/HV-rooms511-513-40000000-buffer4096/27	512	0	511,0,39997952	0,0,0	0	0,0,0
triple-observed-transitions.tsv/HV-rooms511-513-40000000-buffer4096/28	512	0	511,0,39997952	0,0,0	0	0,0,0
triple-observed-transitions.tsv/HV-rooms511-513-40000000-buffer4096/29	512	0	511,0,39997952	0,0,0	0	0,0,0
triple-observed-transitions.tsv/HV-rooms511-513-40000000-buffer4096/30	512	0	511,0,39997952	0,0,0	0	0,0,0
triple-observed-transitions.tsv/HV-rooms511-513-40000000-buffer4096/31	512	0	511,0,39997952	0,0,0	0	0,0,0
triple-observed-transitions.tsv/HV-rooms511-513-40000000-buffer4096/32	512	0	511,0,39997952	0,0,0	0	0,0,0
triple-observed-transitions.tsv/HV-rooms511-513-40000000-buffer4096/33	512	0	511,0,39997952	0,0,0	0	0,0,0
triple-observed-transitions.tsv/HV-rooms511-513-40000000-buffer4096/34	512	0	511,0,39997952	0,0,0	0	0,0,0
triple-observed-transitions.tsv/HV-rooms511-513-40000000-buffer4096/35	512	0	511,0,39997952	0,0,0	0	0,0,0
triple-observed-transitions.tsv/HV-rooms511-513-40000000-buffer4096/36	512	0	511,0,39997952	0,0,0	0	0,0,0
triple-observed-transitions.tsv/HV-rooms511-513-40000000-buffer4096/37	512	0	511,0,39997952	0,0,0	0	0,0,0
triple-observed-transitions.tsv/HV-rooms511-513-40000000-buffer4096/38	512	0	511,0,39997952	0,0,0	0	0,0,0
triple-observed-transitions.tsv/HV-rooms511-513-40000000-buffer4096/39	512	0	511,0,39997952	0,0,0	0	0,0,0
triple-observed-transitions.tsv/HV-rooms511-513-40000000-buffer4096/40	512	0	511,0,39997952	0,0,0	0	0,0,0
triple-observed-transitions.tsv/HV-rooms511-513-40000000-buffer4096/41	512	0	511,0,39997952	0,0,0	0	0,0,0
triple-observed-transitions.tsv/HV-rooms511-513-40000000-buffer4096/42	512	0	511,0,39997952	0,0,0	0	0,0,0
triple-observed-transitions.tsv/HV-rooms511-513-40000000-buffer4096/43	512	0	511,0,39997952	0,0,0	0	0,0,0
triple-observed-transitions.tsv/HV-rooms511-513-40000000-buffer4096/44	512	0	511,0,39997952	0,0,0	0	0,0,0
triple-observed-transitions.tsv/HV-rooms511-513-40000000-buffer4096/45	512	0	511,0,39997952	0,0,0	0	0,0,0
triple-observed-transitions.tsv/HV-rooms511-513-40000000-buffer4096/46	512	0	511,0,39997952	0,0,0	0	0,0,0
triple-observed-transitions.tsv/HV-rooms511-513-40000000-buffer4096/47	512	0	511,0,39997952	0,0,0	0	0,0,0
triple-observed-transitions.tsv/HV-rooms511-513-40000000-buffer4096/48	512	0	511,0,39997952	0,0,0	0	0,0,0
triple-observed-transitions.tsv/HV-rooms511-513-40000000-buffer4096/49	512	0	511,0,39997952	0,0,0	0	0,0,0
triple-observed-transitions.tsv/HV-rooms511-513-40000000-buffer4096/50	512	0	511,0,39997952	0,0,0	0	0,0,0
triple-observed-transitions.tsv/HV-rooms511-513-40000000-buffer4096/51	512	0	511,0,39997952	0,0,0	0	0,0,0
triple-observed-transitions.tsv/HV-rooms511-513-40000000-buffer4096/52	512	0	511,0,39997952	0,0,0	0	0,0,0
triple-observed-transitions.tsv/HV-rooms511-513-40000000-buffer4096/53	512	0	511,0,39997952	0,0,0	0	0,0,0
triple-observed-transitions.tsv/HV-rooms511-513-40000000-buffer4096/54	512	0	511,0,39997952	0,0,0	0	0,0,0
triple-observed-transitions.tsv/HV-rooms511-513-40000000-buffer4096/55	512	0	511,0,39997952	0,0,0	0	0,0,0
triple-observed-transitions.tsv/HV-rooms511-513-40000000-buffer4096/56	512	0	511,0,39997952	0,0,0	0	0,0,0
triple-observed-transitions.tsv/HV-rooms511-513-40000000-buffer4096/57	512	0	511,0,39997952	0,0,0	0	0,0,0
triple-observed-transitions.tsv/HV-rooms511-513-40000000-buffer4096/58	512	0	511,0,39997952	0,0,0	0	0,0,0
triple-observed-transitions.tsv/HV-rooms511-513-40000000-buffer4096/59	512	0	511,0,39997952	0,0,0	0	0,0,0
triple-observed-transitions.tsv/HV-rooms511-513-40000000-buffer4096/60	512	0	511,0,39997952	0,0,0	0	0,0,0
triple-observed-transitions.tsv/HV-rooms1-1-40000000-buffer1792/21	512	1792	1,1,40000000	0,0,0	1536	0,1,1535
triple-observed-transitions.tsv/HV-rooms1-1-40000000-buffer1792/22	512	256	1,0,39998465	0,0,0	0	0,0,0
triple-observed-transitions.tsv/HV-rooms1-1-40000000-buffer1792/23	512	256	1,0,39998465	0,0,0	0	0,0,0
triple-observed-transitions.tsv/HV-rooms1-1-40000000-buffer1792/24	512	256	1,0,39998465	0,0,0	0	0,0,0
triple-observed-transitions.tsv/HV-rooms1-1-40000000-buffer1792/25	512	256	1,0,39998465	0,0,0	0	0,0,0
triple-observed-transitions.tsv/HV-rooms1-1-40000000-buffer1792/26	512	256	1,0,39998465	0,0,0	0	0,0,0
triple-observed-transitions.tsv/HV-rooms1-1-40000000-buffer1792/27	512	256	1,0,39998465	0,0,0	0	0,0,0
triple-observed-transitions.tsv/HV-rooms1-1-40000000-buffer1792/28	512	256	1,0,39998465	0,0,0	0	0,0,0
triple-observed-transitions.tsv/HV-rooms1-1-40000000-buffer1792/29	512	256	1,0,39998465	0,0,0	0	0,0,0
triple-observed-transitions.tsv/HV-rooms1-1-40000000-buffer1792/30	512	256	1,0,39998465	0,0,0	0	0,0,0
triple-observed-transitions.tsv/HV-rooms1-1-40000000-buffer1792/31	512	256	1,0,39998465	0,0,0	0	0,0,0
triple-observed-transitions.tsv/HV-rooms1-1-40000000-buffer1792/32	512	256	1,0,39998465	0,0,0	0	0,0,0
triple-observed-transitions.tsv/HV-rooms1-1-40000000-buffer1792/33	512	256	1,0,39998465	0,0,0	0	0,0,0
triple-observed-transitions.tsv/HV-rooms1-1-40000000-buffer1792/34	512	256	1,0,39998465	0,0,0	0	0,0,0
triple-observed-transitions.tsv/HV-rooms1-1-40000000-buffer1792/35	512	256	1,0,39998465	0,0,0	0	0,0,0
triple-observed-transitions.tsv/HV-rooms1-1-40000000-buffer1792/36	512	256	1,0,39998465	0,0,0	0	0,0,0
triple-observed-transitions.tsv/HV-rooms1-1-40000000-buffer1792/37	512	256	1,0,39998465	0,0,0	0	0,0,0
triple-observed-transitions.tsv/HV-rooms1-1-40000000-buffer1792/38	512	256	1,0,39998465	0,0,0	0	0,0,0
triple-observed-transitions.tsv/HV-rooms1-1-40000000-buffer1792/39	512	256	1,0,39998465	0,0,0	0	0,0,0
triple-observed-transitions.tsv/HV-rooms1-1-40000000-buffer1792/40	512	256	1,0,39998465	0,0,0	0	0,0,0
triple-observed-transitions.tsv/HV-rooms1-1-40000000-buffer1792/41	512	256	1,0,39998465	0,0,0	0	0,0,0
triple-observed-transitions.tsv/HV-rooms1-1-40000000-buffer1792/42	512	256	1,0,39998465	0,0,0	0	0,0,0
triple-observed-transitions.tsv/HV-rooms1-1-40000000-buffer1792/43	512	256	1,0,39998465	0,0,0	0	0,0,0
triple-observed-transitions.tsv/HV-rooms1-1-40000000-buffer1792/44	512	256	1,0,39998465	0,0,0	0	0,0,0
triple-observed-transitions.tsv/HV-rooms1-1-40000000-buffer1792/45	512	256	1,0,39998465	0,0,0	0	0,0,0
triple-observed-transitions.tsv/HV-rooms1-1-40000000-buffer1792/46	512	256	1,0,39998465	0,0,0	0	0,0,0
triple-observed-transitions.tsv/HV-rooms1-1-40000000-buffer1792/47	512	256	1,0,39998465	0,0,0	0	0,0,0
triple-observed-transitions.tsv/HV-rooms1-1-40000000-buffer1792/48	512	256	1,0,39998465	0,0,0	0	0,0,0
triple-observed-transitions.tsv/HV-rooms1-1-40000000-buffer1792/49	512	256	1,0,39998465	0,0,0	0	0,0,0
triple-observed-transitions.tsv/HV-rooms1-1-40000000-buffer1792/50	512	256	1,0,39998465	0,0,0	0	0,0,0
triple-observed-transitions.tsv/HV-rooms1-1-40000000-buffer1792/51	512	256	1,0,39998465	0,0,0	0	0,0,0
triple-observed-transitions.tsv/HV-rooms1-1-40000000-buffer1792/52	512	256	1,0,39998465	0,0,0	0	0,0,0
triple-observed-transitions.tsv/HV-rooms1-1-40000000-buffer1792/53	512	256	1,0,39998465	0,0,0	0	0,0,0
triple-observed-transitions.tsv/HV-rooms1-1-40000000-buffer1792/54	512	256	1,0,39998465	0,0,0	0	0,0,0
triple-observed-transitions.tsv/HV-rooms1-1-40000000-buffer1792/55	512	256	1,0,39998465	0,0,0	0	0,0,0
triple-observed-transitions.tsv/HV-rooms1-1-40000000-buffer1792/56	512	256	1,0,39998465	0,0,0	0	0,0,0
triple-observed-transitions.tsv/HV-rooms1-1-40000000-buffer1792/57	512	256	1,0,39998465	0,0,0	0	0,0,0
triple-observed-transitions.tsv/HV-rooms1-1-40000000-buffer1792/58	512	256	1,0,39998465	0,0,0	0	0,0,0
triple-observed-transitions.tsv/HV-rooms1-1-40000000-buffer1792/59	512	256	1,0,39998465	0,0,0	0	0,0,0
triple-observed-transitions.tsv/HV-rooms1-1-40000000-buffer1792/60	512	256	1,0,39998465	0,0,0	0	0,0,0
triple-observed-transitions.tsv/HV-rooms1-1-40000000-buffer4096/21	512	4096	1,1,40000000	0,0,0	2048	1,0,2047
triple-observed-transitions.tsv/HV-rooms1-1-40000000-buffer4096/22	512	2048	0,1,39997953	0,0,0	2048	0,1,2047
triple-observed-transitions.tsv/HV-rooms1-1-40000000-buffer4096/23	512	0	0,0,39995906	0,0,0	0	0,0,0
triple-observed-transitions.tsv/HV-rooms1-1-40000000-buffer4096/24	512	0	0,0,39995906	0,0,0	0	0,0,0
triple-observed-transitions.tsv/HV-rooms1-1-40000000-buffer4096/25	512	0	0,0,39995906	0,0,0	0	0,0,0
triple-observed-transitions.tsv/HV-rooms1-1-40000000-buffer4096/26	512	0	0,0,39995906	0,0,0	0	0,0,0
triple-observed-transitions.tsv/HV-rooms1-1-40000000-buffer4096/27	512	0	0,0,39995906	0,0,0	0	0,0,0
triple-observed-transitions.tsv/HV-rooms1-1-40000000-buffer4096/28	512	0	0,0,39995906	0,0,0	0	0,0,0
triple-observed-transitions.tsv/HV-rooms1-1-40000000-buffer4096/29	512	0	0,0,39995906	0,0,0	0	0,0,0
triple-observed-transitions.tsv/HV-rooms1-1-40000000-buffer4096/30	512	0	0,0,39995906	0,0,0	0	0,0,0
triple-observed-transitions.tsv/HV-rooms1-1-40000000-buffer4096/31	512	0	0,0,39995906	0,0,0	0	0,0,0
triple-observed-transitions.tsv/HV-rooms1-1-40000000-buffer4096/32	512	0	0,0,39995906	0,0,0	0	0,0,0
triple-observed-transitions.tsv/HV-rooms1-1-40000000-buffer4096/33	512	0	0,0,39995906	0,0,0	0	0,0,0
triple-observed-transitions.tsv/HV-rooms1-1-40000000-buffer4096/34	512	0	0,0,39995906	0,0,0	0	0,0,0
triple-observed-transitions.tsv/HV-rooms1-1-40000000-buffer4096/35	512	0	0,0,39995906	0,0,0	0	0,0,0
triple-observed-transitions.tsv/HV-rooms1-1-40000000-buffer4096/36	512	0	0,0,39995906	0,0,0	0	0,0,0
triple-observed-transitions.tsv/HV-rooms1-1-40000000-buffer4096/37	512	0	0,0,39995906	0,0,0	0	0,0,0
triple-observed-transitions.tsv/HV-rooms1-1-40000000-buffer4096/38	512	0	0,0,39995906	0,0,0	0	0,0,0
triple-observed-transitions.tsv/HV-rooms1-1-40000000-buffer4096/39	512	0	0,0,39995906	0,0,0	0	0,0,0
triple-observed-transitions.tsv/HV-rooms1-1-40000000-buffer4096/40	512	0	0,0,39995906	0,0,0	0	0,0,0
triple-observed-transitions.tsv/HV-rooms1-1-40000000-buffer4096/41	512	0	0,0,39995906	0,0,0	0	0,0,0
triple-observed-transitions.tsv/HV-rooms1-1-40000000-buffer4096/42	512	0	0,0,39995906	0,0,0	0	0,0,0
triple-observed-transitions.tsv/HV-rooms1-1-40000000-buffer4096/43	512	0	0,0,39995906	0,0,0	0	0,0,0
triple-observed-transitions.tsv/HV-rooms1-1-40000000-buffer4096/44	512	0	0,0,39995906	0,0,0	0	0,0,0
triple-observed-transitions.tsv/HV-rooms1-1-40000000-buffer4096/45	512	0	0,0,39995906	0,0,0	0	0,0,0
triple-observed-transitions.tsv/HV-rooms1-1-40000000-buffer4096/46	512	0	0,0,39995906	0,0,0	0	0,0,0
triple-observed-transitions.tsv/HV-rooms1-1-40000000-buffer4096/47	512	0	0,0,39995906	0,0,0	0	0,0,0
triple-observed-transitions.tsv/HV-rooms1-1-40000000-buffer4096/48	512	0	0,0,39995906	0,0,0	0	0,0,0
triple-observed-transitions.tsv/HV-rooms1-1-40000000-buffer4096/49	512	0	0,0,39995906	0,0,0	0	0,0,0
triple-observed-transitions.tsv/HV-rooms1-1-40000000-buffer4096/50	512	0	0,0,39995906	0,0,0	0	0,0,0
triple-observed-transitions.tsv/HV-rooms1-1-40000000-buffer4096/51	512	0	0,0,39995906	0,0,0	0	0,0,0
triple-observed-transitions.tsv/HV-rooms1-1-40000000-buffer4096/52	512	0	0,0,39995906	0,0,0	0	0,0,0
triple-observed-transitions.tsv/HV-rooms1-1-40000000-buffer4096/53	512	0	0,0,39995906	0,0,0	0	0,0,0
triple-observed-transitions.tsv/HV-rooms1-1-40000000-buffer4096/54	512	0	0,0,39995906	0,0,0	0	0,0,0
triple-observed-transitions.tsv/HV-rooms1-1-40000000-buffer4096/55	512	0	0,0,39995906	0,0,0	0	0,0,0
triple-observed-transitions.tsv/HV-rooms1-1-40000000-buffer4096/56	512	0	0,0,39995906	0,0,0	0	0,0,0
triple-observed-transitions.tsv/HV-rooms1-1-40000000-buffer4096/57	512	0	0,0,39995906	0,0,0	0	0,0,0
triple-observed-transitions.tsv/HV-rooms1-1-40000000-buffer4096/58	512	0	0,0,39995906	0,0,0	0	0,0,0
triple-observed-transitions.tsv/HV-rooms1-1-40000000-buffer4096/59	512	0	0,0,39995906	0,0,0	0	0,0,0
triple-observed-transitions.tsv/HV-rooms1-1-40000000-buffer4096/60	512	0	0,0,39995906	0,0,0	0	0,0,0
triple-observed-transitions.tsv/HV-rooms257-257-513-buffer1792/21	512	1792	257,257,513	0,0,0	1536	257,257,1022
triple-observed-transitions.tsv/HV-rooms257-257-513-buffer1792/22	512	256	0,0,0	0,0,0	0	0,0,0
triple-observed-transitions.tsv/HV-rooms257-257-513-buffer1792/23	512	256	0,0,0	0,0,0	0	0,0,0
triple-observed-transitions.tsv/HV-rooms257-257-513-buffer1792/24	512	256	0,0,0	0,0,0	0	0,0,0
triple-observed-transitions.tsv/HV-rooms257-257-513-buffer1792/25	512	256	0,0,0	0,0,0	0	0,0,0
triple-observed-transitions.tsv/HV-rooms257-257-513-buffer1792/26	512	256	0,0,0	0,0,0	0	0,0,0
triple-observed-transitions.tsv/HV-rooms257-257-513-buffer1792/27	512	256	0,0,0	0,0,0	0	0,0,0
triple-observed-transitions.tsv/HV-rooms257-257-513-buffer1792/28	512	256	0,0,0	0,0,0	0	0,0,0
triple-observed-transitions.tsv/HV-rooms257-257-513-buffer1792/29	512	256	0,0,0	0,0,0	0	0,0,0
triple-observed-transitions.tsv/HV-rooms257-257-513-buffer1792/30	512	256	0,0,0	0,0,0	0	0,0,0
triple-observed-transitions.tsv/HV-rooms257-257-513-buffer1792/31	512	256	0,0,0	0,0,0	0	0,0,0
triple-observed-transitions.tsv/HV-rooms257-257-513-buffer1792/32	512	256	0,0,0	0,0,0	0	0,0,0
triple-observed-transitions.tsv/HV-rooms257-257-513-buffer1792/33	512	256	0,0,0	0,0,0	0	0,0,0
triple-observed-transitions.tsv/HV-rooms257-257-513-buffer1792/34	512	256	0,0,0	0,0,0	0	0,0,0
triple-observed-transitions.tsv/HV-rooms257-257-513-buffer1792/35	512	256	0,0,0	0,0,0	0	0,0,0
triple-observed-transitions.tsv/HV-rooms257-257-513-buffer1792/36	512	256	0,0,0	0,0,0	0	0,0,0
triple-observed-transitions.tsv/HV-rooms257-257-513-buffer1792/37	512	256	0,0,0	0,0,0	0	0,0,0
triple-observed-transitions.tsv/HV-rooms257-257-513-buffer1792/38	512	256	0,0,0	0,0,0	0	0,0,0
triple-observed-transitions.tsv/HV-rooms257-257-513-buffer1792/39	512	256	0,0,0	0,0,0	0	0,0,0
triple-observed-transitions.tsv/HV-rooms257-257-513-buffer1792/40	512	256	0,0,0	0,0,0	0	0,0,0
triple-observed-transitions.tsv/HV-rooms257-257-513-buffer1792/41	512	256	0,0,0	0,0,0	0	0,0,0
triple-observed-transitions.tsv/HV-rooms257-257-513-buffer1792/42	512	256	0,0,0	0,0,0	0	0,0,0
triple-observed-transitions.tsv/HV-rooms257-257-513-buffer1792/43	512	256	0,0,0	0,0,0	0	0,0,0
triple-observed-transitions.tsv/HV-rooms257-257-513-buffer1792/44	512	256	0,0,0	0,0,0	0	0,0,0
triple-observed-transitions.tsv/HV-rooms257-257-513-buffer1792/45	512	256	0,0,0	0,0,0	0	0,0,0
triple-observed-transitions.tsv/HV-rooms257-257-513-buffer1792/46	512	256	0,0,0	0,0,0	0	0,0,0
triple-observed-transitions.tsv/HV-rooms257-257-513-buffer1792/47	512	256	0,0,0	0,0,0	0	0,0,0
triple-observed-transitions.tsv/HV-rooms257-257-513-buffer1792/48	512	256	0,0,0	0,0,0	0	0,0,0
triple-observed-transitions.tsv/HV-rooms257-257-513-buffer1792/49	512	256	0,0,0	0,0,0	0	0,0,0
triple-observed-transitions.tsv/HV-rooms257-257-513-buffer1792/50	512	256	0,0,0	0,0,0	0	0,0,0
triple-observed-transitions.tsv/HV-rooms257-257-513-buffer1792/51	512	256	0,0,0	0,0,0	0	0,0,0
triple-observed-transitions.tsv/HV-rooms257-257-513-buffer1792/52	512	256	0,0,0	0,0,0	0	0,0,0
triple-observed-transitions.tsv/HV-rooms257-257-513-buffer1792/53	512	256	0,0,0	0,0,0	0	0,0,0
triple-observed-transitions.tsv/HV-rooms257-257-513-buffer1792/54	512	256	0,0,0	0,0,0	0	0,0,0
triple-observed-transitions.tsv/HV-rooms257-257-513-buffer1792/55	512	256	0,0,0	0,0,0	0	0,0,0
triple-observed-transitions.tsv/HV-rooms257-257-513-buffer1792/56	512	256	0,0,0	0,0,0	0	0,0,0
triple-observed-transitions.tsv/HV-rooms257-257-513-buffer1792/57	512	256	0,0,0	0,0,0	0	0,0,0
triple-observed-transitions.tsv/HV-rooms257-257-513-buffer1792/58	512	256	0,0,0	0,0,0	0	0,0,0
triple-observed-transitions.tsv/HV-rooms257-257-513-buffer1792/59	512	256	0,0,0	0,0,0	0	0,0,0
triple-observed-transitions.tsv/HV-rooms257-257-513-buffer1792/60	512	256	0,0,0	0,0,0	0	0,0,0
triple-observed-transitions.tsv/HV-rooms257-257-513-buffer4096/21	512	4096	257,257,513	0,0,0	2048	257,0,1791
triple-observed-transitions.tsv/HV-rooms257-257-513-buffer4096/22	512	2048	0,257,0	0,0,0	257	0,257,0
triple-observed-transitions.tsv/HV-rooms257-257-513-buffer4096/23	512	1791	0,0,0	0,0,0	0	0,0,0
triple-observed-transitions.tsv/HV-rooms257-257-513-buffer4096/24	512	1791	0,0,0	0,0,0	0	0,0,0
triple-observed-transitions.tsv/HV-rooms257-257-513-buffer4096/25	512	1791	0,0,0	0,0,0	0	0,0,0
triple-observed-transitions.tsv/HV-rooms257-257-513-buffer4096/26	512	1791	0,0,0	0,0,0	0	0,0,0
triple-observed-transitions.tsv/HV-rooms257-257-513-buffer4096/27	512	1791	0,0,0	0,0,0	0	0,0,0
triple-observed-transitions.tsv/HV-rooms257-257-513-buffer4096/28	512	1791	0,0,0	0,0,0	0	0,0,0
triple-observed-transitions.tsv/HV-rooms257-257-513-buffer4096/29	512	1791	0,0,0	0,0,0	0	0,0,0
triple-observed-transitions.tsv/HV-rooms257-257-513-buffer4096/30	512	1791	0,0,0	0,0,0	0	0,0,0
triple-observed-transitions.tsv/HV-rooms257-257-513-buffer4096/31	512	1791	0,0,0	0,0,0	0	0,0,0
triple-observed-transitions.tsv/HV-rooms257-257-513-buffer4096/32	512	1791	0,0,0	0,0,0	0	0,0,0
triple-observed-transitions.tsv/HV-rooms257-257-513-buffer4096/33	512	1791	0,0,0	0,0,0	0	0,0,0
triple-observed-transitions.tsv/HV-rooms257-257-513-buffer4096/34	512	1791	0,0,0	0,0,0	0	0,0,0
triple-observed-transitions.tsv/HV-rooms257-257-513-buffer4096/35	512	1791	0,0,0	0,0,0	0	0,0,0
triple-observed-transitions.tsv/HV-rooms257-257-513-buffer4096/36	512	1791	0,0,0	0,0,0	0	0,0,0
triple-observed-transitions.tsv/HV-rooms257-257-513-buffer4096/37	512	1791	0,0,0	0,0,0	0	0,0,0
triple-observed-transitions.tsv/HV-rooms257-257-513-buffer4096/38	512	1791	0,0,0	0,0,0	0	0,0,0
triple-observed-transitions.tsv/HV-rooms257-257-513-buffer4096/39	512	1791	0,0,0	0,0,0	0	0,0,0
triple-observed-transitions.tsv/HV-rooms257-257-513-buffer4096/40	512	1791	0,0,0	0,0,0	0	0,0,0
triple-observed-transitions.tsv/HV-rooms257-257-513-buffer4096/41	512	1791	0,0,0	0,0,0	0	0,0,0
triple-observed-transitions.tsv/HV-rooms257-257-513-buffer4096/42	512	1791	0,0,0	0,0,0	0	0,0,0
triple-observed-transitions.tsv/HV-rooms257-257-513-buffer4096/43	512	1791	0,0,0	0,0,0	0	0,0,0
triple-observed-transitions.tsv/HV-rooms257-257-513-buffer4096/44	512	1791	0,0,0	0,0,0	0	0,0,0
triple-observed-transitions.tsv/HV-rooms257-257-513-buffer4096/45	512	1791	0,0,0	0,0,0	0	0,0,0
triple-observed-transitions.tsv/HV-rooms257-257-513-buffer4096/46	512	1791	0,0,0	0,0,0	0	0,0,0
triple-observed-transitions.tsv/HV-rooms257-257-513-buffer4096/47	512	1791	0,0,0	0,0,0	0	0,0,0
triple-observed-transitions.tsv/HV-rooms257-257-513-buffer4096/48	512	1791	0,0,0	0,0,0	0	0,0,0
triple-observed-transitions.tsv/HV-rooms257-257-513-buffer4096/49	512	1791	0,0,0	0,0,0	0	0,0,0
triple-observed-transitions.tsv/HV-rooms257-257-513-buffer4096/50	512	1791	0,0,0	0,0,0	0	0,0,0
triple-observed-transitions.tsv/HV-rooms257-257-513-buffer4096/51	512	1791	0,0,0	0,0,0	0	0,0,0
triple-observed-transitions.tsv/HV-rooms257-257-513-buffer4096/52	512	1791	0,0,0	0,0,0	0	0,0,0
triple-observed-transitions.tsv/HV-rooms257-257-513-buffer4096/53	512	1791	0,0,0	0,0,0	0	0,0,0
triple-observed-transitions.tsv/HV-rooms257-257-513-buffer4096/54	512	1791	0,0,0	0,0,0	0	0,0,0
triple-observed-transitions.tsv/HV-rooms257-257-513-buffer4096/55	512	1791	0,0,0	0,0,0	0	0,0,0
triple-observed-transitions.tsv/HV-rooms257-257-513-buffer4096/56	512	1791	0,0,0	0,0,0	0	0,0,0
triple-observed-transitions.tsv/HV-rooms257-257-513-buffer4096/57	512	1791	0,0,0	0,0,0	0	0,0,0
triple-observed-transitions.tsv/HV-rooms257-257-513-buffer4096/58	512	1791	0,0,0	0,0,0	0	0,0,0
triple-observed-transitions.tsv/HV-rooms257-257-513-buffer4096/59	512	1791	0,0,0	0,0,0	0	0,0,0
triple-observed-transitions.tsv/HV-rooms257-257-513-buffer4096/60	512	1791	0,0,0	0,0,0	0	0,0,0
triple-observed-transitions.tsv/HV-rooms513-513-513-buffer1792/21	512	1792	513,513,513	0,0,0	1536	1536,0,0
triple-observed-transitions.tsv/HV-rooms513-513-513-buffer1792/22	512	256	0,513,513	0,0,0	0	0,0,0
triple-observed-transitions.tsv/HV-rooms513-513-513-buffer1792/23	512	256	0,513,513	0,0,0	0	0,0,0
triple-observed-transitions.tsv/HV-rooms513-513-513-buffer1792/24	512	256	0,513,513	0,0,0	0	0,0,0
triple-observed-transitions.tsv/HV-rooms513-513-513-buffer1792/25	512	256	0,513,513	0,0,0	0	0,0,0
triple-observed-transitions.tsv/HV-rooms513-513-513-buffer1792/26	512	256	0,513,513	0,0,0	0	0,0,0
triple-observed-transitions.tsv/HV-rooms513-513-513-buffer1792/27	512	256	0,513,513	0,0,0	0	0,0,0
triple-observed-transitions.tsv/HV-rooms513-513-513-buffer1792/28	512	256	0,513,513	0,0,0	0	0,0,0
triple-observed-transitions.tsv/HV-rooms513-513-513-buffer1792/29	512	256	0,513,513	0,0,0	0	0,0,0
triple-observed-transitions.tsv/HV-rooms513-513-513-buffer1792/30	512	256	0,513,513	0,0,0	0	0,0,0
triple-observed-transitions.tsv/HV-rooms513-513-513-buffer1792/31	512	256	0,513,513	0,0,0	0	0,0,0
triple-observed-transitions.tsv/HV-rooms513-513-513-buffer1792/32	512	256	0,513,513	0,0,0	0	0,0,0
triple-observed-transitions.tsv/HV-rooms513-513-513-buffer1792/33	512	256	0,513,513	0,0,0	0	0,0,0
triple-observed-transitions.tsv/HV-rooms513-513-513-buffer1792/34	512	256	0,513,513	0,0,0	0	0,0,0
triple-observed-transitions.tsv/HV-rooms513-513-513-buffer1792/35	512	256	0,513,513	0,0,0	0	0,0,0
triple-observed-transitions.tsv/HV-rooms513-513-513-buffer1792/36	512	256	0,513,513	0,0,0	0	0,0,0
triple-observed-transitions.tsv/HV-rooms513-513-513-buffer1792/37	512	256	0,513,513	0,0,0	0	0,0,0
triple-observed-transitions.tsv/HV-rooms513-513-513-buffer1792/38	512	256	0,513,513	0,0,0	0	0,0,0
triple-observed-transitions.tsv/HV-rooms513-513-513-buffer1792/39	512	256	0,513,513	0,0,0	0	0,0,0
triple-observed-transitions.tsv/HV-rooms513-513-513-buffer1792/40	512	256	0,513,513	0,0,0	0	0,0,0
triple-observed-transitions.tsv/HV-rooms513-513-513-buffer1792/41	512	256	0,513,513	0,0,0	0	0,0,0
triple-observed-transitions.tsv/HV-rooms513-513-513-buffer1792/42	512	256	0,513,513	0,0,0	0	0,0,0
triple-observed-transitions.tsv/HV-rooms513-513-513-buffer1792/43	512	256	0,513,513	0,0,0	0	0,0,0
triple-observed-transitions.tsv/HV-rooms513-513-513-buffer1792/44	512	256	0,513,513	0,0,0	0	0,0,0
triple-observed-transitions.tsv/HV-rooms513-513-513-buffer1792/45	512	256	0,513,513	0,0,0	0	0,0,0
triple-observed-transitions.tsv/HV-rooms513-513-513-buffer1792/46	512	256	0,513,513	0,0,0	0	0,0,0
triple-observed-transitions.tsv/HV-rooms513-513-513-buffer1792/47	512	256	0,513,513	0,0,0	0	0,0,0
triple-observed-transitions.tsv/HV-rooms513-513-513-buffer1792/48	512	256	0,513,513	0,0,0	0	0,0,0
triple-observed-transitions.tsv/HV-rooms513-513-513-buffer1792/49	512	256	0,513,513	0,0,0	0	0,0,0
triple-observed-transitions.tsv/HV-rooms513-513-513-buffer1792/50	512	256	0,513,513	0,0,0	0	0,0,0
triple-observed-transitions.tsv/HV-rooms513-513-513-buffer1792/51	512	256	0,513,513	0,0,0	0	0,0,0
triple-observed-transitions.tsv/HV-rooms513-513-513-buffer1792/52	512	256	0,513,513	0,0,0	0	0,0,0
triple-observed-transitions.tsv/HV-rooms513-513-513-buffer1792/53	512	256	0,513,513	0,0,0	0	0,0,0
triple-observed-transitions.tsv/HV-rooms513-513-513-buffer1792/54	512	256	0,513,513	0,0,0	0	0,0,0
triple-observed-transitions.tsv/HV-rooms513-513-513-buffer1792/55	512	256	0,513,513	0,0,0	0	0,0,0
triple-observed-transitions.tsv/HV-rooms513-513-513-buffer1792/56	512	256	0,513,513	0,0,0	0	0,0,0
triple-observed-transitions.tsv/HV-rooms513-513-513-buffer1792/57	512	256	0,513,513	0,0,0	0	0,0,0
triple-observed-transitions.tsv/HV-rooms513-513-513-buffer1792/58	512	256	0,513,513	0,0,0	0	0,0,0
triple-observed-transitions.tsv/HV-rooms513-513-513-buffer1792/59	512	256	0,513,513	0,0,0	0	0,0,0
triple-observed-transitions.tsv/HV-rooms513-513-513-buffer1792/60	512	256	0,513,513	0,0,0	0	0,0,0
triple-observed-transitions.tsv/HV-rooms513-513-513-buffer4096/21	512	4096	513,513,513	0,0,0	2048	2048,0,0
triple-observed-transitions.tsv/HV-rooms513-513-513-buffer4096/22	512	2048	0,513,513	0,0,0	2048	0,0,2048
triple-observed-transitions.tsv/HV-rooms513-513-513-buffer4096/23	512	0	0,513,0	0,0,0	0	0,0,0
triple-observed-transitions.tsv/HV-rooms513-513-513-buffer4096/24	512	0	0,513,0	0,0,0	0	0,0,0
triple-observed-transitions.tsv/HV-rooms513-513-513-buffer4096/25	512	0	0,513,0	0,0,0	0	0,0,0
triple-observed-transitions.tsv/HV-rooms513-513-513-buffer4096/26	512	0	0,513,0	0,0,0	0	0,0,0
triple-observed-transitions.tsv/HV-rooms513-513-513-buffer4096/27	512	0	0,513,0	0,0,0	0	0,0,0
triple-observed-transitions.tsv/HV-rooms513-513-513-buffer4096/28	512	0	0,513,0	0,0,0	0	0,0,0
triple-observed-transitions.tsv/HV-rooms513-513-513-buffer4096/29	512	0	0,513,0	0,0,0	0	0,0,0
triple-observed-transitions.tsv/HV-rooms513-513-513-buffer4096/30	512	0	0,513,0	0,0,0	0	0,0,0
triple-observed-transitions.tsv/HV-rooms513-513-513-buffer4096/31	512	0	0,513,0	0,0,0	0	0,0,0
triple-observed-transitions.tsv/HV-rooms513-513-513-buffer4096/32	512	0	0,513,0	0,0,0	0	0,0,0
triple-observed-transitions.tsv/HV-rooms513-513-513-buffer4096/33	512	0	0,513,0	0,0,0	0	0,0,0
triple-observed-transitions.tsv/HV-rooms513-513-513-buffer4096/34	512	0	0,513,0	0,0,0	0	0,0,0
triple-observed-transitions.tsv/HV-rooms513-513-513-buffer4096/35	512	0	0,513,0	0,0,0	0	0,0,0
triple-observed-transitions.tsv/HV-rooms513-513-513-buffer4096/36	512	0	0,513,0	0,0,0	0	0,0,0
triple-observed-transitions.tsv/HV-rooms513-513-513-buffer4096/37	512	0	0,513,0	0,0,0	0	0,0,0
triple-observed-transitions.tsv/HV-rooms513-513-513-buffer4096/38	512	0	0,513,0	0,0,0	0	0,0,0
triple-observed-transitions.tsv/HV-rooms513-513-513-buffer4096/39	512	0	0,513,0	0,0,0	0	0,0,0
triple-observed-transitions.tsv/HV-rooms513-513-513-buffer4096/40	512	0	0,513,0	0,0,0	0	0,0,0
triple-observed-transitions.tsv/HV-rooms513-513-513-buffer4096/41	512	0	0,513,0	0,0,0	0	0,0,0
triple-observed-transitions.tsv/HV-rooms513-513-513-buffer4096/42	512	0	0,513,0	0,0,0	0	0,0,0
triple-observed-transitions.tsv/HV-rooms513-513-513-buffer4096/43	512	0	0,513,0	0,0,0	0	0,0,0
triple-observed-transitions.tsv/HV-rooms513-513-513-buffer4096/44	512	0	0,513,0	0,0,0	0	0,0,0
triple-observed-transitions.tsv/HV-rooms513-513-513-buffer4096/45	512	0	0,513,0	0,0,0	0	0,0,0
triple-observed-transitions.tsv/HV-rooms513-513-513-buffer4096/46	512	0	0,513,0	0,0,0	0	0,0,0
triple-observed-transitions.tsv/HV-rooms513-513-513-buffer4096/47	512	0	0,513,0	0,0,0	0	0,0,0
triple-observed-transitions.tsv/HV-rooms513-513-513-buffer4096/48	512	0	0,513,0	0,0,0	0	0,0,0
triple-observed-transitions.tsv/HV-rooms513-513-513-buffer4096/49	512	0	0,513,0	0,0,0	0	0,0,0
triple-observed-transitions.tsv/HV-rooms513-513-513-buffer4096/50	512	0	0,513,0	0,0,0	0	0,0,0
triple-observed-transitions.tsv/HV-rooms513-513-513-buffer4096/51	512	0	0,513,0	0,0,0	0	0,0,0
triple-observed-transitions.tsv/HV-rooms513-513-513-buffer4096/52	512	0	0,513,0	0,0,0	0	0,0,0
triple-observed-transitions.tsv/HV-rooms513-513-513-buffer4096/53	512	0	0,513,0	0,0,0	0	0,0,0
triple-observed-transitions.tsv/HV-rooms513-513-513-buffer4096/54	512	0	0,513,0	0,0,0	0	0,0,0
triple-observed-transitions.tsv/HV-rooms513-513-513-buffer4096/55	512	0	0,513,0	0,0,0	0	0,0,0
triple-observed-transitions.tsv/HV-rooms513-513-513-buffer4096/56	512	0	0,513,0	0,0,0	0	0,0,0
triple-observed-transitions.tsv/HV-rooms513-513-513-buffer4096/57	512	0	0,513,0	0,0,0	0	0,0,0
triple-observed-transitions.tsv/HV-rooms513-513-513-buffer4096/58	512	0	0,513,0	0,0,0	0	0,0,0
triple-observed-transitions.tsv/HV-rooms513-513-513-buffer4096/59	512	0	0,513,0	0,0,0	0	0,0,0
triple-observed-transitions.tsv/HV-rooms513-513-513-buffer4096/60	512	0	0,513,0	0,0,0	0	0,0,0
triple-observed-transitions.tsv/HV-rooms0-512-1025-buffer1792/21	512	1792	0,512,1025	0,0,0	1536	0,0,1536
triple-observed-transitions.tsv/HV-rooms0-512-1025-buffer1792/22	512	256	0,512,0	0,0,0	0	0,0,0
triple-observed-transitions.tsv/HV-rooms0-512-1025-buffer1792/23	512	256	0,512,0	0,0,0	0	0,0,0
triple-observed-transitions.tsv/HV-rooms0-512-1025-buffer1792/24	512	256	0,512,0	0,0,0	0	0,0,0
triple-observed-transitions.tsv/HV-rooms0-512-1025-buffer1792/25	512	256	0,512,0	0,0,0	0	0,0,0
triple-observed-transitions.tsv/HV-rooms0-512-1025-buffer1792/26	512	256	0,512,0	0,0,0	0	0,0,0
triple-observed-transitions.tsv/HV-rooms0-512-1025-buffer1792/27	512	256	0,512,0	0,0,0	0	0,0,0
triple-observed-transitions.tsv/HV-rooms0-512-1025-buffer1792/28	512	256	0,512,0	0,0,0	0	0,0,0
triple-observed-transitions.tsv/HV-rooms0-512-1025-buffer1792/29	512	256	0,512,0	0,0,0	0	0,0,0
triple-observed-transitions.tsv/HV-rooms0-512-1025-buffer1792/30	512	256	0,512,0	0,0,0	0	0,0,0
triple-observed-transitions.tsv/HV-rooms0-512-1025-buffer1792/31	512	256	0,512,0	0,0,0	0	0,0,0
triple-observed-transitions.tsv/HV-rooms0-512-1025-buffer1792/32	512	256	0,512,0	0,0,0	0	0,0,0
triple-observed-transitions.tsv/HV-rooms0-512-1025-buffer1792/33	512	256	0,512,0	0,0,0	0	0,0,0
triple-observed-transitions.tsv/HV-rooms0-512-1025-buffer1792/34	512	256	0,512,0	0,0,0	0	0,0,0
triple-observed-transitions.tsv/HV-rooms0-512-1025-buffer1792/35	512	256	0,512,0	0,0,0	0	0,0,0
triple-observed-transitions.tsv/HV-rooms0-512-1025-buffer1792/36	512	256	0,512,0	0,0,0	0	0,0,0
triple-observed-transitions.tsv/HV-rooms0-512-1025-buffer1792/37	512	256	0,512,0	0,0,0	0	0,0,0
triple-observed-transitions.tsv/HV-rooms0-512-1025-buffer1792/38	512	256	0,512,0	0,0,0	0	0,0,0
triple-observed-transitions.tsv/HV-rooms0-512-1025-buffer1792/39	512	256	0,512,0	0,0,0	0	0,0,0
triple-observed-transitions.tsv/HV-rooms0-512-1025-buffer1792/40	512	256	0,512,0	0,0,0	0	0,0,0
triple-observed-transitions.tsv/HV-rooms0-512-1025-buffer1792/41	512	256	0,512,0	0,0,0	0	0,0,0
triple-observed-transitions.tsv/HV-rooms0-512-1025-buffer1792/42	512	256	0,512,0	0,0,0	0	0,0,0
triple-observed-transitions.tsv/HV-rooms0-512-1025-buffer1792/43	512	256	0,512,0	0,0,0	0	0,0,0
triple-observed-transitions.tsv/HV-rooms0-512-1025-buffer1792/44	512	256	0,512,0	0,0,0	0	0,0,0
triple-observed-transitions.tsv/HV-rooms0-512-1025-buffer1792/45	512	256	0,512,0	0,0,0	0	0,0,0
triple-observed-transitions.tsv/HV-rooms0-512-1025-buffer1792/46	512	256	0,512,0	0,0,0	0	0,0,0
triple-observed-transitions.tsv/HV-rooms0-512-1025-buffer1792/47	512	256	0,512,0	0,0,0	0	0,0,0
triple-observed-transitions.tsv/HV-rooms0-512-1025-buffer1792/48	512	256	0,512,0	0,0,0	0	0,0,0
triple-observed-transitions.tsv/HV-rooms0-512-1025-buffer1792/49	512	256	0,512,0	0,0,0	0	0,0,0
triple-observed-transitions.tsv/HV-rooms0-512-1025-buffer1792/50	512	256	0,512,0	0,0,0	0	0,0,0
triple-observed-transitions.tsv/HV-rooms0-512-1025-buffer1792/51	512	256	0,512,0	0,0,0	0	0,0,0
triple-observed-transitions.tsv/HV-rooms0-512-1025-buffer1792/52	512	256	0,512,0	0,0,0	0	0,0,0
triple-observed-transitions.tsv/HV-rooms0-512-1025-buffer1792/53	512	256	0,512,0	0,0,0	0	0,0,0
triple-observed-transitions.tsv/HV-rooms0-512-1025-buffer1792/54	512	256	0,512,0	0,0,0	0	0,0,0
triple-observed-transitions.tsv/HV-rooms0-512-1025-buffer1792/55	512	256	0,512,0	0,0,0	0	0,0,0
triple-observed-transitions.tsv/HV-rooms0-512-1025-buffer1792/56	512	256	0,512,0	0,0,0	0	0,0,0
triple-observed-transitions.tsv/HV-rooms0-512-1025-buffer1792/57	512	256	0,512,0	0,0,0	0	0,0,0
triple-observed-transitions.tsv/HV-rooms0-512-1025-buffer1792/58	512	256	0,512,0	0,0,0	0	0,0,0
triple-observed-transitions.tsv/HV-rooms0-512-1025-buffer1792/59	512	256	0,512,0	0,0,0	0	0,0,0
triple-observed-transitions.tsv/HV-rooms0-512-1025-buffer1792/60	512	256	0,512,0	0,0,0	0	0,0,0
triple-observed-transitions.tsv/HV-rooms0-512-1025-buffer4096/21	512	4096	0,512,1025	0,0,0	2048	0,0,2048
triple-observed-transitions.tsv/HV-rooms0-512-1025-buffer4096/22	512	2048	0,512,0	0,0,0	512	0,512,0
triple-observed-transitions.tsv/HV-rooms0-512-1025-buffer4096/23	512	1536	0,0,0	0,0,0	0	0,0,0
triple-observed-transitions.tsv/HV-rooms0-512-1025-buffer4096/24	512	1536	0,0,0	0,0,0	0	0,0,0
triple-observed-transitions.tsv/HV-rooms0-512-1025-buffer4096/25	512	1536	0,0,0	0,0,0	0	0,0,0
triple-observed-transitions.tsv/HV-rooms0-512-1025-buffer4096/26	512	1536	0,0,0	0,0,0	0	0,0,0
triple-observed-transitions.tsv/HV-rooms0-512-1025-buffer4096/27	512	1536	0,0,0	0,0,0	0	0,0,0
triple-observed-transitions.tsv/HV-rooms0-512-1025-buffer4096/28	512	1536	0,0,0	0,0,0	0	0,0,0
triple-observed-transitions.tsv/HV-rooms0-512-1025-buffer4096/29	512	1536	0,0,0	0,0,0	0	0,0,0
triple-observed-transitions.tsv/HV-rooms0-512-1025-buffer4096/30	512	1536	0,0,0	0,0,0	0	0,0,0
triple-observed-transitions.tsv/HV-rooms0-512-1025-buffer4096/31	512	1536	0,0,0	0,0,0	0	0,0,0
triple-observed-transitions.tsv/HV-rooms0-512-1025-buffer4096/32	512	1536	0,0,0	0,0,0	0	0,0,0
triple-observed-transitions.tsv/HV-rooms0-512-1025-buffer4096/33	512	1536	0,0,0	0,0,0	0	0,0,0
triple-observed-transitions.tsv/HV-rooms0-512-1025-buffer4096/34	512	1536	0,0,0	0,0,0	0	0,0,0
triple-observed-transitions.tsv/HV-rooms0-512-1025-buffer4096/35	512	1536	0,0,0	0,0,0	0	0,0,0
triple-observed-transitions.tsv/HV-rooms0-512-1025-buffer4096/36	512	1536	0,0,0	0,0,0	0	0,0,0
triple-observed-transitions.tsv/HV-rooms0-512-1025-buffer4096/37	512	1536	0,0,0	0,0,0	0	0,0,0
triple-observed-transitions.tsv/HV-rooms0-512-1025-buffer4096/38	512	1536	0,0,0	0,0,0	0	0,0,0
triple-observed-transitions.tsv/HV-rooms0-512-1025-buffer4096/39	512	1536	0,0,0	0,0,0	0	0,0,0
triple-observed-transitions.tsv/HV-rooms0-512-1025-buffer4096/40	512	1536	0,0,0	0,0,0	0	0,0,0
triple-observed-transitions.tsv/HV-rooms0-512-1025-buffer4096/41	512	1536	0,0,0	0,0,0	0	0,0,0
triple-observed-transitions.tsv/HV-rooms0-512-1025-buffer4096/42	512	1536	0,0,0	0,0,0	0	0,0,0
triple-observed-transitions.tsv/HV-rooms0-512-1025-buffer4096/43	512	1536	0,0,0	0,0,0	0	0,0,0
triple-observed-transitions.tsv/HV-rooms0-512-1025-buffer4096/44	512	1536	0,0,0	0,0,0	0	0,0,0
triple-observed-transitions.tsv/HV-rooms0-512-1025-buffer4096/45	512	1536	0,0,0	0,0,0	0	0,0,0
triple-observed-transitions.tsv/HV-rooms0-512-1025-buffer4096/46	512	1536	0,0,0	0,0,0	0	0,0,0
triple-observed-transitions.tsv/HV-rooms0-512-1025-buffer4096/47	512	1536	0,0,0	0,0,0	0	0,0,0
triple-observed-transitions.tsv/HV-rooms0-512-1025-buffer4096/48	512	1536	0,0,0	0,0,0	0	0,0,0
triple-observed-transitions.tsv/HV-rooms0-512-1025-buffer4096/49	512	1536	0,0,0	0,0,0	0	0,0,0
triple-observed-transitions.tsv/HV-rooms0-512-1025-buffer4096/50	512	1536	0,0,0	0,0,0	0	0,0,0
triple-observed-transitions.tsv/HV-rooms0-512-1025-buffer4096/51	512	1536	0,0,0	0,0,0	0	0,0,0
triple-observed-transitions.tsv/HV-rooms0-512-1025-buffer4096/52	512	1536	0,0,0	0,0,0	0	0,0,0
triple-observed-transitions.tsv/HV-rooms0-512-1025-buffer4096/53	512	1536	0,0,0	0,0,0	0	0,0,0
triple-observed-transitions.tsv/HV-rooms0-512-1025-buffer4096/54	512	1536	0,0,0	0,0,0	0	0,0,0
triple-observed-transitions.tsv/HV-rooms0-512-1025-buffer4096/55	512	1536	0,0,0	0,0,0	0	0,0,0
triple-observed-transitions.tsv/HV-rooms0-512-1025-buffer4096/56	512	1536	0,0,0	0,0,0	0	0,0,0
triple-observed-transitions.tsv/HV-rooms0-512-1025-buffer4096/57	512	1536	0,0,0	0,0,0	0	0,0,0
triple-observed-transitions.tsv/HV-rooms0-512-1025-buffer4096/58	512	1536	0,0,0	0,0,0	0	0,0,0
triple-observed-transitions.tsv/HV-rooms0-512-1025-buffer4096/59	512	1536	0,0,0	0,0,0	0	0,0,0
triple-observed-transitions.tsv/HV-rooms0-512-1025-buffer4096/60	512	1536	0,0,0	0,0,0	0	0,0,0
triple-observed-transitions.tsv/HV-rooms511-511-511-buffer1792/21	512	1792	511,511,511	0,0,0	1533	511,511,511
triple-observed-transitions.tsv/HV-rooms511-511-511-buffer1792/22	512	259	0,0,0	0,0,0	0	0,0,0
triple-observed-transitions.tsv/HV-rooms511-511-511-buffer1792/23	512	259	0,0,0	0,0,0	0	0,0,0
triple-observed-transitions.tsv/HV-rooms511-511-511-buffer1792/24	512	259	0,0,0	0,0,0	0	0,0,0
triple-observed-transitions.tsv/HV-rooms511-511-511-buffer1792/25	512	259	0,0,0	0,0,0	0	0,0,0
triple-observed-transitions.tsv/HV-rooms511-511-511-buffer1792/26	512	259	0,0,0	0,0,0	0	0,0,0
triple-observed-transitions.tsv/HV-rooms511-511-511-buffer1792/27	512	259	0,0,0	0,0,0	0	0,0,0
triple-observed-transitions.tsv/HV-rooms511-511-511-buffer1792/28	512	259	0,0,0	0,0,0	0	0,0,0
triple-observed-transitions.tsv/HV-rooms511-511-511-buffer1792/29	512	259	0,0,0	0,0,0	0	0,0,0
triple-observed-transitions.tsv/HV-rooms511-511-511-buffer1792/30	512	259	0,0,0	0,0,0	0	0,0,0
triple-observed-transitions.tsv/HV-rooms511-511-511-buffer1792/31	512	259	0,0,0	0,0,0	0	0,0,0
triple-observed-transitions.tsv/HV-rooms511-511-511-buffer1792/32	512	259	0,0,0	0,0,0	0	0,0,0
triple-observed-transitions.tsv/HV-rooms511-511-511-buffer1792/33	512	259	0,0,0	0,0,0	0	0,0,0
triple-observed-transitions.tsv/HV-rooms511-511-511-buffer1792/34	512	259	0,0,0	0,0,0	0	0,0,0
triple-observed-transitions.tsv/HV-rooms511-511-511-buffer1792/35	512	259	0,0,0	0,0,0	0	0,0,0
triple-observed-transitions.tsv/HV-rooms511-511-511-buffer1792/36	512	259	0,0,0	0,0,0	0	0,0,0
triple-observed-transitions.tsv/HV-rooms511-511-511-buffer1792/37	512	259	0,0,0	0,0,0	0	0,0,0
triple-observed-transitions.tsv/HV-rooms511-511-511-buffer1792/38	512	259	0,0,0	0,0,0	0	0,0,0
triple-observed-transitions.tsv/HV-rooms511-511-511-buffer1792/39	512	259	0,0,0	0,0,0	0	0,0,0
triple-observed-transitions.tsv/HV-rooms511-511-511-buffer1792/40	512	259	0,0,0	0,0,0	0	0,0,0
triple-observed-transitions.tsv/HV-rooms511-511-511-buffer1792/41	512	259	0,0,0	0,0,0	0	0,0,0
triple-observed-transitions.tsv/HV-rooms511-511-511-buffer1792/42	512	259	0,0,0	0,0,0	0	0,0,0
triple-observed-transitions.tsv/HV-rooms511-511-511-buffer1792/43	512	259	0,0,0	0,0,0	0	0,0,0
triple-observed-transitions.tsv/HV-rooms511-511-511-buffer1792/44	512	259	0,0,0	0,0,0	0	0,0,0
triple-observed-transitions.tsv/HV-rooms511-511-511-buffer1792/45	512	259	0,0,0	0,0,0	0	0,0,0
triple-observed-transitions.tsv/HV-rooms511-511-511-buffer1792/46	512	259	0,0,0	0,0,0	0	0,0,0
triple-observed-transitions.tsv/HV-rooms511-511-511-buffer1792/47	512	259	0,0,0	0,0,0	0	0,0,0
triple-observed-transitions.tsv/HV-rooms511-511-511-buffer1792/48	512	259	0,0,0	0,0,0	0	0,0,0
triple-observed-transitions.tsv/HV-rooms511-511-511-buffer1792/49	512	259	0,0,0	0,0,0	0	0,0,0
triple-observed-transitions.tsv/HV-rooms511-511-511-buffer1792/50	512	259	0,0,0	0,0,0	0	0,0,0
triple-observed-transitions.tsv/HV-rooms511-511-511-buffer1792/51	512	259	0,0,0	0,0,0	0	0,0,0
triple-observed-transitions.tsv/HV-rooms511-511-511-buffer1792/52	512	259	0,0,0	0,0,0	0	0,0,0
triple-observed-transitions.tsv/HV-rooms511-511-511-buffer1792/53	512	259	0,0,0	0,0,0	0	0,0,0
triple-observed-transitions.tsv/HV-rooms511-511-511-buffer1792/54	512	259	0,0,0	0,0,0	0	0,0,0
triple-observed-transitions.tsv/HV-rooms511-511-511-buffer1792/55	512	259	0,0,0	0,0,0	0	0,0,0
triple-observed-transitions.tsv/HV-rooms511-511-511-buffer1792/56	512	259	0,0,0	0,0,0	0	0,0,0
triple-observed-transitions.tsv/HV-rooms511-511-511-buffer1792/57	512	259	0,0,0	0,0,0	0	0,0,0
triple-observed-transitions.tsv/HV-rooms511-511-511-buffer1792/58	512	259	0,0,0	0,0,0	0	0,0,0
triple-observed-transitions.tsv/HV-rooms511-511-511-buffer1792/59	512	259	0,0,0	0,0,0	0	0,0,0
triple-observed-transitions.tsv/HV-rooms511-511-511-buffer1792/60	512	259	0,0,0	0,0,0	0	0,0,0
triple-observed-transitions.tsv/HV-rooms511-511-511-buffer4096/21	512	4096	511,511,511	0,0,0	1533	511,511,511
triple-observed-transitions.tsv/HV-rooms511-511-511-buffer4096/22	512	2563	0,0,0	0,0,0	0	0,0,0
triple-observed-transitions.tsv/HV-rooms511-511-511-buffer4096/23	512	2563	0,0,0	0,0,0	0	0,0,0
triple-observed-transitions.tsv/HV-rooms511-511-511-buffer4096/24	512	2563	0,0,0	0,0,0	0	0,0,0
triple-observed-transitions.tsv/HV-rooms511-511-511-buffer4096/25	512	2563	0,0,0	0,0,0	0	0,0,0
triple-observed-transitions.tsv/HV-rooms511-511-511-buffer4096/26	512	2563	0,0,0	0,0,0	0	0,0,0
triple-observed-transitions.tsv/HV-rooms511-511-511-buffer4096/27	512	2563	0,0,0	0,0,0	0	0,0,0
triple-observed-transitions.tsv/HV-rooms511-511-511-buffer4096/28	512	2563	0,0,0	0,0,0	0	0,0,0
triple-observed-transitions.tsv/HV-rooms511-511-511-buffer4096/29	512	2563	0,0,0	0,0,0	0	0,0,0
triple-observed-transitions.tsv/HV-rooms511-511-511-buffer4096/30	512	2563	0,0,0	0,0,0	0	0,0,0
triple-observed-transitions.tsv/HV-rooms511-511-511-buffer4096/31	512	2563	0,0,0	0,0,0	0	0,0,0
triple-observed-transitions.tsv/HV-rooms511-511-511-buffer4096/32	512	2563	0,0,0	0,0,0	0	0,0,0
triple-observed-transitions.tsv/HV-rooms511-511-511-buffer4096/33	512	2563	0,0,0	0,0,0	0	0,0,0
triple-observed-transitions.tsv/HV-rooms511-511-511-buffer4096/34	512	2563	0,0,0	0,0,0	0	0,0,0
triple-observed-transitions.tsv/HV-rooms511-511-511-buffer4096/35	512	2563	0,0,0	0,0,0	0	0,0,0
triple-observed-transitions.tsv/HV-rooms511-511-511-buffer4096/36	512	2563	0,0,0	0,0,0	0	0,0,0
triple-observed-transitions.tsv/HV-rooms511-511-511-buffer4096/37	512	2563	0,0,0	0,0,0	0	0,0,0
triple-observed-transitions.tsv/HV-rooms511-511-511-buffer4096/38	512	2563	0,0,0	0,0,0	0	0,0,0
triple-observed-transitions.tsv/HV-rooms511-511-511-buffer4096/39	512	2563	0,0,0	0,0,0	0	0,0,0
triple-observed-transitions.tsv/HV-rooms511-511-511-buffer4096/40	512	2563	0,0,0	0,0,0	0	0,0,0
triple-observed-transitions.tsv/HV-rooms511-511-511-buffer4096/41	512	2563	0,0,0	0,0,0	0	0,0,0
triple-observed-transitions.tsv/HV-rooms511-511-511-buffer4096/42	512	2563	0,0,0	0,0,0	0	0,0,0
triple-observed-transitions.tsv/HV-rooms511-511-511-buffer4096/43	512	2563	0,0,0	0,0,0	0	0,0,0
triple-observed-transitions.tsv/HV-rooms511-511-511-buffer4096/44	512	2563	0,0,0	0,0,0	0	0,0,0
triple-observed-transitions.tsv/HV-rooms511-511-511-buffer4096/45	512	2563	0,0,0	0,0,0	0	0,0,0
triple-observed-transitions.tsv/HV-rooms511-511-511-buffer4096/46	512	2563	0,0,0	0,0,0	0	0,0,0
triple-observed-transitions.tsv/HV-rooms511-511-511-buffer4096/47	512	2563	0,0,0	0,0,0	0	0,0,0
triple-observed-transitions.tsv/HV-rooms511-511-511-buffer4096/48	512	2563	0,0,0	0,0,0	0	0,0,0
triple-observed-transitions.tsv/HV-rooms511-511-511-buffer4096/49	512	2563	0,0,0	0,0,0	0	0,0,0
triple-observed-transitions.tsv/HV-rooms511-511-511-buffer4096/50	512	2563	0,0,0	0,0,0	0	0,0,0
triple-observed-transitions.tsv/HV-rooms511-511-511-buffer4096/51	512	2563	0,0,0	0,0,0	0	0,0,0
triple-observed-transitions.tsv/HV-rooms511-511-511-buffer4096/52	512	2563	0,0,0	0,0,0	0	0,0,0
triple-observed-transitions.tsv/HV-rooms511-511-511-buffer4096/53	512	2563	0,0,0	0,0,0	0	0,0,0
triple-observed-transitions.tsv/HV-rooms511-511-511-buffer4096/54	512	2563	0,0,0	0,0,0	0	0,0,0
triple-observed-transitions.tsv/HV-rooms511-511-511-buffer4096/55	512	2563	0,0,0	0,0,0	0	0,0,0
triple-observed-transitions.tsv/HV-rooms511-511-511-buffer4096/56	512	2563	0,0,0	0,0,0	0	0,0,0
triple-observed-transitions.tsv/HV-rooms511-511-511-buffer4096/57	512	2563	0,0,0	0,0,0	0	0,0,0
triple-observed-transitions.tsv/HV-rooms511-511-511-buffer4096/58	512	2563	0,0,0	0,0,0	0	0,0,0
triple-observed-transitions.tsv/HV-rooms511-511-511-buffer4096/59	512	2563	0,0,0	0,0,0	0	0,0,0
triple-observed-transitions.tsv/HV-rooms511-511-511-buffer4096/60	512	2563	0,0,0	0,0,0	0	0,0,0
triple-observed-transitions.tsv/EV-rooms2047-2049-40000000-buffer7168/21	2048	7168	2047,2049,40000000	0,0,0	6144	0,0,6144
triple-observed-transitions.tsv/EV-rooms2047-2049-40000000-buffer7168/22	2048	1024	2047,2049,39993856	0,0,0	0	0,0,0
triple-observed-transitions.tsv/EV-rooms2047-2049-40000000-buffer7168/23	2048	1024	2047,2049,39993856	0,0,0	0	0,0,0
triple-observed-transitions.tsv/EV-rooms2047-2049-40000000-buffer7168/24	2048	1024	2047,2049,39993856	0,0,0	0	0,0,0
triple-observed-transitions.tsv/EV-rooms2047-2049-40000000-buffer7168/25	2048	1024	2047,2049,39993856	0,0,0	0	0,0,0
triple-observed-transitions.tsv/EV-rooms2047-2049-40000000-buffer7168/26	2048	1024	2047,2049,39993856	0,0,0	0	0,0,0
triple-observed-transitions.tsv/EV-rooms2047-2049-40000000-buffer7168/27	2048	1024	2047,2049,39993856	0,0,0	0	0,0,0
triple-observed-transitions.tsv/EV-rooms2047-2049-40000000-buffer7168/28	2048	1024	2047,2049,39993856	0,0,0	0	0,0,0
triple-observed-transitions.tsv/EV-rooms2047-2049-40000000-buffer7168/29	2048	1024	2047,2049,39993856	0,0,0	0	0,0,0
triple-observed-transitions.tsv/EV-rooms2047-2049-40000000-buffer7168/30	2048	1024	2047,2049,39993856	0,0,0	0	0,0,0
triple-observed-transitions.tsv/EV-rooms2047-2049-40000000-buffer7168/31	2048	1024	2047,2049,39993856	0,0,0	0	0,0,0
triple-observed-transitions.tsv/EV-rooms2047-2049-40000000-buffer7168/32	2048	1024	2047,2049,39993856	0,0,0	0	0,0,0
triple-observed-transitions.tsv/EV-rooms2047-2049-40000000-buffer7168/33	2048	1024	2047,2049,39993856	0,0,0	0	0,0,0
triple-observed-transitions.tsv/EV-rooms2047-2049-40000000-buffer7168/34	2048	1024	2047,2049,39993856	0,0,0	0	0,0,0
triple-observed-transitions.tsv/EV-rooms2047-2049-40000000-buffer7168/35	2048	1024	2047,2049,39993856	0,0,0	0	0,0,0
triple-observed-transitions.tsv/EV-rooms2047-2049-40000000-buffer7168/36	2048	1024	2047,2049,39993856	0,0,0	0	0,0,0
triple-observed-transitions.tsv/EV-rooms2047-2049-40000000-buffer7168/37	2048	1024	2047,2049,39993856	0,0,0	0	0,0,0
triple-observed-transitions.tsv/EV-rooms2047-2049-40000000-buffer7168/38	2048	1024	2047,2049,39993856	0,0,0	0	0,0,0
triple-observed-transitions.tsv/EV-rooms2047-2049-40000000-buffer7168/39	2048	1024	2047,2049,39993856	0,0,0	0	0,0,0
triple-observed-transitions.tsv/EV-rooms2047-2049-40000000-buffer7168/40	2048	1024	2047,2049,39993856	0,0,0	0	0,0,0
triple-observed-transitions.tsv/EV-rooms2047-2049-40000000-buffer7168/41	2048	1024	2047,2049,39993856	0,0,0	0	0,0,0
triple-observed-transitions.tsv/EV-rooms2047-2049-40000000-buffer7168/42	2048	1024	2047,2049,39993856	0,0,0	0	0,0,0
triple-observed-transitions.tsv/EV-rooms2047-2049-40000000-buffer7168/43	2048	1024	2047,2049,39993856	0,0,0	0	0,0,0
triple-observed-transitions.tsv/EV-rooms2047-2049-40000000-buffer7168/44	2048	1024	2047,2049,39993856	0,0,0	0	0,0,0
triple-observed-transitions.tsv/EV-rooms2047-2049-40000000-buffer7168/45	2048	1024	2047,2049,39993856	0,0,0	0	0,0,0
triple-observed-transitions.tsv/EV-rooms2047-2049-40000000-buffer7168/46	2048	1024	2047,2049,39993856	0,0,0	0	0,0,0
triple-observed-transitions.tsv/EV-rooms2047-2049-40000000-buffer7168/47	2048	1024	2047,2049,39993856	0,0,0	0	0,0,0
triple-observed-transitions.tsv/EV-rooms2047-2049-40000000-buffer7168/48	2048	1024	2047,2049,39993856	0,0,0	0	0,0,0
triple-observed-transitions.tsv/EV-rooms2047-2049-40000000-buffer7168/49	2048	1024	2047,2049,39993856	0,0,0	0	0,0,0
triple-observed-transitions.tsv/EV-rooms2047-2049-40000000-buffer7168/50	2048	1024	2047,2049,39993856	0,0,0	0	0,0,0
triple-observed-transitions.tsv/EV-rooms2047-2049-40000000-buffer7168/51	2048	1024	2047,2049,39993856	0,0,0	0	0,0,0
triple-observed-transitions.tsv/EV-rooms2047-2049-40000000-buffer7168/52	2048	1024	2047,2049,39993856	0,0,0	0	0,0,0
triple-observed-transitions.tsv/EV-rooms2047-2049-40000000-buffer7168/53	2048	1024	2047,2049,39993856	0,0,0	0	0,0,0
triple-observed-transitions.tsv/EV-rooms2047-2049-40000000-buffer7168/54	2048	1024	2047,2049,39993856	0,0,0	0	0,0,0
triple-observed-transitions.tsv/EV-rooms2047-2049-40000000-buffer7168/55	2048	1024	2047,2049,39993856	0,0,0	0	0,0,0
triple-observed-transitions.tsv/EV-rooms2047-2049-40000000-buffer7168/56	2048	1024	2047,2049,39993856	0,0,0	0	0,0,0
triple-observed-transitions.tsv/EV-rooms2047-2049-40000000-buffer7168/57	2048	1024	2047,2049,39993856	0,0,0	0	0,0,0
triple-observed-transitions.tsv/EV-rooms2047-2049-40000000-buffer7168/58	2048	1024	2047,2049,39993856	0,0,0	0	0,0,0
triple-observed-transitions.tsv/EV-rooms2047-2049-40000000-buffer7168/59	2048	1024	2047,2049,39993856	0,0,0	0	0,0,0
triple-observed-transitions.tsv/EV-rooms2047-2049-40000000-buffer7168/60	2048	1024	2047,2049,39993856	0,0,0	0	0,0,0
triple-observed-transitions.tsv/EV-rooms2047-2049-40000000-buffer16384/21	2048	16384	2047,2049,40000000	0,0,0	8192	0,8192,0
triple-observed-transitions.tsv/EV-rooms2047-2049-40000000-buffer16384/22	2048	8192	2047,0,40000000	0,0,0	8192	0,0,8192
triple-observed-transitions.tsv/EV-rooms2047-2049-40000000-buffer16384/23	2048	0	2047,0,39991808	0,0,0	0	0,0,0
triple-observed-transitions.tsv/EV-rooms2047-2049-40000000-buffer16384/24	2048	0	2047,0,39991808	0,0,0	0	0,0,0
triple-observed-transitions.tsv/EV-rooms2047-2049-40000000-buffer16384/25	2048	0	2047,0,39991808	0,0,0	0	0,0,0
triple-observed-transitions.tsv/EV-rooms2047-2049-40000000-buffer16384/26	2048	0	2047,0,39991808	0,0,0	0	0,0,0
triple-observed-transitions.tsv/EV-rooms2047-2049-40000000-buffer16384/27	2048	0	2047,0,39991808	0,0,0	0	0,0,0
triple-observed-transitions.tsv/EV-rooms2047-2049-40000000-buffer16384/28	2048	0	2047,0,39991808	0,0,0	0	0,0,0
triple-observed-transitions.tsv/EV-rooms2047-2049-40000000-buffer16384/29	2048	0	2047,0,39991808	0,0,0	0	0,0,0
triple-observed-transitions.tsv/EV-rooms2047-2049-40000000-buffer16384/30	2048	0	2047,0,39991808	0,0,0	0	0,0,0
triple-observed-transitions.tsv/EV-rooms2047-2049-40000000-buffer16384/31	2048	0	2047,0,39991808	0,0,0	0	0,0,0
triple-observed-transitions.tsv/EV-rooms2047-2049-40000000-buffer16384/32	2048	0	2047,0,39991808	0,0,0	0	0,0,0
triple-observed-transitions.tsv/EV-rooms2047-2049-40000000-buffer16384/33	2048	0	2047,0,39991808	0,0,0	0	0,0,0
triple-observed-transitions.tsv/EV-rooms2047-2049-40000000-buffer16384/34	2048	0	2047,0,39991808	0,0,0	0	0,0,0
triple-observed-transitions.tsv/EV-rooms2047-2049-40000000-buffer16384/35	2048	0	2047,0,39991808	0,0,0	0	0,0,0
triple-observed-transitions.tsv/EV-rooms2047-2049-40000000-buffer16384/36	2048	0	2047,0,39991808	0,0,0	0	0,0,0
triple-observed-transitions.tsv/EV-rooms2047-2049-40000000-buffer16384/37	2048	0	2047,0,39991808	0,0,0	0	0,0,0
triple-observed-transitions.tsv/EV-rooms2047-2049-40000000-buffer16384/38	2048	0	2047,0,39991808	0,0,0	0	0,0,0
triple-observed-transitions.tsv/EV-rooms2047-2049-40000000-buffer16384/39	2048	0	2047,0,39991808	0,0,0	0	0,0,0
triple-observed-transitions.tsv/EV-rooms2047-2049-40000000-buffer16384/40	2048	0	2047,0,39991808	0,0,0	0	0,0,0
triple-observed-transitions.tsv/EV-rooms2047-2049-40000000-buffer16384/41	2048	0	2047,0,39991808	0,0,0	0	0,0,0
triple-observed-transitions.tsv/EV-rooms2047-2049-40000000-buffer16384/42	2048	0	2047,0,39991808	0,0,0	0	0,0,0
triple-observed-transitions.tsv/EV-rooms2047-2049-40000000-buffer16384/43	2048	0	2047,0,39991808	0,0,0	0	0,0,0
triple-observed-transitions.tsv/EV-rooms2047-2049-40000000-buffer16384/44	2048	0	2047,0,39991808	0,0,0	0	0,0,0
triple-observed-transitions.tsv/EV-rooms2047-2049-40000000-buffer16384/45	2048	0	2047,0,39991808	0,0,0	0	0,0,0
triple-observed-transitions.tsv/EV-rooms2047-2049-40000000-buffer16384/46	2048	0	2047,0,39991808	0,0,0	0	0,0,0
triple-observed-transitions.tsv/EV-rooms2047-2049-40000000-buffer16384/47	2048	0	2047,0,39991808	0,0,0	0	0,0,0
triple-observed-transitions.tsv/EV-rooms2047-2049-40000000-buffer16384/48	2048	0	2047,0,39991808	0,0,0	0	0,0,0
triple-observed-transitions.tsv/EV-rooms2047-2049-40000000-buffer16384/49	2048	0	2047,0,39991808	0,0,0	0	0,0,0
triple-observed-transitions.tsv/EV-rooms2047-2049-40000000-buffer16384/50	2048	0	2047,0,39991808	0,0,0	0	0,0,0
triple-observed-transitions.tsv/EV-rooms2047-2049-40000000-buffer16384/51	2048	0	2047,0,39991808	0,0,0	0	0,0,0
triple-observed-transitions.tsv/EV-rooms2047-2049-40000000-buffer16384/52	2048	0	2047,0,39991808	0,0,0	0	0,0,0
triple-observed-transitions.tsv/EV-rooms2047-2049-40000000-buffer16384/53	2048	0	2047,0,39991808	0,0,0	0	0,0,0
triple-observed-transitions.tsv/EV-rooms2047-2049-40000000-buffer16384/54	2048	0	2047,0,39991808	0,0,0	0	0,0,0
triple-observed-transitions.tsv/EV-rooms2047-2049-40000000-buffer16384/55	2048	0	2047,0,39991808	0,0,0	0	0,0,0
triple-observed-transitions.tsv/EV-rooms2047-2049-40000000-buffer16384/56	2048	0	2047,0,39991808	0,0,0	0	0,0,0
triple-observed-transitions.tsv/EV-rooms2047-2049-40000000-buffer16384/57	2048	0	2047,0,39991808	0,0,0	0	0,0,0
triple-observed-transitions.tsv/EV-rooms2047-2049-40000000-buffer16384/58	2048	0	2047,0,39991808	0,0,0	0	0,0,0
triple-observed-transitions.tsv/EV-rooms2047-2049-40000000-buffer16384/59	2048	0	2047,0,39991808	0,0,0	0	0,0,0
triple-observed-transitions.tsv/EV-rooms2047-2049-40000000-buffer16384/60	2048	0	2047,0,39991808	0,0,0	0	0,0,0
triple-observed-transitions.tsv/EV-rooms1-1-40000000-buffer7168/21	2048	7168	1,1,40000000	0,0,0	6144	1,0,6143
triple-observed-transitions.tsv/EV-rooms1-1-40000000-buffer7168/22	2048	1024	0,1,39993857	0,0,0	0	0,0,0
triple-observed-transitions.tsv/EV-rooms1-1-40000000-buffer7168/23	2048	1024	0,1,39993857	0,0,0	0	0,0,0
triple-observed-transitions.tsv/EV-rooms1-1-40000000-buffer7168/24	2048	1024	0,1,39993857	0,0,0	0	0,0,0
triple-observed-transitions.tsv/EV-rooms1-1-40000000-buffer7168/25	2048	1024	0,1,39993857	0,0,0	0	0,0,0
triple-observed-transitions.tsv/EV-rooms1-1-40000000-buffer7168/26	2048	1024	0,1,39993857	0,0,0	0	0,0,0
triple-observed-transitions.tsv/EV-rooms1-1-40000000-buffer7168/27	2048	1024	0,1,39993857	0,0,0	0	0,0,0
triple-observed-transitions.tsv/EV-rooms1-1-40000000-buffer7168/28	2048	1024	0,1,39993857	0,0,0	0	0,0,0
triple-observed-transitions.tsv/EV-rooms1-1-40000000-buffer7168/29	2048	1024	0,1,39993857	0,0,0	0	0,0,0
triple-observed-transitions.tsv/EV-rooms1-1-40000000-buffer7168/30	2048	1024	0,1,39993857	0,0,0	0	0,0,0
triple-observed-transitions.tsv/EV-rooms1-1-40000000-buffer7168/31	2048	1024	0,1,39993857	0,0,0	0	0,0,0
triple-observed-transitions.tsv/EV-rooms1-1-40000000-buffer7168/32	2048	1024	0,1,39993857	0,0,0	0	0,0,0
triple-observed-transitions.tsv/EV-rooms1-1-40000000-buffer7168/33	2048	1024	0,1,39993857	0,0,0	0	0,0,0
triple-observed-transitions.tsv/EV-rooms1-1-40000000-buffer7168/34	2048	1024	0,1,39993857	0,0,0	0	0,0,0
triple-observed-transitions.tsv/EV-rooms1-1-40000000-buffer7168/35	2048	1024	0,1,39993857	0,0,0	0	0,0,0
triple-observed-transitions.tsv/EV-rooms1-1-40000000-buffer7168/36	2048	1024	0,1,39993857	0,0,0	0	0,0,0
triple-observed-transitions.tsv/EV-rooms1-1-40000000-buffer7168/37	2048	1024	0,1,39993857	0,0,0	0	0,0,0
triple-observed-transitions.tsv/EV-rooms1-1-40000000-buffer7168/38	2048	1024	0,1,39993857	0,0,0	0	0,0,0
triple-observed-transitions.tsv/EV-rooms1-1-40000000-buffer7168/39	2048	1024	0,1,39993857	0,0,0	0	0,0,0
triple-observed-transitions.tsv/EV-rooms1-1-40000000-buffer7168/40	2048	1024	0,1,39993857	0,0,0	0	0,0,0
triple-observed-transitions.tsv/EV-rooms1-1-40000000-buffer7168/41	2048	1024	0,1,39993857	0,0,0	0	0,0,0
triple-observed-transitions.tsv/EV-rooms1-1-40000000-buffer7168/42	2048	1024	0,1,39993857	0,0,0	0	0,0,0
triple-observed-transitions.tsv/EV-rooms1-1-40000000-buffer7168/43	2048	1024	0,1,39993857	0,0,0	0	0,0,0
triple-observed-transitions.tsv/EV-rooms1-1-40000000-buffer7168/44	2048	1024	0,1,39993857	0,0,0	0	0,0,0
triple-observed-transitions.tsv/EV-rooms1-1-40000000-buffer7168/45	2048	1024	0,1,39993857	0,0,0	0	0,0,0
triple-observed-transitions.tsv/EV-rooms1-1-40000000-buffer7168/46	2048	1024	0,1,39993857	0,0,0	0	0,0,0
triple-observed-transitions.tsv/EV-rooms1-1-40000000-buffer7168/47	2048	1024	0,1,39993857	0,0,0	0	0,0,0
triple-observed-transitions.tsv/EV-rooms1-1-40000000-buffer7168/48	2048	1024	0,1,39993857	0,0,0	0	0,0,0
triple-observed-transitions.tsv/EV-rooms1-1-40000000-buffer7168/49	2048	1024	0,1,39993857	0,0,0	0	0,0,0
triple-observed-transitions.tsv/EV-rooms1-1-40000000-buffer7168/50	2048	1024	0,1,39993857	0,0,0	0	0,0,0
triple-observed-transitions.tsv/EV-rooms1-1-40000000-buffer7168/51	2048	1024	0,1,39993857	0,0,0	0	0,0,0
triple-observed-transitions.tsv/EV-rooms1-1-40000000-buffer7168/52	2048	1024	0,1,39993857	0,0,0	0	0,0,0
triple-observed-transitions.tsv/EV-rooms1-1-40000000-buffer7168/53	2048	1024	0,1,39993857	0,0,0	0	0,0,0
triple-observed-transitions.tsv/EV-rooms1-1-40000000-buffer7168/54	2048	1024	0,1,39993857	0,0,0	0	0,0,0
triple-observed-transitions.tsv/EV-rooms1-1-40000000-buffer7168/55	2048	1024	0,1,39993857	0,0,0	0	0,0,0
triple-observed-transitions.tsv/EV-rooms1-1-40000000-buffer7168/56	2048	1024	0,1,39993857	0,0,0	0	0,0,0
triple-observed-transitions.tsv/EV-rooms1-1-40000000-buffer7168/57	2048	1024	0,1,39993857	0,0,0	0	0,0,0
triple-observed-transitions.tsv/EV-rooms1-1-40000000-buffer7168/58	2048	1024	0,1,39993857	0,0,0	0	0,0,0
triple-observed-transitions.tsv/EV-rooms1-1-40000000-buffer7168/59	2048	1024	0,1,39993857	0,0,0	0	0,0,0
triple-observed-transitions.tsv/EV-rooms1-1-40000000-buffer7168/60	2048	1024	0,1,39993857	0,0,0	0	0,0,0
triple-observed-transitions.tsv/EV-rooms1-1-40000000-buffer16384/21	2048	16384	1,1,40000000	0,0,0	8192	0,1,8191
triple-observed-transitions.tsv/EV-rooms1-1-40000000-buffer16384/22	2048	8192	1,0,39991809	0,0,0	8192	1,0,8191
triple-observed-transitions.tsv/EV-rooms1-1-40000000-buffer16384/23	2048	0	0,0,39983618	0,0,0	0	0,0,0
triple-observed-transitions.tsv/EV-rooms1-1-40000000-buffer16384/24	2048	0	0,0,39983618	0,0,0	0	0,0,0
triple-observed-transitions.tsv/EV-rooms1-1-40000000-buffer16384/25	2048	0	0,0,39983618	0,0,0	0	0,0,0
triple-observed-transitions.tsv/EV-rooms1-1-40000000-buffer16384/26	2048	0	0,0,39983618	0,0,0	0	0,0,0
triple-observed-transitions.tsv/EV-rooms1-1-40000000-buffer16384/27	2048	0	0,0,39983618	0,0,0	0	0,0,0
triple-observed-transitions.tsv/EV-rooms1-1-40000000-buffer16384/28	2048	0	0,0,39983618	0,0,0	0	0,0,0
triple-observed-transitions.tsv/EV-rooms1-1-40000000-buffer16384/29	2048	0	0,0,39983618	0,0,0	0	0,0,0
triple-observed-transitions.tsv/EV-rooms1-1-40000000-buffer16384/30	2048	0	0,0,39983618	0,0,0	0	0,0,0
triple-observed-transitions.tsv/EV-rooms1-1-40000000-buffer16384/31	2048	0	0,0,39983618	0,0,0	0	0,0,0
triple-observed-transitions.tsv/EV-rooms1-1-40000000-buffer16384/32	2048	0	0,0,39983618	0,0,0	0	0,0,0
triple-observed-transitions.tsv/EV-rooms1-1-40000000-buffer16384/33	2048	0	0,0,39983618	0,0,0	0	0,0,0
triple-observed-transitions.tsv/EV-rooms1-1-40000000-buffer16384/34	2048	0	0,0,39983618	0,0,0	0	0,0,0
triple-observed-transitions.tsv/EV-rooms1-1-40000000-buffer16384/35	2048	0	0,0,39983618	0,0,0	0	0,0,0
triple-observed-transitions.tsv/EV-rooms1-1-40000000-buffer16384/36	2048	0	0,0,39983618	0,0,0	0	0,0,0
triple-observed-transitions.tsv/EV-rooms1-1-40000000-buffer16384/37	2048	0	0,0,39983618	0,0,0	0	0,0,0
triple-observed-transitions.tsv/EV-rooms1-1-40000000-buffer16384/38	2048	0	0,0,39983618	0,0,0	0	0,0,0
triple-observed-transitions.tsv/EV-rooms1-1-40000000-buffer16384/39	2048	0	0,0,39983618	0,0,0	0	0,0,0
triple-observed-transitions.tsv/EV-rooms1-1-40000000-buffer16384/40	2048	0	0,0,39983618	0,0,0	0	0,0,0
triple-observed-transitions.tsv/EV-rooms1-1-40000000-buffer16384/41	2048	0	0,0,39983618	0,0,0	0	0,0,0
triple-observed-transitions.tsv/EV-rooms1-1-40000000-buffer16384/42	2048	0	0,0,39983618	0,0,0	0	0,0,0
triple-observed-transitions.tsv/EV-rooms1-1-40000000-buffer16384/43	2048	0	0,0,39983618	0,0,0	0	0,0,0
triple-observed-transitions.tsv/EV-rooms1-1-40000000-buffer16384/44	2048	0	0,0,39983618	0,0,0	0	0,0,0
triple-observed-transitions.tsv/EV-rooms1-1-40000000-buffer16384/45	2048	0	0,0,39983618	0,0,0	0	0,0,0
triple-observed-transitions.tsv/EV-rooms1-1-40000000-buffer16384/46	2048	0	0,0,39983618	0,0,0	0	0,0,0
triple-observed-transitions.tsv/EV-rooms1-1-40000000-buffer16384/47	2048	0	0,0,39983618	0,0,0	0	0,0,0
triple-observed-transitions.tsv/EV-rooms1-1-40000000-buffer16384/48	2048	0	0,0,39983618	0,0,0	0	0,0,0
triple-observed-transitions.tsv/EV-rooms1-1-40000000-buffer16384/49	2048	0	0,0,39983618	0,0,0	0	0,0,0
triple-observed-transitions.tsv/EV-rooms1-1-40000000-buffer16384/50	2048	0	0,0,39983618	0,0,0	0	0,0,0
triple-observed-transitions.tsv/EV-rooms1-1-40000000-buffer16384/51	2048	0	0,0,39983618	0,0,0	0	0,0,0
triple-observed-transitions.tsv/EV-rooms1-1-40000000-buffer16384/52	2048	0	0,0,39983618	0,0,0	0	0,0,0
triple-observed-transitions.tsv/EV-rooms1-1-40000000-buffer16384/53	2048	0	0,0,39983618	0,0,0	0	0,0,0
triple-observed-transitions.tsv/EV-rooms1-1-40000000-buffer16384/54	2048	0	0,0,39983618	0,0,0	0	0,0,0
triple-observed-transitions.tsv/EV-rooms1-1-40000000-buffer16384/55	2048	0	0,0,39983618	0,0,0	0	0,0,0
triple-observed-transitions.tsv/EV-rooms1-1-40000000-buffer16384/56	2048	0	0,0,39983618	0,0,0	0	0,0,0
triple-observed-transitions.tsv/EV-rooms1-1-40000000-buffer16384/57	2048	0	0,0,39983618	0,0,0	0	0,0,0
triple-observed-transitions.tsv/EV-rooms1-1-40000000-buffer16384/58	2048	0	0,0,39983618	0,0,0	0	0,0,0
triple-observed-transitions.tsv/EV-rooms1-1-40000000-buffer16384/59	2048	0	0,0,39983618	0,0,0	0	0,0,0
triple-observed-transitions.tsv/EV-rooms1-1-40000000-buffer16384/60	2048	0	0,0,39983618	0,0,0	0	0,0,0
triple-observed-transitions.tsv/EV-rooms1025-1025-2049-buffer7168/21	2048	7168	1025,1025,2049	0,0,0	6144	0,0,6144
triple-observed-transitions.tsv/EV-rooms1025-1025-2049-buffer7168/22	2048	1024	1025,1025,0	0,0,0	0	0,0,0
triple-observed-transitions.tsv/EV-rooms1025-1025-2049-buffer7168/23	2048	1024	1025,1025,0	0,0,0	0	0,0,0
triple-observed-transitions.tsv/EV-rooms1025-1025-2049-buffer7168/24	2048	1024	1025,1025,0	0,0,0	0	0,0,0
triple-observed-transitions.tsv/EV-rooms1025-1025-2049-buffer7168/25	2048	1024	1025,1025,0	0,0,0	0	0,0,0
triple-observed-transitions.tsv/EV-rooms1025-1025-2049-buffer7168/26	2048	1024	1025,1025,0	0,0,0	0	0,0,0
triple-observed-transitions.tsv/EV-rooms1025-1025-2049-buffer7168/27	2048	1024	1025,1025,0	0,0,0	0	0,0,0
triple-observed-transitions.tsv/EV-rooms1025-1025-2049-buffer7168/28	2048	1024	1025,1025,0	0,0,0	0	0,0,0
triple-observed-transitions.tsv/EV-rooms1025-1025-2049-buffer7168/29	2048	1024	1025,1025,0	0,0,0	0	0,0,0
triple-observed-transitions.tsv/EV-rooms1025-1025-2049-buffer7168/30	2048	1024	1025,1025,0	0,0,0	0	0,0,0
triple-observed-transitions.tsv/EV-rooms1025-1025-2049-buffer7168/31	2048	1024	1025,1025,0	0,0,0	0	0,0,0
triple-observed-transitions.tsv/EV-rooms1025-1025-2049-buffer7168/32	2048	1024	1025,1025,0	0,0,0	0	0,0,0
triple-observed-transitions.tsv/EV-rooms1025-1025-2049-buffer7168/33	2048	1024	1025,1025,0	0,0,0	0	0,0,0
triple-observed-transitions.tsv/EV-rooms1025-1025-2049-buffer7168/34	2048	1024	1025,1025,0	0,0,0	0	0,0,0
triple-observed-transitions.tsv/EV-rooms1025-1025-2049-buffer7168/35	2048	1024	1025,1025,0	0,0,0	0	0,0,0
triple-observed-transitions.tsv/EV-rooms1025-1025-2049-buffer7168/36	2048	1024	1025,1025,0	0,0,0	0	0,0,0
triple-observed-transitions.tsv/EV-rooms1025-1025-2049-buffer7168/37	2048	1024	1025,1025,0	0,0,0	0	0,0,0
triple-observed-transitions.tsv/EV-rooms1025-1025-2049-buffer7168/38	2048	1024	1025,1025,0	0,0,0	0	0,0,0
triple-observed-transitions.tsv/EV-rooms1025-1025-2049-buffer7168/39	2048	1024	1025,1025,0	0,0,0	0	0,0,0
triple-observed-transitions.tsv/EV-rooms1025-1025-2049-buffer7168/40	2048	1024	1025,1025,0	0,0,0	0	0,0,0
triple-observed-transitions.tsv/EV-rooms1025-1025-2049-buffer7168/41	2048	1024	1025,1025,0	0,0,0	0	0,0,0
triple-observed-transitions.tsv/EV-rooms1025-1025-2049-buffer7168/42	2048	1024	1025,1025,0	0,0,0	0	0,0,0
triple-observed-transitions.tsv/EV-rooms1025-1025-2049-buffer7168/43	2048	1024	1025,1025,0	0,0,0	0	0,0,0
triple-observed-transitions.tsv/EV-rooms1025-1025-2049-buffer7168/44	2048	1024	1025,1025,0	0,0,0	0	0,0,0
triple-observed-transitions.tsv/EV-rooms1025-1025-2049-buffer7168/45	2048	1024	1025,1025,0	0,0,0	0	0,0,0
triple-observed-transitions.tsv/EV-rooms1025-1025-2049-buffer7168/46	2048	1024	1025,1025,0	0,0,0	0	0,0,0
triple-observed-transitions.tsv/EV-rooms1025-1025-2049-buffer7168/47	2048	1024	1025,1025,0	0,0,0	0	0,0,0
triple-observed-transitions.tsv/EV-rooms1025-1025-2049-buffer7168/48	2048	1024	1025,1025,0	0,0,0	0	0,0,0
triple-observed-transitions.tsv/EV-rooms1025-1025-2049-buffer7168/49	2048	1024	1025,1025,0	0,0,0	0	0,0,0
triple-observed-transitions.tsv/EV-rooms1025-1025-2049-buffer7168/50	2048	1024	1025,1025,0	0,0,0	0	0,0,0
triple-observed-transitions.tsv/EV-rooms1025-1025-2049-buffer7168/51	2048	1024	1025,1025,0	0,0,0	0	0,0,0
triple-observed-transitions.tsv/EV-rooms1025-1025-2049-buffer7168/52	2048	1024	1025,1025,0	0,0,0	0	0,0,0
triple-observed-transitions.tsv/EV-rooms1025-1025-2049-buffer7168/53	2048	1024	1025,1025,0	0,0,0	0	0,0,0
triple-observed-transitions.tsv/EV-rooms1025-1025-2049-buffer7168/54	2048	1024	1025,1025,0	0,0,0	0	0,0,0
triple-observed-transitions.tsv/EV-rooms1025-1025-2049-buffer7168/55	2048	1024	1025,1025,0	0,0,0	0	0,0,0
triple-observed-transitions.tsv/EV-rooms1025-1025-2049-buffer7168/56	2048	1024	1025,1025,0	0,0,0	0	0,0,0
triple-observed-transitions.tsv/EV-rooms1025-1025-2049-buffer7168/57	2048	1024	1025,1025,0	0,0,0	0	0,0,0
triple-observed-transitions.tsv/EV-rooms1025-1025-2049-buffer7168/58	2048	1024	1025,1025,0	0,0,0	0	0,0,0
triple-observed-transitions.tsv/EV-rooms1025-1025-2049-buffer7168/59	2048	1024	1025,1025,0	0,0,0	0	0,0,0
triple-observed-transitions.tsv/EV-rooms1025-1025-2049-buffer7168/60	2048	1024	1025,1025,0	0,0,0	0	0,0,0
triple-observed-transitions.tsv/EV-rooms1025-1025-2049-buffer16384/21	2048	16384	1025,1025,2049	0,0,0	8192	1025,0,7167
triple-observed-transitions.tsv/EV-rooms1025-1025-2049-buffer16384/22	2048	8192	0,1025,0	0,0,0	1025	0,1025,0
triple-observed-transitions.tsv/EV-rooms1025-1025-2049-buffer16384/23	2048	7167	0,0,0	0,0,0	0	0,0,0
triple-observed-transitions.tsv/EV-rooms1025-1025-2049-buffer16384/24	2048	7167	0,0,0	0,0,0	0	0,0,0
triple-observed-transitions.tsv/EV-rooms1025-1025-2049-buffer16384/25	2048	7167	0,0,0	0,0,0	0	0,0,0
triple-observed-transitions.tsv/EV-rooms1025-1025-2049-buffer16384/26	2048	7167	0,0,0	0,0,0	0	0,0,0
triple-observed-transitions.tsv/EV-rooms1025-1025-2049-buffer16384/27	2048	7167	0,0,0	0,0,0	0	0,0,0
triple-observed-transitions.tsv/EV-rooms1025-1025-2049-buffer16384/28	2048	7167	0,0,0	0,0,0	0	0,0,0
triple-observed-transitions.tsv/EV-rooms1025-1025-2049-buffer16384/29	2048	7167	0,0,0	0,0,0	0	0,0,0
triple-observed-transitions.tsv/EV-rooms1025-1025-2049-buffer16384/30	2048	7167	0,0,0	0,0,0	0	0,0,0
triple-observed-transitions.tsv/EV-rooms1025-1025-2049-buffer16384/31	2048	7167	0,0,0	0,0,0	0	0,0,0
triple-observed-transitions.tsv/EV-rooms1025-1025-2049-buffer16384/32	2048	7167	0,0,0	0,0,0	0	0,0,0
triple-observed-transitions.tsv/EV-rooms1025-1025-2049-buffer16384/33	2048	7167	0,0,0	0,0,0	0	0,0,0
triple-observed-transitions.tsv/EV-rooms1025-1025-2049-buffer16384/34	2048	7167	0,0,0	0,0,0	0	0,0,0
triple-observed-transitions.tsv/EV-rooms1025-1025-2049-buffer16384/35	2048	7167	0,0,0	0,0,0	0	0,0,0
triple-observed-transitions.tsv/EV-rooms1025-1025-2049-buffer16384/36	2048	7167	0,0,0	0,0,0	0	0,0,0
triple-observed-transitions.tsv/EV-rooms1025-1025-2049-buffer16384/37	2048	7167	0,0,0	0,0,0	0	0,0,0
triple-observed-transitions.tsv/EV-rooms1025-1025-2049-buffer16384/38	2048	7167	0,0,0	0,0,0	0	0,0,0
triple-observed-transitions.tsv/EV-rooms1025-1025-2049-buffer16384/39	2048	7167	0,0,0	0,0,0	0	0,0,0
triple-observed-transitions.tsv/EV-rooms1025-1025-2049-buffer16384/40	2048	7167	0,0,0	0,0,0	0	0,0,0
triple-observed-transitions.tsv/EV-rooms1025-1025-2049-buffer16384/41	2048	7167	0,0,0	0,0,0	0	0,0,0
triple-observed-transitions.tsv/EV-rooms1025-1025-2049-buffer16384/42	2048	7167	0,0,0	0,0,0	0	0,0,0
triple-observed-transitions.tsv/EV-rooms1025-1025-2049-buffer16384/43	2048	7167	0,0,0	0,0,0	0	0,0,0
triple-observed-transitions.tsv/EV-rooms1025-1025-2049-buffer16384/44	2048	7167	0,0,0	0,0,0	0	0,0,0
triple-observed-transitions.tsv/EV-rooms1025-1025-2049-buffer16384/45	2048	7167	0,0,0	0,0,0	0	0,0,0
triple-observed-transitions.tsv/EV-rooms1025-1025-2049-buffer16384/46	2048	7167	0,0,0	0,0,0	0	0,0,0
triple-observed-transitions.tsv/EV-rooms1025-1025-2049-buffer16384/47	2048	7167	0,0,0	0,0,0	0	0,0,0
triple-observed-transitions.tsv/EV-rooms1025-1025-2049-buffer16384/48	2048	7167	0,0,0	0,0,0	0	0,0,0
triple-observed-transitions.tsv/EV-rooms1025-1025-2049-buffer16384/49	2048	7167	0,0,0	0,0,0	0	0,0,0
triple-observed-transitions.tsv/EV-rooms1025-1025-2049-buffer16384/50	2048	7167	0,0,0	0,0,0	0	0,0,0
triple-observed-transitions.tsv/EV-rooms1025-1025-2049-buffer16384/51	2048	7167	0,0,0	0,0,0	0	0,0,0
triple-observed-transitions.tsv/EV-rooms1025-1025-2049-buffer16384/52	2048	7167	0,0,0	0,0,0	0	0,0,0
triple-observed-transitions.tsv/EV-rooms1025-1025-2049-buffer16384/53	2048	7167	0,0,0	0,0,0	0	0,0,0
triple-observed-transitions.tsv/EV-rooms1025-1025-2049-buffer16384/54	2048	7167	0,0,0	0,0,0	0	0,0,0
triple-observed-transitions.tsv/EV-rooms1025-1025-2049-buffer16384/55	2048	7167	0,0,0	0,0,0	0	0,0,0
triple-observed-transitions.tsv/EV-rooms1025-1025-2049-buffer16384/56	2048	7167	0,0,0	0,0,0	0	0,0,0
triple-observed-transitions.tsv/EV-rooms1025-1025-2049-buffer16384/57	2048	7167	0,0,0	0,0,0	0	0,0,0
triple-observed-transitions.tsv/EV-rooms1025-1025-2049-buffer16384/58	2048	7167	0,0,0	0,0,0	0	0,0,0
triple-observed-transitions.tsv/EV-rooms1025-1025-2049-buffer16384/59	2048	7167	0,0,0	0,0,0	0	0,0,0
triple-observed-transitions.tsv/EV-rooms1025-1025-2049-buffer16384/60	2048	7167	0,0,0	0,0,0	0	0,0,0
triple-observed-transitions.tsv/EV-rooms2049-2049-2049-buffer7168/21	2048	7168	2049,2049,2049	0,0,0	6144	6144,0,0
triple-observed-transitions.tsv/EV-rooms2049-2049-2049-buffer7168/22	2048	1024	0,2049,2049	0,0,0	0	0,0,0
triple-observed-transitions.tsv/EV-rooms2049-2049-2049-buffer7168/23	2048	1024	0,2049,2049	0,0,0	0	0,0,0
triple-observed-transitions.tsv/EV-rooms2049-2049-2049-buffer7168/24	2048	1024	0,2049,2049	0,0,0	0	0,0,0
triple-observed-transitions.tsv/EV-rooms2049-2049-2049-buffer7168/25	2048	1024	0,2049,2049	0,0,0	0	0,0,0
triple-observed-transitions.tsv/EV-rooms2049-2049-2049-buffer7168/26	2048	1024	0,2049,2049	0,0,0	0	0,0,0
triple-observed-transitions.tsv/EV-rooms2049-2049-2049-buffer7168/27	2048	1024	0,2049,2049	0,0,0	0	0,0,0
triple-observed-transitions.tsv/EV-rooms2049-2049-2049-buffer7168/28	2048	1024	0,2049,2049	0,0,0	0	0,0,0
triple-observed-transitions.tsv/EV-rooms2049-2049-2049-buffer7168/29	2048	1024	0,2049,2049	0,0,0	0	0,0,0
triple-observed-transitions.tsv/EV-rooms2049-2049-2049-buffer7168/30	2048	1024	0,2049,2049	0,0,0	0	0,0,0
triple-observed-transitions.tsv/EV-rooms2049-2049-2049-buffer7168/31	2048	1024	0,2049,2049	0,0,0	0	0,0,0
triple-observed-transitions.tsv/EV-rooms2049-2049-2049-buffer7168/32	2048	1024	0,2049,2049	0,0,0	0	0,0,0
triple-observed-transitions.tsv/EV-rooms2049-2049-2049-buffer7168/33	2048	1024	0,2049,2049	0,0,0	0	0,0,0
triple-observed-transitions.tsv/EV-rooms2049-2049-2049-buffer7168/34	2048	1024	0,2049,2049	0,0,0	0	0,0,0
triple-observed-transitions.tsv/EV-rooms2049-2049-2049-buffer7168/35	2048	1024	0,2049,2049	0,0,0	0	0,0,0
triple-observed-transitions.tsv/EV-rooms2049-2049-2049-buffer7168/36	2048	1024	0,2049,2049	0,0,0	0	0,0,0
triple-observed-transitions.tsv/EV-rooms2049-2049-2049-buffer7168/37	2048	1024	0,2049,2049	0,0,0	0	0,0,0
triple-observed-transitions.tsv/EV-rooms2049-2049-2049-buffer7168/38	2048	1024	0,2049,2049	0,0,0	0	0,0,0
triple-observed-transitions.tsv/EV-rooms2049-2049-2049-buffer7168/39	2048	1024	0,2049,2049	0,0,0	0	0,0,0
triple-observed-transitions.tsv/EV-rooms2049-2049-2049-buffer7168/40	2048	1024	0,2049,2049	0,0,0	0	0,0,0
triple-observed-transitions.tsv/EV-rooms2049-2049-2049-buffer7168/41	2048	1024	0,2049,2049	0,0,0	0	0,0,0
triple-observed-transitions.tsv/EV-rooms2049-2049-2049-buffer7168/42	2048	1024	0,2049,2049	0,0,0	0	0,0,0
triple-observed-transitions.tsv/EV-rooms2049-2049-2049-buffer7168/43	2048	1024	0,2049,2049	0,0,0	0	0,0,0
triple-observed-transitions.tsv/EV-rooms2049-2049-2049-buffer7168/44	2048	1024	0,2049,2049	0,0,0	0	0,0,0
triple-observed-transitions.tsv/EV-rooms2049-2049-2049-buffer7168/45	2048	1024	0,2049,2049	0,0,0	0	0,0,0
triple-observed-transitions.tsv/EV-rooms2049-2049-2049-buffer7168/46	2048	1024	0,2049,2049	0,0,0	0	0,0,0
triple-observed-transitions.tsv/EV-rooms2049-2049-2049-buffer7168/47	2048	1024	0,2049,2049	0,0,0	0	0,0,0
triple-observed-transitions.tsv/EV-rooms2049-2049-2049-buffer7168/48	2048	1024	0,2049,2049	0,0,0	0	0,0,0
triple-observed-transitions.tsv/EV-rooms2049-2049-2049-buffer7168/49	2048	1024	0,2049,2049	0,0,0	0	0,0,0
triple-observed-transitions.tsv/EV-rooms2049-2049-2049-buffer7168/50	2048	1024	0,2049,2049	0,0,0	0	0,0,0
triple-observed-transitions.tsv/EV-rooms2049-2049-2049-buffer7168/51	2048	1024	0,2049,2049	0,0,0	0	0,0,0
triple-observed-transitions.tsv/EV-rooms2049-2049-2049-buffer7168/52	2048	1024	0,2049,2049	0,0,0	0	0,0,0
triple-observed-transitions.tsv/EV-rooms2049-2049-2049-buffer7168/53	2048	1024	0,2049,2049	0,0,0	0	0,0,0
triple-observed-transitions.tsv/EV-rooms2049-2049-2049-buffer7168/54	2048	1024	0,2049,2049	0,0,0	0	0,0,0
triple-observed-transitions.tsv/EV-rooms2049-2049-2049-buffer7168/55	2048	1024	0,2049,2049	0,0,0	0	0,0,0
triple-observed-transitions.tsv/EV-rooms2049-2049-2049-buffer7168/56	2048	1024	0,2049,2049	0,0,0	0	0,0,0
triple-observed-transitions.tsv/EV-rooms2049-2049-2049-buffer7168/57	2048	1024	0,2049,2049	0,0,0	0	0,0,0
triple-observed-transitions.tsv/EV-rooms2049-2049-2049-buffer7168/58	2048	1024	0,2049,2049	0,0,0	0	0,0,0
triple-observed-transitions.tsv/EV-rooms2049-2049-2049-buffer7168/59	2048	1024	0,2049,2049	0,0,0	0	0,0,0
triple-observed-transitions.tsv/EV-rooms2049-2049-2049-buffer7168/60	2048	1024	0,2049,2049	0,0,0	0	0,0,0
triple-observed-transitions.tsv/EV-rooms2049-2049-2049-buffer16384/21	2048	16384	2049,2049,2049	0,0,0	8192	8192,0,0
triple-observed-transitions.tsv/EV-rooms2049-2049-2049-buffer16384/22	2048	8192	0,2049,2049	0,0,0	8192	0,0,8192
triple-observed-transitions.tsv/EV-rooms2049-2049-2049-buffer16384/23	2048	0	0,2049,0	0,0,0	0	0,0,0
triple-observed-transitions.tsv/EV-rooms2049-2049-2049-buffer16384/24	2048	0	0,2049,0	0,0,0	0	0,0,0
triple-observed-transitions.tsv/EV-rooms2049-2049-2049-buffer16384/25	2048	0	0,2049,0	0,0,0	0	0,0,0
triple-observed-transitions.tsv/EV-rooms2049-2049-2049-buffer16384/26	2048	0	0,2049,0	0,0,0	0	0,0,0
triple-observed-transitions.tsv/EV-rooms2049-2049-2049-buffer16384/27	2048	0	0,2049,0	0,0,0	0	0,0,0
triple-observed-transitions.tsv/EV-rooms2049-2049-2049-buffer16384/28	2048	0	0,2049,0	0,0,0	0	0,0,0
triple-observed-transitions.tsv/EV-rooms2049-2049-2049-buffer16384/29	2048	0	0,2049,0	0,0,0	0	0,0,0
triple-observed-transitions.tsv/EV-rooms2049-2049-2049-buffer16384/30	2048	0	0,2049,0	0,0,0	0	0,0,0
triple-observed-transitions.tsv/EV-rooms2049-2049-2049-buffer16384/31	2048	0	0,2049,0	0,0,0	0	0,0,0
triple-observed-transitions.tsv/EV-rooms2049-2049-2049-buffer16384/32	2048	0	0,2049,0	0,0,0	0	0,0,0
triple-observed-transitions.tsv/EV-rooms2049-2049-2049-buffer16384/33	2048	0	0,2049,0	0,0,0	0	0,0,0
triple-observed-transitions.tsv/EV-rooms2049-2049-2049-buffer16384/34	2048	0	0,2049,0	0,0,0	0	0,0,0
triple-observed-transitions.tsv/EV-rooms2049-2049-2049-buffer16384/35	2048	0	0,2049,0	0,0,0	0	0,0,0
triple-observed-transitions.tsv/EV-rooms2049-2049-2049-buffer16384/36	2048	0	0,2049,0	0,0,0	0	0,0,0
triple-observed-transitions.tsv/EV-rooms2049-2049-2049-buffer16384/37	2048	0	0,2049,0	0,0,0	0	0,0,0
triple-observed-transitions.tsv/EV-rooms2049-2049-2049-buffer16384/38	2048	0	0,2049,0	0,0,0	0	0,0,0
triple-observed-transitions.tsv/EV-rooms2049-2049-2049-buffer16384/39	2048	0	0,2049,0	0,0,0	0	0,0,0
triple-observed-transitions.tsv/EV-rooms2049-2049-2049-buffer16384/40	2048	0	0,2049,0	0,0,0	0	0,0,0
triple-observed-transitions.tsv/EV-rooms2049-2049-2049-buffer16384/41	2048	0	0,2049,0	0,0,0	0	0,0,0
triple-observed-transitions.tsv/EV-rooms2049-2049-2049-buffer16384/42	2048	0	0,2049,0	0,0,0	0	0,0,0
triple-observed-transitions.tsv/EV-rooms2049-2049-2049-buffer16384/43	2048	0	0,2049,0	0,0,0	0	0,0,0
triple-observed-transitions.tsv/EV-rooms2049-2049-2049-buffer16384/44	2048	0	0,2049,0	0,0,0	0	0,0,0
triple-observed-transitions.tsv/EV-rooms2049-2049-2049-buffer16384/45	2048	0	0,2049,0	0,0,0	0	0,0,0
triple-observed-transitions.tsv/EV-rooms2049-2049-2049-buffer16384/46	2048	0	0,2049,0	0,0,0	0	0,0,0
triple-observed-transitions.tsv/EV-rooms2049-2049-2049-buffer16384/47	2048	0	0,2049,0	0,0,0	0	0,0,0
triple-observed-transitions.tsv/EV-rooms2049-2049-2049-buffer16384/48	2048	0	0,2049,0	0,0,0	0	0,0,0
triple-observed-transitions.tsv/EV-rooms2049-2049-2049-buffer16384/49	2048	0	0,2049,0	0,0,0	0	0,0,0
triple-observed-transitions.tsv/EV-rooms2049-2049-2049-buffer16384/50	2048	0	0,2049,0	0,0,0	0	0,0,0
triple-observed-transitions.tsv/EV-rooms2049-2049-2049-buffer16384/51	2048	0	0,2049,0	0,0,0	0	0,0,0
triple-observed-transitions.tsv/EV-rooms2049-2049-2049-buffer16384/52	2048	0	0,2049,0	0,0,0	0	0,0,0
triple-observed-transitions.tsv/EV-rooms2049-2049-2049-buffer16384/53	2048	0	0,2049,0	0,0,0	0	0,0,0
triple-observed-transitions.tsv/EV-rooms2049-2049-2049-buffer16384/54	2048	0	0,2049,0	0,0,0	0	0,0,0
triple-observed-transitions.tsv/EV-rooms2049-2049-2049-buffer16384/55	2048	0	0,2049,0	0,0,0	0	0,0,0
triple-observed-transitions.tsv/EV-rooms2049-2049-2049-buffer16384/56	2048	0	0,2049,0	0,0,0	0	0,0,0
triple-observed-transitions.tsv/EV-rooms2049-2049-2049-buffer16384/57	2048	0	0,2049,0	0,0,0	0	0,0,0
triple-observed-transitions.tsv/EV-rooms2049-2049-2049-buffer16384/58	2048	0	0,2049,0	0,0,0	0	0,0,0
triple-observed-transitions.tsv/EV-rooms2049-2049-2049-buffer16384/59	2048	0	0,2049,0	0,0,0	0	0,0,0
triple-observed-transitions.tsv/EV-rooms2049-2049-2049-buffer16384/60	2048	0	0,2049,0	0,0,0	0	0,0,0
triple-observed-transitions.tsv/EV-rooms0-2048-4097-buffer7168/21	2048	7168	0,2048,4097	0,0,0	6144	0,2048,4096
triple-observed-transitions.tsv/EV-rooms0-2048-4097-buffer7168/22	2048	1024	0,0,1	0,0,0	0	0,0,0
triple-observed-transitions.tsv/EV-rooms0-2048-4097-buffer7168/23	2048	1024	0,0,1	0,0,0	0	0,0,0
triple-observed-transitions.tsv/EV-rooms0-2048-4097-buffer7168/24	2048	1024	0,0,1	0,0,0	0	0,0,0
triple-observed-transitions.tsv/EV-rooms0-2048-4097-buffer7168/25	2048	1024	0,0,1	0,0,0	0	0,0,0
triple-observed-transitions.tsv/EV-rooms0-2048-4097-buffer7168/26	2048	1024	0,0,1	0,0,0	0	0,0,0
triple-observed-transitions.tsv/EV-rooms0-2048-4097-buffer7168/27	2048	1024	0,0,1	0,0,0	0	0,0,0
triple-observed-transitions.tsv/EV-rooms0-2048-4097-buffer7168/28	2048	1024	0,0,1	0,0,0	0	0,0,0
triple-observed-transitions.tsv/EV-rooms0-2048-4097-buffer7168/29	2048	1024	0,0,1	0,0,0	0	0,0,0
triple-observed-transitions.tsv/EV-rooms0-2048-4097-buffer7168/30	2048	1024	0,0,1	0,0,0	0	0,0,0
triple-observed-transitions.tsv/EV-rooms0-2048-4097-buffer7168/31	2048	1024	0,0,1	0,0,0	0	0,0,0
triple-observed-transitions.tsv/EV-rooms0-2048-4097-buffer7168/32	2048	1024	0,0,1	0,0,0	0	0,0,0
triple-observed-transitions.tsv/EV-rooms0-2048-4097-buffer7168/33	2048	1024	0,0,1	0,0,0	0	0,0,0
triple-observed-transitions.tsv/EV-rooms0-2048-4097-buffer7168/34	2048	1024	0,0,1	0,0,0	0	0,0,0
triple-observed-transitions.tsv/EV-rooms0-2048-4097-buffer7168/35	2048	1024	0,0,1	0,0,0	0	0,0,0
triple-observed-transitions.tsv/EV-rooms0-2048-4097-buffer7168/36	2048	1024	0,0,1	0,0,0	0	0,0,0
triple-observed-transitions.tsv/EV-rooms0-2048-4097-buffer7168/37	2048	1024	0,0,1	0,0,0	0	0,0,0
triple-observed-transitions.tsv/EV-rooms0-2048-4097-buffer7168/38	2048	1024	0,0,1	0,0,0	0	0,0,0
triple-observed-transitions.tsv/EV-rooms0-2048-4097-buffer7168/39	2048	1024	0,0,1	0,0,0	0	0,0,0
triple-observed-transitions.tsv/EV-rooms0-2048-4097-buffer7168/40	2048	1024	0,0,1	0,0,0	0	0,0,0
triple-observed-transitions.tsv/EV-rooms0-2048-4097-buffer7168/41	2048	1024	0,0,1	0,0,0	0	0,0,0
triple-observed-transitions.tsv/EV-rooms0-2048-4097-buffer7168/42	2048	1024	0,0,1	0,0,0	0	0,0,0
triple-observed-transitions.tsv/EV-rooms0-2048-4097-buffer7168/43	2048	1024	0,0,1	0,0,0	0	0,0,0
triple-observed-transitions.tsv/EV-rooms0-2048-4097-buffer7168/44	2048	1024	0,0,1	0,0,0	0	0,0,0
triple-observed-transitions.tsv/EV-rooms0-2048-4097-buffer7168/45	2048	1024	0,0,1	0,0,0	0	0,0,0
triple-observed-transitions.tsv/EV-rooms0-2048-4097-buffer7168/46	2048	1024	0,0,1	0,0,0	0	0,0,0
triple-observed-transitions.tsv/EV-rooms0-2048-4097-buffer7168/47	2048	1024	0,0,1	0,0,0	0	0,0,0
triple-observed-transitions.tsv/EV-rooms0-2048-4097-buffer7168/48	2048	1024	0,0,1	0,0,0	0	0,0,0
triple-observed-transitions.tsv/EV-rooms0-2048-4097-buffer7168/49	2048	1024	0,0,1	0,0,0	0	0,0,0
triple-observed-transitions.tsv/EV-rooms0-2048-4097-buffer7168/50	2048	1024	0,0,1	0,0,0	0	0,0,0
triple-observed-transitions.tsv/EV-rooms0-2048-4097-buffer7168/51	2048	1024	0,0,1	0,0,0	0	0,0,0
triple-observed-transitions.tsv/EV-rooms0-2048-4097-buffer7168/52	2048	1024	0,0,1	0,0,0	0	0,0,0
triple-observed-transitions.tsv/EV-rooms0-2048-4097-buffer7168/53	2048	1024	0,0,1	0,0,0	0	0,0,0
triple-observed-transitions.tsv/EV-rooms0-2048-4097-buffer7168/54	2048	1024	0,0,1	0,0,0	0	0,0,0
triple-observed-transitions.tsv/EV-rooms0-2048-4097-buffer7168/55	2048	1024	0,0,1	0,0,0	0	0,0,0
triple-observed-transitions.tsv/EV-rooms0-2048-4097-buffer7168/56	2048	1024	0,0,1	0,0,0	0	0,0,0
triple-observed-transitions.tsv/EV-rooms0-2048-4097-buffer7168/57	2048	1024	0,0,1	0,0,0	0	0,0,0
triple-observed-transitions.tsv/EV-rooms0-2048-4097-buffer7168/58	2048	1024	0,0,1	0,0,0	0	0,0,0
triple-observed-transitions.tsv/EV-rooms0-2048-4097-buffer7168/59	2048	1024	0,0,1	0,0,0	0	0,0,0
triple-observed-transitions.tsv/EV-rooms0-2048-4097-buffer7168/60	2048	1024	0,0,1	0,0,0	0	0,0,0
triple-observed-transitions.tsv/EV-rooms0-2048-4097-buffer16384/21	2048	16384	0,2048,4097	0,0,0	8192	0,0,8192
triple-observed-transitions.tsv/EV-rooms0-2048-4097-buffer16384/22	2048	8192	0,2048,0	0,0,0	2048	0,2048,0
triple-observed-transitions.tsv/EV-rooms0-2048-4097-buffer16384/23	2048	6144	0,0,0	0,0,0	0	0,0,0
triple-observed-transitions.tsv/EV-rooms0-2048-4097-buffer16384/24	2048	6144	0,0,0	0,0,0	0	0,0,0
triple-observed-transitions.tsv/EV-rooms0-2048-4097-buffer16384/25	2048	6144	0,0,0	0,0,0	0	0,0,0
triple-observed-transitions.tsv/EV-rooms0-2048-4097-buffer16384/26	2048	6144	0,0,0	0,0,0	0	0,0,0
triple-observed-transitions.tsv/EV-rooms0-2048-4097-buffer16384/27	2048	6144	0,0,0	0,0,0	0	0,0,0
triple-observed-transitions.tsv/EV-rooms0-2048-4097-buffer16384/28	2048	6144	0,0,0	0,0,0	0	0,0,0
triple-observed-transitions.tsv/EV-rooms0-2048-4097-buffer16384/29	2048	6144	0,0,0	0,0,0	0	0,0,0
triple-observed-transitions.tsv/EV-rooms0-2048-4097-buffer16384/30	2048	6144	0,0,0	0,0,0	0	0,0,0
triple-observed-transitions.tsv/EV-rooms0-2048-4097-buffer16384/31	2048	6144	0,0,0	0,0,0	0	0,0,0
triple-observed-transitions.tsv/EV-rooms0-2048-4097-buffer16384/32	2048	6144	0,0,0	0,0,0	0	0,0,0
triple-observed-transitions.tsv/EV-rooms0-2048-4097-buffer16384/33	2048	6144	0,0,0	0,0,0	0	0,0,0
triple-observed-transitions.tsv/EV-rooms0-2048-4097-buffer16384/34	2048	6144	0,0,0	0,0,0	0	0,0,0
triple-observed-transitions.tsv/EV-rooms0-2048-4097-buffer16384/35	2048	6144	0,0,0	0,0,0	0	0,0,0
triple-observed-transitions.tsv/EV-rooms0-2048-4097-buffer16384/36	2048	6144	0,0,0	0,0,0	0	0,0,0
triple-observed-transitions.tsv/EV-rooms0-2048-4097-buffer16384/37	2048	6144	0,0,0	0,0,0	0	0,0,0
triple-observed-transitions.tsv/EV-rooms0-2048-4097-buffer16384/38	2048	6144	0,0,0	0,0,0	0	0,0,0
triple-observed-transitions.tsv/EV-rooms0-2048-4097-buffer16384/39	2048	6144	0,0,0	0,0,0	0	0,0,0
triple-observed-transitions.tsv/EV-rooms0-2048-4097-buffer16384/40	2048	6144	0,0,0	0,0,0	0	0,0,0
triple-observed-transitions.tsv/EV-rooms0-2048-4097-buffer16384/41	2048	6144	0,0,0	0,0,0	0	0,0,0
triple-observed-transitions.tsv/EV-rooms0-2048-4097-buffer16384/42	2048	6144	0,0,0	0,0,0	0	0,0,0
triple-observed-transitions.tsv/EV-rooms0-2048-4097-buffer16384/43	2048	6144	0,0,0	0,0,0	0	0,0,0
triple-observed-transitions.tsv/EV-rooms0-2048-4097-buffer16384/44	2048	6144	0,0,0	0,0,0	0	0,0,0
triple-observed-transitions.tsv/EV-rooms0-2048-4097-buffer16384/45	2048	6144	0,0,0	0,0,0	0	0,0,0
triple-observed-transitions.tsv/EV-rooms0-2048-4097-buffer16384/46	2048	6144	0,0,0	0,0,0	0	0,0,0
triple-observed-transitions.tsv/EV-rooms0-2048-4097-buffer16384/47	2048	6144	0,0,0	0,0,0	0	0,0,0
triple-observed-transitions.tsv/EV-rooms0-2048-4097-buffer16384/48	2048	6144	0,0,0	0,0,0	0	0,0,0
triple-observed-transitions.tsv/EV-rooms0-2048-4097-buffer16384/49	2048	6144	0,0,0	0,0,0	0	0,0,0
triple-observed-transitions.tsv/EV-rooms0-2048-4097-buffer16384/50	2048	6144	0,0,0	0,0,0	0	0,0,0
triple-observed-transitions.tsv/EV-rooms0-2048-4097-buffer16384/51	2048	6144	0,0,0	0,0,0	0	0,0,0
triple-observed-transitions.tsv/EV-rooms0-2048-4097-buffer16384/52	2048	6144	0,0,0	0,0,0	0	0,0,0
triple-observed-transitions.tsv/EV-rooms0-2048-4097-buffer16384/53	2048	6144	0,0,0	0,0,0	0	0,0,0
triple-observed-transitions.tsv/EV-rooms0-2048-4097-buffer16384/54	2048	6144	0,0,0	0,0,0	0	0,0,0
triple-observed-transitions.tsv/EV-rooms0-2048-4097-buffer16384/55	2048	6144	0,0,0	0,0,0	0	0,0,0
triple-observed-transitions.tsv/EV-rooms0-2048-4097-buffer16384/56	2048	6144	0,0,0	0,0,0	0	0,0,0
triple-observed-transitions.tsv/EV-rooms0-2048-4097-buffer16384/57	2048	6144	0,0,0	0,0,0	0	0,0,0
triple-observed-transitions.tsv/EV-rooms0-2048-4097-buffer16384/58	2048	6144	0,0,0	0,0,0	0	0,0,0
triple-observed-transitions.tsv/EV-rooms0-2048-4097-buffer16384/59	2048	6144	0,0,0	0,0,0	0	0,0,0
triple-observed-transitions.tsv/EV-rooms0-2048-4097-buffer16384/60	2048	6144	0,0,0	0,0,0	0	0,0,0
triple-observed-transitions.tsv/EV-rooms2047-2047-2047-buffer7168/21	2048	7168	2047,2047,2047	0,0,0	6141	2047,2047,2047
triple-observed-transitions.tsv/EV-rooms2047-2047-2047-buffer7168/22	2048	1027	0,0,0	0,0,0	0	0,0,0
triple-observed-transitions.tsv/EV-rooms2047-2047-2047-buffer7168/23	2048	1027	0,0,0	0,0,0	0	0,0,0
triple-observed-transitions.tsv/EV-rooms2047-2047-2047-buffer7168/24	2048	1027	0,0,0	0,0,0	0	0,0,0
triple-observed-transitions.tsv/EV-rooms2047-2047-2047-buffer7168/25	2048	1027	0,0,0	0,0,0	0	0,0,0
triple-observed-transitions.tsv/EV-rooms2047-2047-2047-buffer7168/26	2048	1027	0,0,0	0,0,0	0	0,0,0
triple-observed-transitions.tsv/EV-rooms2047-2047-2047-buffer7168/27	2048	1027	0,0,0	0,0,0	0	0,0,0
triple-observed-transitions.tsv/EV-rooms2047-2047-2047-buffer7168/28	2048	1027	0,0,0	0,0,0	0	0,0,0
triple-observed-transitions.tsv/EV-rooms2047-2047-2047-buffer7168/29	2048	1027	0,0,0	0,0,0	0	0,0,0
triple-observed-transitions.tsv/EV-rooms2047-2047-2047-buffer7168/30	2048	1027	0,0,0	0,0,0	0	0,0,0
triple-observed-transitions.tsv/EV-rooms2047-2047-2047-buffer7168/31	2048	1027	0,0,0	0,0,0	0	0,0,0
triple-observed-transitions.tsv/EV-rooms2047-2047-2047-buffer7168/32	2048	1027	0,0,0	0,0,0	0	0,0,0
triple-observed-transitions.tsv/EV-rooms2047-2047-2047-buffer7168/33	2048	1027	0,0,0	0,0,0	0	0,0,0
triple-observed-transitions.tsv/EV-rooms2047-2047-2047-buffer7168/34	2048	1027	0,0,0	0,0,0	0	0,0,0
triple-observed-transitions.tsv/EV-rooms2047-2047-2047-buffer7168/35	2048	1027	0,0,0	0,0,0	0	0,0,0
triple-observed-transitions.tsv/EV-rooms2047-2047-2047-buffer7168/36	2048	1027	0,0,0	0,0,0	0	0,0,0
triple-observed-transitions.tsv/EV-rooms2047-2047-2047-buffer7168/37	2048	1027	0,0,0	0,0,0	0	0,0,0
triple-observed-transitions.tsv/EV-rooms2047-2047-2047-buffer7168/38	2048	1027	0,0,0	0,0,0	0	0,0,0
triple-observed-transitions.tsv/EV-rooms2047-2047-2047-buffer7168/39	2048	1027	0,0,0	0,0,0	0	0,0,0
triple-observed-transitions.tsv/EV-rooms2047-2047-2047-buffer7168/40	2048	1027	0,0,0	0,0,0	0	0,0,0
triple-observed-transitions.tsv/EV-rooms2047-2047-2047-buffer7168/41	2048	1027	0,0,0	0,0,0	0	0,0,0
triple-observed-transitions.tsv/EV-rooms2047-2047-2047-buffer7168/42	2048	1027	0,0,0	0,0,0	0	0,0,0
triple-observed-transitions.tsv/EV-rooms2047-2047-2047-buffer7168/43	2048	1027	0,0,0	0,0,0	0	0,0,0
triple-observed-transitions.tsv/EV-rooms2047-2047-2047-buffer7168/44	2048	1027	0,0,0	0,0,0	0	0,0,0
triple-observed-transitions.tsv/EV-rooms2047-2047-2047-buffer7168/45	2048	1027	0,0,0	0,0,0	0	0,0,0
triple-observed-transitions.tsv/EV-rooms2047-2047-2047-buffer7168/46	2048	1027	0,0,0	0,0,0	0	0,0,0
triple-observed-transitions.tsv/EV-rooms2047-2047-2047-buffer7168/47	2048	1027	0,0,0	0,0,0	0	0,0,0
triple-observed-transitions.tsv/EV-rooms2047-2047-2047-buffer7168/48	2048	1027	0,0,0	0,0,0	0	0,0,0
triple-observed-transitions.tsv/EV-rooms2047-2047-2047-buffer7168/49	2048	1027	0,0,0	0,0,0	0	0,0,0
triple-observed-transitions.tsv/EV-rooms2047-2047-2047-buffer7168/50	2048	1027	0,0,0	0,0,0	0	0,0,0
triple-observed-transitions.tsv/EV-rooms2047-2047-2047-buffer7168/51	2048	1027	0,0,0	0,0,0	0	0,0,0
triple-observed-transitions.tsv/EV-rooms2047-2047-2047-buffer7168/52	2048	1027	0,0,0	0,0,0	0	0,0,0
triple-observed-transitions.tsv/EV-rooms2047-2047-2047-buffer7168/53	2048	1027	0,0,0	0,0,0	0	0,0,0
triple-observed-transitions.tsv/EV-rooms2047-2047-2047-buffer7168/54	2048	1027	0,0,0	0,0,0	0	0,0,0
triple-observed-transitions.tsv/EV-rooms2047-2047-2047-buffer7168/55	2048	1027	0,0,0	0,0,0	0	0,0,0
triple-observed-transitions.tsv/EV-rooms2047-2047-2047-buffer7168/56	2048	1027	0,0,0	0,0,0	0	0,0,0
triple-observed-transitions.tsv/EV-rooms2047-2047-2047-buffer7168/57	2048	1027	0,0,0	0,0,0	0	0,0,0
triple-observed-transitions.tsv/EV-rooms2047-2047-2047-buffer7168/58	2048	1027	0,0,0	0,0,0	0	0,0,0
triple-observed-transitions.tsv/EV-rooms2047-2047-2047-buffer7168/59	2048	1027	0,0,0	0,0,0	0	0,0,0
triple-observed-transitions.tsv/EV-rooms2047-2047-2047-buffer7168/60	2048	1027	0,0,0	0,0,0	0	0,0,0
triple-observed-transitions.tsv/EV-rooms2047-2047-2047-buffer16384/21	2048	16384	2047,2047,2047	0,0,0	6141	2047,2047,2047
triple-observed-transitions.tsv/EV-rooms2047-2047-2047-buffer16384/22	2048	10243	0,0,0	0,0,0	0	0,0,0
triple-observed-transitions.tsv/EV-rooms2047-2047-2047-buffer16384/23	2048	10243	0,0,0	0,0,0	0	0,0,0
triple-observed-transitions.tsv/EV-rooms2047-2047-2047-buffer16384/24	2048	10243	0,0,0	0,0,0	0	0,0,0
triple-observed-transitions.tsv/EV-rooms2047-2047-2047-buffer16384/25	2048	10243	0,0,0	0,0,0	0	0,0,0
triple-observed-transitions.tsv/EV-rooms2047-2047-2047-buffer16384/26	2048	10243	0,0,0	0,0,0	0	0,0,0
triple-observed-transitions.tsv/EV-rooms2047-2047-2047-buffer16384/27	2048	10243	0,0,0	0,0,0	0	0,0,0
triple-observed-transitions.tsv/EV-rooms2047-2047-2047-buffer16384/28	2048	10243	0,0,0	0,0,0	0	0,0,0
triple-observed-transitions.tsv/EV-rooms2047-2047-2047-buffer16384/29	2048	10243	0,0,0	0,0,0	0	0,0,0
triple-observed-transitions.tsv/EV-rooms2047-2047-2047-buffer16384/30	2048	10243	0,0,0	0,0,0	0	0,0,0
triple-observed-transitions.tsv/EV-rooms2047-2047-2047-buffer16384/31	2048	10243	0,0,0	0,0,0	0	0,0,0
triple-observed-transitions.tsv/EV-rooms2047-2047-2047-buffer16384/32	2048	10243	0,0,0	0,0,0	0	0,0,0
triple-observed-transitions.tsv/EV-rooms2047-2047-2047-buffer16384/33	2048	10243	0,0,0	0,0,0	0	0,0,0
triple-observed-transitions.tsv/EV-rooms2047-2047-2047-buffer16384/34	2048	10243	0,0,0	0,0,0	0	0,0,0
triple-observed-transitions.tsv/EV-rooms2047-2047-2047-buffer16384/35	2048	10243	0,0,0	0,0,0	0	0,0,0
triple-observed-transitions.tsv/EV-rooms2047-2047-2047-buffer16384/36	2048	10243	0,0,0	0,0,0	0	0,0,0
triple-observed-transitions.tsv/EV-rooms2047-2047-2047-buffer16384/37	2048	10243	0,0,0	0,0,0	0	0,0,0
triple-observed-transitions.tsv/EV-rooms2047-2047-2047-buffer16384/38	2048	10243	0,0,0	0,0,0	0	0,0,0
triple-observed-transitions.tsv/EV-rooms2047-2047-2047-buffer16384/39	2048	10243	0,0,0	0,0,0	0	0,0,0
triple-observed-transitions.tsv/EV-rooms2047-2047-2047-buffer16384/40	2048	10243	0,0,0	0,0,0	0	0,0,0
triple-observed-transitions.tsv/EV-rooms2047-2047-2047-buffer16384/41	2048	10243	0,0,0	0,0,0	0	0,0,0
triple-observed-transitions.tsv/EV-rooms2047-2047-2047-buffer16384/42	2048	10243	0,0,0	0,0,0	0	0,0,0
triple-observed-transitions.tsv/EV-rooms2047-2047-2047-buffer16384/43	2048	10243	0,0,0	0,0,0	0	0,0,0
triple-observed-transitions.tsv/EV-rooms2047-2047-2047-buffer16384/44	2048	10243	0,0,0	0,0,0	0	0,0,0
triple-observed-transitions.tsv/EV-rooms2047-2047-2047-buffer16384/45	2048	10243	0,0,0	0,0,0	0	0,0,0
triple-observed-transitions.tsv/EV-rooms2047-2047-2047-buffer16384/46	2048	10243	0,0,0	0,0,0	0	0,0,0
triple-observed-transitions.tsv/EV-rooms2047-2047-2047-buffer16384/47	2048	10243	0,0,0	0,0,0	0	0,0,0
triple-observed-transitions.tsv/EV-rooms2047-2047-2047-buffer16384/48	2048	10243	0,0,0	0,0,0	0	0,0,0
triple-observed-transitions.tsv/EV-rooms2047-2047-2047-buffer16384/49	2048	10243	0,0,0	0,0,0	0	0,0,0
triple-observed-transitions.tsv/EV-rooms2047-2047-2047-buffer16384/50	2048	10243	0,0,0	0,0,0	0	0,0,0
triple-observed-transitions.tsv/EV-rooms2047-2047-2047-buffer16384/51	2048	10243	0,0,0	0,0,0	0	0,0,0
triple-observed-transitions.tsv/EV-rooms2047-2047-2047-buffer16384/52	2048	10243	0,0,0	0,0,0	0	0,0,0
triple-observed-transitions.tsv/EV-rooms2047-2047-2047-buffer16384/53	2048	10243	0,0,0	0,0,0	0	0,0,0
triple-observed-transitions.tsv/EV-rooms2047-2047-2047-buffer16384/54	2048	10243	0,0,0	0,0,0	0	0,0,0
triple-observed-transitions.tsv/EV-rooms2047-2047-2047-buffer16384/55	2048	10243	0,0,0	0,0,0	0	0,0,0
triple-observed-transitions.tsv/EV-rooms2047-2047-2047-buffer16384/56	2048	10243	0,0,0	0,0,0	0	0,0,0
triple-observed-transitions.tsv/EV-rooms2047-2047-2047-buffer16384/57	2048	10243	0,0,0	0,0,0	0	0,0,0
triple-observed-transitions.tsv/EV-rooms2047-2047-2047-buffer16384/58	2048	10243	0,0,0	0,0,0	0	0,0,0
triple-observed-transitions.tsv/EV-rooms2047-2047-2047-buffer16384/59	2048	10243	0,0,0	0,0,0	0	0,0,0
triple-observed-transitions.tsv/EV-rooms2047-2047-2047-buffer16384/60	2048	10243	0,0,0	0,0,0	0	0,0,0
