case	world_time	source_pool	receiver_rooms	conductor_loss_milli	source_debit	receiver_credits
02/depth2-side-1-forward-wires-first-order01	27	32	31,31	200	32	0,31
02/depth2-side-1-forward-wires-first-order01	32	32	31,31	200	32	1,31
02/depth2-side-1-forward-wires-first-order01	37	32	31,31	200	32	0,31
02/depth2-side-1-forward-wires-first-order01	42	32	31,31	200	32	31,1
02/depth2-side-1-forward-wires-first-order01	47	32	31,31	200	32	1,31
02/depth2-side-1-forward-wires-first-order01	52	32	31,31	200	32	31,1
02/depth2-side-1-forward-wires-first-order01	57	32	31,31	200	32	0,31
02/depth2-side-1-forward-wires-first-order01	62	32	31,31	200	32	0,31
02/depth2-side-1-forward-wires-first-order01	67	32	31,31	200	32	1,31
02/depth2-side-1-forward-wires-first-order01	72	32	31,31	200	32	31,1
02/depth2-side-1-forward-wires-first-order01	77	32	31,31	200	32	1,31
02/depth2-side-1-forward-wires-first-order01	82	32	31,31	200	32	1,31
02/depth2-side-1-forward-wires-first-order01	87	32	31,31	200	32	31,1
02/depth2-side-1-forward-wires-first-order01	92	32	31,31	200	32	31,1
02/depth2-side-1-forward-wires-first-order01	97	32	31,31	200	32	1,31
02/depth2-side-1-forward-wires-first-order01	102	32	31,31	200	32	0,31
02/depth2-side-1-forward-wires-first-order01	107	32	31,31	200	32	0,31
02/depth2-side-1-forward-wires-first-order01	112	32	31,31	200	32	1,31
02/depth2-side-1-forward-wires-first-order01	117	32	31,31	200	32	31,0
02/depth2-side-1-forward-wires-first-order01	122	32	31,31	200	32	1,31
02/depth2-side-1-forward-wires-first-order01	127	32	31,31	200	32	0,31
02/depth2-side-1-forward-wires-first-order01	132	32	31,31	200	32	31,1
02/depth2-side-1-forward-wires-first-order01	137	32	31,31	200	32	1,31
02/depth2-side-1-forward-wires-first-order01	142	32	31,31	200	32	31,0
02/depth2-side-1-forward-wires-first-order01	147	32	31,31	200	32	1,31
02/depth2-side-1-forward-wires-first-order01	152	32	31,31	200	32	1,31
02/depth2-side-1-forward-wires-first-order01	157	32	31,31	200	32	31,1
02/depth2-side-1-forward-wires-first-order01	162	32	31,31	200	32	31,0
02/depth2-side-1-forward-wires-first-order01	167	32	31,31	200	32	1,31
02/depth2-side-1-forward-wires-first-order01	172	32	31,31	200	32	31,1
02/depth2-side-1-forward-wires-first-order01	177	32	31,31	200	32	31,1
02/depth2-side-1-forward-wires-first-order01	182	32	31,31	200	32	0,31
02/depth2-side-1-forward-wires-first-order01	187	32	31,31	200	32	31,0
02/depth2-side-1-forward-wires-first-order01	192	32	31,31	200	32	31,1
02/depth2-side-1-forward-wires-first-order01	197	32	31,31	200	32	31,1
02/depth2-side-1-forward-wires-first-order01	202	32	31,31	200	32	1,31
02/depth2-side-1-forward-wires-first-order01	207	32	31,31	200	32	1,31
02/depth2-side-1-forward-wires-first-order01	212	32	31,31	200	32	1,31
02/depth2-side-1-forward-wires-first-order01	217	32	31,31	200	32	0,31
02/depth2-side-1-forward-wires-first-order01	222	32	31,31	200	32	0,31
02/depth2-side-1-forward-wires-first-order10	27	32	31,31	200	32	0,31
02/depth2-side-1-forward-wires-first-order10	32	32	31,31	200	32	1,31
02/depth2-side-1-forward-wires-first-order10	37	32	31,31	200	32	1,31
02/depth2-side-1-forward-wires-first-order10	42	32	31,31	200	32	31,1
02/depth2-side-1-forward-wires-first-order10	47	32	31,31	200	32	31,1
02/depth2-side-1-forward-wires-first-order10	52	32	31,31	200	32	31,1
02/depth2-side-1-forward-wires-first-order10	57	32	31,31	200	32	31,0
02/depth2-side-1-forward-wires-first-order10	62	32	31,31	200	32	1,31
02/depth2-side-1-forward-wires-first-order10	67	32	31,31	200	32	31,1
02/depth2-side-1-forward-wires-first-order10	72	32	31,31	200	32	1,31
02/depth2-side-1-forward-wires-first-order10	77	32	31,31	200	32	1,31
02/depth2-side-1-forward-wires-first-order10	82	32	31,31	200	32	31,0
02/depth2-side-1-forward-wires-first-order10	87	32	31,31	200	32	0,31
02/depth2-side-1-forward-wires-first-order10	92	32	31,31	200	32	31,1
02/depth2-side-1-forward-wires-first-order10	97	32	31,31	200	32	31,1
02/depth2-side-1-forward-wires-first-order10	102	32	31,31	200	32	0,31
02/depth2-side-1-forward-wires-first-order10	107	32	31,31	200	32	0,31
02/depth2-side-1-forward-wires-first-order10	112	32	31,31	200	32	31,1
02/depth2-side-1-forward-wires-first-order10	117	32	31,31	200	32	31,0
02/depth2-side-1-forward-wires-first-order10	122	32	31,31	200	32	31,0
02/depth2-side-1-forward-wires-first-order10	127	32	31,31	200	32	31,1
02/depth2-side-1-forward-wires-first-order10	132	32	31,31	200	32	31,1
02/depth2-side-1-forward-wires-first-order10	137	32	31,31	200	32	1,31
02/depth2-side-1-forward-wires-first-order10	142	32	31,31	200	32	31,1
02/depth2-side-1-forward-wires-first-order10	147	32	31,31	200	32	31,1
02/depth2-side-1-forward-wires-first-order10	152	32	31,31	200	32	31,1
02/depth2-side-1-forward-wires-first-order10	157	32	31,31	200	32	1,31
02/depth2-side-1-forward-wires-first-order10	162	32	31,31	200	32	1,31
02/depth2-side-1-forward-wires-first-order10	167	32	31,31	200	32	1,31
02/depth2-side-1-forward-wires-first-order10	172	32	31,31	200	32	1,31
02/depth2-side-1-forward-wires-first-order10	177	32	31,31	200	32	0,31
02/depth2-side-1-forward-wires-first-order10	182	32	31,31	200	32	1,31
02/depth2-side-1-forward-wires-first-order10	187	32	31,31	200	32	31,1
02/depth2-side-1-forward-wires-first-order10	192	32	31,31	200	32	31,1
02/depth2-side-1-forward-wires-first-order10	197	32	31,31	200	32	1,31
02/depth2-side-1-forward-wires-first-order10	202	32	31,31	200	32	31,0
02/depth2-side-1-forward-wires-first-order10	207	32	31,31	200	32	0,31
02/depth2-side-1-forward-wires-first-order10	212	32	31,31	200	32	1,31
02/depth2-side-1-forward-wires-first-order10	217	32	31,31	200	32	0,31
02/depth2-side-1-forward-wires-first-order10	222	32	31,31	200	32	31,0
02/depth2-side-1-forward-source-last-order01	27	32	31,31	200	32	31,1
02/depth2-side-1-forward-source-last-order01	32	32	31,31	200	32	31,1
02/depth2-side-1-forward-source-last-order01	37	32	31,31	200	32	31,0
02/depth2-side-1-forward-source-last-order01	42	32	31,31	200	32	31,0
02/depth2-side-1-forward-source-last-order01	47	32	31,31	200	32	1,31
02/depth2-side-1-forward-source-last-order01	52	32	31,31	200	32	31,1
02/depth2-side-1-forward-source-last-order01	57	32	31,31	200	32	31,1
02/depth2-side-1-forward-source-last-order01	62	32	31,31	200	32	0,31
02/depth2-side-1-forward-source-last-order01	67	32	31,31	200	32	31,1
02/depth2-side-1-forward-source-last-order01	72	32	31,31	200	32	31,1
02/depth2-side-1-forward-source-last-order01	77	32	31,31	200	32	1,31
02/depth2-side-1-forward-source-last-order01	82	32	31,31	200	32	31,1
02/depth2-side-1-forward-source-last-order01	87	32	31,31	200	32	31,0
02/depth2-side-1-forward-source-last-order01	92	32	31,31	200	32	31,1
02/depth2-side-1-forward-source-last-order01	97	32	31,31	200	32	31,0
02/depth2-side-1-forward-source-last-order01	102	32	31,31	200	32	31,0
02/depth2-side-1-forward-source-last-order01	107	32	31,31	200	32	0,31
02/depth2-side-1-forward-source-last-order01	112	32	31,31	200	32	31,1
02/depth2-side-1-forward-source-last-order01	117	32	31,31	200	32	0,31
02/depth2-side-1-forward-source-last-order01	122	32	31,31	200	32	0,31
02/depth2-side-1-forward-source-last-order01	127	32	31,31	200	32	0,31
02/depth2-side-1-forward-source-last-order01	132	32	31,31	200	32	1,31
02/depth2-side-1-forward-source-last-order01	137	32	31,31	200	32	0,31
02/depth2-side-1-forward-source-last-order01	142	32	31,31	200	32	31,0
02/depth2-side-1-forward-source-last-order01	147	32	31,31	200	32	1,31
02/depth2-side-1-forward-source-last-order01	152	32	31,31	200	32	31,1
02/depth2-side-1-forward-source-last-order01	157	32	31,31	200	32	0,31
02/depth2-side-1-forward-source-last-order01	162	32	31,31	200	32	1,31
02/depth2-side-1-forward-source-last-order01	167	32	31,31	200	32	1,31
02/depth2-side-1-forward-source-last-order01	172	32	31,31	200	32	1,31
02/depth2-side-1-forward-source-last-order01	177	32	31,31	200	32	31,0
02/depth2-side-1-forward-source-last-order01	182	32	31,31	200	32	1,31
02/depth2-side-1-forward-source-last-order01	187	32	31,31	200	32	1,31
02/depth2-side-1-forward-source-last-order01	192	32	31,31	200	32	31,1
02/depth2-side-1-forward-source-last-order01	197	32	31,31	200	32	1,31
02/depth2-side-1-forward-source-last-order01	202	32	31,31	200	32	1,31
02/depth2-side-1-forward-source-last-order01	207	32	31,31	200	32	31,1
02/depth2-side-1-forward-source-last-order01	212	32	31,31	200	32	31,1
02/depth2-side-1-forward-source-last-order01	217	32	31,31	200	32	0,31
02/depth2-side-1-forward-source-last-order01	222	32	31,31	200	32	1,31
02/depth2-side-1-forward-source-last-order10	27	32	31,31	200	32	31,1
02/depth2-side-1-forward-source-last-order10	32	32	31,31	200	32	1,31
02/depth2-side-1-forward-source-last-order10	37	32	31,31	200	32	31,1
02/depth2-side-1-forward-source-last-order10	42	32	31,31	200	32	31,0
02/depth2-side-1-forward-source-last-order10	47	32	31,31	200	32	31,0
02/depth2-side-1-forward-source-last-order10	52	32	31,31	200	32	1,31
02/depth2-side-1-forward-source-last-order10	57	32	31,31	200	32	1,31
02/depth2-side-1-forward-source-last-order10	62	32	31,31	200	32	0,31
02/depth2-side-1-forward-source-last-order10	67	32	31,31	200	32	31,1
02/depth2-side-1-forward-source-last-order10	72	32	31,31	200	32	31,1
02/depth2-side-1-forward-source-last-order10	77	32	31,31	200	32	0,31
02/depth2-side-1-forward-source-last-order10	82	32	31,31	200	32	31,0
02/depth2-side-1-forward-source-last-order10	87	32	31,31	200	32	1,31
02/depth2-side-1-forward-source-last-order10	92	32	31,31	200	32	31,1
02/depth2-side-1-forward-source-last-order10	97	32	31,31	200	32	31,1
02/depth2-side-1-forward-source-last-order10	102	32	31,31	200	32	1,31
02/depth2-side-1-forward-source-last-order10	107	32	31,31	200	32	31,0
02/depth2-side-1-forward-source-last-order10	112	32	31,31	200	32	31,1
02/depth2-side-1-forward-source-last-order10	117	32	31,31	200	32	31,0
02/depth2-side-1-forward-source-last-order10	122	32	31,31	200	32	31,0
02/depth2-side-1-forward-source-last-order10	127	32	31,31	200	32	0,31
02/depth2-side-1-forward-source-last-order10	132	32	31,31	200	32	1,31
02/depth2-side-1-forward-source-last-order10	137	32	31,31	200	32	0,31
02/depth2-side-1-forward-source-last-order10	142	32	31,31	200	32	31,0
02/depth2-side-1-forward-source-last-order10	147	32	31,31	200	32	1,31
02/depth2-side-1-forward-source-last-order10	152	32	31,31	200	32	31,1
02/depth2-side-1-forward-source-last-order10	157	32	31,31	200	32	1,31
02/depth2-side-1-forward-source-last-order10	162	32	31,31	200	32	0,31
02/depth2-side-1-forward-source-last-order10	167	32	31,31	200	32	0,31
02/depth2-side-1-forward-source-last-order10	172	32	31,31	200	32	31,1
02/depth2-side-1-forward-source-last-order10	177	32	31,31	200	32	31,0
02/depth2-side-1-forward-source-last-order10	182	32	31,31	200	32	1,31
02/depth2-side-1-forward-source-last-order10	187	32	31,31	200	32	1,31
02/depth2-side-1-forward-source-last-order10	192	32	31,31	200	32	1,31
02/depth2-side-1-forward-source-last-order10	197	32	31,31	200	32	1,31
02/depth2-side-1-forward-source-last-order10	202	32	31,31	200	32	0,31
02/depth2-side-1-forward-source-last-order10	207	32	31,31	200	32	31,1
02/depth2-side-1-forward-source-last-order10	212	32	31,31	200	32	1,31
02/depth2-side-1-forward-source-last-order10	217	32	31,31	200	32	1,31
02/depth2-side-1-forward-source-last-order10	222	32	31,31	200	32	31,1
02/depth2-side-1-reverse-wires-first-order01	27	32	31,31	200	32	0,31
02/depth2-side-1-reverse-wires-first-order01	32	32	31,31	200	32	31,1
02/depth2-side-1-reverse-wires-first-order01	37	32	31,31	200	32	31,1
02/depth2-side-1-reverse-wires-first-order01	42	32	31,31	200	32	0,31
02/depth2-side-1-reverse-wires-first-order01	47	32	31,31	200	32	31,1
02/depth2-side-1-reverse-wires-first-order01	52	32	31,31	200	32	1,31
02/depth2-side-1-reverse-wires-first-order01	57	32	31,31	200	32	1,31
02/depth2-side-1-reverse-wires-first-order01	62	32	31,31	200	32	1,31
02/depth2-side-1-reverse-wires-first-order01	67	32	31,31	200	32	0,31
02/depth2-side-1-reverse-wires-first-order01	72	32	31,31	200	32	1,31
02/depth2-side-1-reverse-wires-first-order01	77	32	31,31	200	32	31,0
02/depth2-side-1-reverse-wires-first-order01	82	32	31,31	200	32	31,0
02/depth2-side-1-reverse-wires-first-order01	87	32	31,31	200	32	1,31
02/depth2-side-1-reverse-wires-first-order01	92	32	31,31	200	32	31,1
02/depth2-side-1-reverse-wires-first-order01	97	32	31,31	200	32	0,31
02/depth2-side-1-reverse-wires-first-order01	102	32	31,31	200	32	1,31
02/depth2-side-1-reverse-wires-first-order01	107	32	31,31	200	32	1,31
02/depth2-side-1-reverse-wires-first-order01	112	32	31,31	200	32	31,1
02/depth2-side-1-reverse-wires-first-order01	117	32	31,31	200	32	0,31
02/depth2-side-1-reverse-wires-first-order01	122	32	31,31	200	32	0,31
02/depth2-side-1-reverse-wires-first-order01	127	32	31,31	200	32	1,31
02/depth2-side-1-reverse-wires-first-order01	132	32	31,31	200	32	1,31
02/depth2-side-1-reverse-wires-first-order01	137	32	31,31	200	32	0,31
02/depth2-side-1-reverse-wires-first-order01	142	32	31,31	200	32	1,31
02/depth2-side-1-reverse-wires-first-order01	147	32	31,31	200	32	31,0
02/depth2-side-1-reverse-wires-first-order01	152	32	31,31	200	32	1,31
02/depth2-side-1-reverse-wires-first-order01	157	32	31,31	200	32	0,31
02/depth2-side-1-reverse-wires-first-order01	162	32	31,31	200	32	1,31
02/depth2-side-1-reverse-wires-first-order01	167	32	31,31	200	32	0,31
02/depth2-side-1-reverse-wires-first-order01	172	32	31,31	200	32	1,31
02/depth2-side-1-reverse-wires-first-order01	177	32	31,31	200	32	31,1
02/depth2-side-1-reverse-wires-first-order01	182	32	31,31	200	32	31,0
02/depth2-side-1-reverse-wires-first-order01	187	32	31,31	200	32	31,1
02/depth2-side-1-reverse-wires-first-order01	192	32	31,31	200	32	31,1
02/depth2-side-1-reverse-wires-first-order01	197	32	31,31	200	32	1,31
02/depth2-side-1-reverse-wires-first-order01	202	32	31,31	200	32	31,0
02/depth2-side-1-reverse-wires-first-order01	207	32	31,31	200	32	1,31
02/depth2-side-1-reverse-wires-first-order01	212	32	31,31	200	32	1,31
02/depth2-side-1-reverse-wires-first-order01	217	32	31,31	200	32	31,1
02/depth2-side-1-reverse-wires-first-order01	222	32	31,31	200	32	31,0
02/depth2-side-1-reverse-wires-first-order10	27	32	31,31	200	32	31,0
02/depth2-side-1-reverse-wires-first-order10	32	32	31,31	200	32	31,1
02/depth2-side-1-reverse-wires-first-order10	37	32	31,31	200	32	1,31
02/depth2-side-1-reverse-wires-first-order10	42	32	31,31	200	32	31,1
02/depth2-side-1-reverse-wires-first-order10	47	32	31,31	200	32	31,0
02/depth2-side-1-reverse-wires-first-order10	52	32	31,31	200	32	31,1
02/depth2-side-1-reverse-wires-first-order10	57	32	31,31	200	32	31,0
02/depth2-side-1-reverse-wires-first-order10	62	32	31,31	200	32	31,0
02/depth2-side-1-reverse-wires-first-order10	67	32	31,31	200	32	31,0
02/depth2-side-1-reverse-wires-first-order10	72	32	31,31	200	32	31,1
02/depth2-side-1-reverse-wires-first-order10	77	32	31,31	200	32	1,31
02/depth2-side-1-reverse-wires-first-order10	82	32	31,31	200	32	31,1
02/depth2-side-1-reverse-wires-first-order10	87	32	31,31	200	32	31,0
02/depth2-side-1-reverse-wires-first-order10	92	32	31,31	200	32	1,31
02/depth2-side-1-reverse-wires-first-order10	97	32	31,31	200	32	1,31
02/depth2-side-1-reverse-wires-first-order10	102	32	31,31	200	32	1,31
02/depth2-side-1-reverse-wires-first-order10	107	32	31,31	200	32	31,1
02/depth2-side-1-reverse-wires-first-order10	112	32	31,31	200	32	1,31
02/depth2-side-1-reverse-wires-first-order10	117	32	31,31	200	32	31,1
02/depth2-side-1-reverse-wires-first-order10	122	32	31,31	200	32	31,0
02/depth2-side-1-reverse-wires-first-order10	127	32	31,31	200	32	31,1
02/depth2-side-1-reverse-wires-first-order10	132	32	31,31	200	32	1,31
02/depth2-side-1-reverse-wires-first-order10	137	32	31,31	200	32	0,31
02/depth2-side-1-reverse-wires-first-order10	142	32	31,31	200	32	0,31
02/depth2-side-1-reverse-wires-first-order10	147	32	31,31	200	32	31,0
02/depth2-side-1-reverse-wires-first-order10	152	32	31,31	200	32	1,31
02/depth2-side-1-reverse-wires-first-order10	157	32	31,31	200	32	31,0
02/depth2-side-1-reverse-wires-first-order10	162	32	31,31	200	32	1,31
02/depth2-side-1-reverse-wires-first-order10	167	32	31,31	200	32	31,1
02/depth2-side-1-reverse-wires-first-order10	172	32	31,31	200	32	1,31
02/depth2-side-1-reverse-wires-first-order10	177	32	31,31	200	32	0,31
02/depth2-side-1-reverse-wires-first-order10	182	32	31,31	200	32	31,0
02/depth2-side-1-reverse-wires-first-order10	187	32	31,31	200	32	31,0
02/depth2-side-1-reverse-wires-first-order10	192	32	31,31	200	32	31,1
02/depth2-side-1-reverse-wires-first-order10	197	32	31,31	200	32	1,31
02/depth2-side-1-reverse-wires-first-order10	202	32	31,31	200	32	1,31
02/depth2-side-1-reverse-wires-first-order10	207	32	31,31	200	32	1,31
02/depth2-side-1-reverse-wires-first-order10	212	32	31,31	200	32	1,31
02/depth2-side-1-reverse-wires-first-order10	217	32	31,31	200	32	31,1
02/depth2-side-1-reverse-wires-first-order10	222	32	31,31	200	32	31,0
02/depth2-side-1-reverse-source-last-order01	27	32	31,31	200	32	1,31
02/depth2-side-1-reverse-source-last-order01	32	32	31,31	200	32	31,1
02/depth2-side-1-reverse-source-last-order01	37	32	31,31	200	32	31,0
02/depth2-side-1-reverse-source-last-order01	42	32	31,31	200	32	31,0
02/depth2-side-1-reverse-source-last-order01	47	32	31,31	200	32	31,1
02/depth2-side-1-reverse-source-last-order01	52	32	31,31	200	32	1,31
02/depth2-side-1-reverse-source-last-order01	57	32	31,31	200	32	31,0
02/depth2-side-1-reverse-source-last-order01	62	32	31,31	200	32	31,0
02/depth2-side-1-reverse-source-last-order01	67	32	31,31	200	32	31,0
02/depth2-side-1-reverse-source-last-order01	72	32	31,31	200	32	1,31
02/depth2-side-1-reverse-source-last-order01	77	32	31,31	200	32	31,1
02/depth2-side-1-reverse-source-last-order01	82	32	31,31	200	32	0,31
02/depth2-side-1-reverse-source-last-order01	87	32	31,31	200	32	0,31
02/depth2-side-1-reverse-source-last-order01	92	32	31,31	200	32	1,31
02/depth2-side-1-reverse-source-last-order01	97	32	31,31	200	32	1,31
02/depth2-side-1-reverse-source-last-order01	102	32	31,31	200	32	31,1
02/depth2-side-1-reverse-source-last-order01	107	32	31,31	200	32	31,0
02/depth2-side-1-reverse-source-last-order01	112	32	31,31	200	32	31,1
02/depth2-side-1-reverse-source-last-order01	117	32	31,31	200	32	31,0
02/depth2-side-1-reverse-source-last-order01	122	32	31,31	200	32	31,1
02/depth2-side-1-reverse-source-last-order01	127	32	31,31	200	32	31,1
02/depth2-side-1-reverse-source-last-order01	132	32	31,31	200	32	31,1
02/depth2-side-1-reverse-source-last-order01	137	32	31,31	200	32	31,0
02/depth2-side-1-reverse-source-last-order01	142	32	31,31	200	32	1,31
02/depth2-side-1-reverse-source-last-order01	147	32	31,31	200	32	1,31
02/depth2-side-1-reverse-source-last-order01	152	32	31,31	200	32	1,31
02/depth2-side-1-reverse-source-last-order01	157	32	31,31	200	32	31,0
02/depth2-side-1-reverse-source-last-order01	162	32	31,31	200	32	1,31
02/depth2-side-1-reverse-source-last-order01	167	32	31,31	200	32	0,31
02/depth2-side-1-reverse-source-last-order01	172	32	31,31	200	32	31,1
02/depth2-side-1-reverse-source-last-order01	177	32	31,31	200	32	31,1
02/depth2-side-1-reverse-source-last-order01	182	32	31,31	200	32	31,1
02/depth2-side-1-reverse-source-last-order01	187	32	31,31	200	32	1,31
02/depth2-side-1-reverse-source-last-order01	192	32	31,31	200	32	31,1
02/depth2-side-1-reverse-source-last-order01	197	32	31,31	200	32	1,31
02/depth2-side-1-reverse-source-last-order01	202	32	31,31	200	32	31,0
02/depth2-side-1-reverse-source-last-order01	207	32	31,31	200	32	31,1
02/depth2-side-1-reverse-source-last-order01	212	32	31,31	200	32	1,31
02/depth2-side-1-reverse-source-last-order01	217	32	31,31	200	32	31,1
02/depth2-side-1-reverse-source-last-order01	222	32	31,31	200	32	31,0
02/depth2-side-1-reverse-source-last-order10	27	32	31,31	200	32	31,1
02/depth2-side-1-reverse-source-last-order10	32	32	31,31	200	32	1,31
02/depth2-side-1-reverse-source-last-order10	37	32	31,31	200	32	31,1
02/depth2-side-1-reverse-source-last-order10	42	32	31,31	200	32	1,31
02/depth2-side-1-reverse-source-last-order10	47	32	31,31	200	32	31,0
02/depth2-side-1-reverse-source-last-order10	52	32	31,31	200	32	1,31
02/depth2-side-1-reverse-source-last-order10	57	32	31,31	200	32	0,31
02/depth2-side-1-reverse-source-last-order10	62	32	31,31	200	32	1,31
02/depth2-side-1-reverse-source-last-order10	67	32	31,31	200	32	0,31
02/depth2-side-1-reverse-source-last-order10	72	32	31,31	200	32	31,1
02/depth2-side-1-reverse-source-last-order10	77	32	31,31	200	32	31,0
02/depth2-side-1-reverse-source-last-order10	82	32	31,31	200	32	1,31
02/depth2-side-1-reverse-source-last-order10	87	32	31,31	200	32	1,31
02/depth2-side-1-reverse-source-last-order10	92	32	31,31	200	32	31,1
02/depth2-side-1-reverse-source-last-order10	97	32	31,31	200	32	0,31
02/depth2-side-1-reverse-source-last-order10	102	32	31,31	200	32	31,1
02/depth2-side-1-reverse-source-last-order10	107	32	31,31	200	32	31,0
02/depth2-side-1-reverse-source-last-order10	112	32	31,31	200	32	31,1
02/depth2-side-1-reverse-source-last-order10	117	32	31,31	200	32	0,31
02/depth2-side-1-reverse-source-last-order10	122	32	31,31	200	32	31,0
02/depth2-side-1-reverse-source-last-order10	127	32	31,31	200	32	31,1
02/depth2-side-1-reverse-source-last-order10	132	32	31,31	200	32	1,31
02/depth2-side-1-reverse-source-last-order10	137	32	31,31	200	32	1,31
02/depth2-side-1-reverse-source-last-order10	142	32	31,31	200	32	0,31
02/depth2-side-1-reverse-source-last-order10	147	32	31,31	200	32	31,0
02/depth2-side-1-reverse-source-last-order10	152	32	31,31	200	32	31,1
02/depth2-side-1-reverse-source-last-order10	157	32	31,31	200	32	31,0
02/depth2-side-1-reverse-source-last-order10	162	32	31,31	200	32	31,0
02/depth2-side-1-reverse-source-last-order10	167	32	31,31	200	32	1,31
02/depth2-side-1-reverse-source-last-order10	172	32	31,31	200	32	31,1
02/depth2-side-1-reverse-source-last-order10	177	32	31,31	200	32	0,31
02/depth2-side-1-reverse-source-last-order10	182	32	31,31	200	32	31,0
02/depth2-side-1-reverse-source-last-order10	187	32	31,31	200	32	1,31
02/depth2-side-1-reverse-source-last-order10	192	32	31,31	200	32	31,1
02/depth2-side-1-reverse-source-last-order10	197	32	31,31	200	32	31,0
02/depth2-side-1-reverse-source-last-order10	202	32	31,31	200	32	1,31
02/depth2-side-1-reverse-source-last-order10	207	32	31,31	200	32	0,31
02/depth2-side-1-reverse-source-last-order10	212	32	31,31	200	32	31,1
02/depth2-side-1-reverse-source-last-order10	217	32	31,31	200	32	31,1
02/depth2-side-1-reverse-source-last-order10	222	32	31,31	200	32	0,31
02/depth2-side1-forward-wires-first-order01	27	32	31,31	200	32	0,31
02/depth2-side1-forward-wires-first-order01	32	32	31,31	200	32	1,31
02/depth2-side1-forward-wires-first-order01	37	32	31,31	200	32	0,31
02/depth2-side1-forward-wires-first-order01	42	32	31,31	200	32	31,0
02/depth2-side1-forward-wires-first-order01	47	32	31,31	200	32	0,31
02/depth2-side1-forward-wires-first-order01	52	32	31,31	200	32	1,31
02/depth2-side1-forward-wires-first-order01	57	32	31,31	200	32	31,0
02/depth2-side1-forward-wires-first-order01	62	32	31,31	200	32	31,1
02/depth2-side1-forward-wires-first-order01	67	32	31,31	200	32	1,31
02/depth2-side1-forward-wires-first-order01	72	32	31,31	200	32	31,1
02/depth2-side1-forward-wires-first-order01	77	32	31,31	200	32	31,0
02/depth2-side1-forward-wires-first-order01	82	32	31,31	200	32	31,1
02/depth2-side1-forward-wires-first-order01	87	32	31,31	200	32	0,31
02/depth2-side1-forward-wires-first-order01	92	32	31,31	200	32	31,1
02/depth2-side1-forward-wires-first-order01	97	32	31,31	200	32	31,1
02/depth2-side1-forward-wires-first-order01	102	32	31,31	200	32	0,31
02/depth2-side1-forward-wires-first-order01	107	32	31,31	200	32	1,31
02/depth2-side1-forward-wires-first-order01	112	32	31,31	200	32	31,1
02/depth2-side1-forward-wires-first-order01	117	32	31,31	200	32	31,1
02/depth2-side1-forward-wires-first-order01	122	32	31,31	200	32	1,31
02/depth2-side1-forward-wires-first-order01	127	32	31,31	200	32	31,0
02/depth2-side1-forward-wires-first-order01	132	32	31,31	200	32	31,1
02/depth2-side1-forward-wires-first-order01	137	32	31,31	200	32	0,31
02/depth2-side1-forward-wires-first-order01	142	32	31,31	200	32	1,31
02/depth2-side1-forward-wires-first-order01	147	32	31,31	200	32	31,0
02/depth2-side1-forward-wires-first-order01	152	32	31,31	200	32	31,1
02/depth2-side1-forward-wires-first-order01	157	32	31,31	200	32	31,0
02/depth2-side1-forward-wires-first-order01	162	32	31,31	200	32	1,31
02/depth2-side1-forward-wires-first-order01	167	32	31,31	200	32	31,0
02/depth2-side1-forward-wires-first-order01	172	32	31,31	200	32	1,31
02/depth2-side1-forward-wires-first-order01	177	32	31,31	200	32	0,31
02/depth2-side1-forward-wires-first-order01	182	32	31,31	200	32	31,0
02/depth2-side1-forward-wires-first-order01	187	32	31,31	200	32	31,0
02/depth2-side1-forward-wires-first-order01	192	32	31,31	200	32	1,31
02/depth2-side1-forward-wires-first-order01	197	32	31,31	200	32	31,0
02/depth2-side1-forward-wires-first-order01	202	32	31,31	200	32	31,1
02/depth2-side1-forward-wires-first-order01	207	32	31,31	200	32	31,0
02/depth2-side1-forward-wires-first-order01	212	32	31,31	200	32	31,1
02/depth2-side1-forward-wires-first-order01	217	32	31,31	200	32	0,31
02/depth2-side1-forward-wires-first-order01	222	32	31,31	200	32	0,31
02/depth2-side1-forward-wires-first-order10	27	32	31,31	200	32	0,31
02/depth2-side1-forward-wires-first-order10	32	32	31,31	200	32	1,31
02/depth2-side1-forward-wires-first-order10	37	32	31,31	200	32	1,31
02/depth2-side1-forward-wires-first-order10	42	32	31,31	200	32	31,1
02/depth2-side1-forward-wires-first-order10	47	32	31,31	200	32	31,0
02/depth2-side1-forward-wires-first-order10	52	32	31,31	200	32	1,31
02/depth2-side1-forward-wires-first-order10	57	32	31,31	200	32	1,31
02/depth2-side1-forward-wires-first-order10	62	32	31,31	200	32	31,0
02/depth2-side1-forward-wires-first-order10	67	32	31,31	200	32	31,1
02/depth2-side1-forward-wires-first-order10	72	32	31,31	200	32	1,31
02/depth2-side1-forward-wires-first-order10	77	32	31,31	200	32	1,31
02/depth2-side1-forward-wires-first-order10	82	32	31,31	200	32	1,31
02/depth2-side1-forward-wires-first-order10	87	32	31,31	200	32	0,31
02/depth2-side1-forward-wires-first-order10	92	32	31,31	200	32	31,1
02/depth2-side1-forward-wires-first-order10	97	32	31,31	200	32	0,31
02/depth2-side1-forward-wires-first-order10	102	32	31,31	200	32	31,0
02/depth2-side1-forward-wires-first-order10	107	32	31,31	200	32	1,31
02/depth2-side1-forward-wires-first-order10	112	32	31,31	200	32	1,31
02/depth2-side1-forward-wires-first-order10	117	32	31,31	200	32	31,0
02/depth2-side1-forward-wires-first-order10	122	32	31,31	200	32	31,0
02/depth2-side1-forward-wires-first-order10	127	32	31,31	200	32	0,31
02/depth2-side1-forward-wires-first-order10	132	32	31,31	200	32	31,1
02/depth2-side1-forward-wires-first-order10	137	32	31,31	200	32	0,31
02/depth2-side1-forward-wires-first-order10	142	32	31,31	200	32	1,31
02/depth2-side1-forward-wires-first-order10	147	32	31,31	200	32	0,31
02/depth2-side1-forward-wires-first-order10	152	32	31,31	200	32	1,31
02/depth2-side1-forward-wires-first-order10	157	32	31,31	200	32	31,1
02/depth2-side1-forward-wires-first-order10	162	32	31,31	200	32	0,31
02/depth2-side1-forward-wires-first-order10	167	32	31,31	200	32	0,31
02/depth2-side1-forward-wires-first-order10	172	32	31,31	200	32	1,31
02/depth2-side1-forward-wires-first-order10	177	32	31,31	200	32	1,31
02/depth2-side1-forward-wires-first-order10	182	32	31,31	200	32	31,1
02/depth2-side1-forward-wires-first-order10	187	32	31,31	200	32	31,0
02/depth2-side1-forward-wires-first-order10	192	32	31,31	200	32	31,1
02/depth2-side1-forward-wires-first-order10	197	32	31,31	200	32	31,1
02/depth2-side1-forward-wires-first-order10	202	32	31,31	200	32	31,0
02/depth2-side1-forward-wires-first-order10	207	32	31,31	200	32	31,1
02/depth2-side1-forward-wires-first-order10	212	32	31,31	200	32	1,31
02/depth2-side1-forward-wires-first-order10	217	32	31,31	200	32	31,1
02/depth2-side1-forward-wires-first-order10	222	32	31,31	200	32	0,31
02/depth2-side1-forward-source-last-order01	27	32	31,31	200	32	31,1
02/depth2-side1-forward-source-last-order01	32	32	31,31	200	32	1,31
02/depth2-side1-forward-source-last-order01	37	32	31,31	200	32	31,0
02/depth2-side1-forward-source-last-order01	42	32	31,31	200	32	31,0
02/depth2-side1-forward-source-last-order01	47	32	31,31	200	32	0,31
02/depth2-side1-forward-source-last-order01	52	32	31,31	200	32	31,1
02/depth2-side1-forward-source-last-order01	57	32	31,31	200	32	31,1
02/depth2-side1-forward-source-last-order01	62	32	31,31	200	32	0,31
02/depth2-side1-forward-source-last-order01	67	32	31,31	200	32	31,0
02/depth2-side1-forward-source-last-order01	72	32	31,31	200	32	31,1
02/depth2-side1-forward-source-last-order01	77	32	31,31	200	32	31,1
02/depth2-side1-forward-source-last-order01	82	32	31,31	200	32	1,31
02/depth2-side1-forward-source-last-order01	87	32	31,31	200	32	1,31
02/depth2-side1-forward-source-last-order01	92	32	31,31	200	32	1,31
02/depth2-side1-forward-source-last-order01	97	32	31,31	200	32	31,0
02/depth2-side1-forward-source-last-order01	102	32	31,31	200	32	31,0
02/depth2-side1-forward-source-last-order01	107	32	31,31	200	32	31,1
02/depth2-side1-forward-source-last-order01	112	32	31,31	200	32	31,1
02/depth2-side1-forward-source-last-order01	117	32	31,31	200	32	0,31
02/depth2-side1-forward-source-last-order01	122	32	31,31	200	32	1,31
02/depth2-side1-forward-source-last-order01	127	32	31,31	200	32	31,1
02/depth2-side1-forward-source-last-order01	132	32	31,31	200	32	31,1
02/depth2-side1-forward-source-last-order01	137	32	31,31	200	32	31,1
02/depth2-side1-forward-source-last-order01	142	32	31,31	200	32	31,1
02/depth2-side1-forward-source-last-order01	147	32	31,31	200	32	1,31
02/depth2-side1-forward-source-last-order01	152	32	31,31	200	32	31,1
02/depth2-side1-forward-source-last-order01	157	32	31,31	200	32	31,1
02/depth2-side1-forward-source-last-order01	162	32	31,31	200	32	31,0
02/depth2-side1-forward-source-last-order01	167	32	31,31	200	32	0,31
02/depth2-side1-forward-source-last-order01	172	32	31,31	200	32	31,1
02/depth2-side1-forward-source-last-order01	177	32	31,31	200	32	31,1
02/depth2-side1-forward-source-last-order01	182	32	31,31	200	32	1,31
02/depth2-side1-forward-source-last-order01	187	32	31,31	200	32	31,1
02/depth2-side1-forward-source-last-order01	192	32	31,31	200	32	31,1
02/depth2-side1-forward-source-last-order01	197	32	31,31	200	32	1,31
02/depth2-side1-forward-source-last-order01	202	32	31,31	200	32	0,31
02/depth2-side1-forward-source-last-order01	207	32	31,31	200	32	31,1
02/depth2-side1-forward-source-last-order01	212	32	31,31	200	32	1,31
02/depth2-side1-forward-source-last-order01	217	32	31,31	200	32	31,1
02/depth2-side1-forward-source-last-order01	222	32	31,31	200	32	1,31
02/depth2-side1-forward-source-last-order10	27	32	31,31	200	32	0,31
02/depth2-side1-forward-source-last-order10	32	32	31,31	200	32	1,31
02/depth2-side1-forward-source-last-order10	37	32	31,31	200	32	0,31
02/depth2-side1-forward-source-last-order10	42	32	31,31	200	32	31,0
02/depth2-side1-forward-source-last-order10	47	32	31,31	200	32	31,1
02/depth2-side1-forward-source-last-order10	52	32	31,31	200	32	1,31
02/depth2-side1-forward-source-last-order10	57	32	31,31	200	32	31,0
02/depth2-side1-forward-source-last-order10	62	32	31,31	200	32	31,0
02/depth2-side1-forward-source-last-order10	67	32	31,31	200	32	31,0
02/depth2-side1-forward-source-last-order10	72	32	31,31	200	32	1,31
02/depth2-side1-forward-source-last-order10	77	32	31,31	200	32	0,31
02/depth2-side1-forward-source-last-order10	82	32	31,31	200	32	1,31
02/depth2-side1-forward-source-last-order10	87	32	31,31	200	32	31,0
02/depth2-side1-forward-source-last-order10	92	32	31,31	200	32	1,31
02/depth2-side1-forward-source-last-order10	97	32	31,31	200	32	1,31
02/depth2-side1-forward-source-last-order10	102	32	31,31	200	32	31,0
02/depth2-side1-forward-source-last-order10	107	32	31,31	200	32	1,31
02/depth2-side1-forward-source-last-order10	112	32	31,31	200	32	31,1
02/depth2-side1-forward-source-last-order10	117	32	31,31	200	32	31,1
02/depth2-side1-forward-source-last-order10	122	32	31,31	200	32	31,1
02/depth2-side1-forward-source-last-order10	127	32	31,31	200	32	31,0
02/depth2-side1-forward-source-last-order10	132	32	31,31	200	32	1,31
02/depth2-side1-forward-source-last-order10	137	32	31,31	200	32	31,0
02/depth2-side1-forward-source-last-order10	142	32	31,31	200	32	31,1
02/depth2-side1-forward-source-last-order10	147	32	31,31	200	32	31,0
02/depth2-side1-forward-source-last-order10	152	32	31,31	200	32	31,1
02/depth2-side1-forward-source-last-order10	157	32	31,31	200	32	1,31
02/depth2-side1-forward-source-last-order10	162	32	31,31	200	32	1,31
02/depth2-side1-forward-source-last-order10	167	32	31,31	200	32	0,31
02/depth2-side1-forward-source-last-order10	172	32	31,31	200	32	31,1
02/depth2-side1-forward-source-last-order10	177	32	31,31	200	32	31,1
02/depth2-side1-forward-source-last-order10	182	32	31,31	200	32	31,1
02/depth2-side1-forward-source-last-order10	187	32	31,31	200	32	1,31
02/depth2-side1-forward-source-last-order10	192	32	31,31	200	32	31,1
02/depth2-side1-forward-source-last-order10	197	32	31,31	200	32	0,31
02/depth2-side1-forward-source-last-order10	202	32	31,31	200	32	31,1
02/depth2-side1-forward-source-last-order10	207	32	31,31	200	32	31,0
02/depth2-side1-forward-source-last-order10	212	32	31,31	200	32	31,1
02/depth2-side1-forward-source-last-order10	217	32	31,31	200	32	0,31
02/depth2-side1-forward-source-last-order10	222	32	31,31	200	32	0,31
02/depth2-side1-reverse-wires-first-order01	27	32	31,31	200	32	0,31
02/depth2-side1-reverse-wires-first-order01	32	32	31,31	200	32	31,1
02/depth2-side1-reverse-wires-first-order01	37	32	31,31	200	32	0,31
02/depth2-side1-reverse-wires-first-order01	42	32	31,31	200	32	31,0
02/depth2-side1-reverse-wires-first-order01	47	32	31,31	200	32	1,31
02/depth2-side1-reverse-wires-first-order01	52	32	31,31	200	32	31,1
02/depth2-side1-reverse-wires-first-order01	57	32	31,31	200	32	1,31
02/depth2-side1-reverse-wires-first-order01	62	32	31,31	200	32	31,0
02/depth2-side1-reverse-wires-first-order01	67	32	31,31	200	32	31,0
02/depth2-side1-reverse-wires-first-order01	72	32	31,31	200	32	1,31
02/depth2-side1-reverse-wires-first-order01	77	32	31,31	200	32	1,31
02/depth2-side1-reverse-wires-first-order01	82	32	31,31	200	32	0,31
02/depth2-side1-reverse-wires-first-order01	87	32	31,31	200	32	31,1
02/depth2-side1-reverse-wires-first-order01	92	32	31,31	200	32	31,1
02/depth2-side1-reverse-wires-first-order01	97	32	31,31	200	32	31,1
02/depth2-side1-reverse-wires-first-order01	102	32	31,31	200	32	31,0
02/depth2-side1-reverse-wires-first-order01	107	32	31,31	200	32	31,1
02/depth2-side1-reverse-wires-first-order01	112	32	31,31	200	32	31,1
02/depth2-side1-reverse-wires-first-order01	117	32	31,31	200	32	1,31
02/depth2-side1-reverse-wires-first-order01	122	32	31,31	200	32	31,0
02/depth2-side1-reverse-wires-first-order01	127	32	31,31	200	32	31,0
02/depth2-side1-reverse-wires-first-order01	132	32	31,31	200	32	1,31
02/depth2-side1-reverse-wires-first-order01	137	32	31,31	200	32	1,31
02/depth2-side1-reverse-wires-first-order01	142	32	31,31	200	32	31,1
02/depth2-side1-reverse-wires-first-order01	147	32	31,31	200	32	1,31
02/depth2-side1-reverse-wires-first-order01	152	32	31,31	200	32	1,31
02/depth2-side1-reverse-wires-first-order01	157	32	31,31	200	32	0,31
02/depth2-side1-reverse-wires-first-order01	162	32	31,31	200	32	0,31
02/depth2-side1-reverse-wires-first-order01	167	32	31,31	200	32	31,0
02/depth2-side1-reverse-wires-first-order01	172	32	31,31	200	32	31,1
02/depth2-side1-reverse-wires-first-order01	177	32	31,31	200	32	31,1
02/depth2-side1-reverse-wires-first-order01	182	32	31,31	200	32	0,31
02/depth2-side1-reverse-wires-first-order01	187	32	31,31	200	32	1,31
02/depth2-side1-reverse-wires-first-order01	192	32	31,31	200	32	1,31
02/depth2-side1-reverse-wires-first-order01	197	32	31,31	200	32	31,0
02/depth2-side1-reverse-wires-first-order01	202	32	31,31	200	32	31,0
02/depth2-side1-reverse-wires-first-order01	207	32	31,31	200	32	1,31
02/depth2-side1-reverse-wires-first-order01	212	32	31,31	200	32	31,1
02/depth2-side1-reverse-wires-first-order01	217	32	31,31	200	32	0,31
02/depth2-side1-reverse-wires-first-order01	222	32	31,31	200	32	31,0
02/depth2-side1-reverse-wires-first-order10	27	32	31,31	200	32	31,0
02/depth2-side1-reverse-wires-first-order10	32	32	31,31	200	32	1,31
02/depth2-side1-reverse-wires-first-order10	37	32	31,31	200	32	31,0
02/depth2-side1-reverse-wires-first-order10	42	32	31,31	200	32	31,0
02/depth2-side1-reverse-wires-first-order10	47	32	31,31	200	32	31,0
02/depth2-side1-reverse-wires-first-order10	52	32	31,31	200	32	31,1
02/depth2-side1-reverse-wires-first-order10	57	32	31,31	200	32	31,0
02/depth2-side1-reverse-wires-first-order10	62	32	31,31	200	32	0,31
02/depth2-side1-reverse-wires-first-order10	67	32	31,31	200	32	31,0
02/depth2-side1-reverse-wires-first-order10	72	32	31,31	200	32	1,31
02/depth2-side1-reverse-wires-first-order10	77	32	31,31	200	32	1,31
02/depth2-side1-reverse-wires-first-order10	82	32	31,31	200	32	31,1
02/depth2-side1-reverse-wires-first-order10	87	32	31,31	200	32	31,0
02/depth2-side1-reverse-wires-first-order10	92	32	31,31	200	32	1,31
02/depth2-side1-reverse-wires-first-order10	97	32	31,31	200	32	31,1
02/depth2-side1-reverse-wires-first-order10	102	32	31,31	200	32	31,1
02/depth2-side1-reverse-wires-first-order10	107	32	31,31	200	32	31,0
02/depth2-side1-reverse-wires-first-order10	112	32	31,31	200	32	1,31
02/depth2-side1-reverse-wires-first-order10	117	32	31,31	200	32	0,31
02/depth2-side1-reverse-wires-first-order10	122	32	31,31	200	32	31,0
02/depth2-side1-reverse-wires-first-order10	127	32	31,31	200	32	1,31
02/depth2-side1-reverse-wires-first-order10	132	32	31,31	200	32	1,31
02/depth2-side1-reverse-wires-first-order10	137	32	31,31	200	32	1,31
02/depth2-side1-reverse-wires-first-order10	142	32	31,31	200	32	1,31
02/depth2-side1-reverse-wires-first-order10	147	32	31,31	200	32	0,31
02/depth2-side1-reverse-wires-first-order10	152	32	31,31	200	32	1,31
02/depth2-side1-reverse-wires-first-order10	157	32	31,31	200	32	0,31
02/depth2-side1-reverse-wires-first-order10	162	32	31,31	200	32	31,1
02/depth2-side1-reverse-wires-first-order10	167	32	31,31	200	32	31,1
02/depth2-side1-reverse-wires-first-order10	172	32	31,31	200	32	31,1
02/depth2-side1-reverse-wires-first-order10	177	32	31,31	200	32	31,1
02/depth2-side1-reverse-wires-first-order10	182	32	31,31	200	32	0,31
02/depth2-side1-reverse-wires-first-order10	187	32	31,31	200	32	31,0
02/depth2-side1-reverse-wires-first-order10	192	32	31,31	200	32	31,1
02/depth2-side1-reverse-wires-first-order10	197	32	31,31	200	32	1,31
02/depth2-side1-reverse-wires-first-order10	202	32	31,31	200	32	1,31
02/depth2-side1-reverse-wires-first-order10	207	32	31,31	200	32	31,0
02/depth2-side1-reverse-wires-first-order10	212	32	31,31	200	32	1,31
02/depth2-side1-reverse-wires-first-order10	217	32	31,31	200	32	31,1
02/depth2-side1-reverse-wires-first-order10	222	32	31,31	200	32	1,31
02/depth2-side1-reverse-source-last-order01	27	32	31,31	200	32	31,0
02/depth2-side1-reverse-source-last-order01	32	32	31,31	200	32	31,1
02/depth2-side1-reverse-source-last-order01	37	32	31,31	200	32	0,31
02/depth2-side1-reverse-source-last-order01	42	32	31,31	200	32	31,1
02/depth2-side1-reverse-source-last-order01	47	32	31,31	200	32	31,1
02/depth2-side1-reverse-source-last-order01	52	32	31,31	200	32	1,31
02/depth2-side1-reverse-source-last-order01	57	32	31,31	200	32	1,31
02/depth2-side1-reverse-source-last-order01	62	32	31,31	200	32	31,1
02/depth2-side1-reverse-source-last-order01	67	32	31,31	200	32	1,31
02/depth2-side1-reverse-source-last-order01	72	32	31,31	200	32	1,31
02/depth2-side1-reverse-source-last-order01	77	32	31,31	200	32	0,31
02/depth2-side1-reverse-source-last-order01	82	32	31,31	200	32	1,31
02/depth2-side1-reverse-source-last-order01	87	32	31,31	200	32	31,0
02/depth2-side1-reverse-source-last-order01	92	32	31,31	200	32	1,31
02/depth2-side1-reverse-source-last-order01	97	32	31,31	200	32	31,1
02/depth2-side1-reverse-source-last-order01	102	32	31,31	200	32	31,1
02/depth2-side1-reverse-source-last-order01	107	32	31,31	200	32	0,31
02/depth2-side1-reverse-source-last-order01	112	32	31,31	200	32	1,31
02/depth2-side1-reverse-source-last-order01	117	32	31,31	200	32	0,31
02/depth2-side1-reverse-source-last-order01	122	32	31,31	200	32	31,1
02/depth2-side1-reverse-source-last-order01	127	32	31,31	200	32	0,31
02/depth2-side1-reverse-source-last-order01	132	32	31,31	200	32	1,31
02/depth2-side1-reverse-source-last-order01	137	32	31,31	200	32	0,31
02/depth2-side1-reverse-source-last-order01	142	32	31,31	200	32	1,31
02/depth2-side1-reverse-source-last-order01	147	32	31,31	200	32	0,31
02/depth2-side1-reverse-source-last-order01	152	32	31,31	200	32	1,31
02/depth2-side1-reverse-source-last-order01	157	32	31,31	200	32	0,31
02/depth2-side1-reverse-source-last-order01	162	32	31,31	200	32	31,0
02/depth2-side1-reverse-source-last-order01	167	32	31,31	200	32	31,0
02/depth2-side1-reverse-source-last-order01	172	32	31,31	200	32	31,1
02/depth2-side1-reverse-source-last-order01	177	32	31,31	200	32	31,0
02/depth2-side1-reverse-source-last-order01	182	32	31,31	200	32	31,1
02/depth2-side1-reverse-source-last-order01	187	32	31,31	200	32	0,31
02/depth2-side1-reverse-source-last-order01	192	32	31,31	200	32	1,31
02/depth2-side1-reverse-source-last-order01	197	32	31,31	200	32	31,1
02/depth2-side1-reverse-source-last-order01	202	32	31,31	200	32	1,31
02/depth2-side1-reverse-source-last-order01	207	32	31,31	200	32	0,31
02/depth2-side1-reverse-source-last-order01	212	32	31,31	200	32	1,31
02/depth2-side1-reverse-source-last-order01	217	32	31,31	200	32	31,0
02/depth2-side1-reverse-source-last-order01	222	32	31,31	200	32	31,0
02/depth2-side1-reverse-source-last-order10	27	32	31,31	200	32	31,0
02/depth2-side1-reverse-source-last-order10	32	32	31,31	200	32	31,1
02/depth2-side1-reverse-source-last-order10	37	32	31,31	200	32	31,0
02/depth2-side1-reverse-source-last-order10	42	32	31,31	200	32	1,31
02/depth2-side1-reverse-source-last-order10	47	32	31,31	200	32	1,31
02/depth2-side1-reverse-source-last-order10	52	32	31,31	200	32	31,1
02/depth2-side1-reverse-source-last-order10	57	32	31,31	200	32	1,31
02/depth2-side1-reverse-source-last-order10	62	32	31,31	200	32	1,31
02/depth2-side1-reverse-source-last-order10	67	32	31,31	200	32	0,31
02/depth2-side1-reverse-source-last-order10	72	32	31,31	200	32	31,1
02/depth2-side1-reverse-source-last-order10	77	32	31,31	200	32	1,31
02/depth2-side1-reverse-source-last-order10	82	32	31,31	200	32	31,1
02/depth2-side1-reverse-source-last-order10	87	32	31,31	200	32	31,0
02/depth2-side1-reverse-source-last-order10	92	32	31,31	200	32	1,31
02/depth2-side1-reverse-source-last-order10	97	32	31,31	200	32	31,1
02/depth2-side1-reverse-source-last-order10	102	32	31,31	200	32	0,31
02/depth2-side1-reverse-source-last-order10	107	32	31,31	200	32	1,31
02/depth2-side1-reverse-source-last-order10	112	32	31,31	200	32	31,1
02/depth2-side1-reverse-source-last-order10	117	32	31,31	200	32	1,31
02/depth2-side1-reverse-source-last-order10	122	32	31,31	200	32	31,1
02/depth2-side1-reverse-source-last-order10	127	32	31,31	200	32	1,31
02/depth2-side1-reverse-source-last-order10	132	32	31,31	200	32	1,31
02/depth2-side1-reverse-source-last-order10	137	32	31,31	200	32	31,0
02/depth2-side1-reverse-source-last-order10	142	32	31,31	200	32	0,31
02/depth2-side1-reverse-source-last-order10	147	32	31,31	200	32	31,1
02/depth2-side1-reverse-source-last-order10	152	32	31,31	200	32	31,1
02/depth2-side1-reverse-source-last-order10	157	32	31,31	200	32	0,31
02/depth2-side1-reverse-source-last-order10	162	32	31,31	200	32	31,0
02/depth2-side1-reverse-source-last-order10	167	32	31,31	200	32	31,0
02/depth2-side1-reverse-source-last-order10	172	32	31,31	200	32	31,1
02/depth2-side1-reverse-source-last-order10	177	32	31,31	200	32	1,31
02/depth2-side1-reverse-source-last-order10	182	32	31,31	200	32	31,0
02/depth2-side1-reverse-source-last-order10	187	32	31,31	200	32	31,1
02/depth2-side1-reverse-source-last-order10	192	32	31,31	200	32	1,31
02/depth2-side1-reverse-source-last-order10	197	32	31,31	200	32	1,31
02/depth2-side1-reverse-source-last-order10	202	32	31,31	200	32	1,31
02/depth2-side1-reverse-source-last-order10	207	32	31,31	200	32	1,31
02/depth2-side1-reverse-source-last-order10	212	32	31,31	200	32	1,31
02/depth2-side1-reverse-source-last-order10	217	32	31,31	200	32	1,31
02/depth2-side1-reverse-source-last-order10	222	32	31,31	200	32	1,31
04/depth2-side-1-forward-wires-first-order01	27	32	31,31	200	32	0,31
04/depth2-side-1-forward-wires-first-order01	32	32	31,31	200	32	1,31
04/depth2-side-1-forward-wires-first-order01	37	32	31,31	200	32	31,1
04/depth2-side-1-forward-wires-first-order01	42	32	31,31	200	32	0,31
04/depth2-side-1-forward-wires-first-order01	47	32	31,31	200	32	1,31
04/depth2-side-1-forward-wires-first-order01	52	32	31,31	200	32	1,31
04/depth2-side-1-forward-wires-first-order01	57	32	31,31	200	32	31,1
04/depth2-side-1-forward-wires-first-order01	62	32	31,31	200	32	0,31
04/depth2-side-1-forward-wires-first-order01	67	32	31,31	200	32	0,31
04/depth2-side-1-forward-wires-first-order01	72	32	31,31	200	32	31,1
04/depth2-side-1-forward-wires-first-order01	77	32	31,31	200	32	0,31
04/depth2-side-1-forward-wires-first-order01	82	32	31,31	200	32	0,31
04/depth2-side-1-forward-wires-first-order01	87	32	31,31	200	32	31,1
04/depth2-side-1-forward-wires-first-order01	92	32	31,31	200	32	1,31
04/depth2-side-1-forward-wires-first-order01	97	32	31,31	200	32	31,1
04/depth2-side-1-forward-wires-first-order01	102	32	31,31	200	32	31,1
04/depth2-side-1-forward-wires-first-order01	107	32	31,31	200	32	1,31
04/depth2-side-1-forward-wires-first-order01	112	32	31,31	200	32	1,31
04/depth2-side-1-forward-wires-first-order01	117	32	31,31	200	32	31,1
04/depth2-side-1-forward-wires-first-order01	122	32	31,31	200	32	0,31
04/depth2-side-1-forward-wires-first-order01	127	32	31,31	200	32	31,1
04/depth2-side-1-forward-wires-first-order01	132	32	31,31	200	32	31,1
04/depth2-side-1-forward-wires-first-order01	137	32	31,31	200	32	31,1
04/depth2-side-1-forward-wires-first-order01	142	32	31,31	200	32	31,0
04/depth2-side-1-forward-wires-first-order01	147	32	31,31	200	32	0,31
04/depth2-side-1-forward-wires-first-order01	152	32	31,31	200	32	1,31
04/depth2-side-1-forward-wires-first-order01	157	32	31,31	200	32	1,31
04/depth2-side-1-forward-wires-first-order01	162	32	31,31	200	32	31,0
04/depth2-side-1-forward-wires-first-order01	167	32	31,31	200	32	0,31
04/depth2-side-1-forward-wires-first-order01	172	32	31,31	200	32	31,1
04/depth2-side-1-forward-wires-first-order01	177	32	31,31	200	32	0,31
04/depth2-side-1-forward-wires-first-order01	182	32	31,31	200	32	31,1
04/depth2-side-1-forward-wires-first-order01	187	32	31,31	200	32	31,1
04/depth2-side-1-forward-wires-first-order01	192	32	31,31	200	32	1,31
04/depth2-side-1-forward-wires-first-order01	197	32	31,31	200	32	1,31
04/depth2-side-1-forward-wires-first-order01	202	32	31,31	200	32	31,0
04/depth2-side-1-forward-wires-first-order01	207	32	31,31	200	32	31,0
04/depth2-side-1-forward-wires-first-order01	212	32	31,31	200	32	1,31
04/depth2-side-1-forward-wires-first-order01	217	32	31,31	200	32	1,31
04/depth2-side-1-forward-wires-first-order01	222	32	31,31	200	32	31,1
04/depth2-side-1-forward-wires-first-order10	27	32	31,31	200	32	31,1
04/depth2-side-1-forward-wires-first-order10	32	32	31,31	200	32	1,31
04/depth2-side-1-forward-wires-first-order10	37	32	31,31	200	32	1,31
04/depth2-side-1-forward-wires-first-order10	42	32	31,31	200	32	31,1
04/depth2-side-1-forward-wires-first-order10	47	32	31,31	200	32	1,31
04/depth2-side-1-forward-wires-first-order10	52	32	31,31	200	32	31,1
04/depth2-side-1-forward-wires-first-order10	57	32	31,31	200	32	31,1
04/depth2-side-1-forward-wires-first-order10	62	32	31,31	200	32	31,0
04/depth2-side-1-forward-wires-first-order10	67	32	31,31	200	32	31,0
04/depth2-side-1-forward-wires-first-order10	72	32	31,31	200	32	31,1
04/depth2-side-1-forward-wires-first-order10	77	32	31,31	200	32	0,31
04/depth2-side-1-forward-wires-first-order10	82	32	31,31	200	32	31,1
04/depth2-side-1-forward-wires-first-order10	87	32	31,31	200	32	1,31
04/depth2-side-1-forward-wires-first-order10	92	32	31,31	200	32	31,1
04/depth2-side-1-forward-wires-first-order10	97	32	31,31	200	32	31,0
04/depth2-side-1-forward-wires-first-order10	102	32	31,31	200	32	31,0
04/depth2-side-1-forward-wires-first-order10	107	32	31,31	200	32	31,0
04/depth2-side-1-forward-wires-first-order10	112	32	31,31	200	32	31,1
04/depth2-side-1-forward-wires-first-order10	117	32	31,31	200	32	1,31
04/depth2-side-1-forward-wires-first-order10	122	32	31,31	200	32	0,31
04/depth2-side-1-forward-wires-first-order10	127	32	31,31	200	32	31,0
04/depth2-side-1-forward-wires-first-order10	132	32	31,31	200	32	31,1
04/depth2-side-1-forward-wires-first-order10	137	32	31,31	200	32	0,31
04/depth2-side-1-forward-wires-first-order10	142	32	31,31	200	32	31,1
04/depth2-side-1-forward-wires-first-order10	147	32	31,31	200	32	31,1
04/depth2-side-1-forward-wires-first-order10	152	32	31,31	200	32	31,1
04/depth2-side-1-forward-wires-first-order10	157	32	31,31	200	32	31,0
04/depth2-side-1-forward-wires-first-order10	162	32	31,31	200	32	31,0
04/depth2-side-1-forward-wires-first-order10	167	32	31,31	200	32	1,31
04/depth2-side-1-forward-wires-first-order10	172	32	31,31	200	32	31,1
04/depth2-side-1-forward-wires-first-order10	177	32	31,31	200	32	0,31
04/depth2-side-1-forward-wires-first-order10	182	32	31,31	200	32	31,1
04/depth2-side-1-forward-wires-first-order10	187	32	31,31	200	32	0,31
04/depth2-side-1-forward-wires-first-order10	192	32	31,31	200	32	1,31
04/depth2-side-1-forward-wires-first-order10	197	32	31,31	200	32	31,0
04/depth2-side-1-forward-wires-first-order10	202	32	31,31	200	32	1,31
04/depth2-side-1-forward-wires-first-order10	207	32	31,31	200	32	31,0
04/depth2-side-1-forward-wires-first-order10	212	32	31,31	200	32	1,31
04/depth2-side-1-forward-wires-first-order10	217	32	31,31	200	32	31,0
04/depth2-side-1-forward-wires-first-order10	222	32	31,31	200	32	1,31
04/depth2-side-1-forward-source-last-order01	27	32	31,31	200	32	0,31
04/depth2-side-1-forward-source-last-order01	32	32	31,31	200	32	31,1
04/depth2-side-1-forward-source-last-order01	37	32	31,31	200	32	1,31
04/depth2-side-1-forward-source-last-order01	42	32	31,31	200	32	1,31
04/depth2-side-1-forward-source-last-order01	47	32	31,31	200	32	0,31
04/depth2-side-1-forward-source-last-order01	52	32	31,31	200	32	31,1
04/depth2-side-1-forward-source-last-order01	57	32	31,31	200	32	31,1
04/depth2-side-1-forward-source-last-order01	62	32	31,31	200	32	1,31
04/depth2-side-1-forward-source-last-order01	67	32	31,31	200	32	31,1
04/depth2-side-1-forward-source-last-order01	72	32	31,31	200	32	31,1
04/depth2-side-1-forward-source-last-order01	77	32	31,31	200	32	0,31
04/depth2-side-1-forward-source-last-order01	82	32	31,31	200	32	1,31
04/depth2-side-1-forward-source-last-order01	87	32	31,31	200	32	31,0
04/depth2-side-1-forward-source-last-order01	92	32	31,31	200	32	1,31
04/depth2-side-1-forward-source-last-order01	97	32	31,31	200	32	31,0
04/depth2-side-1-forward-source-last-order01	102	32	31,31	200	32	31,1
04/depth2-side-1-forward-source-last-order01	107	32	31,31	200	32	31,0
04/depth2-side-1-forward-source-last-order01	112	32	31,31	200	32	1,31
04/depth2-side-1-forward-source-last-order01	117	32	31,31	200	32	1,31
04/depth2-side-1-forward-source-last-order01	122	32	31,31	200	32	1,31
04/depth2-side-1-forward-source-last-order01	127	32	31,31	200	32	31,0
04/depth2-side-1-forward-source-last-order01	132	32	31,31	200	32	31,1
04/depth2-side-1-forward-source-last-order01	137	32	31,31	200	32	0,31
04/depth2-side-1-forward-source-last-order01	142	32	31,31	200	32	1,31
04/depth2-side-1-forward-source-last-order01	147	32	31,31	200	32	1,31
04/depth2-side-1-forward-source-last-order01	152	32	31,31	200	32	31,1
04/depth2-side-1-forward-source-last-order01	157	32	31,31	200	32	0,31
04/depth2-side-1-forward-source-last-order01	162	32	31,31	200	32	1,31
04/depth2-side-1-forward-source-last-order01	167	32	31,31	200	32	31,1
04/depth2-side-1-forward-source-last-order01	172	32	31,31	200	32	31,1
04/depth2-side-1-forward-source-last-order01	177	32	31,31	200	32	31,0
04/depth2-side-1-forward-source-last-order01	182	32	31,31	200	32	0,31
04/depth2-side-1-forward-source-last-order01	187	32	31,31	200	32	0,31
04/depth2-side-1-forward-source-last-order01	192	32	31,31	200	32	31,1
04/depth2-side-1-forward-source-last-order01	197	32	31,31	200	32	0,31
04/depth2-side-1-forward-source-last-order01	202	32	31,31	200	32	1,31
04/depth2-side-1-forward-source-last-order01	207	32	31,31	200	32	31,0
04/depth2-side-1-forward-source-last-order01	212	32	31,31	200	32	31,1
04/depth2-side-1-forward-source-last-order01	217	32	31,31	200	32	1,31
04/depth2-side-1-forward-source-last-order01	222	32	31,31	200	32	1,31
04/depth2-side-1-forward-source-last-order10	27	32	31,31	200	32	0,31
04/depth2-side-1-forward-source-last-order10	32	32	31,31	200	32	1,31
04/depth2-side-1-forward-source-last-order10	37	32	31,31	200	32	31,1
04/depth2-side-1-forward-source-last-order10	42	32	31,31	200	32	31,0
04/depth2-side-1-forward-source-last-order10	47	32	31,31	200	32	0,31
04/depth2-side-1-forward-source-last-order10	52	32	31,31	200	32	31,1
04/depth2-side-1-forward-source-last-order10	57	32	31,31	200	32	0,31
04/depth2-side-1-forward-source-last-order10	62	32	31,31	200	32	31,0
04/depth2-side-1-forward-source-last-order10	67	32	31,31	200	32	1,31
04/depth2-side-1-forward-source-last-order10	72	32	31,31	200	32	31,1
04/depth2-side-1-forward-source-last-order10	77	32	31,31	200	32	0,31
04/depth2-side-1-forward-source-last-order10	82	32	31,31	200	32	1,31
04/depth2-side-1-forward-source-last-order10	87	32	31,31	200	32	0,31
04/depth2-side-1-forward-source-last-order10	92	32	31,31	200	32	1,31
04/depth2-side-1-forward-source-last-order10	97	32	31,31	200	32	31,0
04/depth2-side-1-forward-source-last-order10	102	32	31,31	200	32	31,1
04/depth2-side-1-forward-source-last-order10	107	32	31,31	200	32	1,31
04/depth2-side-1-forward-source-last-order10	112	32	31,31	200	32	31,1
04/depth2-side-1-forward-source-last-order10	117	32	31,31	200	32	0,31
04/depth2-side-1-forward-source-last-order10	122	32	31,31	200	32	31,0
04/depth2-side-1-forward-source-last-order10	127	32	31,31	200	32	1,31
04/depth2-side-1-forward-source-last-order10	132	32	31,31	200	32	31,1
04/depth2-side-1-forward-source-last-order10	137	32	31,31	200	32	1,31
04/depth2-side-1-forward-source-last-order10	142	32	31,31	200	32	0,31
04/depth2-side-1-forward-source-last-order10	147	32	31,31	200	32	0,31
04/depth2-side-1-forward-source-last-order10	152	32	31,31	200	32	1,31
04/depth2-side-1-forward-source-last-order10	157	32	31,31	200	32	31,1
04/depth2-side-1-forward-source-last-order10	162	32	31,31	200	32	1,31
04/depth2-side-1-forward-source-last-order10	167	32	31,31	200	32	31,1
04/depth2-side-1-forward-source-last-order10	172	32	31,31	200	32	31,1
04/depth2-side-1-forward-source-last-order10	177	32	31,31	200	32	31,1
04/depth2-side-1-forward-source-last-order10	182	32	31,31	200	32	0,31
04/depth2-side-1-forward-source-last-order10	187	32	31,31	200	32	1,31
04/depth2-side-1-forward-source-last-order10	192	32	31,31	200	32	1,31
04/depth2-side-1-forward-source-last-order10	197	32	31,31	200	32	1,31
04/depth2-side-1-forward-source-last-order10	202	32	31,31	200	32	0,31
04/depth2-side-1-forward-source-last-order10	207	32	31,31	200	32	1,31
04/depth2-side-1-forward-source-last-order10	212	32	31,31	200	32	1,31
04/depth2-side-1-forward-source-last-order10	217	32	31,31	200	32	31,0
04/depth2-side-1-forward-source-last-order10	222	32	31,31	200	32	31,1
04/depth2-side-1-reverse-wires-first-order01	27	32	31,31	200	32	31,0
04/depth2-side-1-reverse-wires-first-order01	32	32	31,31	200	32	1,31
04/depth2-side-1-reverse-wires-first-order01	37	32	31,31	200	32	1,31
04/depth2-side-1-reverse-wires-first-order01	42	32	31,31	200	32	1,31
04/depth2-side-1-reverse-wires-first-order01	47	32	31,31	200	32	31,1
04/depth2-side-1-reverse-wires-first-order01	52	32	31,31	200	32	31,1
04/depth2-side-1-reverse-wires-first-order01	57	32	31,31	200	32	1,31
04/depth2-side-1-reverse-wires-first-order01	62	32	31,31	200	32	31,0
04/depth2-side-1-reverse-wires-first-order01	67	32	31,31	200	32	1,31
04/depth2-side-1-reverse-wires-first-order01	72	32	31,31	200	32	31,1
04/depth2-side-1-reverse-wires-first-order01	77	32	31,31	200	32	31,1
04/depth2-side-1-reverse-wires-first-order01	82	32	31,31	200	32	1,31
04/depth2-side-1-reverse-wires-first-order01	87	32	31,31	200	32	31,1
04/depth2-side-1-reverse-wires-first-order01	92	32	31,31	200	32	31,1
04/depth2-side-1-reverse-wires-first-order01	97	32	31,31	200	32	31,1
04/depth2-side-1-reverse-wires-first-order01	102	32	31,31	200	32	31,1
04/depth2-side-1-reverse-wires-first-order01	107	32	31,31	200	32	31,0
04/depth2-side-1-reverse-wires-first-order01	112	32	31,31	200	32	1,31
04/depth2-side-1-reverse-wires-first-order01	117	32	31,31	200	32	31,0
04/depth2-side-1-reverse-wires-first-order01	122	32	31,31	200	32	31,1
04/depth2-side-1-reverse-wires-first-order01	127	32	31,31	200	32	31,0
04/depth2-side-1-reverse-wires-first-order01	132	32	31,31	200	32	31,1
04/depth2-side-1-reverse-wires-first-order01	137	32	31,31	200	32	31,0
04/depth2-side-1-reverse-wires-first-order01	142	32	31,31	200	32	31,0
04/depth2-side-1-reverse-wires-first-order01	147	32	31,31	200	32	0,31
04/depth2-side-1-reverse-wires-first-order01	152	32	31,31	200	32	31,1
04/depth2-side-1-reverse-wires-first-order01	157	32	31,31	200	32	31,1
04/depth2-side-1-reverse-wires-first-order01	162	32	31,31	200	32	0,31
04/depth2-side-1-reverse-wires-first-order01	167	32	31,31	200	32	0,31
04/depth2-side-1-reverse-wires-first-order01	172	32	31,31	200	32	31,1
04/depth2-side-1-reverse-wires-first-order01	177	32	31,31	200	32	31,0
04/depth2-side-1-reverse-wires-first-order01	182	32	31,31	200	32	0,31
04/depth2-side-1-reverse-wires-first-order01	187	32	31,31	200	32	0,31
04/depth2-side-1-reverse-wires-first-order01	192	32	31,31	200	32	1,31
04/depth2-side-1-reverse-wires-first-order01	197	32	31,31	200	32	1,31
04/depth2-side-1-reverse-wires-first-order01	202	32	31,31	200	32	31,0
04/depth2-side-1-reverse-wires-first-order01	207	32	31,31	200	32	0,31
04/depth2-side-1-reverse-wires-first-order01	212	32	31,31	200	32	31,1
04/depth2-side-1-reverse-wires-first-order01	217	32	31,31	200	32	31,1
04/depth2-side-1-reverse-wires-first-order01	222	32	31,31	200	32	31,1
04/depth2-side-1-reverse-wires-first-order10	27	32	31,31	200	32	0,31
04/depth2-side-1-reverse-wires-first-order10	32	32	31,31	200	32	31,1
04/depth2-side-1-reverse-wires-first-order10	37	32	31,31	200	32	31,1
04/depth2-side-1-reverse-wires-first-order10	42	32	31,31	200	32	1,31
04/depth2-side-1-reverse-wires-first-order10	47	32	31,31	200	32	0,31
04/depth2-side-1-reverse-wires-first-order10	52	32	31,31	200	32	1,31
04/depth2-side-1-reverse-wires-first-order10	57	32	31,31	200	32	31,1
04/depth2-side-1-reverse-wires-first-order10	62	32	31,31	200	32	31,0
04/depth2-side-1-reverse-wires-first-order10	67	32	31,31	200	32	0,31
04/depth2-side-1-reverse-wires-first-order10	72	32	31,31	200	32	31,1
04/depth2-side-1-reverse-wires-first-order10	77	32	31,31	200	32	1,31
04/depth2-side-1-reverse-wires-first-order10	82	32	31,31	200	32	1,31
04/depth2-side-1-reverse-wires-first-order10	87	32	31,31	200	32	0,31
04/depth2-side-1-reverse-wires-first-order10	92	32	31,31	200	32	1,31
04/depth2-side-1-reverse-wires-first-order10	97	32	31,31	200	32	31,0
04/depth2-side-1-reverse-wires-first-order10	102	32	31,31	200	32	1,31
04/depth2-side-1-reverse-wires-first-order10	107	32	31,31	200	32	31,1
04/depth2-side-1-reverse-wires-first-order10	112	32	31,31	200	32	1,31
04/depth2-side-1-reverse-wires-first-order10	117	32	31,31	200	32	1,31
04/depth2-side-1-reverse-wires-first-order10	122	32	31,31	200	32	31,1
04/depth2-side-1-reverse-wires-first-order10	127	32	31,31	200	32	31,1
04/depth2-side-1-reverse-wires-first-order10	132	32	31,31	200	32	31,1
04/depth2-side-1-reverse-wires-first-order10	137	32	31,31	200	32	31,0
04/depth2-side-1-reverse-wires-first-order10	142	32	31,31	200	32	0,31
04/depth2-side-1-reverse-wires-first-order10	147	32	31,31	200	32	31,0
04/depth2-side-1-reverse-wires-first-order10	152	32	31,31	200	32	31,1
04/depth2-side-1-reverse-wires-first-order10	157	32	31,31	200	32	1,31
04/depth2-side-1-reverse-wires-first-order10	162	32	31,31	200	32	1,31
04/depth2-side-1-reverse-wires-first-order10	167	32	31,31	200	32	1,31
04/depth2-side-1-reverse-wires-first-order10	172	32	31,31	200	32	31,1
04/depth2-side-1-reverse-wires-first-order10	177	32	31,31	200	32	1,31
04/depth2-side-1-reverse-wires-first-order10	182	32	31,31	200	32	1,31
04/depth2-side-1-reverse-wires-first-order10	187	32	31,31	200	32	1,31
04/depth2-side-1-reverse-wires-first-order10	192	32	31,31	200	32	1,31
04/depth2-side-1-reverse-wires-first-order10	197	32	31,31	200	32	31,1
04/depth2-side-1-reverse-wires-first-order10	202	32	31,31	200	32	1,31
04/depth2-side-1-reverse-wires-first-order10	207	32	31,31	200	32	31,1
04/depth2-side-1-reverse-wires-first-order10	212	32	31,31	200	32	31,1
04/depth2-side-1-reverse-wires-first-order10	217	32	31,31	200	32	31,1
04/depth2-side-1-reverse-wires-first-order10	222	32	31,31	200	32	31,0
04/depth2-side-1-reverse-source-last-order01	27	32	31,31	200	32	31,1
04/depth2-side-1-reverse-source-last-order01	32	32	31,31	200	32	1,31
04/depth2-side-1-reverse-source-last-order01	37	32	31,31	200	32	0,31
04/depth2-side-1-reverse-source-last-order01	42	32	31,31	200	32	31,0
04/depth2-side-1-reverse-source-last-order01	47	32	31,31	200	32	31,0
04/depth2-side-1-reverse-source-last-order01	52	32	31,31	200	32	1,31
04/depth2-side-1-reverse-source-last-order01	57	32	31,31	200	32	1,31
04/depth2-side-1-reverse-source-last-order01	62	32	31,31	200	32	31,1
04/depth2-side-1-reverse-source-last-order01	67	32	31,31	200	32	0,31
04/depth2-side-1-reverse-source-last-order01	72	32	31,31	200	32	1,31
04/depth2-side-1-reverse-source-last-order01	77	32	31,31	200	32	1,31
04/depth2-side-1-reverse-source-last-order01	82	32	31,31	200	32	31,0
04/depth2-side-1-reverse-source-last-order01	87	32	31,31	200	32	31,1
04/depth2-side-1-reverse-source-last-order01	92	32	31,31	200	32	1,31
04/depth2-side-1-reverse-source-last-order01	97	32	31,31	200	32	31,1
04/depth2-side-1-reverse-source-last-order01	102	32	31,31	200	32	1,31
04/depth2-side-1-reverse-source-last-order01	107	32	31,31	200	32	31,0
04/depth2-side-1-reverse-source-last-order01	112	32	31,31	200	32	1,31
04/depth2-side-1-reverse-source-last-order01	117	32	31,31	200	32	31,0
04/depth2-side-1-reverse-source-last-order01	122	32	31,31	200	32	0,31
04/depth2-side-1-reverse-source-last-order01	127	32	31,31	200	32	0,31
04/depth2-side-1-reverse-source-last-order01	132	32	31,31	200	32	1,31
04/depth2-side-1-reverse-source-last-order01	137	32	31,31	200	32	0,31
04/depth2-side-1-reverse-source-last-order01	142	32	31,31	200	32	31,0
04/depth2-side-1-reverse-source-last-order01	147	32	31,31	200	32	0,31
04/depth2-side-1-reverse-source-last-order01	152	32	31,31	200	32	31,1
04/depth2-side-1-reverse-source-last-order01	157	32	31,31	200	32	31,0
04/depth2-side-1-reverse-source-last-order01	162	32	31,31	200	32	31,0
04/depth2-side-1-reverse-source-last-order01	167	32	31,31	200	32	0,31
04/depth2-side-1-reverse-source-last-order01	172	32	31,31	200	32	1,31
04/depth2-side-1-reverse-source-last-order01	177	32	31,31	200	32	0,31
04/depth2-side-1-reverse-source-last-order01	182	32	31,31	200	32	31,1
04/depth2-side-1-reverse-source-last-order01	187	32	31,31	200	32	31,1
04/depth2-side-1-reverse-source-last-order01	192	32	31,31	200	32	1,31
04/depth2-side-1-reverse-source-last-order01	197	32	31,31	200	32	0,31
04/depth2-side-1-reverse-source-last-order01	202	32	31,31	200	32	0,31
04/depth2-side-1-reverse-source-last-order01	207	32	31,31	200	32	0,31
04/depth2-side-1-reverse-source-last-order01	212	32	31,31	200	32	1,31
04/depth2-side-1-reverse-source-last-order01	217	32	31,31	200	32	0,31
04/depth2-side-1-reverse-source-last-order01	222	32	31,31	200	32	1,31
04/depth2-side-1-reverse-source-last-order10	27	32	31,31	200	32	31,1
04/depth2-side-1-reverse-source-last-order10	32	32	31,31	200	32	31,1
04/depth2-side-1-reverse-source-last-order10	37	32	31,31	200	32	0,31
04/depth2-side-1-reverse-source-last-order10	42	32	31,31	200	32	1,31
04/depth2-side-1-reverse-source-last-order10	47	32	31,31	200	32	31,1
04/depth2-side-1-reverse-source-last-order10	52	32	31,31	200	32	1,31
04/depth2-side-1-reverse-source-last-order10	57	32	31,31	200	32	1,31
04/depth2-side-1-reverse-source-last-order10	62	32	31,31	200	32	0,31
04/depth2-side-1-reverse-source-last-order10	67	32	31,31	200	32	0,31
04/depth2-side-1-reverse-source-last-order10	72	32	31,31	200	32	1,31
04/depth2-side-1-reverse-source-last-order10	77	32	31,31	200	32	31,0
04/depth2-side-1-reverse-source-last-order10	82	32	31,31	200	32	31,0
04/depth2-side-1-reverse-source-last-order10	87	32	31,31	200	32	31,1
04/depth2-side-1-reverse-source-last-order10	92	32	31,31	200	32	1,31
04/depth2-side-1-reverse-source-last-order10	97	32	31,31	200	32	31,1
04/depth2-side-1-reverse-source-last-order10	102	32	31,31	200	32	1,31
04/depth2-side-1-reverse-source-last-order10	107	32	31,31	200	32	1,31
04/depth2-side-1-reverse-source-last-order10	112	32	31,31	200	32	1,31
04/depth2-side-1-reverse-source-last-order10	117	32	31,31	200	32	31,1
04/depth2-side-1-reverse-source-last-order10	122	32	31,31	200	32	31,0
04/depth2-side-1-reverse-source-last-order10	127	32	31,31	200	32	31,0
04/depth2-side-1-reverse-source-last-order10	132	32	31,31	200	32	1,31
04/depth2-side-1-reverse-source-last-order10	137	32	31,31	200	32	31,0
04/depth2-side-1-reverse-source-last-order10	142	32	31,31	200	32	1,31
04/depth2-side-1-reverse-source-last-order10	147	32	31,31	200	32	0,31
04/depth2-side-1-reverse-source-last-order10	152	32	31,31	200	32	31,1
04/depth2-side-1-reverse-source-last-order10	157	32	31,31	200	32	31,1
04/depth2-side-1-reverse-source-last-order10	162	32	31,31	200	32	1,31
04/depth2-side-1-reverse-source-last-order10	167	32	31,31	200	32	31,0
04/depth2-side-1-reverse-source-last-order10	172	32	31,31	200	32	31,1
04/depth2-side-1-reverse-source-last-order10	177	32	31,31	200	32	0,31
04/depth2-side-1-reverse-source-last-order10	182	32	31,31	200	32	31,1
04/depth2-side-1-reverse-source-last-order10	187	32	31,31	200	32	31,0
04/depth2-side-1-reverse-source-last-order10	192	32	31,31	200	32	31,1
04/depth2-side-1-reverse-source-last-order10	197	32	31,31	200	32	31,1
04/depth2-side-1-reverse-source-last-order10	202	32	31,31	200	32	31,0
04/depth2-side-1-reverse-source-last-order10	207	32	31,31	200	32	31,1
04/depth2-side-1-reverse-source-last-order10	212	32	31,31	200	32	31,1
04/depth2-side-1-reverse-source-last-order10	217	32	31,31	200	32	0,31
04/depth2-side-1-reverse-source-last-order10	222	32	31,31	200	32	31,0
04/depth2-side1-forward-wires-first-order01	27	32	31,31	200	32	0,31
04/depth2-side1-forward-wires-first-order01	32	32	31,31	200	32	31,1
04/depth2-side1-forward-wires-first-order01	37	32	31,31	200	32	31,0
04/depth2-side1-forward-wires-first-order01	42	32	31,31	200	32	0,31
04/depth2-side1-forward-wires-first-order01	47	32	31,31	200	32	31,0
04/depth2-side1-forward-wires-first-order01	52	32	31,31	200	32	31,1
04/depth2-side1-forward-wires-first-order01	57	32	31,31	200	32	1,31
04/depth2-side1-forward-wires-first-order01	62	32	31,31	200	32	1,31
04/depth2-side1-forward-wires-first-order01	67	32	31,31	200	32	31,1
04/depth2-side1-forward-wires-first-order01	72	32	31,31	200	32	31,1
04/depth2-side1-forward-wires-first-order01	77	32	31,31	200	32	31,0
04/depth2-side1-forward-wires-first-order01	82	32	31,31	200	32	1,31
04/depth2-side1-forward-wires-first-order01	87	32	31,31	200	32	0,31
04/depth2-side1-forward-wires-first-order01	92	32	31,31	200	32	1,31
04/depth2-side1-forward-wires-first-order01	97	32	31,31	200	32	1,31
04/depth2-side1-forward-wires-first-order01	102	32	31,31	200	32	31,1
04/depth2-side1-forward-wires-first-order01	107	32	31,31	200	32	0,31
04/depth2-side1-forward-wires-first-order01	112	32	31,31	200	32	31,1
04/depth2-side1-forward-wires-first-order01	117	32	31,31	200	32	0,31
04/depth2-side1-forward-wires-first-order01	122	32	31,31	200	32	31,0
04/depth2-side1-forward-wires-first-order01	127	32	31,31	200	32	1,31
04/depth2-side1-forward-wires-first-order01	132	32	31,31	200	32	1,31
04/depth2-side1-forward-wires-first-order01	137	32	31,31	200	32	31,0
04/depth2-side1-forward-wires-first-order01	142	32	31,31	200	32	31,1
04/depth2-side1-forward-wires-first-order01	147	32	31,31	200	32	1,31
04/depth2-side1-forward-wires-first-order01	152	32	31,31	200	32	1,31
04/depth2-side1-forward-wires-first-order01	157	32	31,31	200	32	1,31
04/depth2-side1-forward-wires-first-order01	162	32	31,31	200	32	31,1
04/depth2-side1-forward-wires-first-order01	167	32	31,31	200	32	31,1
04/depth2-side1-forward-wires-first-order01	172	32	31,31	200	32	1,31
04/depth2-side1-forward-wires-first-order01	177	32	31,31	200	32	1,31
04/depth2-side1-forward-wires-first-order01	182	32	31,31	200	32	31,0
04/depth2-side1-forward-wires-first-order01	187	32	31,31	200	32	1,31
04/depth2-side1-forward-wires-first-order01	192	32	31,31	200	32	1,31
04/depth2-side1-forward-wires-first-order01	197	32	31,31	200	32	31,1
04/depth2-side1-forward-wires-first-order01	202	32	31,31	200	32	0,31
04/depth2-side1-forward-wires-first-order01	207	32	31,31	200	32	31,1
04/depth2-side1-forward-wires-first-order01	212	32	31,31	200	32	1,31
04/depth2-side1-forward-wires-first-order01	217	32	31,31	200	32	31,1
04/depth2-side1-forward-wires-first-order01	222	32	31,31	200	32	31,1
04/depth2-side1-forward-wires-first-order10	27	32	31,31	200	32	1,31
04/depth2-side1-forward-wires-first-order10	32	32	31,31	200	32	31,1
04/depth2-side1-forward-wires-first-order10	37	32	31,31	200	32	0,31
04/depth2-side1-forward-wires-first-order10	42	32	31,31	200	32	31,0
04/depth2-side1-forward-wires-first-order10	47	32	31,31	200	32	31,1
04/depth2-side1-forward-wires-first-order10	52	32	31,31	200	32	1,31
04/depth2-side1-forward-wires-first-order10	57	32	31,31	200	32	31,0
04/depth2-side1-forward-wires-first-order10	62	32	31,31	200	32	1,31
04/depth2-side1-forward-wires-first-order10	67	32	31,31	200	32	31,1
04/depth2-side1-forward-wires-first-order10	72	32	31,31	200	32	31,1
04/depth2-side1-forward-wires-first-order10	77	32	31,31	200	32	1,31
04/depth2-side1-forward-wires-first-order10	82	32	31,31	200	32	1,31
04/depth2-side1-forward-wires-first-order10	87	32	31,31	200	32	31,1
04/depth2-side1-forward-wires-first-order10	92	32	31,31	200	32	31,1
04/depth2-side1-forward-wires-first-order10	97	32	31,31	200	32	31,1
04/depth2-side1-forward-wires-first-order10	102	32	31,31	200	32	0,31
04/depth2-side1-forward-wires-first-order10	107	32	31,31	200	32	31,1
04/depth2-side1-forward-wires-first-order10	112	32	31,31	200	32	1,31
04/depth2-side1-forward-wires-first-order10	117	32	31,31	200	32	1,31
04/depth2-side1-forward-wires-first-order10	122	32	31,31	200	32	1,31
04/depth2-side1-forward-wires-first-order10	127	32	31,31	200	32	31,0
04/depth2-side1-forward-wires-first-order10	132	32	31,31	200	32	31,1
04/depth2-side1-forward-wires-first-order10	137	32	31,31	200	32	0,31
04/depth2-side1-forward-wires-first-order10	142	32	31,31	200	32	0,31
04/depth2-side1-forward-wires-first-order10	147	32	31,31	200	32	31,1
04/depth2-side1-forward-wires-first-order10	152	32	31,31	200	32	1,31
04/depth2-side1-forward-wires-first-order10	157	32	31,31	200	32	31,1
04/depth2-side1-forward-wires-first-order10	162	32	31,31	200	32	31,1
04/depth2-side1-forward-wires-first-order10	167	32	31,31	200	32	31,1
04/depth2-side1-forward-wires-first-order10	172	32	31,31	200	32	1,31
04/depth2-side1-forward-wires-first-order10	177	32	31,31	200	32	31,0
04/depth2-side1-forward-wires-first-order10	182	32	31,31	200	32	0,31
04/depth2-side1-forward-wires-first-order10	187	32	31,31	200	32	1,31
04/depth2-side1-forward-wires-first-order10	192	32	31,31	200	32	31,1
04/depth2-side1-forward-wires-first-order10	197	32	31,31	200	32	31,1
04/depth2-side1-forward-wires-first-order10	202	32	31,31	200	32	31,1
04/depth2-side1-forward-wires-first-order10	207	32	31,31	200	32	31,0
04/depth2-side1-forward-wires-first-order10	212	32	31,31	200	32	31,1
04/depth2-side1-forward-wires-first-order10	217	32	31,31	200	32	31,0
04/depth2-side1-forward-wires-first-order10	222	32	31,31	200	32	31,0
04/depth2-side1-forward-source-last-order01	27	32	31,31	200	32	0,31
04/depth2-side1-forward-source-last-order01	32	32	31,31	200	32	31,1
04/depth2-side1-forward-source-last-order01	37	32	31,31	200	32	1,31
04/depth2-side1-forward-source-last-order01	42	32	31,31	200	32	31,1
04/depth2-side1-forward-source-last-order01	47	32	31,31	200	32	31,1
04/depth2-side1-forward-source-last-order01	52	32	31,31	200	32	31,1
04/depth2-side1-forward-source-last-order01	57	32	31,31	200	32	1,31
04/depth2-side1-forward-source-last-order01	62	32	31,31	200	32	31,1
04/depth2-side1-forward-source-last-order01	67	32	31,31	200	32	1,31
04/depth2-side1-forward-source-last-order01	72	32	31,31	200	32	31,1
04/depth2-side1-forward-source-last-order01	77	32	31,31	200	32	1,31
04/depth2-side1-forward-source-last-order01	82	32	31,31	200	32	31,1
04/depth2-side1-forward-source-last-order01	87	32	31,31	200	32	31,0
04/depth2-side1-forward-source-last-order01	92	32	31,31	200	32	31,1
04/depth2-side1-forward-source-last-order01	97	32	31,31	200	32	31,0
04/depth2-side1-forward-source-last-order01	102	32	31,31	200	32	1,31
04/depth2-side1-forward-source-last-order01	107	32	31,31	200	32	31,0
04/depth2-side1-forward-source-last-order01	112	32	31,31	200	32	1,31
04/depth2-side1-forward-source-last-order01	117	32	31,31	200	32	0,31
04/depth2-side1-forward-source-last-order01	122	32	31,31	200	32	1,31
04/depth2-side1-forward-source-last-order01	127	32	31,31	200	32	31,0
04/depth2-side1-forward-source-last-order01	132	32	31,31	200	32	1,31
04/depth2-side1-forward-source-last-order01	137	32	31,31	200	32	31,1
04/depth2-side1-forward-source-last-order01	142	32	31,31	200	32	31,0
04/depth2-side1-forward-source-last-order01	147	32	31,31	200	32	0,31
04/depth2-side1-forward-source-last-order01	152	32	31,31	200	32	31,1
04/depth2-side1-forward-source-last-order01	157	32	31,31	200	32	1,31
04/depth2-side1-forward-source-last-order01	162	32	31,31	200	32	0,31
04/depth2-side1-forward-source-last-order01	167	32	31,31	200	32	1,31
04/depth2-side1-forward-source-last-order01	172	32	31,31	200	32	31,1
04/depth2-side1-forward-source-last-order01	177	32	31,31	200	32	31,1
04/depth2-side1-forward-source-last-order01	182	32	31,31	200	32	31,1
04/depth2-side1-forward-source-last-order01	187	32	31,31	200	32	1,31
04/depth2-side1-forward-source-last-order01	192	32	31,31	200	32	31,1
04/depth2-side1-forward-source-last-order01	197	32	31,31	200	32	0,31
04/depth2-side1-forward-source-last-order01	202	32	31,31	200	32	31,1
04/depth2-side1-forward-source-last-order01	207	32	31,31	200	32	1,31
04/depth2-side1-forward-source-last-order01	212	32	31,31	200	32	1,31
04/depth2-side1-forward-source-last-order01	217	32	31,31	200	32	31,1
04/depth2-side1-forward-source-last-order01	222	32	31,31	200	32	1,31
04/depth2-side1-forward-source-last-order10	27	32	31,31	200	32	1,31
04/depth2-side1-forward-source-last-order10	32	32	31,31	200	32	31,1
04/depth2-side1-forward-source-last-order10	37	32	31,31	200	32	31,0
04/depth2-side1-forward-source-last-order10	42	32	31,31	200	32	31,1
04/depth2-side1-forward-source-last-order10	47	32	31,31	200	32	1,31
04/depth2-side1-forward-source-last-order10	52	32	31,31	200	32	31,1
04/depth2-side1-forward-source-last-order10	57	32	31,31	200	32	1,31
04/depth2-side1-forward-source-last-order10	62	32	31,31	200	32	31,0
04/depth2-side1-forward-source-last-order10	67	32	31,31	200	32	31,1
04/depth2-side1-forward-source-last-order10	72	32	31,31	200	32	1,31
04/depth2-side1-forward-source-last-order10	77	32	31,31	200	32	1,31
04/depth2-side1-forward-source-last-order10	82	32	31,31	200	32	0,31
04/depth2-side1-forward-source-last-order10	87	32	31,31	200	32	1,31
04/depth2-side1-forward-source-last-order10	92	32	31,31	200	32	1,31
04/depth2-side1-forward-source-last-order10	97	32	31,31	200	32	0,31
04/depth2-side1-forward-source-last-order10	102	32	31,31	200	32	31,0
04/depth2-side1-forward-source-last-order10	107	32	31,31	200	32	31,0
04/depth2-side1-forward-source-last-order10	112	32	31,31	200	32	31,1
04/depth2-side1-forward-source-last-order10	117	32	31,31	200	32	1,31
04/depth2-side1-forward-source-last-order10	122	32	31,31	200	32	0,31
04/depth2-side1-forward-source-last-order10	127	32	31,31	200	32	31,0
04/depth2-side1-forward-source-last-order10	132	32	31,31	200	32	1,31
04/depth2-side1-forward-source-last-order10	137	32	31,31	200	32	0,31
04/depth2-side1-forward-source-last-order10	142	32	31,31	200	32	0,31
04/depth2-side1-forward-source-last-order10	147	32	31,31	200	32	0,31
04/depth2-side1-forward-source-last-order10	152	32	31,31	200	32	31,1
04/depth2-side1-forward-source-last-order10	157	32	31,31	200	32	1,31
04/depth2-side1-forward-source-last-order10	162	32	31,31	200	32	31,1
04/depth2-side1-forward-source-last-order10	167	32	31,31	200	32	31,0
04/depth2-side1-forward-source-last-order10	172	32	31,31	200	32	1,31
04/depth2-side1-forward-source-last-order10	177	32	31,31	200	32	31,0
04/depth2-side1-forward-source-last-order10	182	32	31,31	200	32	31,0
04/depth2-side1-forward-source-last-order10	187	32	31,31	200	32	0,31
04/depth2-side1-forward-source-last-order10	192	32	31,31	200	32	31,1
04/depth2-side1-forward-source-last-order10	197	32	31,31	200	32	0,31
04/depth2-side1-forward-source-last-order10	202	32	31,31	200	32	31,0
04/depth2-side1-forward-source-last-order10	207	32	31,31	200	32	31,1
04/depth2-side1-forward-source-last-order10	212	32	31,31	200	32	31,1
04/depth2-side1-forward-source-last-order10	217	32	31,31	200	32	31,0
04/depth2-side1-forward-source-last-order10	222	32	31,31	200	32	1,31
04/depth2-side1-reverse-wires-first-order01	27	32	31,31	200	32	1,31
04/depth2-side1-reverse-wires-first-order01	32	32	31,31	200	32	1,31
04/depth2-side1-reverse-wires-first-order01	37	32	31,31	200	32	31,1
04/depth2-side1-reverse-wires-first-order01	42	32	31,31	200	32	31,1
04/depth2-side1-reverse-wires-first-order01	47	32	31,31	200	32	31,0
04/depth2-side1-reverse-wires-first-order01	52	32	31,31	200	32	1,31
04/depth2-side1-reverse-wires-first-order01	57	32	31,31	200	32	31,1
04/depth2-side1-reverse-wires-first-order01	62	32	31,31	200	32	0,31
04/depth2-side1-reverse-wires-first-order01	67	32	31,31	200	32	1,31
04/depth2-side1-reverse-wires-first-order01	72	32	31,31	200	32	31,1
04/depth2-side1-reverse-wires-first-order01	77	32	31,31	200	32	31,1
04/depth2-side1-reverse-wires-first-order01	82	32	31,31	200	32	1,31
04/depth2-side1-reverse-wires-first-order01	87	32	31,31	200	32	31,0
04/depth2-side1-reverse-wires-first-order01	92	32	31,31	200	32	1,31
04/depth2-side1-reverse-wires-first-order01	97	32	31,31	200	32	1,31
04/depth2-side1-reverse-wires-first-order01	102	32	31,31	200	32	31,0
04/depth2-side1-reverse-wires-first-order01	107	32	31,31	200	32	0,31
04/depth2-side1-reverse-wires-first-order01	112	32	31,31	200	32	31,1
04/depth2-side1-reverse-wires-first-order01	117	32	31,31	200	32	1,31
04/depth2-side1-reverse-wires-first-order01	122	32	31,31	200	32	31,0
04/depth2-side1-reverse-wires-first-order01	127	32	31,31	200	32	31,0
04/depth2-side1-reverse-wires-first-order01	132	32	31,31	200	32	1,31
04/depth2-side1-reverse-wires-first-order01	137	32	31,31	200	32	31,0
04/depth2-side1-reverse-wires-first-order01	142	32	31,31	200	32	31,0
04/depth2-side1-reverse-wires-first-order01	147	32	31,31	200	32	31,1
04/depth2-side1-reverse-wires-first-order01	152	32	31,31	200	32	1,31
04/depth2-side1-reverse-wires-first-order01	157	32	31,31	200	32	31,0
04/depth2-side1-reverse-wires-first-order01	162	32	31,31	200	32	1,31
04/depth2-side1-reverse-wires-first-order01	167	32	31,31	200	32	1,31
04/depth2-side1-reverse-wires-first-order01	172	32	31,31	200	32	1,31
04/depth2-side1-reverse-wires-first-order01	177	32	31,31	200	32	31,1
04/depth2-side1-reverse-wires-first-order01	182	32	31,31	200	32	31,0
04/depth2-side1-reverse-wires-first-order01	187	32	31,31	200	32	31,1
04/depth2-side1-reverse-wires-first-order01	192	32	31,31	200	32	1,31
04/depth2-side1-reverse-wires-first-order01	197	32	31,31	200	32	31,0
04/depth2-side1-reverse-wires-first-order01	202	32	31,31	200	32	0,31
04/depth2-side1-reverse-wires-first-order01	207	32	31,31	200	32	31,1
04/depth2-side1-reverse-wires-first-order01	212	32	31,31	200	32	1,31
04/depth2-side1-reverse-wires-first-order01	217	32	31,31	200	32	31,1
04/depth2-side1-reverse-wires-first-order01	222	32	31,31	200	32	31,0
04/depth2-side1-reverse-wires-first-order10	27	32	31,31	200	32	31,0
04/depth2-side1-reverse-wires-first-order10	32	32	31,31	200	32	31,1
04/depth2-side1-reverse-wires-first-order10	37	32	31,31	200	32	31,0
04/depth2-side1-reverse-wires-first-order10	42	32	31,31	200	32	31,0
04/depth2-side1-reverse-wires-first-order10	47	32	31,31	200	32	0,31
04/depth2-side1-reverse-wires-first-order10	52	32	31,31	200	32	1,31
04/depth2-side1-reverse-wires-first-order10	57	32	31,31	200	32	31,1
04/depth2-side1-reverse-wires-first-order10	62	32	31,31	200	32	1,31
04/depth2-side1-reverse-wires-first-order10	67	32	31,31	200	32	0,31
04/depth2-side1-reverse-wires-first-order10	72	32	31,31	200	32	31,1
04/depth2-side1-reverse-wires-first-order10	77	32	31,31	200	32	0,31
04/depth2-side1-reverse-wires-first-order10	82	32	31,31	200	32	1,31
04/depth2-side1-reverse-wires-first-order10	87	32	31,31	200	32	31,0
04/depth2-side1-reverse-wires-first-order10	92	32	31,31	200	32	1,31
04/depth2-side1-reverse-wires-first-order10	97	32	31,31	200	32	0,31
04/depth2-side1-reverse-wires-first-order10	102	32	31,31	200	32	31,0
04/depth2-side1-reverse-wires-first-order10	107	32	31,31	200	32	31,0
04/depth2-side1-reverse-wires-first-order10	112	32	31,31	200	32	1,31
04/depth2-side1-reverse-wires-first-order10	117	32	31,31	200	32	1,31
04/depth2-side1-reverse-wires-first-order10	122	32	31,31	200	32	0,31
04/depth2-side1-reverse-wires-first-order10	127	32	31,31	200	32	31,1
04/depth2-side1-reverse-wires-first-order10	132	32	31,31	200	32	31,1
04/depth2-side1-reverse-wires-first-order10	137	32	31,31	200	32	31,1
04/depth2-side1-reverse-wires-first-order10	142	32	31,31	200	32	31,1
04/depth2-side1-reverse-wires-first-order10	147	32	31,31	200	32	31,1
04/depth2-side1-reverse-wires-first-order10	152	32	31,31	200	32	1,31
04/depth2-side1-reverse-wires-first-order10	157	32	31,31	200	32	1,31
04/depth2-side1-reverse-wires-first-order10	162	32	31,31	200	32	0,31
04/depth2-side1-reverse-wires-first-order10	167	32	31,31	200	32	1,31
04/depth2-side1-reverse-wires-first-order10	172	32	31,31	200	32	31,1
04/depth2-side1-reverse-wires-first-order10	177	32	31,31	200	32	0,31
04/depth2-side1-reverse-wires-first-order10	182	32	31,31	200	32	31,0
04/depth2-side1-reverse-wires-first-order10	187	32	31,31	200	32	1,31
04/depth2-side1-reverse-wires-first-order10	192	32	31,31	200	32	1,31
04/depth2-side1-reverse-wires-first-order10	197	32	31,31	200	32	1,31
04/depth2-side1-reverse-wires-first-order10	202	32	31,31	200	32	31,1
04/depth2-side1-reverse-wires-first-order10	207	32	31,31	200	32	1,31
04/depth2-side1-reverse-wires-first-order10	212	32	31,31	200	32	1,31
04/depth2-side1-reverse-wires-first-order10	217	32	31,31	200	32	31,0
04/depth2-side1-reverse-wires-first-order10	222	32	31,31	200	32	31,0
04/depth2-side1-reverse-source-last-order01	27	32	31,31	200	32	0,31
04/depth2-side1-reverse-source-last-order01	32	32	31,31	200	32	31,1
04/depth2-side1-reverse-source-last-order01	37	32	31,31	200	32	31,0
04/depth2-side1-reverse-source-last-order01	42	32	31,31	200	32	1,31
04/depth2-side1-reverse-source-last-order01	47	32	31,31	200	32	0,31
04/depth2-side1-reverse-source-last-order01	52	32	31,31	200	32	1,31
04/depth2-side1-reverse-source-last-order01	57	32	31,31	200	32	0,31
04/depth2-side1-reverse-source-last-order01	62	32	31,31	200	32	31,1
04/depth2-side1-reverse-source-last-order01	67	32	31,31	200	32	31,1
04/depth2-side1-reverse-source-last-order01	72	32	31,31	200	32	1,31
04/depth2-side1-reverse-source-last-order01	77	32	31,31	200	32	1,31
04/depth2-side1-reverse-source-last-order01	82	32	31,31	200	32	1,31
04/depth2-side1-reverse-source-last-order01	87	32	31,31	200	32	31,1
04/depth2-side1-reverse-source-last-order01	92	32	31,31	200	32	31,1
04/depth2-side1-reverse-source-last-order01	97	32	31,31	200	32	0,31
04/depth2-side1-reverse-source-last-order01	102	32	31,31	200	32	1,31
04/depth2-side1-reverse-source-last-order01	107	32	31,31	200	32	31,0
04/depth2-side1-reverse-source-last-order01	112	32	31,31	200	32	1,31
04/depth2-side1-reverse-source-last-order01	117	32	31,31	200	32	0,31
04/depth2-side1-reverse-source-last-order01	122	32	31,31	200	32	31,1
04/depth2-side1-reverse-source-last-order01	127	32	31,31	200	32	31,1
04/depth2-side1-reverse-source-last-order01	132	32	31,31	200	32	31,1
04/depth2-side1-reverse-source-last-order01	137	32	31,31	200	32	31,1
04/depth2-side1-reverse-source-last-order01	142	32	31,31	200	32	31,1
04/depth2-side1-reverse-source-last-order01	147	32	31,31	200	32	1,31
04/depth2-side1-reverse-source-last-order01	152	32	31,31	200	32	31,1
04/depth2-side1-reverse-source-last-order01	157	32	31,31	200	32	31,1
04/depth2-side1-reverse-source-last-order01	162	32	31,31	200	32	0,31
04/depth2-side1-reverse-source-last-order01	167	32	31,31	200	32	31,0
04/depth2-side1-reverse-source-last-order01	172	32	31,31	200	32	31,1
04/depth2-side1-reverse-source-last-order01	177	32	31,31	200	32	31,0
04/depth2-side1-reverse-source-last-order01	182	32	31,31	200	32	1,31
04/depth2-side1-reverse-source-last-order01	187	32	31,31	200	32	31,1
04/depth2-side1-reverse-source-last-order01	192	32	31,31	200	32	31,1
04/depth2-side1-reverse-source-last-order01	197	32	31,31	200	32	31,0
04/depth2-side1-reverse-source-last-order01	202	32	31,31	200	32	31,1
04/depth2-side1-reverse-source-last-order01	207	32	31,31	200	32	0,31
04/depth2-side1-reverse-source-last-order01	212	32	31,31	200	32	31,1
04/depth2-side1-reverse-source-last-order01	217	32	31,31	200	32	31,0
04/depth2-side1-reverse-source-last-order01	222	32	31,31	200	32	31,1
04/depth2-side1-reverse-source-last-order10	27	32	31,31	200	32	31,0
04/depth2-side1-reverse-source-last-order10	32	32	31,31	200	32	31,1
04/depth2-side1-reverse-source-last-order10	37	32	31,31	200	32	1,31
04/depth2-side1-reverse-source-last-order10	42	32	31,31	200	32	31,0
04/depth2-side1-reverse-source-last-order10	47	32	31,31	200	32	31,0
04/depth2-side1-reverse-source-last-order10	52	32	31,31	200	32	31,1
04/depth2-side1-reverse-source-last-order10	57	32	31,31	200	32	31,1
04/depth2-side1-reverse-source-last-order10	62	32	31,31	200	32	0,31
04/depth2-side1-reverse-source-last-order10	67	32	31,31	200	32	1,31
04/depth2-side1-reverse-source-last-order10	72	32	31,31	200	32	31,1
04/depth2-side1-reverse-source-last-order10	77	32	31,31	200	32	1,31
04/depth2-side1-reverse-source-last-order10	82	32	31,31	200	32	31,0
04/depth2-side1-reverse-source-last-order10	87	32	31,31	200	32	1,31
04/depth2-side1-reverse-source-last-order10	92	32	31,31	200	32	1,31
04/depth2-side1-reverse-source-last-order10	97	32	31,31	200	32	1,31
04/depth2-side1-reverse-source-last-order10	102	32	31,31	200	32	31,1
04/depth2-side1-reverse-source-last-order10	107	32	31,31	200	32	0,31
04/depth2-side1-reverse-source-last-order10	112	32	31,31	200	32	1,31
04/depth2-side1-reverse-source-last-order10	117	32	31,31	200	32	31,0
04/depth2-side1-reverse-source-last-order10	122	32	31,31	200	32	31,1
04/depth2-side1-reverse-source-last-order10	127	32	31,31	200	32	0,31
04/depth2-side1-reverse-source-last-order10	132	32	31,31	200	32	31,1
04/depth2-side1-reverse-source-last-order10	137	32	31,31	200	32	0,31
04/depth2-side1-reverse-source-last-order10	142	32	31,31	200	32	31,1
04/depth2-side1-reverse-source-last-order10	147	32	31,31	200	32	31,0
04/depth2-side1-reverse-source-last-order10	152	32	31,31	200	32	31,1
04/depth2-side1-reverse-source-last-order10	157	32	31,31	200	32	31,0
04/depth2-side1-reverse-source-last-order10	162	32	31,31	200	32	31,0
04/depth2-side1-reverse-source-last-order10	167	32	31,31	200	32	31,1
04/depth2-side1-reverse-source-last-order10	172	32	31,31	200	32	1,31
04/depth2-side1-reverse-source-last-order10	177	32	31,31	200	32	1,31
04/depth2-side1-reverse-source-last-order10	182	32	31,31	200	32	31,1
04/depth2-side1-reverse-source-last-order10	187	32	31,31	200	32	0,31
04/depth2-side1-reverse-source-last-order10	192	32	31,31	200	32	31,1
04/depth2-side1-reverse-source-last-order10	197	32	31,31	200	32	31,1
04/depth2-side1-reverse-source-last-order10	202	32	31,31	200	32	31,0
04/depth2-side1-reverse-source-last-order10	207	32	31,31	200	32	31,1
04/depth2-side1-reverse-source-last-order10	212	32	31,31	200	32	31,1
04/depth2-side1-reverse-source-last-order10	217	32	31,31	200	32	31,1
04/depth2-side1-reverse-source-last-order10	222	32	31,31	200	32	1,31
05/reset-each-tick/depth2-side1-forward-wires-first-order01	27	32	31,31	200	32	31,0
05/reset-each-tick/depth2-side1-forward-wires-first-order01	28	32	31,31	200	32	1,31
05/reset-each-tick/depth2-side1-forward-wires-first-order01	29	32	31,31	200	32	0,31
05/reset-each-tick/depth2-side1-forward-wires-first-order01	30	32	31,31	200	32	31,1
05/reset-each-tick/depth2-side1-forward-wires-first-order01	31	32	31,31	200	32	31,1
05/reset-each-tick/depth2-side1-forward-wires-first-order01	32	32	31,31	200	32	1,31
05/reset-each-tick/depth2-side1-forward-wires-first-order01	33	32	31,31	200	32	31,0
05/reset-each-tick/depth2-side1-forward-wires-first-order01	34	32	31,31	200	32	31,1
05/reset-each-tick/depth2-side1-forward-wires-first-order01	35	32	31,31	200	32	31,1
05/reset-each-tick/depth2-side1-forward-wires-first-order01	36	32	31,31	200	32	31,1
05/reset-each-tick/depth2-side1-forward-wires-first-order01	37	32	31,31	200	32	31,1
05/reset-each-tick/depth2-side1-forward-wires-first-order01	38	32	31,31	200	32	31,1
05/reset-each-tick/depth2-side1-forward-wires-first-order01	39	32	31,31	200	32	31,1
05/reset-each-tick/depth2-side1-forward-wires-first-order01	40	32	31,31	200	32	31,1
05/reset-each-tick/depth2-side1-forward-wires-first-order01	41	32	31,31	200	32	1,31
05/reset-each-tick/depth2-side1-forward-wires-first-order01	42	32	31,31	200	32	31,0
05/reset-each-tick/depth2-side1-forward-wires-first-order01	43	32	31,31	200	32	0,31
05/reset-each-tick/depth2-side1-forward-wires-first-order01	44	32	31,31	200	32	1,31
05/reset-each-tick/depth2-side1-forward-wires-first-order01	45	32	31,31	200	32	1,31
05/reset-each-tick/depth2-side1-forward-wires-first-order01	46	32	31,31	200	32	0,31
05/reset-each-tick/depth2-side1-forward-wires-first-order01	47	32	31,31	200	32	1,31
05/reset-each-tick/depth2-side1-forward-wires-first-order01	48	32	31,31	200	32	31,1
05/reset-each-tick/depth2-side1-forward-wires-first-order01	49	32	31,31	200	32	1,31
05/reset-each-tick/depth2-side1-forward-wires-first-order01	50	32	31,31	200	32	31,0
05/reset-each-tick/depth2-side1-forward-wires-first-order01	51	32	31,31	200	32	1,31
05/reset-each-tick/depth2-side1-forward-wires-first-order01	52	32	31,31	200	32	1,31
05/reset-each-tick/depth2-side1-forward-wires-first-order01	53	32	31,31	200	32	31,1
05/reset-each-tick/depth2-side1-forward-wires-first-order01	54	32	31,31	200	32	31,0
05/reset-each-tick/depth2-side1-forward-wires-first-order01	55	32	31,31	200	32	31,0
05/reset-each-tick/depth2-side1-forward-wires-first-order01	56	32	31,31	200	32	31,1
05/reset-each-tick/depth2-side1-forward-wires-first-order01	57	32	31,31	200	32	0,31
05/reset-each-tick/depth2-side1-forward-wires-first-order01	58	32	31,31	200	32	31,0
05/reset-each-tick/depth2-side1-forward-wires-first-order01	59	32	31,31	200	32	0,31
05/reset-each-tick/depth2-side1-forward-wires-first-order01	60	32	31,31	200	32	1,31
05/reset-each-tick/depth2-side1-forward-wires-first-order01	61	32	31,31	200	32	31,0
05/reset-each-tick/depth2-side1-forward-wires-first-order01	62	32	31,31	200	32	31,1
05/reset-each-tick/depth2-side1-forward-wires-first-order01	63	32	31,31	200	32	31,1
05/reset-each-tick/depth2-side1-forward-wires-first-order01	64	32	31,31	200	32	31,1
05/reset-each-tick/depth2-side1-forward-wires-first-order01	65	32	31,31	200	32	0,31
05/reset-each-tick/depth2-side1-forward-wires-first-order01	66	32	31,31	200	32	31,0
05/reset-each-tick/depth2-side1-forward-wires-first-order01	67	32	31,31	200	32	0,31
05/reset-each-tick/depth2-side1-forward-wires-first-order01	68	32	31,31	200	32	1,31
05/reset-each-tick/depth2-side1-forward-wires-first-order01	69	32	31,31	200	32	0,31
05/reset-each-tick/depth2-side1-forward-wires-first-order01	70	32	31,31	200	32	1,31
05/reset-each-tick/depth2-side1-forward-wires-first-order01	71	32	31,31	200	32	31,0
05/reset-each-tick/depth2-side1-forward-wires-first-order01	72	32	31,31	200	32	31,1
05/reset-each-tick/depth2-side1-forward-wires-first-order01	73	32	31,31	200	32	31,0
05/reset-each-tick/depth2-side1-forward-wires-first-order01	74	32	31,31	200	32	0,31
05/reset-each-tick/depth2-side1-forward-wires-first-order01	75	32	31,31	200	32	0,31
05/reset-each-tick/depth2-side1-forward-wires-first-order01	76	32	31,31	200	32	1,31
05/reset-each-tick/depth2-side1-forward-wires-first-order01	77	32	31,31	200	32	1,31
05/reset-each-tick/depth2-side1-forward-wires-first-order01	78	32	31,31	200	32	31,0
05/reset-each-tick/depth2-side1-forward-wires-first-order01	79	32	31,31	200	32	31,1
05/reset-each-tick/depth2-side1-forward-wires-first-order01	80	32	31,31	200	32	1,31
05/reset-each-tick/depth2-side1-forward-wires-first-order01	81	32	31,31	200	32	31,0
05/reset-each-tick/depth2-side1-forward-wires-first-order01	82	32	31,31	200	32	31,1
05/reset-each-tick/depth2-side1-forward-wires-first-order01	83	32	31,31	200	32	31,0
05/reset-each-tick/depth2-side1-forward-wires-first-order01	84	32	31,31	200	32	1,31
05/reset-each-tick/depth2-side1-forward-wires-first-order01	85	32	31,31	200	32	1,31
05/reset-each-tick/depth2-side1-forward-wires-first-order01	86	32	31,31	200	32	31,1
05/reset-each-tick/depth2-side1-forward-wires-first-order01	87	32	31,31	200	32	31,0
05/reset-each-tick/depth2-side1-forward-wires-first-order01	88	32	31,31	200	32	31,1
05/reset-each-tick/depth2-side1-forward-wires-first-order01	89	32	31,31	200	32	1,31
05/reset-each-tick/depth2-side1-forward-wires-first-order01	90	32	31,31	200	32	31,0
05/reset-each-tick/depth2-side1-forward-wires-first-order01	91	32	31,31	200	32	31,0
05/reset-each-tick/depth2-side1-forward-wires-first-order01	92	32	31,31	200	32	1,31
05/reset-each-tick/depth2-side1-forward-wires-first-order01	93	32	31,31	200	32	31,0
05/reset-each-tick/depth2-side1-forward-wires-first-order01	94	32	31,31	200	32	31,0
05/reset-each-tick/depth2-side1-forward-wires-first-order01	95	32	31,31	200	32	31,1
05/reset-each-tick/depth2-side1-forward-wires-first-order01	96	32	31,31	200	32	1,31
05/reset-each-tick/depth2-side1-forward-wires-first-order01	97	32	31,31	200	32	0,31
05/reset-each-tick/depth2-side1-forward-wires-first-order01	98	32	31,31	200	32	31,0
05/reset-each-tick/depth2-side1-forward-wires-first-order01	99	32	31,31	200	32	31,1
05/reset-each-tick/depth2-side1-forward-wires-first-order01	100	32	31,31	200	32	1,31
05/reset-each-tick/depth2-side1-forward-wires-first-order01	101	32	31,31	200	32	31,0
05/reset-each-tick/depth2-side1-forward-wires-first-order01	102	32	31,31	200	32	1,31
05/reset-each-tick/depth2-side1-forward-wires-first-order01	103	32	31,31	200	32	31,1
05/reset-each-tick/depth2-side1-forward-wires-first-order01	104	32	31,31	200	32	1,31
05/reset-each-tick/depth2-side1-forward-wires-first-order01	105	32	31,31	200	32	1,31
05/reset-each-tick/depth2-side1-forward-wires-first-order01	106	32	31,31	200	32	31,0
05/reset-each-tick/depth2-side1-forward-source-last-order01	27	32	31,31	200	32	31,1
05/reset-each-tick/depth2-side1-forward-source-last-order01	28	32	31,31	200	32	1,31
05/reset-each-tick/depth2-side1-forward-source-last-order01	29	32	31,31	200	32	0,31
05/reset-each-tick/depth2-side1-forward-source-last-order01	30	32	31,31	200	32	1,31
05/reset-each-tick/depth2-side1-forward-source-last-order01	31	32	31,31	200	32	1,31
05/reset-each-tick/depth2-side1-forward-source-last-order01	32	32	31,31	200	32	1,31
05/reset-each-tick/depth2-side1-forward-source-last-order01	33	32	31,31	200	32	0,31
05/reset-each-tick/depth2-side1-forward-source-last-order01	34	32	31,31	200	32	1,31
05/reset-each-tick/depth2-side1-forward-source-last-order01	35	32	31,31	200	32	31,0
05/reset-each-tick/depth2-side1-forward-source-last-order01	36	32	31,31	200	32	31,1
05/reset-each-tick/depth2-side1-forward-source-last-order01	37	32	31,31	200	32	31,1
05/reset-each-tick/depth2-side1-forward-source-last-order01	38	32	31,31	200	32	31,1
05/reset-each-tick/depth2-side1-forward-source-last-order01	39	32	31,31	200	32	1,31
05/reset-each-tick/depth2-side1-forward-source-last-order01	40	32	31,31	200	32	31,1
05/reset-each-tick/depth2-side1-forward-source-last-order01	41	32	31,31	200	32	31,0
05/reset-each-tick/depth2-side1-forward-source-last-order01	42	32	31,31	200	32	31,0
05/reset-each-tick/depth2-side1-forward-source-last-order01	43	32	31,31	200	32	31,1
05/reset-each-tick/depth2-side1-forward-source-last-order01	44	32	31,31	200	32	31,1
05/reset-each-tick/depth2-side1-forward-source-last-order01	45	32	31,31	200	32	31,0
05/reset-each-tick/depth2-side1-forward-source-last-order01	46	32	31,31	200	32	0,31
05/reset-each-tick/depth2-side1-forward-source-last-order01	47	32	31,31	200	32	1,31
05/reset-each-tick/depth2-side1-forward-source-last-order01	48	32	31,31	200	32	31,1
05/reset-each-tick/depth2-side1-forward-source-last-order01	49	32	31,31	200	32	1,31
05/reset-each-tick/depth2-side1-forward-source-last-order01	50	32	31,31	200	32	31,1
05/reset-each-tick/depth2-side1-forward-source-last-order01	51	32	31,31	200	32	1,31
05/reset-each-tick/depth2-side1-forward-source-last-order01	52	32	31,31	200	32	31,1
05/reset-each-tick/depth2-side1-forward-source-last-order01	53	32	31,31	200	32	31,1
05/reset-each-tick/depth2-side1-forward-source-last-order01	54	32	31,31	200	32	31,0
05/reset-each-tick/depth2-side1-forward-source-last-order01	55	32	31,31	200	32	1,31
05/reset-each-tick/depth2-side1-forward-source-last-order01	56	32	31,31	200	32	1,31
05/reset-each-tick/depth2-side1-forward-source-last-order01	57	32	31,31	200	32	1,31
05/reset-each-tick/depth2-side1-forward-source-last-order01	58	32	31,31	200	32	1,31
05/reset-each-tick/depth2-side1-forward-source-last-order01	59	32	31,31	200	32	0,31
05/reset-each-tick/depth2-side1-forward-source-last-order01	60	32	31,31	200	32	1,31
05/reset-each-tick/depth2-side1-forward-source-last-order01	61	32	31,31	200	32	0,31
05/reset-each-tick/depth2-side1-forward-source-last-order01	62	32	31,31	200	32	0,31
05/reset-each-tick/depth2-side1-forward-source-last-order01	63	32	31,31	200	32	1,31
05/reset-each-tick/depth2-side1-forward-source-last-order01	64	32	31,31	200	32	31,1
05/reset-each-tick/depth2-side1-forward-source-last-order01	65	32	31,31	200	32	1,31
05/reset-each-tick/depth2-side1-forward-source-last-order01	66	32	31,31	200	32	31,1
05/reset-each-tick/depth2-side1-forward-source-last-order01	67	32	31,31	200	32	31,0
05/reset-each-tick/depth2-side1-forward-source-last-order01	68	32	31,31	200	32	31,1
05/reset-each-tick/depth2-side1-forward-source-last-order01	69	32	31,31	200	32	31,1
05/reset-each-tick/depth2-side1-forward-source-last-order01	70	32	31,31	200	32	0,31
05/reset-each-tick/depth2-side1-forward-source-last-order01	71	32	31,31	200	32	1,31
05/reset-each-tick/depth2-side1-forward-source-last-order01	72	32	31,31	200	32	31,1
05/reset-each-tick/depth2-side1-forward-source-last-order01	73	32	31,31	200	32	31,1
05/reset-each-tick/depth2-side1-forward-source-last-order01	74	32	31,31	200	32	0,31
05/reset-each-tick/depth2-side1-forward-source-last-order01	75	32	31,31	200	32	31,1
05/reset-each-tick/depth2-side1-forward-source-last-order01	76	32	31,31	200	32	1,31
05/reset-each-tick/depth2-side1-forward-source-last-order01	77	32	31,31	200	32	31,1
05/reset-each-tick/depth2-side1-forward-source-last-order01	78	32	31,31	200	32	0,31
05/reset-each-tick/depth2-side1-forward-source-last-order01	79	32	31,31	200	32	1,31
05/reset-each-tick/depth2-side1-forward-source-last-order01	80	32	31,31	200	32	1,31
05/reset-each-tick/depth2-side1-forward-source-last-order01	81	32	31,31	200	32	0,31
05/reset-each-tick/depth2-side1-forward-source-last-order01	82	32	31,31	200	32	31,0
05/reset-each-tick/depth2-side1-forward-source-last-order01	83	32	31,31	200	32	0,31
05/reset-each-tick/depth2-side1-forward-source-last-order01	84	32	31,31	200	32	31,1
05/reset-each-tick/depth2-side1-forward-source-last-order01	85	32	31,31	200	32	1,31
05/reset-each-tick/depth2-side1-forward-source-last-order01	86	32	31,31	200	32	0,31
05/reset-each-tick/depth2-side1-forward-source-last-order01	87	32	31,31	200	32	0,31
05/reset-each-tick/depth2-side1-forward-source-last-order01	88	32	31,31	200	32	1,31
05/reset-each-tick/depth2-side1-forward-source-last-order01	89	32	31,31	200	32	0,31
05/reset-each-tick/depth2-side1-forward-source-last-order01	90	32	31,31	200	32	0,31
05/reset-each-tick/depth2-side1-forward-source-last-order01	91	32	31,31	200	32	31,1
05/reset-each-tick/depth2-side1-forward-source-last-order01	92	32	31,31	200	32	1,31
05/reset-each-tick/depth2-side1-forward-source-last-order01	93	32	31,31	200	32	1,31
05/reset-each-tick/depth2-side1-forward-source-last-order01	94	32	31,31	200	32	31,1
05/reset-each-tick/depth2-side1-forward-source-last-order01	95	32	31,31	200	32	1,31
05/reset-each-tick/depth2-side1-forward-source-last-order01	96	32	31,31	200	32	31,1
05/reset-each-tick/depth2-side1-forward-source-last-order01	97	32	31,31	200	32	31,0
05/reset-each-tick/depth2-side1-forward-source-last-order01	98	32	31,31	200	32	31,0
05/reset-each-tick/depth2-side1-forward-source-last-order01	99	32	31,31	200	32	31,1
05/reset-each-tick/depth2-side1-forward-source-last-order01	100	32	31,31	200	32	1,31
05/reset-each-tick/depth2-side1-forward-source-last-order01	101	32	31,31	200	32	1,31
05/reset-each-tick/depth2-side1-forward-source-last-order01	102	32	31,31	200	32	1,31
05/reset-each-tick/depth2-side1-forward-source-last-order01	103	32	31,31	200	32	31,1
05/reset-each-tick/depth2-side1-forward-source-last-order01	104	32	31,31	200	32	31,1
05/reset-each-tick/depth2-side1-forward-source-last-order01	105	32	31,31	200	32	1,31
05/reset-each-tick/depth2-side1-forward-source-last-order01	106	32	31,31	200	32	31,1
05/reset-each-tick/depth2-side1-reverse-wires-first-order01	27	32	31,31	200	32	31,0
05/reset-each-tick/depth2-side1-reverse-wires-first-order01	28	32	31,31	200	32	1,31
05/reset-each-tick/depth2-side1-reverse-wires-first-order01	29	32	31,31	200	32	31,1
05/reset-each-tick/depth2-side1-reverse-wires-first-order01	30	32	31,31	200	32	31,1
05/reset-each-tick/depth2-side1-reverse-wires-first-order01	31	32	31,31	200	32	31,0
05/reset-each-tick/depth2-side1-reverse-wires-first-order01	32	32	31,31	200	32	31,1
05/reset-each-tick/depth2-side1-reverse-wires-first-order01	33	32	31,31	200	32	31,1
05/reset-each-tick/depth2-side1-reverse-wires-first-order01	34	32	31,31	200	32	1,31
05/reset-each-tick/depth2-side1-reverse-wires-first-order01	35	32	31,31	200	32	1,31
05/reset-each-tick/depth2-side1-reverse-wires-first-order01	36	32	31,31	200	32	1,31
05/reset-each-tick/depth2-side1-reverse-wires-first-order01	37	32	31,31	200	32	31,0
05/reset-each-tick/depth2-side1-reverse-wires-first-order01	38	32	31,31	200	32	0,31
05/reset-each-tick/depth2-side1-reverse-wires-first-order01	39	32	31,31	200	32	0,31
05/reset-each-tick/depth2-side1-reverse-wires-first-order01	40	32	31,31	200	32	31,1
05/reset-each-tick/depth2-side1-reverse-wires-first-order01	41	32	31,31	200	32	0,31
05/reset-each-tick/depth2-side1-reverse-wires-first-order01	42	32	31,31	200	32	1,31
05/reset-each-tick/depth2-side1-reverse-wires-first-order01	43	32	31,31	200	32	31,0
05/reset-each-tick/depth2-side1-reverse-wires-first-order01	44	32	31,31	200	32	1,31
05/reset-each-tick/depth2-side1-reverse-wires-first-order01	45	32	31,31	200	32	1,31
05/reset-each-tick/depth2-side1-reverse-wires-first-order01	46	32	31,31	200	32	31,0
05/reset-each-tick/depth2-side1-reverse-wires-first-order01	47	32	31,31	200	32	31,1
05/reset-each-tick/depth2-side1-reverse-wires-first-order01	48	32	31,31	200	32	31,1
05/reset-each-tick/depth2-side1-reverse-wires-first-order01	49	32	31,31	200	32	31,0
05/reset-each-tick/depth2-side1-reverse-wires-first-order01	50	32	31,31	200	32	31,0
05/reset-each-tick/depth2-side1-reverse-wires-first-order01	51	32	31,31	200	32	31,0
05/reset-each-tick/depth2-side1-reverse-wires-first-order01	52	32	31,31	200	32	31,1
05/reset-each-tick/depth2-side1-reverse-wires-first-order01	53	32	31,31	200	32	31,0
05/reset-each-tick/depth2-side1-reverse-wires-first-order01	54	32	31,31	200	32	0,31
05/reset-each-tick/depth2-side1-reverse-wires-first-order01	55	32	31,31	200	32	0,31
05/reset-each-tick/depth2-side1-reverse-wires-first-order01	56	32	31,31	200	32	1,31
05/reset-each-tick/depth2-side1-reverse-wires-first-order01	57	32	31,31	200	32	0,31
05/reset-each-tick/depth2-side1-reverse-wires-first-order01	58	32	31,31	200	32	0,31
05/reset-each-tick/depth2-side1-reverse-wires-first-order01	59	32	31,31	200	32	0,31
05/reset-each-tick/depth2-side1-reverse-wires-first-order01	60	32	31,31	200	32	31,1
05/reset-each-tick/depth2-side1-reverse-wires-first-order01	61	32	31,31	200	32	0,31
05/reset-each-tick/depth2-side1-reverse-wires-first-order01	62	32	31,31	200	32	31,1
05/reset-each-tick/depth2-side1-reverse-wires-first-order01	63	32	31,31	200	32	31,0
05/reset-each-tick/depth2-side1-reverse-wires-first-order01	64	32	31,31	200	32	1,31
05/reset-each-tick/depth2-side1-reverse-wires-first-order01	65	32	31,31	200	32	31,1
05/reset-each-tick/depth2-side1-reverse-wires-first-order01	66	32	31,31	200	32	0,31
05/reset-each-tick/depth2-side1-reverse-wires-first-order01	67	32	31,31	200	32	31,0
05/reset-each-tick/depth2-side1-reverse-wires-first-order01	68	32	31,31	200	32	31,1
05/reset-each-tick/depth2-side1-reverse-wires-first-order01	69	32	31,31	200	32	1,31
05/reset-each-tick/depth2-side1-reverse-wires-first-order01	70	32	31,31	200	32	31,0
05/reset-each-tick/depth2-side1-reverse-wires-first-order01	71	32	31,31	200	32	31,0
05/reset-each-tick/depth2-side1-reverse-wires-first-order01	72	32	31,31	200	32	31,1
05/reset-each-tick/depth2-side1-reverse-wires-first-order01	73	32	31,31	200	32	31,0
05/reset-each-tick/depth2-side1-reverse-wires-first-order01	74	32	31,31	200	32	31,0
05/reset-each-tick/depth2-side1-reverse-wires-first-order01	75	32	31,31	200	32	1,31
05/reset-each-tick/depth2-side1-reverse-wires-first-order01	76	32	31,31	200	32	1,31
05/reset-each-tick/depth2-side1-reverse-wires-first-order01	77	32	31,31	200	32	31,1
05/reset-each-tick/depth2-side1-reverse-wires-first-order01	78	32	31,31	200	32	31,1
05/reset-each-tick/depth2-side1-reverse-wires-first-order01	79	32	31,31	200	32	31,0
05/reset-each-tick/depth2-side1-reverse-wires-first-order01	80	32	31,31	200	32	1,31
05/reset-each-tick/depth2-side1-reverse-wires-first-order01	81	32	31,31	200	32	31,1
05/reset-each-tick/depth2-side1-reverse-wires-first-order01	82	32	31,31	200	32	1,31
05/reset-each-tick/depth2-side1-reverse-wires-first-order01	83	32	31,31	200	32	1,31
05/reset-each-tick/depth2-side1-reverse-wires-first-order01	84	32	31,31	200	32	31,1
05/reset-each-tick/depth2-side1-reverse-wires-first-order01	85	32	31,31	200	32	31,1
05/reset-each-tick/depth2-side1-reverse-wires-first-order01	86	32	31,31	200	32	31,0
05/reset-each-tick/depth2-side1-reverse-wires-first-order01	87	32	31,31	200	32	31,0
05/reset-each-tick/depth2-side1-reverse-wires-first-order01	88	32	31,31	200	32	1,31
05/reset-each-tick/depth2-side1-reverse-wires-first-order01	89	32	31,31	200	32	31,0
05/reset-each-tick/depth2-side1-reverse-wires-first-order01	90	32	31,31	200	32	1,31
05/reset-each-tick/depth2-side1-reverse-wires-first-order01	91	32	31,31	200	32	31,0
05/reset-each-tick/depth2-side1-reverse-wires-first-order01	92	32	31,31	200	32	1,31
05/reset-each-tick/depth2-side1-reverse-wires-first-order01	93	32	31,31	200	32	31,0
05/reset-each-tick/depth2-side1-reverse-wires-first-order01	94	32	31,31	200	32	31,0
05/reset-each-tick/depth2-side1-reverse-wires-first-order01	95	32	31,31	200	32	0,31
05/reset-each-tick/depth2-side1-reverse-wires-first-order01	96	32	31,31	200	32	31,1
05/reset-each-tick/depth2-side1-reverse-wires-first-order01	97	32	31,31	200	32	1,31
05/reset-each-tick/depth2-side1-reverse-wires-first-order01	98	32	31,31	200	32	31,0
05/reset-each-tick/depth2-side1-reverse-wires-first-order01	99	32	31,31	200	32	1,31
05/reset-each-tick/depth2-side1-reverse-wires-first-order01	100	32	31,31	200	32	1,31
05/reset-each-tick/depth2-side1-reverse-wires-first-order01	101	32	31,31	200	32	31,1
05/reset-each-tick/depth2-side1-reverse-wires-first-order01	102	32	31,31	200	32	31,0
05/reset-each-tick/depth2-side1-reverse-wires-first-order01	103	32	31,31	200	32	31,0
05/reset-each-tick/depth2-side1-reverse-wires-first-order01	104	32	31,31	200	32	1,31
05/reset-each-tick/depth2-side1-reverse-wires-first-order01	105	32	31,31	200	32	0,31
05/reset-each-tick/depth2-side1-reverse-wires-first-order01	106	32	31,31	200	32	1,31
05/reset-each-tick/depth2-side1-reverse-source-last-order01	27	32	31,31	200	32	31,1
05/reset-each-tick/depth2-side1-reverse-source-last-order01	28	32	31,31	200	32	1,31
05/reset-each-tick/depth2-side1-reverse-source-last-order01	29	32	31,31	200	32	1,31
05/reset-each-tick/depth2-side1-reverse-source-last-order01	30	32	31,31	200	32	31,0
05/reset-each-tick/depth2-side1-reverse-source-last-order01	31	32	31,31	200	32	31,1
05/reset-each-tick/depth2-side1-reverse-source-last-order01	32	32	31,31	200	32	1,31
05/reset-each-tick/depth2-side1-reverse-source-last-order01	33	32	31,31	200	32	0,31
05/reset-each-tick/depth2-side1-reverse-source-last-order01	34	32	31,31	200	32	31,1
05/reset-each-tick/depth2-side1-reverse-source-last-order01	35	32	31,31	200	32	31,0
05/reset-each-tick/depth2-side1-reverse-source-last-order01	36	32	31,31	200	32	1,31
05/reset-each-tick/depth2-side1-reverse-source-last-order01	37	32	31,31	200	32	0,31
05/reset-each-tick/depth2-side1-reverse-source-last-order01	38	32	31,31	200	32	31,1
05/reset-each-tick/depth2-side1-reverse-source-last-order01	39	32	31,31	200	32	31,1
05/reset-each-tick/depth2-side1-reverse-source-last-order01	40	32	31,31	200	32	1,31
05/reset-each-tick/depth2-side1-reverse-source-last-order01	41	32	31,31	200	32	31,0
05/reset-each-tick/depth2-side1-reverse-source-last-order01	42	32	31,31	200	32	31,1
05/reset-each-tick/depth2-side1-reverse-source-last-order01	43	32	31,31	200	32	31,1
05/reset-each-tick/depth2-side1-reverse-source-last-order01	44	32	31,31	200	32	31,1
05/reset-each-tick/depth2-side1-reverse-source-last-order01	45	32	31,31	200	32	31,1
05/reset-each-tick/depth2-side1-reverse-source-last-order01	46	32	31,31	200	32	31,1
05/reset-each-tick/depth2-side1-reverse-source-last-order01	47	32	31,31	200	32	1,31
05/reset-each-tick/depth2-side1-reverse-source-last-order01	48	32	31,31	200	32	31,1
05/reset-each-tick/depth2-side1-reverse-source-last-order01	49	32	31,31	200	32	31,0
05/reset-each-tick/depth2-side1-reverse-source-last-order01	50	32	31,31	200	32	31,1
05/reset-each-tick/depth2-side1-reverse-source-last-order01	51	32	31,31	200	32	1,31
05/reset-each-tick/depth2-side1-reverse-source-last-order01	52	32	31,31	200	32	1,31
05/reset-each-tick/depth2-side1-reverse-source-last-order01	53	32	31,31	200	32	0,31
05/reset-each-tick/depth2-side1-reverse-source-last-order01	54	32	31,31	200	32	31,0
05/reset-each-tick/depth2-side1-reverse-source-last-order01	55	32	31,31	200	32	31,1
05/reset-each-tick/depth2-side1-reverse-source-last-order01	56	32	31,31	200	32	31,1
05/reset-each-tick/depth2-side1-reverse-source-last-order01	57	32	31,31	200	32	0,31
05/reset-each-tick/depth2-side1-reverse-source-last-order01	58	32	31,31	200	32	31,0
05/reset-each-tick/depth2-side1-reverse-source-last-order01	59	32	31,31	200	32	1,31
05/reset-each-tick/depth2-side1-reverse-source-last-order01	60	32	31,31	200	32	1,31
05/reset-each-tick/depth2-side1-reverse-source-last-order01	61	32	31,31	200	32	31,1
05/reset-each-tick/depth2-side1-reverse-source-last-order01	62	32	31,31	200	32	1,31
05/reset-each-tick/depth2-side1-reverse-source-last-order01	63	32	31,31	200	32	1,31
05/reset-each-tick/depth2-side1-reverse-source-last-order01	64	32	31,31	200	32	31,1
05/reset-each-tick/depth2-side1-reverse-source-last-order01	65	32	31,31	200	32	31,1
05/reset-each-tick/depth2-side1-reverse-source-last-order01	66	32	31,31	200	32	31,1
05/reset-each-tick/depth2-side1-reverse-source-last-order01	67	32	31,31	200	32	31,0
05/reset-each-tick/depth2-side1-reverse-source-last-order01	68	32	31,31	200	32	31,1
05/reset-each-tick/depth2-side1-reverse-source-last-order01	69	32	31,31	200	32	0,31
05/reset-each-tick/depth2-side1-reverse-source-last-order01	70	32	31,31	200	32	0,31
05/reset-each-tick/depth2-side1-reverse-source-last-order01	71	32	31,31	200	32	31,1
05/reset-each-tick/depth2-side1-reverse-source-last-order01	72	32	31,31	200	32	1,31
05/reset-each-tick/depth2-side1-reverse-source-last-order01	73	32	31,31	200	32	1,31
05/reset-each-tick/depth2-side1-reverse-source-last-order01	74	32	31,31	200	32	31,1
05/reset-each-tick/depth2-side1-reverse-source-last-order01	75	32	31,31	200	32	31,0
05/reset-each-tick/depth2-side1-reverse-source-last-order01	76	32	31,31	200	32	31,1
05/reset-each-tick/depth2-side1-reverse-source-last-order01	77	32	31,31	200	32	0,31
05/reset-each-tick/depth2-side1-reverse-source-last-order01	78	32	31,31	200	32	31,0
05/reset-each-tick/depth2-side1-reverse-source-last-order01	79	32	31,31	200	32	0,31
05/reset-each-tick/depth2-side1-reverse-source-last-order01	80	32	31,31	200	32	1,31
05/reset-each-tick/depth2-side1-reverse-source-last-order01	81	32	31,31	200	32	1,31
05/reset-each-tick/depth2-side1-reverse-source-last-order01	82	32	31,31	200	32	0,31
05/reset-each-tick/depth2-side1-reverse-source-last-order01	83	32	31,31	200	32	1,31
05/reset-each-tick/depth2-side1-reverse-source-last-order01	84	32	31,31	200	32	31,1
05/reset-each-tick/depth2-side1-reverse-source-last-order01	85	32	31,31	200	32	0,31
05/reset-each-tick/depth2-side1-reverse-source-last-order01	86	32	31,31	200	32	31,1
05/reset-each-tick/depth2-side1-reverse-source-last-order01	87	32	31,31	200	32	0,31
05/reset-each-tick/depth2-side1-reverse-source-last-order01	88	32	31,31	200	32	1,31
05/reset-each-tick/depth2-side1-reverse-source-last-order01	89	32	31,31	200	32	1,31
05/reset-each-tick/depth2-side1-reverse-source-last-order01	90	32	31,31	200	32	1,31
05/reset-each-tick/depth2-side1-reverse-source-last-order01	91	32	31,31	200	32	31,0
05/reset-each-tick/depth2-side1-reverse-source-last-order01	92	32	31,31	200	32	1,31
05/reset-each-tick/depth2-side1-reverse-source-last-order01	93	32	31,31	200	32	31,1
05/reset-each-tick/depth2-side1-reverse-source-last-order01	94	32	31,31	200	32	31,1
05/reset-each-tick/depth2-side1-reverse-source-last-order01	95	32	31,31	200	32	1,31
05/reset-each-tick/depth2-side1-reverse-source-last-order01	96	32	31,31	200	32	31,1
05/reset-each-tick/depth2-side1-reverse-source-last-order01	97	32	31,31	200	32	0,31
05/reset-each-tick/depth2-side1-reverse-source-last-order01	98	32	31,31	200	32	31,0
05/reset-each-tick/depth2-side1-reverse-source-last-order01	99	32	31,31	200	32	1,31
05/reset-each-tick/depth2-side1-reverse-source-last-order01	100	32	31,31	200	32	1,31
05/reset-each-tick/depth2-side1-reverse-source-last-order01	101	32	31,31	200	32	31,1
05/reset-each-tick/depth2-side1-reverse-source-last-order01	102	32	31,31	200	32	31,0
05/reset-each-tick/depth2-side1-reverse-source-last-order01	103	32	31,31	200	32	31,1
05/reset-each-tick/depth2-side1-reverse-source-last-order01	104	32	31,31	200	32	1,31
05/reset-each-tick/depth2-side1-reverse-source-last-order01	105	32	31,31	200	32	1,31
05/reset-each-tick/depth2-side1-reverse-source-last-order01	106	32	31,31	200	32	1,31
05/reserve-once/depth2-side1-forward-wires-first-order01	27	3200	31,31	200	32	31,1
05/reserve-once/depth2-side1-forward-wires-first-order01	28	3168	31,31	200	32	31,1
05/reserve-once/depth2-side1-forward-wires-first-order01	29	3136	31,31	200	32	0,31
05/reserve-once/depth2-side1-forward-wires-first-order01	30	3104	31,31	200	32	1,31
05/reserve-once/depth2-side1-forward-wires-first-order01	31	3072	31,31	200	32	0,31
05/reserve-once/depth2-side1-forward-wires-first-order01	32	3040	31,31	200	32	1,31
05/reserve-once/depth2-side1-forward-wires-first-order01	33	3008	31,31	200	32	0,31
05/reserve-once/depth2-side1-forward-wires-first-order01	34	2976	31,31	200	32	0,31
05/reserve-once/depth2-side1-forward-wires-first-order01	35	2944	31,31	200	32	1,31
05/reserve-once/depth2-side1-forward-wires-first-order01	36	2912	31,31	200	32	31,1
05/reserve-once/depth2-side1-forward-wires-first-order01	37	2880	31,31	200	32	1,31
05/reserve-once/depth2-side1-forward-wires-first-order01	38	2848	31,31	200	32	0,31
05/reserve-once/depth2-side1-forward-wires-first-order01	39	2816	31,31	200	32	31,0
05/reserve-once/depth2-side1-forward-wires-first-order01	40	2784	31,31	200	32	1,31
05/reserve-once/depth2-side1-forward-wires-first-order01	41	2752	31,31	200	32	31,0
05/reserve-once/depth2-side1-forward-wires-first-order01	42	2720	31,31	200	32	31,0
05/reserve-once/depth2-side1-forward-wires-first-order01	43	2688	31,31	200	32	1,31
05/reserve-once/depth2-side1-forward-wires-first-order01	44	2656	31,31	200	32	1,31
05/reserve-once/depth2-side1-forward-wires-first-order01	45	2624	31,31	200	32	31,1
05/reserve-once/depth2-side1-forward-wires-first-order01	46	2592	31,31	200	32	31,0
05/reserve-once/depth2-side1-forward-wires-first-order01	47	2560	31,31	200	32	31,1
05/reserve-once/depth2-side1-forward-wires-first-order01	48	2528	31,31	200	32	1,31
05/reserve-once/depth2-side1-forward-wires-first-order01	49	2496	31,31	200	32	1,31
05/reserve-once/depth2-side1-forward-wires-first-order01	50	2464	31,31	200	32	31,0
05/reserve-once/depth2-side1-forward-wires-first-order01	51	2432	31,31	200	32	31,0
05/reserve-once/depth2-side1-forward-wires-first-order01	52	2400	31,31	200	32	31,1
05/reserve-once/depth2-side1-forward-wires-first-order01	53	2368	31,31	200	32	31,1
05/reserve-once/depth2-side1-forward-wires-first-order01	54	2336	31,31	200	32	0,31
05/reserve-once/depth2-side1-forward-wires-first-order01	55	2304	31,31	200	32	0,31
05/reserve-once/depth2-side1-forward-wires-first-order01	56	2272	31,31	200	32	1,31
05/reserve-once/depth2-side1-forward-wires-first-order01	57	2240	31,31	200	32	1,31
05/reserve-once/depth2-side1-forward-wires-first-order01	58	2208	31,31	200	32	31,0
05/reserve-once/depth2-side1-forward-wires-first-order01	59	2176	31,31	200	32	1,31
05/reserve-once/depth2-side1-forward-wires-first-order01	60	2144	31,31	200	32	31,1
05/reserve-once/depth2-side1-forward-wires-first-order01	61	2112	31,31	200	32	31,1
05/reserve-once/depth2-side1-forward-wires-first-order01	62	2080	31,31	200	32	0,31
05/reserve-once/depth2-side1-forward-wires-first-order01	63	2048	31,31	200	32	0,31
05/reserve-once/depth2-side1-forward-wires-first-order01	64	2016	31,31	200	32	31,1
05/reserve-once/depth2-side1-forward-wires-first-order01	65	1984	31,31	200	32	31,1
05/reserve-once/depth2-side1-forward-wires-first-order01	66	1952	31,31	200	32	0,31
05/reserve-once/depth2-side1-forward-wires-first-order01	67	1920	31,31	200	32	31,0
05/reserve-once/depth2-side1-forward-wires-first-order01	68	1888	31,31	200	32	31,1
05/reserve-once/depth2-side1-forward-wires-first-order01	69	1856	31,31	200	32	31,1
05/reserve-once/depth2-side1-forward-wires-first-order01	70	1824	31,31	200	32	31,0
05/reserve-once/depth2-side1-forward-wires-first-order01	71	1792	31,31	200	32	0,31
05/reserve-once/depth2-side1-forward-wires-first-order01	72	1760	31,31	200	32	31,1
05/reserve-once/depth2-side1-forward-wires-first-order01	73	1728	31,31	200	32	31,1
05/reserve-once/depth2-side1-forward-wires-first-order01	74	1696	31,31	200	32	31,0
05/reserve-once/depth2-side1-forward-wires-first-order01	75	1664	31,31	200	32	31,0
05/reserve-once/depth2-side1-forward-wires-first-order01	76	1632	31,31	200	32	31,1
05/reserve-once/depth2-side1-forward-wires-first-order01	77	1600	31,31	200	32	1,31
05/reserve-once/depth2-side1-forward-wires-first-order01	78	1568	31,31	200	32	1,31
05/reserve-once/depth2-side1-forward-wires-first-order01	79	1536	31,31	200	32	31,1
05/reserve-once/depth2-side1-forward-wires-first-order01	80	1504	31,31	200	32	1,31
05/reserve-once/depth2-side1-forward-wires-first-order01	81	1472	31,31	200	32	31,0
05/reserve-once/depth2-side1-forward-wires-first-order01	82	1440	31,31	200	32	31,0
05/reserve-once/depth2-side1-forward-wires-first-order01	83	1408	31,31	200	32	0,31
05/reserve-once/depth2-side1-forward-wires-first-order01	84	1376	31,31	200	32	31,1
05/reserve-once/depth2-side1-forward-wires-first-order01	85	1344	31,31	200	32	31,1
05/reserve-once/depth2-side1-forward-wires-first-order01	86	1312	31,31	200	32	31,1
05/reserve-once/depth2-side1-forward-wires-first-order01	87	1280	31,31	200	32	0,31
05/reserve-once/depth2-side1-forward-wires-first-order01	88	1248	31,31	200	32	1,31
05/reserve-once/depth2-side1-forward-wires-first-order01	89	1216	31,31	200	32	0,31
05/reserve-once/depth2-side1-forward-wires-first-order01	90	1184	31,31	200	32	31,0
05/reserve-once/depth2-side1-forward-wires-first-order01	91	1152	31,31	200	32	1,31
05/reserve-once/depth2-side1-forward-wires-first-order01	92	1120	31,31	200	32	31,1
05/reserve-once/depth2-side1-forward-wires-first-order01	93	1088	31,31	200	32	31,1
05/reserve-once/depth2-side1-forward-wires-first-order01	94	1056	31,31	200	32	1,31
05/reserve-once/depth2-side1-forward-wires-first-order01	95	1024	31,31	200	32	0,31
05/reserve-once/depth2-side1-forward-wires-first-order01	96	992	31,31	200	32	31,1
05/reserve-once/depth2-side1-forward-wires-first-order01	97	960	31,31	200	32	0,31
05/reserve-once/depth2-side1-forward-wires-first-order01	98	928	31,31	200	32	31,1
05/reserve-once/depth2-side1-forward-wires-first-order01	99	896	31,31	200	32	0,31
05/reserve-once/depth2-side1-forward-wires-first-order01	100	864	31,31	200	32	31,1
05/reserve-once/depth2-side1-forward-wires-first-order01	101	832	31,31	200	32	31,1
05/reserve-once/depth2-side1-forward-wires-first-order01	102	800	31,31	200	32	0,31
05/reserve-once/depth2-side1-forward-wires-first-order01	103	768	31,31	200	32	31,1
05/reserve-once/depth2-side1-forward-wires-first-order01	104	736	31,31	200	32	1,31
05/reserve-once/depth2-side1-forward-wires-first-order01	105	704	31,31	200	32	31,1
05/reserve-once/depth2-side1-forward-wires-first-order01	106	672	31,31	200	32	0,31
05/reserve-once/depth2-side1-forward-source-last-order01	27	3200	31,31	200	32	31,1
05/reserve-once/depth2-side1-forward-source-last-order01	28	3168	31,31	200	32	1,31
05/reserve-once/depth2-side1-forward-source-last-order01	29	3136	31,31	200	32	1,31
05/reserve-once/depth2-side1-forward-source-last-order01	30	3104	31,31	200	32	31,1
05/reserve-once/depth2-side1-forward-source-last-order01	31	3072	31,31	200	32	31,0
05/reserve-once/depth2-side1-forward-source-last-order01	32	3040	31,31	200	32	1,31
05/reserve-once/depth2-side1-forward-source-last-order01	33	3008	31,31	200	32	1,31
05/reserve-once/depth2-side1-forward-source-last-order01	34	2976	31,31	200	32	1,31
05/reserve-once/depth2-side1-forward-source-last-order01	35	2944	31,31	200	32	31,1
05/reserve-once/depth2-side1-forward-source-last-order01	36	2912	31,31	200	32	1,31
05/reserve-once/depth2-side1-forward-source-last-order01	37	2880	31,31	200	32	31,1
05/reserve-once/depth2-side1-forward-source-last-order01	38	2848	31,31	200	32	1,31
05/reserve-once/depth2-side1-forward-source-last-order01	39	2816	31,31	200	32	31,1
05/reserve-once/depth2-side1-forward-source-last-order01	40	2784	31,31	200	32	31,1
05/reserve-once/depth2-side1-forward-source-last-order01	41	2752	31,31	200	32	1,31
05/reserve-once/depth2-side1-forward-source-last-order01	42	2720	31,31	200	32	0,31
05/reserve-once/depth2-side1-forward-source-last-order01	43	2688	31,31	200	32	0,31
05/reserve-once/depth2-side1-forward-source-last-order01	44	2656	31,31	200	32	31,1
05/reserve-once/depth2-side1-forward-source-last-order01	45	2624	31,31	200	32	31,1
05/reserve-once/depth2-side1-forward-source-last-order01	46	2592	31,31	200	32	1,31
05/reserve-once/depth2-side1-forward-source-last-order01	47	2560	31,31	200	32	0,31
05/reserve-once/depth2-side1-forward-source-last-order01	48	2528	31,31	200	32	1,31
05/reserve-once/depth2-side1-forward-source-last-order01	49	2496	31,31	200	32	31,0
05/reserve-once/depth2-side1-forward-source-last-order01	50	2464	31,31	200	32	31,1
05/reserve-once/depth2-side1-forward-source-last-order01	51	2432	31,31	200	32	31,0
05/reserve-once/depth2-side1-forward-source-last-order01	52	2400	31,31	200	32	31,1
05/reserve-once/depth2-side1-forward-source-last-order01	53	2368	31,31	200	32	31,1
05/reserve-once/depth2-side1-forward-source-last-order01	54	2336	31,31	200	32	0,31
05/reserve-once/depth2-side1-forward-source-last-order01	55	2304	31,31	200	32	0,31
05/reserve-once/depth2-side1-forward-source-last-order01	56	2272	31,31	200	32	31,1
05/reserve-once/depth2-side1-forward-source-last-order01	57	2240	31,31	200	32	1,31
05/reserve-once/depth2-side1-forward-source-last-order01	58	2208	31,31	200	32	31,0
05/reserve-once/depth2-side1-forward-source-last-order01	59	2176	31,31	200	32	1,31
05/reserve-once/depth2-side1-forward-source-last-order01	60	2144	31,31	200	32	31,1
05/reserve-once/depth2-side1-forward-source-last-order01	61	2112	31,31	200	32	0,31
05/reserve-once/depth2-side1-forward-source-last-order01	62	2080	31,31	200	32	1,31
05/reserve-once/depth2-side1-forward-source-last-order01	63	2048	31,31	200	32	31,1
05/reserve-once/depth2-side1-forward-source-last-order01	64	2016	31,31	200	32	1,31
05/reserve-once/depth2-side1-forward-source-last-order01	65	1984	31,31	200	32	31,0
05/reserve-once/depth2-side1-forward-source-last-order01	66	1952	31,31	200	32	31,0
05/reserve-once/depth2-side1-forward-source-last-order01	67	1920	31,31	200	32	1,31
05/reserve-once/depth2-side1-forward-source-last-order01	68	1888	31,31	200	32	31,1
05/reserve-once/depth2-side1-forward-source-last-order01	69	1856	31,31	200	32	31,0
05/reserve-once/depth2-side1-forward-source-last-order01	70	1824	31,31	200	32	31,0
05/reserve-once/depth2-side1-forward-source-last-order01	71	1792	31,31	200	32	1,31
05/reserve-once/depth2-side1-forward-source-last-order01	72	1760	31,31	200	32	31,1
05/reserve-once/depth2-side1-forward-source-last-order01	73	1728	31,31	200	32	1,31
05/reserve-once/depth2-side1-forward-source-last-order01	74	1696	31,31	200	32	1,31
05/reserve-once/depth2-side1-forward-source-last-order01	75	1664	31,31	200	32	31,1
05/reserve-once/depth2-side1-forward-source-last-order01	76	1632	31,31	200	32	31,1
05/reserve-once/depth2-side1-forward-source-last-order01	77	1600	31,31	200	32	0,31
05/reserve-once/depth2-side1-forward-source-last-order01	78	1568	31,31	200	32	0,31
05/reserve-once/depth2-side1-forward-source-last-order01	79	1536	31,31	200	32	31,0
05/reserve-once/depth2-side1-forward-source-last-order01	80	1504	31,31	200	32	1,31
05/reserve-once/depth2-side1-forward-source-last-order01	81	1472	31,31	200	32	0,31
05/reserve-once/depth2-side1-forward-source-last-order01	82	1440	31,31	200	32	0,31
05/reserve-once/depth2-side1-forward-source-last-order01	83	1408	31,31	200	32	0,31
05/reserve-once/depth2-side1-forward-source-last-order01	84	1376	31,31	200	32	1,31
05/reserve-once/depth2-side1-forward-source-last-order01	85	1344	31,31	200	32	31,1
05/reserve-once/depth2-side1-forward-source-last-order01	86	1312	31,31	200	32	31,0
05/reserve-once/depth2-side1-forward-source-last-order01	87	1280	31,31	200	32	0,31
05/reserve-once/depth2-side1-forward-source-last-order01	88	1248	31,31	200	32	1,31
05/reserve-once/depth2-side1-forward-source-last-order01	89	1216	31,31	200	32	0,31
05/reserve-once/depth2-side1-forward-source-last-order01	90	1184	31,31	200	32	31,0
05/reserve-once/depth2-side1-forward-source-last-order01	91	1152	31,31	200	32	0,31
05/reserve-once/depth2-side1-forward-source-last-order01	92	1120	31,31	200	32	1,31
05/reserve-once/depth2-side1-forward-source-last-order01	93	1088	31,31	200	32	31,1
05/reserve-once/depth2-side1-forward-source-last-order01	94	1056	31,31	200	32	31,1
05/reserve-once/depth2-side1-forward-source-last-order01	95	1024	31,31	200	32	1,31
05/reserve-once/depth2-side1-forward-source-last-order01	96	992	31,31	200	32	1,31
05/reserve-once/depth2-side1-forward-source-last-order01	97	960	31,31	200	32	31,1
05/reserve-once/depth2-side1-forward-source-last-order01	98	928	31,31	200	32	0,31
05/reserve-once/depth2-side1-forward-source-last-order01	99	896	31,31	200	32	1,31
05/reserve-once/depth2-side1-forward-source-last-order01	100	864	31,31	200	32	31,1
05/reserve-once/depth2-side1-forward-source-last-order01	101	832	31,31	200	32	31,0
05/reserve-once/depth2-side1-forward-source-last-order01	102	800	31,31	200	32	31,0
05/reserve-once/depth2-side1-forward-source-last-order01	103	768	31,31	200	32	31,1
05/reserve-once/depth2-side1-forward-source-last-order01	104	736	31,31	200	32	31,1
05/reserve-once/depth2-side1-forward-source-last-order01	105	704	31,31	200	32	31,1
05/reserve-once/depth2-side1-forward-source-last-order01	106	672	31,31	200	32	0,31
05/reserve-once/depth2-side1-reverse-wires-first-order01	27	3200	31,31	200	32	0,31
05/reserve-once/depth2-side1-reverse-wires-first-order01	28	3168	31,31	200	32	1,31
05/reserve-once/depth2-side1-reverse-wires-first-order01	29	3136	31,31	200	32	1,31
05/reserve-once/depth2-side1-reverse-wires-first-order01	30	3104	31,31	200	32	1,31
05/reserve-once/depth2-side1-reverse-wires-first-order01	31	3072	31,31	200	32	0,31
05/reserve-once/depth2-side1-reverse-wires-first-order01	32	3040	31,31	200	32	31,1
05/reserve-once/depth2-side1-reverse-wires-first-order01	33	3008	31,31	200	32	1,31
05/reserve-once/depth2-side1-reverse-wires-first-order01	34	2976	31,31	200	32	31,0
05/reserve-once/depth2-side1-reverse-wires-first-order01	35	2944	31,31	200	32	0,31
05/reserve-once/depth2-side1-reverse-wires-first-order01	36	2912	31,31	200	32	31,1
05/reserve-once/depth2-side1-reverse-wires-first-order01	37	2880	31,31	200	32	31,1
05/reserve-once/depth2-side1-reverse-wires-first-order01	38	2848	31,31	200	32	1,31
05/reserve-once/depth2-side1-reverse-wires-first-order01	39	2816	31,31	200	32	0,31
05/reserve-once/depth2-side1-reverse-wires-first-order01	40	2784	31,31	200	32	31,1
05/reserve-once/depth2-side1-reverse-wires-first-order01	41	2752	31,31	200	32	31,0
05/reserve-once/depth2-side1-reverse-wires-first-order01	42	2720	31,31	200	32	0,31
05/reserve-once/depth2-side1-reverse-wires-first-order01	43	2688	31,31	200	32	31,1
05/reserve-once/depth2-side1-reverse-wires-first-order01	44	2656	31,31	200	32	31,1
05/reserve-once/depth2-side1-reverse-wires-first-order01	45	2624	31,31	200	32	1,31
05/reserve-once/depth2-side1-reverse-wires-first-order01	46	2592	31,31	200	32	1,31
05/reserve-once/depth2-side1-reverse-wires-first-order01	47	2560	31,31	200	32	31,0
05/reserve-once/depth2-side1-reverse-wires-first-order01	48	2528	31,31	200	32	1,31
05/reserve-once/depth2-side1-reverse-wires-first-order01	49	2496	31,31	200	32	31,0
05/reserve-once/depth2-side1-reverse-wires-first-order01	50	2464	31,31	200	32	31,1
05/reserve-once/depth2-side1-reverse-wires-first-order01	51	2432	31,31	200	32	0,31
05/reserve-once/depth2-side1-reverse-wires-first-order01	52	2400	31,31	200	32	1,31
05/reserve-once/depth2-side1-reverse-wires-first-order01	53	2368	31,31	200	32	0,31
05/reserve-once/depth2-side1-reverse-wires-first-order01	54	2336	31,31	200	32	0,31
05/reserve-once/depth2-side1-reverse-wires-first-order01	55	2304	31,31	200	32	1,31
05/reserve-once/depth2-side1-reverse-wires-first-order01	56	2272	31,31	200	32	1,31
05/reserve-once/depth2-side1-reverse-wires-first-order01	57	2240	31,31	200	32	31,1
05/reserve-once/depth2-side1-reverse-wires-first-order01	58	2208	31,31	200	32	0,31
05/reserve-once/depth2-side1-reverse-wires-first-order01	59	2176	31,31	200	32	31,1
05/reserve-once/depth2-side1-reverse-wires-first-order01	60	2144	31,31	200	32	31,1
05/reserve-once/depth2-side1-reverse-wires-first-order01	61	2112	31,31	200	32	31,1
05/reserve-once/depth2-side1-reverse-wires-first-order01	62	2080	31,31	200	32	1,31
05/reserve-once/depth2-side1-reverse-wires-first-order01	63	2048	31,31	200	32	0,31
05/reserve-once/depth2-side1-reverse-wires-first-order01	64	2016	31,31	200	32	1,31
05/reserve-once/depth2-side1-reverse-wires-first-order01	65	1984	31,31	200	32	1,31
05/reserve-once/depth2-side1-reverse-wires-first-order01	66	1952	31,31	200	32	1,31
05/reserve-once/depth2-side1-reverse-wires-first-order01	67	1920	31,31	200	32	1,31
05/reserve-once/depth2-side1-reverse-wires-first-order01	68	1888	31,31	200	32	1,31
05/reserve-once/depth2-side1-reverse-wires-first-order01	69	1856	31,31	200	32	31,1
05/reserve-once/depth2-side1-reverse-wires-first-order01	70	1824	31,31	200	32	1,31
05/reserve-once/depth2-side1-reverse-wires-first-order01	71	1792	31,31	200	32	31,0
05/reserve-once/depth2-side1-reverse-wires-first-order01	72	1760	31,31	200	32	31,1
05/reserve-once/depth2-side1-reverse-wires-first-order01	73	1728	31,31	200	32	31,1
05/reserve-once/depth2-side1-reverse-wires-first-order01	74	1696	31,31	200	32	1,31
05/reserve-once/depth2-side1-reverse-wires-first-order01	75	1664	31,31	200	32	1,31
05/reserve-once/depth2-side1-reverse-wires-first-order01	76	1632	31,31	200	32	31,1
05/reserve-once/depth2-side1-reverse-wires-first-order01	77	1600	31,31	200	32	31,1
05/reserve-once/depth2-side1-reverse-wires-first-order01	78	1568	31,31	200	32	1,31
05/reserve-once/depth2-side1-reverse-wires-first-order01	79	1536	31,31	200	32	0,31
05/reserve-once/depth2-side1-reverse-wires-first-order01	80	1504	31,31	200	32	1,31
05/reserve-once/depth2-side1-reverse-wires-first-order01	81	1472	31,31	200	32	31,1
05/reserve-once/depth2-side1-reverse-wires-first-order01	82	1440	31,31	200	32	1,31
05/reserve-once/depth2-side1-reverse-wires-first-order01	83	1408	31,31	200	32	1,31
05/reserve-once/depth2-side1-reverse-wires-first-order01	84	1376	31,31	200	32	1,31
05/reserve-once/depth2-side1-reverse-wires-first-order01	85	1344	31,31	200	32	0,31
05/reserve-once/depth2-side1-reverse-wires-first-order01	86	1312	31,31	200	32	1,31
05/reserve-once/depth2-side1-reverse-wires-first-order01	87	1280	31,31	200	32	31,1
05/reserve-once/depth2-side1-reverse-wires-first-order01	88	1248	31,31	200	32	31,1
05/reserve-once/depth2-side1-reverse-wires-first-order01	89	1216	31,31	200	32	31,0
05/reserve-once/depth2-side1-reverse-wires-first-order01	90	1184	31,31	200	32	1,31
05/reserve-once/depth2-side1-reverse-wires-first-order01	91	1152	31,31	200	32	1,31
05/reserve-once/depth2-side1-reverse-wires-first-order01	92	1120	31,31	200	32	31,1
05/reserve-once/depth2-side1-reverse-wires-first-order01	93	1088	31,31	200	32	31,1
05/reserve-once/depth2-side1-reverse-wires-first-order01	94	1056	31,31	200	32	0,31
05/reserve-once/depth2-side1-reverse-wires-first-order01	95	1024	31,31	200	32	31,0
05/reserve-once/depth2-side1-reverse-wires-first-order01	96	992	31,31	200	32	31,1
05/reserve-once/depth2-side1-reverse-wires-first-order01	97	960	31,31	200	32	0,31
05/reserve-once/depth2-side1-reverse-wires-first-order01	98	928	31,31	200	32	31,0
05/reserve-once/depth2-side1-reverse-wires-first-order01	99	896	31,31	200	32	0,31
05/reserve-once/depth2-side1-reverse-wires-first-order01	100	864	31,31	200	32	31,1
05/reserve-once/depth2-side1-reverse-wires-first-order01	101	832	31,31	200	32	31,1
05/reserve-once/depth2-side1-reverse-wires-first-order01	102	800	31,31	200	32	1,31
05/reserve-once/depth2-side1-reverse-wires-first-order01	103	768	31,31	200	32	31,1
05/reserve-once/depth2-side1-reverse-wires-first-order01	104	736	31,31	200	32	31,1
05/reserve-once/depth2-side1-reverse-wires-first-order01	105	704	31,31	200	32	31,1
05/reserve-once/depth2-side1-reverse-wires-first-order01	106	672	31,31	200	32	0,31
05/reserve-once/depth2-side1-reverse-source-last-order01	27	3200	31,31	200	32	31,0
05/reserve-once/depth2-side1-reverse-source-last-order01	28	3168	31,31	200	32	31,1
05/reserve-once/depth2-side1-reverse-source-last-order01	29	3136	31,31	200	32	0,31
05/reserve-once/depth2-side1-reverse-source-last-order01	30	3104	31,31	200	32	1,31
05/reserve-once/depth2-side1-reverse-source-last-order01	31	3072	31,31	200	32	31,1
05/reserve-once/depth2-side1-reverse-source-last-order01	32	3040	31,31	200	32	31,1
05/reserve-once/depth2-side1-reverse-source-last-order01	33	3008	31,31	200	32	0,31
05/reserve-once/depth2-side1-reverse-source-last-order01	34	2976	31,31	200	32	1,31
05/reserve-once/depth2-side1-reverse-source-last-order01	35	2944	31,31	200	32	0,31
05/reserve-once/depth2-side1-reverse-source-last-order01	36	2912	31,31	200	32	31,1
05/reserve-once/depth2-side1-reverse-source-last-order01	37	2880	31,31	200	32	0,31
05/reserve-once/depth2-side1-reverse-source-last-order01	38	2848	31,31	200	32	31,0
05/reserve-once/depth2-side1-reverse-source-last-order01	39	2816	31,31	200	32	0,31
05/reserve-once/depth2-side1-reverse-source-last-order01	40	2784	31,31	200	32	1,31
05/reserve-once/depth2-side1-reverse-source-last-order01	41	2752	31,31	200	32	1,31
05/reserve-once/depth2-side1-reverse-source-last-order01	42	2720	31,31	200	32	0,31
05/reserve-once/depth2-side1-reverse-source-last-order01	43	2688	31,31	200	32	1,31
05/reserve-once/depth2-side1-reverse-source-last-order01	44	2656	31,31	200	32	31,1
05/reserve-once/depth2-side1-reverse-source-last-order01	45	2624	31,31	200	32	31,0
05/reserve-once/depth2-side1-reverse-source-last-order01	46	2592	31,31	200	32	0,31
05/reserve-once/depth2-side1-reverse-source-last-order01	47	2560	31,31	200	32	0,31
05/reserve-once/depth2-side1-reverse-source-last-order01	48	2528	31,31	200	32	1,31
05/reserve-once/depth2-side1-reverse-source-last-order01	49	2496	31,31	200	32	31,1
05/reserve-once/depth2-side1-reverse-source-last-order01	50	2464	31,31	200	32	31,0
05/reserve-once/depth2-side1-reverse-source-last-order01	51	2432	31,31	200	32	31,0
05/reserve-once/depth2-side1-reverse-source-last-order01	52	2400	31,31	200	32	31,1
05/reserve-once/depth2-side1-reverse-source-last-order01	53	2368	31,31	200	32	1,31
05/reserve-once/depth2-side1-reverse-source-last-order01	54	2336	31,31	200	32	31,0
05/reserve-once/depth2-side1-reverse-source-last-order01	55	2304	31,31	200	32	0,31
05/reserve-once/depth2-side1-reverse-source-last-order01	56	2272	31,31	200	32	1,31
05/reserve-once/depth2-side1-reverse-source-last-order01	57	2240	31,31	200	32	31,0
05/reserve-once/depth2-side1-reverse-source-last-order01	58	2208	31,31	200	32	1,31
05/reserve-once/depth2-side1-reverse-source-last-order01	59	2176	31,31	200	32	0,31
05/reserve-once/depth2-side1-reverse-source-last-order01	60	2144	31,31	200	32	1,31
05/reserve-once/depth2-side1-reverse-source-last-order01	61	2112	31,31	200	32	31,0
05/reserve-once/depth2-side1-reverse-source-last-order01	62	2080	31,31	200	32	1,31
05/reserve-once/depth2-side1-reverse-source-last-order01	63	2048	31,31	200	32	31,1
05/reserve-once/depth2-side1-reverse-source-last-order01	64	2016	31,31	200	32	31,1
05/reserve-once/depth2-side1-reverse-source-last-order01	65	1984	31,31	200	32	31,1
05/reserve-once/depth2-side1-reverse-source-last-order01	66	1952	31,31	200	32	31,0
05/reserve-once/depth2-side1-reverse-source-last-order01	67	1920	31,31	200	32	31,1
05/reserve-once/depth2-side1-reverse-source-last-order01	68	1888	31,31	200	32	1,31
05/reserve-once/depth2-side1-reverse-source-last-order01	69	1856	31,31	200	32	0,31
05/reserve-once/depth2-side1-reverse-source-last-order01	70	1824	31,31	200	32	1,31
05/reserve-once/depth2-side1-reverse-source-last-order01	71	1792	31,31	200	32	31,1
05/reserve-once/depth2-side1-reverse-source-last-order01	72	1760	31,31	200	32	31,1
05/reserve-once/depth2-side1-reverse-source-last-order01	73	1728	31,31	200	32	31,0
05/reserve-once/depth2-side1-reverse-source-last-order01	74	1696	31,31	200	32	31,1
05/reserve-once/depth2-side1-reverse-source-last-order01	75	1664	31,31	200	32	31,1
05/reserve-once/depth2-side1-reverse-source-last-order01	76	1632	31,31	200	32	1,31
05/reserve-once/depth2-side1-reverse-source-last-order01	77	1600	31,31	200	32	31,0
05/reserve-once/depth2-side1-reverse-source-last-order01	78	1568	31,31	200	32	0,31
05/reserve-once/depth2-side1-reverse-source-last-order01	79	1536	31,31	200	32	1,31
05/reserve-once/depth2-side1-reverse-source-last-order01	80	1504	31,31	200	32	1,31
05/reserve-once/depth2-side1-reverse-source-last-order01	81	1472	31,31	200	32	0,31
05/reserve-once/depth2-side1-reverse-source-last-order01	82	1440	31,31	200	32	31,0
05/reserve-once/depth2-side1-reverse-source-last-order01	83	1408	31,31	200	32	31,0
05/reserve-once/depth2-side1-reverse-source-last-order01	84	1376	31,31	200	32	1,31
05/reserve-once/depth2-side1-reverse-source-last-order01	85	1344	31,31	200	32	0,31
05/reserve-once/depth2-side1-reverse-source-last-order01	86	1312	31,31	200	32	1,31
05/reserve-once/depth2-side1-reverse-source-last-order01	87	1280	31,31	200	32	1,31
05/reserve-once/depth2-side1-reverse-source-last-order01	88	1248	31,31	200	32	31,1
05/reserve-once/depth2-side1-reverse-source-last-order01	89	1216	31,31	200	32	31,0
05/reserve-once/depth2-side1-reverse-source-last-order01	90	1184	31,31	200	32	31,1
05/reserve-once/depth2-side1-reverse-source-last-order01	91	1152	31,31	200	32	31,0
05/reserve-once/depth2-side1-reverse-source-last-order01	92	1120	31,31	200	32	1,31
05/reserve-once/depth2-side1-reverse-source-last-order01	93	1088	31,31	200	32	1,31
05/reserve-once/depth2-side1-reverse-source-last-order01	94	1056	31,31	200	32	1,31
05/reserve-once/depth2-side1-reverse-source-last-order01	95	1024	31,31	200	32	1,31
05/reserve-once/depth2-side1-reverse-source-last-order01	96	992	31,31	200	32	31,1
05/reserve-once/depth2-side1-reverse-source-last-order01	97	960	31,31	200	32	1,31
05/reserve-once/depth2-side1-reverse-source-last-order01	98	928	31,31	200	32	1,31
05/reserve-once/depth2-side1-reverse-source-last-order01	99	896	31,31	200	32	31,1
05/reserve-once/depth2-side1-reverse-source-last-order01	100	864	31,31	200	32	1,31
05/reserve-once/depth2-side1-reverse-source-last-order01	101	832	31,31	200	32	1,31
05/reserve-once/depth2-side1-reverse-source-last-order01	102	800	31,31	200	32	31,1
05/reserve-once/depth2-side1-reverse-source-last-order01	103	768	31,31	200	32	1,31
05/reserve-once/depth2-side1-reverse-source-last-order01	104	736	31,31	200	32	1,31
05/reserve-once/depth2-side1-reverse-source-last-order01	105	704	31,31	200	32	1,31
05/reserve-once/depth2-side1-reverse-source-last-order01	106	672	31,31	200	32	0,31
05/coal/depth2-side1-forward-wires-first-order01	27	10	31,31	200	10	9,0
05/coal/depth2-side1-forward-wires-first-order01	28	10	31,31	200	10	0,10
05/coal/depth2-side1-forward-wires-first-order01	29	10	31,31	200	10	9,0
05/coal/depth2-side1-forward-wires-first-order01	30	10	31,31	200	10	9,0
05/coal/depth2-side1-forward-wires-first-order01	31	10	31,31	200	10	9,0
05/coal/depth2-side1-forward-wires-first-order01	32	10	31,31	200	10	0,10
05/coal/depth2-side1-forward-wires-first-order01	33	10	31,31	200	10	0,10
05/coal/depth2-side1-forward-wires-first-order01	34	10	31,31	200	10	0,9
05/coal/depth2-side1-forward-wires-first-order01	35	10	31,31	200	10	0,10
05/coal/depth2-side1-forward-wires-first-order01	36	10	31,31	200	10	10,0
05/coal/depth2-side1-forward-wires-first-order01	37	10	31,31	200	10	0,10
05/coal/depth2-side1-forward-wires-first-order01	38	10	31,31	200	10	9,0
05/coal/depth2-side1-forward-wires-first-order01	39	10	31,31	200	10	9,0
05/coal/depth2-side1-forward-wires-first-order01	40	10	31,31	200	10	10,0
05/coal/depth2-side1-forward-wires-first-order01	41	10	31,31	200	10	10,0
05/coal/depth2-side1-forward-wires-first-order01	42	10	31,31	200	10	0,9
05/coal/depth2-side1-forward-wires-first-order01	43	10	31,31	200	10	10,0
05/coal/depth2-side1-forward-wires-first-order01	44	10	31,31	200	10	0,10
05/coal/depth2-side1-forward-wires-first-order01	45	10	31,31	200	10	9,0
05/coal/depth2-side1-forward-wires-first-order01	46	10	31,31	200	10	9,0
05/coal/depth2-side1-forward-wires-first-order01	47	10	31,31	200	10	10,0
05/coal/depth2-side1-forward-wires-first-order01	48	10	31,31	200	10	10,0
05/coal/depth2-side1-forward-wires-first-order01	49	10	31,31	200	10	0,10
05/coal/depth2-side1-forward-wires-first-order01	50	10	31,31	200	10	0,10
05/coal/depth2-side1-forward-wires-first-order01	51	10	31,31	200	10	9,0
05/coal/depth2-side1-forward-wires-first-order01	52	10	31,31	200	10	0,10
05/coal/depth2-side1-forward-wires-first-order01	53	10	31,31	200	10	0,10
05/coal/depth2-side1-forward-wires-first-order01	54	10	31,31	200	10	0,9
05/coal/depth2-side1-forward-wires-first-order01	55	10	31,31	200	10	0,9
05/coal/depth2-side1-forward-wires-first-order01	56	10	31,31	200	10	10,0
05/coal/depth2-side1-forward-wires-first-order01	57	10	31,31	200	10	0,9
05/coal/depth2-side1-forward-wires-first-order01	58	10	31,31	200	10	10,0
05/coal/depth2-side1-forward-wires-first-order01	59	10	31,31	200	10	0,10
05/coal/depth2-side1-forward-wires-first-order01	60	10	31,31	200	10	0,10
05/coal/depth2-side1-forward-wires-first-order01	61	10	31,31	200	10	0,9
05/coal/depth2-side1-forward-wires-first-order01	62	10	31,31	200	10	10,0
05/coal/depth2-side1-forward-wires-first-order01	63	10	31,31	200	10	0,10
05/coal/depth2-side1-forward-wires-first-order01	64	10	31,31	200	10	0,10
05/coal/depth2-side1-forward-wires-first-order01	65	10	31,31	200	10	10,0
05/coal/depth2-side1-forward-wires-first-order01	66	10	31,31	200	10	0,10
05/coal/depth2-side1-forward-wires-first-order01	67	10	31,31	200	10	0,9
05/coal/depth2-side1-forward-wires-first-order01	68	10	31,31	200	10	10,0
05/coal/depth2-side1-forward-wires-first-order01	69	10	31,31	200	10	0,9
05/coal/depth2-side1-forward-wires-first-order01	70	10	31,31	200	10	10,0
05/coal/depth2-side1-forward-wires-first-order01	71	10	31,31	200	10	9,0
05/coal/depth2-side1-forward-wires-first-order01	72	10	31,31	200	10	10,0
05/coal/depth2-side1-forward-wires-first-order01	73	10	31,31	200	10	0,10
05/coal/depth2-side1-forward-wires-first-order01	74	10	31,31	200	10	10,0
05/coal/depth2-side1-forward-wires-first-order01	75	10	31,31	200	10	0,10
05/coal/depth2-side1-forward-wires-first-order01	76	10	31,31	200	10	0,10
05/coal/depth2-side1-forward-wires-first-order01	77	10	31,31	200	10	0,9
05/coal/depth2-side1-forward-wires-first-order01	78	10	31,31	200	10	0,9
05/coal/depth2-side1-forward-wires-first-order01	79	10	31,31	200	10	10,0
05/coal/depth2-side1-forward-wires-first-order01	80	10	31,31	200	10	10,0
05/coal/depth2-side1-forward-wires-first-order01	81	10	31,31	200	10	0,10
05/coal/depth2-side1-forward-wires-first-order01	82	10	31,31	200	10	0,9
05/coal/depth2-side1-forward-wires-first-order01	83	10	31,31	200	10	0,10
05/coal/depth2-side1-forward-wires-first-order01	84	10	31,31	200	10	10,0
05/coal/depth2-side1-forward-wires-first-order01	85	10	31,31	200	10	0,10
05/coal/depth2-side1-forward-wires-first-order01	86	10	31,31	200	10	0,10
05/coal/depth2-side1-forward-wires-first-order01	87	10	31,31	200	10	10,0
05/coal/depth2-side1-forward-wires-first-order01	88	10	31,31	200	10	10,0
05/coal/depth2-side1-forward-wires-first-order01	89	10	31,31	200	10	9,0
05/coal/depth2-side1-forward-wires-first-order01	90	10	31,31	200	10	0,9
05/coal/depth2-side1-forward-wires-first-order01	91	10	31,31	200	10	9,0
05/coal/depth2-side1-forward-wires-first-order01	92	10	31,31	200	10	0,10
05/coal/depth2-side1-forward-wires-first-order01	93	10	31,31	200	10	9,0
05/coal/depth2-side1-forward-wires-first-order01	94	10	31,31	200	10	10,0
05/coal/depth2-side1-forward-wires-first-order01	95	10	31,31	200	10	9,0
05/coal/depth2-side1-forward-wires-first-order01	96	10	31,31	200	10	10,0
05/coal/depth2-side1-forward-wires-first-order01	97	10	31,31	200	10	10,0
05/coal/depth2-side1-forward-wires-first-order01	98	10	31,31	200	10	10,0
05/coal/depth2-side1-forward-wires-first-order01	99	10	31,31	200	10	10,0
05/coal/depth2-side1-forward-wires-first-order01	100	10	31,31	200	10	10,0
05/coal/depth2-side1-forward-wires-first-order01	101	10	31,31	200	10	0,10
05/coal/depth2-side1-forward-wires-first-order01	102	10	31,31	200	10	0,9
05/coal/depth2-side1-forward-wires-first-order01	103	10	31,31	200	10	9,0
05/coal/depth2-side1-forward-wires-first-order01	104	10	31,31	200	10	0,10
05/coal/depth2-side1-forward-wires-first-order01	105	10	31,31	200	10	0,10
05/coal/depth2-side1-forward-wires-first-order01	106	10	31,31	200	10	9,0
05/coal/depth2-side1-forward-source-last-order01	27	10	31,31	200	10	0,10
05/coal/depth2-side1-forward-source-last-order01	28	10	31,31	200	10	0,10
05/coal/depth2-side1-forward-source-last-order01	29	10	31,31	200	10	9,0
05/coal/depth2-side1-forward-source-last-order01	30	10	31,31	200	10	0,10
05/coal/depth2-side1-forward-source-last-order01	31	10	31,31	200	10	10,0
05/coal/depth2-side1-forward-source-last-order01	32	10	31,31	200	10	10,0
05/coal/depth2-side1-forward-source-last-order01	33	10	31,31	200	10	9,0
05/coal/depth2-side1-forward-source-last-order01	34	10	31,31	200	10	0,10
05/coal/depth2-side1-forward-source-last-order01	35	10	31,31	200	10	0,10
05/coal/depth2-side1-forward-source-last-order01	36	10	31,31	200	10	0,10
05/coal/depth2-side1-forward-source-last-order01	37	10	31,31	200	10	9,0
05/coal/depth2-side1-forward-source-last-order01	38	10	31,31	200	10	10,0
05/coal/depth2-side1-forward-source-last-order01	39	10	31,31	200	10	10,0
05/coal/depth2-side1-forward-source-last-order01	40	10	31,31	200	10	10,0
05/coal/depth2-side1-forward-source-last-order01	41	10	31,31	200	10	0,9
05/coal/depth2-side1-forward-source-last-order01	42	10	31,31	200	10	9,0
05/coal/depth2-side1-forward-source-last-order01	43	10	31,31	200	10	0,9
05/coal/depth2-side1-forward-source-last-order01	44	10	31,31	200	10	10,0
05/coal/depth2-side1-forward-source-last-order01	45	10	31,31	200	10	10,0
05/coal/depth2-side1-forward-source-last-order01	46	10	31,31	200	10	0,10
05/coal/depth2-side1-forward-source-last-order01	47	10	31,31	200	10	10,0
05/coal/depth2-side1-forward-source-last-order01	48	10	31,31	200	10	10,0
05/coal/depth2-side1-forward-source-last-order01	49	10	31,31	200	10	9,0
05/coal/depth2-side1-forward-source-last-order01	50	10	31,31	200	10	0,9
05/coal/depth2-side1-forward-source-last-order01	51	10	31,31	200	10	0,9
05/coal/depth2-side1-forward-source-last-order01	52	10	31,31	200	10	10,0
05/coal/depth2-side1-forward-source-last-order01	53	10	31,31	200	10	10,0
05/coal/depth2-side1-forward-source-last-order01	54	10	31,31	200	10	10,0
05/coal/depth2-side1-forward-source-last-order01	55	10	31,31	200	10	9,0
05/coal/depth2-side1-forward-source-last-order01	56	10	31,31	200	10	0,10
05/coal/depth2-side1-forward-source-last-order01	57	10	31,31	200	10	0,10
05/coal/depth2-side1-forward-source-last-order01	58	10	31,31	200	10	9,0
05/coal/depth2-side1-forward-source-last-order01	59	10	31,31	200	10	0,9
05/coal/depth2-side1-forward-source-last-order01	60	10	31,31	200	10	0,10
05/coal/depth2-side1-forward-source-last-order01	61	10	31,31	200	10	0,10
05/coal/depth2-side1-forward-source-last-order01	62	10	31,31	200	10	0,9
05/coal/depth2-side1-forward-source-last-order01	63	10	31,31	200	10	0,10
05/coal/depth2-side1-forward-source-last-order01	64	10	31,31	200	10	0,10
05/coal/depth2-side1-forward-source-last-order01	65	10	31,31	200	10	0,10
05/coal/depth2-side1-forward-source-last-order01	66	10	31,31	200	10	9,0
05/coal/depth2-side1-forward-source-last-order01	67	10	31,31	200	10	9,0
05/coal/depth2-side1-forward-source-last-order01	68	10	31,31	200	10	0,10
05/coal/depth2-side1-forward-source-last-order01	69	10	31,31	200	10	0,10
05/coal/depth2-side1-forward-source-last-order01	70	10	31,31	200	10	10,0
05/coal/depth2-side1-forward-source-last-order01	71	10	31,31	200	10	0,10
05/coal/depth2-side1-forward-source-last-order01	72	10	31,31	200	10	0,10
05/coal/depth2-side1-forward-source-last-order01	73	10	31,31	200	10	10,0
05/coal/depth2-side1-forward-source-last-order01	74	10	31,31	200	10	9,0
05/coal/depth2-side1-forward-source-last-order01	75	10	31,31	200	10	0,10
05/coal/depth2-side1-forward-source-last-order01	76	10	31,31	200	10	0,10
05/coal/depth2-side1-forward-source-last-order01	77	10	31,31	200	10	0,10
05/coal/depth2-side1-forward-source-last-order01	78	10	31,31	200	10	9,0
05/coal/depth2-side1-forward-source-last-order01	79	10	31,31	200	10	9,0
05/coal/depth2-side1-forward-source-last-order01	80	10	31,31	200	10	0,10
05/coal/depth2-side1-forward-source-last-order01	81	10	31,31	200	10	9,0
05/coal/depth2-side1-forward-source-last-order01	82	10	31,31	200	10	9,0
05/coal/depth2-side1-forward-source-last-order01	83	10	31,31	200	10	0,10
05/coal/depth2-side1-forward-source-last-order01	84	10	31,31	200	10	10,0
05/coal/depth2-side1-forward-source-last-order01	85	10	31,31	200	10	10,0
05/coal/depth2-side1-forward-source-last-order01	86	10	31,31	200	10	0,10
05/coal/depth2-side1-forward-source-last-order01	87	10	31,31	200	10	0,10
05/coal/depth2-side1-forward-source-last-order01	88	10	31,31	200	10	10,0
05/coal/depth2-side1-forward-source-last-order01	89	10	31,31	200	10	0,9
05/coal/depth2-side1-forward-source-last-order01	90	10	31,31	200	10	9,0
05/coal/depth2-side1-forward-source-last-order01	91	10	31,31	200	10	0,10
05/coal/depth2-side1-forward-source-last-order01	92	10	31,31	200	10	0,10
05/coal/depth2-side1-forward-source-last-order01	93	10	31,31	200	10	0,9
05/coal/depth2-side1-forward-source-last-order01	94	10	31,31	200	10	10,0
05/coal/depth2-side1-forward-source-last-order01	95	10	31,31	200	10	9,0
05/coal/depth2-side1-forward-source-last-order01	96	10	31,31	200	10	10,0
05/coal/depth2-side1-forward-source-last-order01	97	10	31,31	200	10	10,0
05/coal/depth2-side1-forward-source-last-order01	98	10	31,31	200	10	9,0
05/coal/depth2-side1-forward-source-last-order01	99	10	31,31	200	10	10,0
05/coal/depth2-side1-forward-source-last-order01	100	10	31,31	200	10	0,10
05/coal/depth2-side1-forward-source-last-order01	101	10	31,31	200	10	0,10
05/coal/depth2-side1-forward-source-last-order01	102	10	31,31	200	10	0,10
05/coal/depth2-side1-forward-source-last-order01	103	10	31,31	200	10	0,9
05/coal/depth2-side1-forward-source-last-order01	104	10	31,31	200	10	0,10
05/coal/depth2-side1-forward-source-last-order01	105	10	31,31	200	10	0,10
05/coal/depth2-side1-forward-source-last-order01	106	10	31,31	200	10	10,0
05/coal/depth2-side1-reverse-wires-first-order01	27	10	31,31	200	10	9,0
05/coal/depth2-side1-reverse-wires-first-order01	28	10	31,31	200	10	0,10
05/coal/depth2-side1-reverse-wires-first-order01	29	10	31,31	200	10	0,9
05/coal/depth2-side1-reverse-wires-first-order01	30	10	31,31	200	10	9,0
05/coal/depth2-side1-reverse-wires-first-order01	31	10	31,31	200	10	10,0
05/coal/depth2-side1-reverse-wires-first-order01	32	10	31,31	200	10	10,0
05/coal/depth2-side1-reverse-wires-first-order01	33	10	31,31	200	10	0,9
05/coal/depth2-side1-reverse-wires-first-order01	34	10	31,31	200	10	10,0
05/coal/depth2-side1-reverse-wires-first-order01	35	10	31,31	200	10	0,10
05/coal/depth2-side1-reverse-wires-first-order01	36	10	31,31	200	10	0,10
05/coal/depth2-side1-reverse-wires-first-order01	37	10	31,31	200	10	0,10
05/coal/depth2-side1-reverse-wires-first-order01	38	10	31,31	200	10	0,10
05/coal/depth2-side1-reverse-wires-first-order01	39	10	31,31	200	10	0,9
05/coal/depth2-side1-reverse-wires-first-order01	40	10	31,31	200	10	0,10
05/coal/depth2-side1-reverse-wires-first-order01	41	10	31,31	200	10	0,10
05/coal/depth2-side1-reverse-wires-first-order01	42	10	31,31	200	10	0,9
05/coal/depth2-side1-reverse-wires-first-order01	43	10	31,31	200	10	9,0
05/coal/depth2-side1-reverse-wires-first-order01	44	10	31,31	200	10	0,10
05/coal/depth2-side1-reverse-wires-first-order01	45	10	31,31	200	10	0,9
05/coal/depth2-side1-reverse-wires-first-order01	46	10	31,31	200	10	0,10
05/coal/depth2-side1-reverse-wires-first-order01	47	10	31,31	200	10	10,0
05/coal/depth2-side1-reverse-wires-first-order01	48	10	31,31	200	10	10,0
05/coal/depth2-side1-reverse-wires-first-order01	49	10	31,31	200	10	9,0
05/coal/depth2-side1-reverse-wires-first-order01	50	10	31,31	200	10	10,0
05/coal/depth2-side1-reverse-wires-first-order01	51	10	31,31	200	10	0,9
05/coal/depth2-side1-reverse-wires-first-order01	52	10	31,31	200	10	10,0
05/coal/depth2-side1-reverse-wires-first-order01	53	10	31,31	200	10	0,10
05/coal/depth2-side1-reverse-wires-first-order01	54	10	31,31	200	10	0,10
05/coal/depth2-side1-reverse-wires-first-order01	55	10	31,31	200	10	0,9
05/coal/depth2-side1-reverse-wires-first-order01	56	10	31,31	200	10	10,0
05/coal/depth2-side1-reverse-wires-first-order01	57	10	31,31	200	10	0,9
05/coal/depth2-side1-reverse-wires-first-order01	58	10	31,31	200	10	9,0
05/coal/depth2-side1-reverse-wires-first-order01	59	10	31,31	200	10	0,10
05/coal/depth2-side1-reverse-wires-first-order01	60	10	31,31	200	10	0,10
05/coal/depth2-side1-reverse-wires-first-order01	61	10	31,31	200	10	0,10
05/coal/depth2-side1-reverse-wires-first-order01	62	10	31,31	200	10	9,0
05/coal/depth2-side1-reverse-wires-first-order01	63	10	31,31	200	10	9,0
05/coal/depth2-side1-reverse-wires-first-order01	64	10	31,31	200	10	10,0
05/coal/depth2-side1-reverse-wires-first-order01	65	10	31,31	200	10	10,0
05/coal/depth2-side1-reverse-wires-first-order01	66	10	31,31	200	10	0,10
05/coal/depth2-side1-reverse-wires-first-order01	67	10	31,31	200	10	0,9
05/coal/depth2-side1-reverse-wires-first-order01	68	10	31,31	200	10	10,0
05/coal/depth2-side1-reverse-wires-first-order01	69	10	31,31	200	10	0,9
05/coal/depth2-side1-reverse-wires-first-order01	70	10	31,31	200	10	9,0
05/coal/depth2-side1-reverse-wires-first-order01	71	10	31,31	200	10	9,0
05/coal/depth2-side1-reverse-wires-first-order01	72	10	31,31	200	10	0,10
05/coal/depth2-side1-reverse-wires-first-order01	73	10	31,31	200	10	0,10
05/coal/depth2-side1-reverse-wires-first-order01	74	10	31,31	200	10	0,9
05/coal/depth2-side1-reverse-wires-first-order01	75	10	31,31	200	10	0,10
05/coal/depth2-side1-reverse-wires-first-order01	76	10	31,31	200	10	0,10
05/coal/depth2-side1-reverse-wires-first-order01	77	10	31,31	200	10	9,0
05/coal/depth2-side1-reverse-wires-first-order01	78	10	31,31	200	10	0,9
05/coal/depth2-side1-reverse-wires-first-order01	79	10	31,31	200	10	0,10
05/coal/depth2-side1-reverse-wires-first-order01	80	10	31,31	200	10	0,10
05/coal/depth2-side1-reverse-wires-first-order01	81	10	31,31	200	10	9,0
05/coal/depth2-side1-reverse-wires-first-order01	82	10	31,31	200	10	0,10
05/coal/depth2-side1-reverse-wires-first-order01	83	10	31,31	200	10	10,0
05/coal/depth2-side1-reverse-wires-first-order01	84	10	31,31	200	10	0,10
05/coal/depth2-side1-reverse-wires-first-order01	85	10	31,31	200	10	0,10
05/coal/depth2-side1-reverse-wires-first-order01	86	10	31,31	200	10	0,10
05/coal/depth2-side1-reverse-wires-first-order01	87	10	31,31	200	10	0,9
05/coal/depth2-side1-reverse-wires-first-order01	88	10	31,31	200	10	0,10
05/coal/depth2-side1-reverse-wires-first-order01	89	10	31,31	200	10	9,0
05/coal/depth2-side1-reverse-wires-first-order01	90	10	31,31	200	10	9,0
05/coal/depth2-side1-reverse-wires-first-order01	91	10	31,31	200	10	0,9
05/coal/depth2-side1-reverse-wires-first-order01	92	10	31,31	200	10	0,10
05/coal/depth2-side1-reverse-wires-first-order01	93	10	31,31	200	10	9,0
05/coal/depth2-side1-reverse-wires-first-order01	94	10	31,31	200	10	0,10
05/coal/depth2-side1-reverse-wires-first-order01	95	10	31,31	200	10	0,10
05/coal/depth2-side1-reverse-wires-first-order01	96	10	31,31	200	10	10,0
05/coal/depth2-side1-reverse-wires-first-order01	97	10	31,31	200	10	10,0
05/coal/depth2-side1-reverse-wires-first-order01	98	10	31,31	200	10	0,9
05/coal/depth2-side1-reverse-wires-first-order01	99	10	31,31	200	10	9,0
05/coal/depth2-side1-reverse-wires-first-order01	100	10	31,31	200	10	0,10
05/coal/depth2-side1-reverse-wires-first-order01	101	10	31,31	200	10	0,9
05/coal/depth2-side1-reverse-wires-first-order01	102	10	31,31	200	10	9,0
05/coal/depth2-side1-reverse-wires-first-order01	103	10	31,31	200	10	10,0
05/coal/depth2-side1-reverse-wires-first-order01	104	10	31,31	200	10	10,0
05/coal/depth2-side1-reverse-wires-first-order01	105	10	31,31	200	10	0,9
05/coal/depth2-side1-reverse-wires-first-order01	106	10	31,31	200	10	9,0
05/coal/depth2-side1-reverse-source-last-order01	27	10	31,31	200	10	9,0
05/coal/depth2-side1-reverse-source-last-order01	28	10	31,31	200	10	0,10
05/coal/depth2-side1-reverse-source-last-order01	29	10	31,31	200	10	9,0
05/coal/depth2-side1-reverse-source-last-order01	30	10	31,31	200	10	9,0
05/coal/depth2-side1-reverse-source-last-order01	31	10	31,31	200	10	9,0
05/coal/depth2-side1-reverse-source-last-order01	32	10	31,31	200	10	10,0
05/coal/depth2-side1-reverse-source-last-order01	33	10	31,31	200	10	0,9
05/coal/depth2-side1-reverse-source-last-order01	34	10	31,31	200	10	9,0
05/coal/depth2-side1-reverse-source-last-order01	35	10	31,31	200	10	0,10
05/coal/depth2-side1-reverse-source-last-order01	36	10	31,31	200	10	10,0
05/coal/depth2-side1-reverse-source-last-order01	37	10	31,31	200	10	10,0
05/coal/depth2-side1-reverse-source-last-order01	38	10	31,31	200	10	10,0
05/coal/depth2-side1-reverse-source-last-order01	39	10	31,31	200	10	0,9
05/coal/depth2-side1-reverse-source-last-order01	40	10	31,31	200	10	10,0
05/coal/depth2-side1-reverse-source-last-order01	41	10	31,31	200	10	10,0
05/coal/depth2-side1-reverse-source-last-order01	42	10	31,31	200	10	0,9
05/coal/depth2-side1-reverse-source-last-order01	43	10	31,31	200	10	10,0
05/coal/depth2-side1-reverse-source-last-order01	44	10	31,31	200	10	10,0
05/coal/depth2-side1-reverse-source-last-order01	45	10	31,31	200	10	9,0
05/coal/depth2-side1-reverse-source-last-order01	46	10	31,31	200	10	10,0
05/coal/depth2-side1-reverse-source-last-order01	47	10	31,31	200	10	0,10
05/coal/depth2-side1-reverse-source-last-order01	48	10	31,31	200	10	10,0
05/coal/depth2-side1-reverse-source-last-order01	49	10	31,31	200	10	9,0
05/coal/depth2-side1-reverse-source-last-order01	50	10	31,31	200	10	9,0
05/coal/depth2-side1-reverse-source-last-order01	51	10	31,31	200	10	0,10
05/coal/depth2-side1-reverse-source-last-order01	52	10	31,31	200	10	10,0
05/coal/depth2-side1-reverse-source-last-order01	53	10	31,31	200	10	10,0
05/coal/depth2-side1-reverse-source-last-order01	54	10	31,31	200	10	10,0
05/coal/depth2-side1-reverse-source-last-order01	55	10	31,31	200	10	0,9
05/coal/depth2-side1-reverse-source-last-order01	56	10	31,31	200	10	10,0
05/coal/depth2-side1-reverse-source-last-order01	57	10	31,31	200	10	0,9
05/coal/depth2-side1-reverse-source-last-order01	58	10	31,31	200	10	0,9
05/coal/depth2-side1-reverse-source-last-order01	59	10	31,31	200	10	9,0
05/coal/depth2-side1-reverse-source-last-order01	60	10	31,31	200	10	10,0
05/coal/depth2-side1-reverse-source-last-order01	61	10	31,31	200	10	0,9
05/coal/depth2-side1-reverse-source-last-order01	62	10	31,31	200	10	9,0
05/coal/depth2-side1-reverse-source-last-order01	63	10	31,31	200	10	9,0
05/coal/depth2-side1-reverse-source-last-order01	64	10	31,31	200	10	10,0
05/coal/depth2-side1-reverse-source-last-order01	65	10	31,31	200	10	10,0
05/coal/depth2-side1-reverse-source-last-order01	66	10	31,31	200	10	0,10
05/coal/depth2-side1-reverse-source-last-order01	67	10	31,31	200	10	9,0
05/coal/depth2-side1-reverse-source-last-order01	68	10	31,31	200	10	10,0
05/coal/depth2-side1-reverse-source-last-order01	69	10	31,31	200	10	0,9
05/coal/depth2-side1-reverse-source-last-order01	70	10	31,31	200	10	0,9
05/coal/depth2-side1-reverse-source-last-order01	71	10	31,31	200	10	9,0
05/coal/depth2-side1-reverse-source-last-order01	72	10	31,31	200	10	10,0
05/coal/depth2-side1-reverse-source-last-order01	73	10	31,31	200	10	0,10
05/coal/depth2-side1-reverse-source-last-order01	74	10	31,31	200	10	0,9
05/coal/depth2-side1-reverse-source-last-order01	75	10	31,31	200	10	10,0
05/coal/depth2-side1-reverse-source-last-order01	76	10	31,31	200	10	0,10
05/coal/depth2-side1-reverse-source-last-order01	77	10	31,31	200	10	9,0
05/coal/depth2-side1-reverse-source-last-order01	78	10	31,31	200	10	0,10
05/coal/depth2-side1-reverse-source-last-order01	79	10	31,31	200	10	10,0
05/coal/depth2-side1-reverse-source-last-order01	80	10	31,31	200	10	10,0
05/coal/depth2-side1-reverse-source-last-order01	81	10	31,31	200	10	0,10
05/coal/depth2-side1-reverse-source-last-order01	82	10	31,31	200	10	0,9
05/coal/depth2-side1-reverse-source-last-order01	83	10	31,31	200	10	10,0
05/coal/depth2-side1-reverse-source-last-order01	84	10	31,31	200	10	10,0
05/coal/depth2-side1-reverse-source-last-order01	85	10	31,31	200	10	9,0
05/coal/depth2-side1-reverse-source-last-order01	86	10	31,31	200	10	9,0
05/coal/depth2-side1-reverse-source-last-order01	87	10	31,31	200	10	10,0
05/coal/depth2-side1-reverse-source-last-order01	88	10	31,31	200	10	0,10
05/coal/depth2-side1-reverse-source-last-order01	89	10	31,31	200	10	10,0
05/coal/depth2-side1-reverse-source-last-order01	90	10	31,31	200	10	0,9
05/coal/depth2-side1-reverse-source-last-order01	91	10	31,31	200	10	10,0
05/coal/depth2-side1-reverse-source-last-order01	92	10	31,31	200	10	0,10
05/coal/depth2-side1-reverse-source-last-order01	93	10	31,31	200	10	0,9
05/coal/depth2-side1-reverse-source-last-order01	94	10	31,31	200	10	0,9
05/coal/depth2-side1-reverse-source-last-order01	95	10	31,31	200	10	9,0
05/coal/depth2-side1-reverse-source-last-order01	96	10	31,31	200	10	10,0
05/coal/depth2-side1-reverse-source-last-order01	97	10	31,31	200	10	9,0
05/coal/depth2-side1-reverse-source-last-order01	98	10	31,31	200	10	0,10
05/coal/depth2-side1-reverse-source-last-order01	99	10	31,31	200	10	10,0
05/coal/depth2-side1-reverse-source-last-order01	100	10	31,31	200	10	10,0
05/coal/depth2-side1-reverse-source-last-order01	101	10	31,31	200	10	10,0
05/coal/depth2-side1-reverse-source-last-order01	102	10	31,31	200	10	0,10
05/coal/depth2-side1-reverse-source-last-order01	103	10	31,31	200	10	0,10
05/coal/depth2-side1-reverse-source-last-order01	104	10	31,31	200	10	10,0
05/coal/depth2-side1-reverse-source-last-order01	105	10	31,31	200	10	0,10
05/coal/depth2-side1-reverse-source-last-order01	106	10	31,31	200	10	0,9
06/copper-active0/depth2-side1-forward-wires-first-order01	27	32	40000,0	200	32	32,0
06/copper-active0/depth2-side1-forward-wires-first-order01	32	32	40000,0	200	32	32,0
06/copper-active0/depth2-side1-forward-wires-first-order01	37	32	40000,0	200	32	31,0
06/copper-active0/depth2-side1-forward-wires-first-order01	42	32	40000,0	200	32	32,0
06/copper-active0/depth2-side1-forward-wires-first-order01	47	32	40000,0	200	32	32,0
06/copper-active0/depth2-side1-forward-wires-first-order01	52	32	40000,0	200	32	32,0
06/copper-active0/depth2-side1-forward-wires-first-order01	57	32	40000,0	200	32	31,0
06/copper-active0/depth2-side1-forward-wires-first-order01	62	32	40000,0	200	32	31,0
06/copper-active0/depth2-side1-forward-wires-first-order01	67	32	40000,0	200	32	31,0
06/copper-active0/depth2-side1-forward-wires-first-order01	72	32	40000,0	200	32	31,0
06/copper-active0/depth2-side1-forward-wires-first-order01	77	32	40000,0	200	32	31,0
06/copper-active0/depth2-side1-forward-wires-first-order01	82	32	40000,0	200	32	31,0
06/copper-active0/depth2-side1-forward-wires-first-order01	87	32	40000,0	200	32	32,0
06/copper-active0/depth2-side1-forward-wires-first-order01	92	32	40000,0	200	32	31,0
06/copper-active0/depth2-side1-forward-wires-first-order01	97	32	40000,0	200	32	32,0
06/copper-active0/depth2-side1-forward-wires-first-order01	102	32	40000,0	200	32	32,0
06/copper-active0/depth2-side1-forward-wires-first-order01	107	32	40000,0	200	32	32,0
06/copper-active0/depth2-side1-forward-wires-first-order01	112	32	40000,0	200	32	32,0
06/copper-active0/depth2-side1-forward-wires-first-order01	117	32	40000,0	200	32	32,0
06/copper-active0/depth2-side1-forward-wires-first-order01	122	32	40000,0	200	32	31,0
06/copper-active0/depth2-side1-forward-wires-first-order01	127	32	40000,0	200	32	31,0
06/copper-active0/depth2-side1-forward-wires-first-order01	132	32	40000,0	200	32	31,0
06/copper-active0/depth2-side1-forward-wires-first-order01	137	32	40000,0	200	32	32,0
06/copper-active0/depth2-side1-forward-wires-first-order01	142	32	40000,0	200	32	32,0
06/copper-active0/depth2-side1-forward-wires-first-order01	147	32	40000,0	200	32	31,0
06/copper-active0/depth2-side1-forward-wires-first-order01	152	32	40000,0	200	32	32,0
06/copper-active0/depth2-side1-forward-wires-first-order01	157	32	40000,0	200	32	31,0
06/copper-active0/depth2-side1-forward-wires-first-order01	162	32	40000,0	200	32	31,0
06/copper-active0/depth2-side1-forward-wires-first-order01	167	32	40000,0	200	32	32,0
06/copper-active0/depth2-side1-forward-wires-first-order01	172	32	40000,0	200	32	32,0
06/copper-active0/depth2-side1-forward-wires-first-order01	177	32	40000,0	200	32	31,0
06/copper-active0/depth2-side1-forward-wires-first-order01	182	32	40000,0	200	32	32,0
06/copper-active0/depth2-side1-forward-wires-first-order01	187	32	40000,0	200	32	31,0
06/copper-active0/depth2-side1-forward-wires-first-order01	192	32	40000,0	200	32	32,0
06/copper-active0/depth2-side1-forward-wires-first-order01	197	32	40000,0	200	32	31,0
06/copper-active0/depth2-side1-forward-wires-first-order01	202	32	40000,0	200	32	31,0
06/copper-active0/depth2-side1-forward-wires-first-order01	207	32	40000,0	200	32	31,0
06/copper-active0/depth2-side1-forward-wires-first-order01	212	32	40000,0	200	32	31,0
06/copper-active0/depth2-side1-forward-wires-first-order01	217	32	40000,0	200	32	31,0
06/copper-active0/depth2-side1-forward-wires-first-order01	222	32	40000,0	200	32	31,0
06/copper-active0/depth2-side1-forward-wires-first-order01	227	32	40000,0	200	32	32,0
06/copper-active0/depth2-side1-forward-wires-first-order01	232	32	40000,0	200	32	32,0
06/copper-active0/depth2-side1-forward-wires-first-order01	237	32	40000,0	200	32	32,0
06/copper-active0/depth2-side1-forward-wires-first-order01	242	32	40000,0	200	32	32,0
06/copper-active0/depth2-side1-forward-wires-first-order01	247	32	40000,0	200	32	32,0
06/copper-active0/depth2-side1-forward-wires-first-order01	252	32	40000,0	200	32	31,0
06/copper-active0/depth2-side1-forward-wires-first-order01	257	32	40000,0	200	32	31,0
06/copper-active0/depth2-side1-forward-wires-first-order01	262	32	40000,0	200	32	32,0
06/copper-active0/depth2-side1-forward-wires-first-order01	267	32	40000,0	200	32	32,0
06/copper-active0/depth2-side1-forward-wires-first-order01	272	32	40000,0	200	32	31,0
06/copper-active0/depth2-side1-forward-wires-first-order01	277	32	40000,0	200	32	31,0
06/copper-active0/depth2-side1-forward-wires-first-order01	282	32	40000,0	200	32	32,0
06/copper-active0/depth2-side1-forward-wires-first-order01	287	32	40000,0	200	32	32,0
06/copper-active0/depth2-side1-forward-wires-first-order01	292	32	40000,0	200	32	32,0
06/copper-active0/depth2-side1-forward-wires-first-order01	297	32	40000,0	200	32	31,0
06/copper-active0/depth2-side1-forward-wires-first-order01	302	32	40000,0	200	32	31,0
06/copper-active0/depth2-side1-forward-wires-first-order01	307	32	40000,0	200	32	32,0
06/copper-active0/depth2-side1-forward-wires-first-order01	312	32	40000,0	200	32	31,0
06/copper-active0/depth2-side1-forward-wires-first-order01	317	32	40000,0	200	32	32,0
06/copper-active0/depth2-side1-forward-wires-first-order01	322	32	40000,0	200	32	32,0
06/copper-active0/depth2-side1-forward-wires-first-order01	327	32	40000,0	200	32	32,0
06/copper-active0/depth2-side1-forward-wires-first-order01	332	32	40000,0	200	32	32,0
06/copper-active0/depth2-side1-forward-wires-first-order01	337	32	40000,0	200	32	31,0
06/copper-active0/depth2-side1-forward-wires-first-order01	342	32	40000,0	200	32	32,0
06/copper-active0/depth2-side1-forward-wires-first-order01	347	32	40000,0	200	32	31,0
06/copper-active0/depth2-side1-forward-wires-first-order01	352	32	40000,0	200	32	31,0
06/copper-active0/depth2-side1-forward-wires-first-order01	357	32	40000,0	200	32	31,0
06/copper-active0/depth2-side1-forward-wires-first-order01	362	32	40000,0	200	32	31,0
06/copper-active0/depth2-side1-forward-wires-first-order01	367	32	40000,0	200	32	31,0
06/copper-active0/depth2-side1-forward-wires-first-order01	372	32	40000,0	200	32	32,0
06/copper-active0/depth2-side1-forward-wires-first-order01	377	32	40000,0	200	32	32,0
06/copper-active0/depth2-side1-forward-wires-first-order01	382	32	40000,0	200	32	31,0
06/copper-active0/depth2-side1-forward-wires-first-order01	387	32	40000,0	200	32	31,0
06/copper-active0/depth2-side1-forward-wires-first-order01	392	32	40000,0	200	32	31,0
06/copper-active0/depth2-side1-forward-wires-first-order01	397	32	40000,0	200	32	31,0
06/copper-active0/depth2-side1-forward-wires-first-order01	402	32	40000,0	200	32	32,0
06/copper-active0/depth2-side1-forward-wires-first-order01	407	32	40000,0	200	32	31,0
06/copper-active0/depth2-side1-forward-wires-first-order01	412	32	40000,0	200	32	32,0
06/copper-active0/depth2-side1-forward-wires-first-order01	417	32	40000,0	200	32	31,0
06/copper-active0/depth2-side1-forward-wires-first-order01	422	32	40000,0	200	32	32,0
06/copper-active0/depth2-side1-forward-wires-first-order01	427	32	40000,0	200	32	31,0
06/copper-active0/depth2-side1-forward-wires-first-order01	432	32	40000,0	200	32	31,0
06/copper-active0/depth2-side1-forward-wires-first-order01	437	32	40000,0	200	32	32,0
06/copper-active0/depth2-side1-forward-wires-first-order01	442	32	40000,0	200	32	31,0
06/copper-active0/depth2-side1-forward-wires-first-order01	447	32	40000,0	200	32	32,0
06/copper-active0/depth2-side1-forward-wires-first-order01	452	32	40000,0	200	32	31,0
06/copper-active0/depth2-side1-forward-wires-first-order01	457	32	40000,0	200	32	31,0
06/copper-active0/depth2-side1-forward-wires-first-order01	462	32	40000,0	200	32	31,0
06/copper-active0/depth2-side1-forward-wires-first-order01	467	32	40000,0	200	32	31,0
06/copper-active0/depth2-side1-forward-wires-first-order01	472	32	40000,0	200	32	32,0
06/copper-active0/depth2-side1-forward-wires-first-order01	477	32	40000,0	200	32	32,0
06/copper-active0/depth2-side1-forward-wires-first-order01	482	32	40000,0	200	32	31,0
06/copper-active0/depth2-side1-forward-wires-first-order01	487	32	40000,0	200	32	32,0
06/copper-active0/depth2-side1-forward-wires-first-order01	492	32	40000,0	200	32	32,0
06/copper-active0/depth2-side1-forward-wires-first-order01	497	32	40000,0	200	32	31,0
06/copper-active0/depth2-side1-forward-wires-first-order01	502	32	40000,0	200	32	32,0
06/copper-active0/depth2-side1-forward-wires-first-order01	507	32	40000,0	200	32	31,0
06/copper-active0/depth2-side1-forward-wires-first-order01	512	32	40000,0	200	32	32,0
06/copper-active0/depth2-side1-forward-wires-first-order01	517	32	40000,0	200	32	32,0
06/copper-active0/depth2-side1-forward-wires-first-order01	522	32	40000,0	200	32	32,0
06/copper-active0/depth2-side1-forward-source-last-order01	27	32	40000,0	200	32	31,0
06/copper-active0/depth2-side1-forward-source-last-order01	32	32	40000,0	200	32	31,0
06/copper-active0/depth2-side1-forward-source-last-order01	37	32	40000,0	200	32	32,0
06/copper-active0/depth2-side1-forward-source-last-order01	42	32	40000,0	200	32	31,0
06/copper-active0/depth2-side1-forward-source-last-order01	47	32	40000,0	200	32	32,0
06/copper-active0/depth2-side1-forward-source-last-order01	52	32	40000,0	200	32	32,0
06/copper-active0/depth2-side1-forward-source-last-order01	57	32	40000,0	200	32	32,0
06/copper-active0/depth2-side1-forward-source-last-order01	62	32	40000,0	200	32	32,0
06/copper-active0/depth2-side1-forward-source-last-order01	67	32	40000,0	200	32	31,0
06/copper-active0/depth2-side1-forward-source-last-order01	72	32	40000,0	200	32	31,0
06/copper-active0/depth2-side1-forward-source-last-order01	77	32	40000,0	200	32	32,0
06/copper-active0/depth2-side1-forward-source-last-order01	82	32	40000,0	200	32	31,0
06/copper-active0/depth2-side1-forward-source-last-order01	87	32	40000,0	200	32	32,0
06/copper-active0/depth2-side1-forward-source-last-order01	92	32	40000,0	200	32	32,0
06/copper-active0/depth2-side1-forward-source-last-order01	97	32	40000,0	200	32	32,0
06/copper-active0/depth2-side1-forward-source-last-order01	102	32	40000,0	200	32	32,0
06/copper-active0/depth2-side1-forward-source-last-order01	107	32	40000,0	200	32	31,0
06/copper-active0/depth2-side1-forward-source-last-order01	112	32	40000,0	200	32	31,0
06/copper-active0/depth2-side1-forward-source-last-order01	117	32	40000,0	200	32	31,0
06/copper-active0/depth2-side1-forward-source-last-order01	122	32	40000,0	200	32	31,0
06/copper-active0/depth2-side1-forward-source-last-order01	127	32	40000,0	200	32	32,0
06/copper-active0/depth2-side1-forward-source-last-order01	132	32	40000,0	200	32	32,0
06/copper-active0/depth2-side1-forward-source-last-order01	137	32	40000,0	200	32	32,0
06/copper-active0/depth2-side1-forward-source-last-order01	142	32	40000,0	200	32	31,0
06/copper-active0/depth2-side1-forward-source-last-order01	147	32	40000,0	200	32	32,0
06/copper-active0/depth2-side1-forward-source-last-order01	152	32	40000,0	200	32	32,0
06/copper-active0/depth2-side1-forward-source-last-order01	157	32	40000,0	200	32	32,0
06/copper-active0/depth2-side1-forward-source-last-order01	162	32	40000,0	200	32	32,0
06/copper-active0/depth2-side1-forward-source-last-order01	167	32	40000,0	200	32	31,0
06/copper-active0/depth2-side1-forward-source-last-order01	172	32	40000,0	200	32	32,0
06/copper-active0/depth2-side1-forward-source-last-order01	177	32	40000,0	200	32	32,0
06/copper-active0/depth2-side1-forward-source-last-order01	182	32	40000,0	200	32	31,0
06/copper-active0/depth2-side1-forward-source-last-order01	187	32	40000,0	200	32	31,0
06/copper-active0/depth2-side1-forward-source-last-order01	192	32	40000,0	200	32	31,0
06/copper-active0/depth2-side1-forward-source-last-order01	197	32	40000,0	200	32	32,0
06/copper-active0/depth2-side1-forward-source-last-order01	202	32	40000,0	200	32	32,0
06/copper-active0/depth2-side1-forward-source-last-order01	207	32	40000,0	200	32	31,0
06/copper-active0/depth2-side1-forward-source-last-order01	212	32	40000,0	200	32	31,0
06/copper-active0/depth2-side1-forward-source-last-order01	217	32	40000,0	200	32	32,0
06/copper-active0/depth2-side1-forward-source-last-order01	222	32	40000,0	200	32	32,0
06/copper-active0/depth2-side1-forward-source-last-order01	227	32	40000,0	200	32	31,0
06/copper-active0/depth2-side1-forward-source-last-order01	232	32	40000,0	200	32	31,0
06/copper-active0/depth2-side1-forward-source-last-order01	237	32	40000,0	200	32	32,0
06/copper-active0/depth2-side1-forward-source-last-order01	242	32	40000,0	200	32	31,0
06/copper-active0/depth2-side1-forward-source-last-order01	247	32	40000,0	200	32	32,0
06/copper-active0/depth2-side1-forward-source-last-order01	252	32	40000,0	200	32	31,0
06/copper-active0/depth2-side1-forward-source-last-order01	257	32	40000,0	200	32	31,0
06/copper-active0/depth2-side1-forward-source-last-order01	262	32	40000,0	200	32	32,0
06/copper-active0/depth2-side1-forward-source-last-order01	267	32	40000,0	200	32	32,0
06/copper-active0/depth2-side1-forward-source-last-order01	272	32	40000,0	200	32	32,0
06/copper-active0/depth2-side1-forward-source-last-order01	277	32	40000,0	200	32	32,0
06/copper-active0/depth2-side1-forward-source-last-order01	282	32	40000,0	200	32	32,0
06/copper-active0/depth2-side1-forward-source-last-order01	287	32	40000,0	200	32	31,0
06/copper-active0/depth2-side1-forward-source-last-order01	292	32	40000,0	200	32	32,0
06/copper-active0/depth2-side1-forward-source-last-order01	297	32	40000,0	200	32	31,0
06/copper-active0/depth2-side1-forward-source-last-order01	302	32	40000,0	200	32	31,0
06/copper-active0/depth2-side1-forward-source-last-order01	307	32	40000,0	200	32	31,0
06/copper-active0/depth2-side1-forward-source-last-order01	312	32	40000,0	200	32	31,0
06/copper-active0/depth2-side1-forward-source-last-order01	317	32	40000,0	200	32	31,0
06/copper-active0/depth2-side1-forward-source-last-order01	322	32	40000,0	200	32	31,0
06/copper-active0/depth2-side1-forward-source-last-order01	327	32	40000,0	200	32	32,0
06/copper-active0/depth2-side1-forward-source-last-order01	332	32	40000,0	200	32	31,0
06/copper-active0/depth2-side1-forward-source-last-order01	337	32	40000,0	200	32	31,0
06/copper-active0/depth2-side1-forward-source-last-order01	342	32	40000,0	200	32	31,0
06/copper-active0/depth2-side1-forward-source-last-order01	347	32	40000,0	200	32	31,0
06/copper-active0/depth2-side1-forward-source-last-order01	352	32	40000,0	200	32	32,0
06/copper-active0/depth2-side1-forward-source-last-order01	357	32	40000,0	200	32	32,0
06/copper-active0/depth2-side1-forward-source-last-order01	362	32	40000,0	200	32	32,0
06/copper-active0/depth2-side1-forward-source-last-order01	367	32	40000,0	200	32	31,0
06/copper-active0/depth2-side1-forward-source-last-order01	372	32	40000,0	200	32	31,0
06/copper-active0/depth2-side1-forward-source-last-order01	377	32	40000,0	200	32	32,0
06/copper-active0/depth2-side1-forward-source-last-order01	382	32	40000,0	200	32	32,0
06/copper-active0/depth2-side1-forward-source-last-order01	387	32	40000,0	200	32	32,0
06/copper-active0/depth2-side1-forward-source-last-order01	392	32	40000,0	200	32	32,0
06/copper-active0/depth2-side1-forward-source-last-order01	397	32	40000,0	200	32	32,0
06/copper-active0/depth2-side1-forward-source-last-order01	402	32	40000,0	200	32	32,0
06/copper-active0/depth2-side1-forward-source-last-order01	407	32	40000,0	200	32	31,0
06/copper-active0/depth2-side1-forward-source-last-order01	412	32	40000,0	200	32	32,0
06/copper-active0/depth2-side1-forward-source-last-order01	417	32	40000,0	200	32	31,0
06/copper-active0/depth2-side1-forward-source-last-order01	422	32	40000,0	200	32	31,0
06/copper-active0/depth2-side1-forward-source-last-order01	427	32	40000,0	200	32	31,0
06/copper-active0/depth2-side1-forward-source-last-order01	432	32	40000,0	200	32	32,0
06/copper-active0/depth2-side1-forward-source-last-order01	437	32	40000,0	200	32	31,0
06/copper-active0/depth2-side1-forward-source-last-order01	442	32	40000,0	200	32	32,0
06/copper-active0/depth2-side1-forward-source-last-order01	447	32	40000,0	200	32	32,0
06/copper-active0/depth2-side1-forward-source-last-order01	452	32	40000,0	200	32	32,0
06/copper-active0/depth2-side1-forward-source-last-order01	457	32	40000,0	200	32	32,0
06/copper-active0/depth2-side1-forward-source-last-order01	462	32	40000,0	200	32	32,0
06/copper-active0/depth2-side1-forward-source-last-order01	467	32	40000,0	200	32	32,0
06/copper-active0/depth2-side1-forward-source-last-order01	472	32	40000,0	200	32	31,0
06/copper-active0/depth2-side1-forward-source-last-order01	477	32	40000,0	200	32	31,0
06/copper-active0/depth2-side1-forward-source-last-order01	482	32	40000,0	200	32	32,0
06/copper-active0/depth2-side1-forward-source-last-order01	487	32	40000,0	200	32	32,0
06/copper-active0/depth2-side1-forward-source-last-order01	492	32	40000,0	200	32	31,0
06/copper-active0/depth2-side1-forward-source-last-order01	497	32	40000,0	200	32	32,0
06/copper-active0/depth2-side1-forward-source-last-order01	502	32	40000,0	200	32	32,0
06/copper-active0/depth2-side1-forward-source-last-order01	507	32	40000,0	200	32	31,0
06/copper-active0/depth2-side1-forward-source-last-order01	512	32	40000,0	200	32	32,0
06/copper-active0/depth2-side1-forward-source-last-order01	517	32	40000,0	200	32	31,0
06/copper-active0/depth2-side1-forward-source-last-order01	522	32	40000,0	200	32	31,0
06/copper-active0/depth2-side1-reverse-wires-first-order01	27	32	40000,0	200	32	32,0
06/copper-active0/depth2-side1-reverse-wires-first-order01	32	32	40000,0	200	32	31,0
06/copper-active0/depth2-side1-reverse-wires-first-order01	37	32	40000,0	200	32	32,0
06/copper-active0/depth2-side1-reverse-wires-first-order01	42	32	40000,0	200	32	32,0
06/copper-active0/depth2-side1-reverse-wires-first-order01	47	32	40000,0	200	32	31,0
06/copper-active0/depth2-side1-reverse-wires-first-order01	52	32	40000,0	200	32	31,0
06/copper-active0/depth2-side1-reverse-wires-first-order01	57	32	40000,0	200	32	31,0
06/copper-active0/depth2-side1-reverse-wires-first-order01	62	32	40000,0	200	32	32,0
06/copper-active0/depth2-side1-reverse-wires-first-order01	67	32	40000,0	200	32	32,0
06/copper-active0/depth2-side1-reverse-wires-first-order01	72	32	40000,0	200	32	31,0
06/copper-active0/depth2-side1-reverse-wires-first-order01	77	32	40000,0	200	32	32,0
06/copper-active0/depth2-side1-reverse-wires-first-order01	82	32	40000,0	200	32	32,0
06/copper-active0/depth2-side1-reverse-wires-first-order01	87	32	40000,0	200	32	32,0
06/copper-active0/depth2-side1-reverse-wires-first-order01	92	32	40000,0	200	32	31,0
06/copper-active0/depth2-side1-reverse-wires-first-order01	97	32	40000,0	200	32	31,0
06/copper-active0/depth2-side1-reverse-wires-first-order01	102	32	40000,0	200	32	31,0
06/copper-active0/depth2-side1-reverse-wires-first-order01	107	32	40000,0	200	32	31,0
06/copper-active0/depth2-side1-reverse-wires-first-order01	112	32	40000,0	200	32	31,0
06/copper-active0/depth2-side1-reverse-wires-first-order01	117	32	40000,0	200	32	32,0
06/copper-active0/depth2-side1-reverse-wires-first-order01	122	32	40000,0	200	32	32,0
06/copper-active0/depth2-side1-reverse-wires-first-order01	127	32	40000,0	200	32	32,0
06/copper-active0/depth2-side1-reverse-wires-first-order01	132	32	40000,0	200	32	31,0
06/copper-active0/depth2-side1-reverse-wires-first-order01	137	32	40000,0	200	32	32,0
06/copper-active0/depth2-side1-reverse-wires-first-order01	142	32	40000,0	200	32	32,0
06/copper-active0/depth2-side1-reverse-wires-first-order01	147	32	40000,0	200	32	32,0
06/copper-active0/depth2-side1-reverse-wires-first-order01	152	32	40000,0	200	32	31,0
06/copper-active0/depth2-side1-reverse-wires-first-order01	157	32	40000,0	200	32	32,0
06/copper-active0/depth2-side1-reverse-wires-first-order01	162	32	40000,0	200	32	32,0
06/copper-active0/depth2-side1-reverse-wires-first-order01	167	32	40000,0	200	32	31,0
06/copper-active0/depth2-side1-reverse-wires-first-order01	172	32	40000,0	200	32	32,0
06/copper-active0/depth2-side1-reverse-wires-first-order01	177	32	40000,0	200	32	31,0
06/copper-active0/depth2-side1-reverse-wires-first-order01	182	32	40000,0	200	32	32,0
06/copper-active0/depth2-side1-reverse-wires-first-order01	187	32	40000,0	200	32	31,0
06/copper-active0/depth2-side1-reverse-wires-first-order01	192	32	40000,0	200	32	32,0
06/copper-active0/depth2-side1-reverse-wires-first-order01	197	32	40000,0	200	32	32,0
06/copper-active0/depth2-side1-reverse-wires-first-order01	202	32	40000,0	200	32	31,0
06/copper-active0/depth2-side1-reverse-wires-first-order01	207	32	40000,0	200	32	32,0
06/copper-active0/depth2-side1-reverse-wires-first-order01	212	32	40000,0	200	32	31,0
06/copper-active0/depth2-side1-reverse-wires-first-order01	217	32	40000,0	200	32	32,0
06/copper-active0/depth2-side1-reverse-wires-first-order01	222	32	40000,0	200	32	32,0
06/copper-active0/depth2-side1-reverse-wires-first-order01	227	32	40000,0	200	32	32,0
06/copper-active0/depth2-side1-reverse-wires-first-order01	232	32	40000,0	200	32	31,0
06/copper-active0/depth2-side1-reverse-wires-first-order01	237	32	40000,0	200	32	32,0
06/copper-active0/depth2-side1-reverse-wires-first-order01	242	32	40000,0	200	32	31,0
06/copper-active0/depth2-side1-reverse-wires-first-order01	247	32	40000,0	200	32	31,0
06/copper-active0/depth2-side1-reverse-wires-first-order01	252	32	40000,0	200	32	31,0
06/copper-active0/depth2-side1-reverse-wires-first-order01	257	32	40000,0	200	32	31,0
06/copper-active0/depth2-side1-reverse-wires-first-order01	262	32	40000,0	200	32	31,0
06/copper-active0/depth2-side1-reverse-wires-first-order01	267	32	40000,0	200	32	31,0
06/copper-active0/depth2-side1-reverse-wires-first-order01	272	32	40000,0	200	32	31,0
06/copper-active0/depth2-side1-reverse-wires-first-order01	277	32	40000,0	200	32	31,0
06/copper-active0/depth2-side1-reverse-wires-first-order01	282	32	40000,0	200	32	31,0
06/copper-active0/depth2-side1-reverse-wires-first-order01	287	32	40000,0	200	32	31,0
06/copper-active0/depth2-side1-reverse-wires-first-order01	292	32	40000,0	200	32	31,0
06/copper-active0/depth2-side1-reverse-wires-first-order01	297	32	40000,0	200	32	32,0
06/copper-active0/depth2-side1-reverse-wires-first-order01	302	32	40000,0	200	32	31,0
06/copper-active0/depth2-side1-reverse-wires-first-order01	307	32	40000,0	200	32	31,0
06/copper-active0/depth2-side1-reverse-wires-first-order01	312	32	40000,0	200	32	32,0
06/copper-active0/depth2-side1-reverse-wires-first-order01	317	32	40000,0	200	32	32,0
06/copper-active0/depth2-side1-reverse-wires-first-order01	322	32	40000,0	200	32	32,0
06/copper-active0/depth2-side1-reverse-wires-first-order01	327	32	40000,0	200	32	31,0
06/copper-active0/depth2-side1-reverse-wires-first-order01	332	32	40000,0	200	32	31,0
06/copper-active0/depth2-side1-reverse-wires-first-order01	337	32	40000,0	200	32	32,0
06/copper-active0/depth2-side1-reverse-wires-first-order01	342	32	40000,0	200	32	31,0
06/copper-active0/depth2-side1-reverse-wires-first-order01	347	32	40000,0	200	32	31,0
06/copper-active0/depth2-side1-reverse-wires-first-order01	352	32	40000,0	200	32	31,0
06/copper-active0/depth2-side1-reverse-wires-first-order01	357	32	40000,0	200	32	32,0
06/copper-active0/depth2-side1-reverse-wires-first-order01	362	32	40000,0	200	32	31,0
06/copper-active0/depth2-side1-reverse-wires-first-order01	367	32	40000,0	200	32	32,0
06/copper-active0/depth2-side1-reverse-wires-first-order01	372	32	40000,0	200	32	32,0
06/copper-active0/depth2-side1-reverse-wires-first-order01	377	32	40000,0	200	32	32,0
06/copper-active0/depth2-side1-reverse-wires-first-order01	382	32	40000,0	200	32	31,0
06/copper-active0/depth2-side1-reverse-wires-first-order01	387	32	40000,0	200	32	32,0
06/copper-active0/depth2-side1-reverse-wires-first-order01	392	32	40000,0	200	32	31,0
06/copper-active0/depth2-side1-reverse-wires-first-order01	397	32	40000,0	200	32	32,0
06/copper-active0/depth2-side1-reverse-wires-first-order01	402	32	40000,0	200	32	31,0
06/copper-active0/depth2-side1-reverse-wires-first-order01	407	32	40000,0	200	32	32,0
06/copper-active0/depth2-side1-reverse-wires-first-order01	412	32	40000,0	200	32	31,0
06/copper-active0/depth2-side1-reverse-wires-first-order01	417	32	40000,0	200	32	31,0
06/copper-active0/depth2-side1-reverse-wires-first-order01	422	32	40000,0	200	32	32,0
06/copper-active0/depth2-side1-reverse-wires-first-order01	427	32	40000,0	200	32	31,0
06/copper-active0/depth2-side1-reverse-wires-first-order01	432	32	40000,0	200	32	31,0
06/copper-active0/depth2-side1-reverse-wires-first-order01	437	32	40000,0	200	32	32,0
06/copper-active0/depth2-side1-reverse-wires-first-order01	442	32	40000,0	200	32	32,0
06/copper-active0/depth2-side1-reverse-wires-first-order01	447	32	40000,0	200	32	31,0
06/copper-active0/depth2-side1-reverse-wires-first-order01	452	32	40000,0	200	32	32,0
06/copper-active0/depth2-side1-reverse-wires-first-order01	457	32	40000,0	200	32	32,0
06/copper-active0/depth2-side1-reverse-wires-first-order01	462	32	40000,0	200	32	31,0
06/copper-active0/depth2-side1-reverse-wires-first-order01	467	32	40000,0	200	32	32,0
06/copper-active0/depth2-side1-reverse-wires-first-order01	472	32	40000,0	200	32	32,0
06/copper-active0/depth2-side1-reverse-wires-first-order01	477	32	40000,0	200	32	32,0
06/copper-active0/depth2-side1-reverse-wires-first-order01	482	32	40000,0	200	32	32,0
06/copper-active0/depth2-side1-reverse-wires-first-order01	487	32	40000,0	200	32	32,0
06/copper-active0/depth2-side1-reverse-wires-first-order01	492	32	40000,0	200	32	31,0
06/copper-active0/depth2-side1-reverse-wires-first-order01	497	32	40000,0	200	32	31,0
06/copper-active0/depth2-side1-reverse-wires-first-order01	502	32	40000,0	200	32	31,0
06/copper-active0/depth2-side1-reverse-wires-first-order01	507	32	40000,0	200	32	31,0
06/copper-active0/depth2-side1-reverse-wires-first-order01	512	32	40000,0	200	32	32,0
06/copper-active0/depth2-side1-reverse-wires-first-order01	517	32	40000,0	200	32	32,0
06/copper-active0/depth2-side1-reverse-wires-first-order01	522	32	40000,0	200	32	31,0
06/copper-active0/depth2-side1-reverse-source-last-order01	27	32	40000,0	200	32	32,0
06/copper-active0/depth2-side1-reverse-source-last-order01	32	32	40000,0	200	32	31,0
06/copper-active0/depth2-side1-reverse-source-last-order01	37	32	40000,0	200	32	32,0
06/copper-active0/depth2-side1-reverse-source-last-order01	42	32	40000,0	200	32	32,0
06/copper-active0/depth2-side1-reverse-source-last-order01	47	32	40000,0	200	32	31,0
06/copper-active0/depth2-side1-reverse-source-last-order01	52	32	40000,0	200	32	32,0
06/copper-active0/depth2-side1-reverse-source-last-order01	57	32	40000,0	200	32	31,0
06/copper-active0/depth2-side1-reverse-source-last-order01	62	32	40000,0	200	32	32,0
06/copper-active0/depth2-side1-reverse-source-last-order01	67	32	40000,0	200	32	32,0
06/copper-active0/depth2-side1-reverse-source-last-order01	72	32	40000,0	200	32	32,0
06/copper-active0/depth2-side1-reverse-source-last-order01	77	32	40000,0	200	32	32,0
06/copper-active0/depth2-side1-reverse-source-last-order01	82	32	40000,0	200	32	32,0
06/copper-active0/depth2-side1-reverse-source-last-order01	87	32	40000,0	200	32	31,0
06/copper-active0/depth2-side1-reverse-source-last-order01	92	32	40000,0	200	32	31,0
06/copper-active0/depth2-side1-reverse-source-last-order01	97	32	40000,0	200	32	32,0
06/copper-active0/depth2-side1-reverse-source-last-order01	102	32	40000,0	200	32	32,0
06/copper-active0/depth2-side1-reverse-source-last-order01	107	32	40000,0	200	32	32,0
06/copper-active0/depth2-side1-reverse-source-last-order01	112	32	40000,0	200	32	31,0
06/copper-active0/depth2-side1-reverse-source-last-order01	117	32	40000,0	200	32	32,0
06/copper-active0/depth2-side1-reverse-source-last-order01	122	32	40000,0	200	32	32,0
06/copper-active0/depth2-side1-reverse-source-last-order01	127	32	40000,0	200	32	32,0
06/copper-active0/depth2-side1-reverse-source-last-order01	132	32	40000,0	200	32	32,0
06/copper-active0/depth2-side1-reverse-source-last-order01	137	32	40000,0	200	32	32,0
06/copper-active0/depth2-side1-reverse-source-last-order01	142	32	40000,0	200	32	32,0
06/copper-active0/depth2-side1-reverse-source-last-order01	147	32	40000,0	200	32	32,0
06/copper-active0/depth2-side1-reverse-source-last-order01	152	32	40000,0	200	32	32,0
06/copper-active0/depth2-side1-reverse-source-last-order01	157	32	40000,0	200	32	31,0
06/copper-active0/depth2-side1-reverse-source-last-order01	162	32	40000,0	200	32	31,0
06/copper-active0/depth2-side1-reverse-source-last-order01	167	32	40000,0	200	32	31,0
06/copper-active0/depth2-side1-reverse-source-last-order01	172	32	40000,0	200	32	31,0
06/copper-active0/depth2-side1-reverse-source-last-order01	177	32	40000,0	200	32	31,0
06/copper-active0/depth2-side1-reverse-source-last-order01	182	32	40000,0	200	32	32,0
06/copper-active0/depth2-side1-reverse-source-last-order01	187	32	40000,0	200	32	32,0
06/copper-active0/depth2-side1-reverse-source-last-order01	192	32	40000,0	200	32	32,0
06/copper-active0/depth2-side1-reverse-source-last-order01	197	32	40000,0	200	32	32,0
06/copper-active0/depth2-side1-reverse-source-last-order01	202	32	40000,0	200	32	32,0
06/copper-active0/depth2-side1-reverse-source-last-order01	207	32	40000,0	200	32	31,0
06/copper-active0/depth2-side1-reverse-source-last-order01	212	32	40000,0	200	32	32,0
06/copper-active0/depth2-side1-reverse-source-last-order01	217	32	40000,0	200	32	31,0
06/copper-active0/depth2-side1-reverse-source-last-order01	222	32	40000,0	200	32	32,0
06/copper-active0/depth2-side1-reverse-source-last-order01	227	32	40000,0	200	32	31,0
06/copper-active0/depth2-side1-reverse-source-last-order01	232	32	40000,0	200	32	32,0
06/copper-active0/depth2-side1-reverse-source-last-order01	237	32	40000,0	200	32	31,0
06/copper-active0/depth2-side1-reverse-source-last-order01	242	32	40000,0	200	32	31,0
06/copper-active0/depth2-side1-reverse-source-last-order01	247	32	40000,0	200	32	32,0
06/copper-active0/depth2-side1-reverse-source-last-order01	252	32	40000,0	200	32	32,0
06/copper-active0/depth2-side1-reverse-source-last-order01	257	32	40000,0	200	32	32,0
06/copper-active0/depth2-side1-reverse-source-last-order01	262	32	40000,0	200	32	32,0
06/copper-active0/depth2-side1-reverse-source-last-order01	267	32	40000,0	200	32	31,0
06/copper-active0/depth2-side1-reverse-source-last-order01	272	32	40000,0	200	32	32,0
06/copper-active0/depth2-side1-reverse-source-last-order01	277	32	40000,0	200	32	32,0
06/copper-active0/depth2-side1-reverse-source-last-order01	282	32	40000,0	200	32	32,0
06/copper-active0/depth2-side1-reverse-source-last-order01	287	32	40000,0	200	32	32,0
06/copper-active0/depth2-side1-reverse-source-last-order01	292	32	40000,0	200	32	31,0
06/copper-active0/depth2-side1-reverse-source-last-order01	297	32	40000,0	200	32	32,0
06/copper-active0/depth2-side1-reverse-source-last-order01	302	32	40000,0	200	32	31,0
06/copper-active0/depth2-side1-reverse-source-last-order01	307	32	40000,0	200	32	31,0
06/copper-active0/depth2-side1-reverse-source-last-order01	312	32	40000,0	200	32	32,0
06/copper-active0/depth2-side1-reverse-source-last-order01	317	32	40000,0	200	32	32,0
06/copper-active0/depth2-side1-reverse-source-last-order01	322	32	40000,0	200	32	31,0
06/copper-active0/depth2-side1-reverse-source-last-order01	327	32	40000,0	200	32	32,0
06/copper-active0/depth2-side1-reverse-source-last-order01	332	32	40000,0	200	32	32,0
06/copper-active0/depth2-side1-reverse-source-last-order01	337	32	40000,0	200	32	31,0
06/copper-active0/depth2-side1-reverse-source-last-order01	342	32	40000,0	200	32	32,0
06/copper-active0/depth2-side1-reverse-source-last-order01	347	32	40000,0	200	32	31,0
06/copper-active0/depth2-side1-reverse-source-last-order01	352	32	40000,0	200	32	32,0
06/copper-active0/depth2-side1-reverse-source-last-order01	357	32	40000,0	200	32	32,0
06/copper-active0/depth2-side1-reverse-source-last-order01	362	32	40000,0	200	32	31,0
06/copper-active0/depth2-side1-reverse-source-last-order01	367	32	40000,0	200	32	32,0
06/copper-active0/depth2-side1-reverse-source-last-order01	372	32	40000,0	200	32	31,0
06/copper-active0/depth2-side1-reverse-source-last-order01	377	32	40000,0	200	32	31,0
06/copper-active0/depth2-side1-reverse-source-last-order01	382	32	40000,0	200	32	32,0
06/copper-active0/depth2-side1-reverse-source-last-order01	387	32	40000,0	200	32	31,0
06/copper-active0/depth2-side1-reverse-source-last-order01	392	32	40000,0	200	32	32,0
06/copper-active0/depth2-side1-reverse-source-last-order01	397	32	40000,0	200	32	31,0
06/copper-active0/depth2-side1-reverse-source-last-order01	402	32	40000,0	200	32	32,0
06/copper-active0/depth2-side1-reverse-source-last-order01	407	32	40000,0	200	32	32,0
06/copper-active0/depth2-side1-reverse-source-last-order01	412	32	40000,0	200	32	31,0
06/copper-active0/depth2-side1-reverse-source-last-order01	417	32	40000,0	200	32	31,0
06/copper-active0/depth2-side1-reverse-source-last-order01	422	32	40000,0	200	32	31,0
06/copper-active0/depth2-side1-reverse-source-last-order01	427	32	40000,0	200	32	31,0
06/copper-active0/depth2-side1-reverse-source-last-order01	432	32	40000,0	200	32	32,0
06/copper-active0/depth2-side1-reverse-source-last-order01	437	32	40000,0	200	32	31,0
06/copper-active0/depth2-side1-reverse-source-last-order01	442	32	40000,0	200	32	32,0
06/copper-active0/depth2-side1-reverse-source-last-order01	447	32	40000,0	200	32	32,0
06/copper-active0/depth2-side1-reverse-source-last-order01	452	32	40000,0	200	32	31,0
06/copper-active0/depth2-side1-reverse-source-last-order01	457	32	40000,0	200	32	32,0
06/copper-active0/depth2-side1-reverse-source-last-order01	462	32	40000,0	200	32	32,0
06/copper-active0/depth2-side1-reverse-source-last-order01	467	32	40000,0	200	32	31,0
06/copper-active0/depth2-side1-reverse-source-last-order01	472	32	40000,0	200	32	31,0
06/copper-active0/depth2-side1-reverse-source-last-order01	477	32	40000,0	200	32	32,0
06/copper-active0/depth2-side1-reverse-source-last-order01	482	32	40000,0	200	32	32,0
06/copper-active0/depth2-side1-reverse-source-last-order01	487	32	40000,0	200	32	31,0
06/copper-active0/depth2-side1-reverse-source-last-order01	492	32	40000,0	200	32	32,0
06/copper-active0/depth2-side1-reverse-source-last-order01	497	32	40000,0	200	32	32,0
06/copper-active0/depth2-side1-reverse-source-last-order01	502	32	40000,0	200	32	32,0
06/copper-active0/depth2-side1-reverse-source-last-order01	507	32	40000,0	200	32	32,0
06/copper-active0/depth2-side1-reverse-source-last-order01	512	32	40000,0	200	32	32,0
06/copper-active0/depth2-side1-reverse-source-last-order01	517	32	40000,0	200	32	32,0
06/copper-active0/depth2-side1-reverse-source-last-order01	522	32	40000,0	200	32	32,0
06/copper-active1/depth2-side1-forward-wires-first-order01	27	32	0,40000	200	32	0,31
06/copper-active1/depth2-side1-forward-wires-first-order01	32	32	0,40000	200	32	0,31
06/copper-active1/depth2-side1-forward-wires-first-order01	37	32	0,40000	200	32	0,32
06/copper-active1/depth2-side1-forward-wires-first-order01	42	32	0,40000	200	32	0,32
06/copper-active1/depth2-side1-forward-wires-first-order01	47	32	0,40000	200	32	0,31
06/copper-active1/depth2-side1-forward-wires-first-order01	52	32	0,40000	200	32	0,32
06/copper-active1/depth2-side1-forward-wires-first-order01	57	32	0,40000	200	32	0,32
06/copper-active1/depth2-side1-forward-wires-first-order01	62	32	0,40000	200	32	0,31
06/copper-active1/depth2-side1-forward-wires-first-order01	67	32	0,40000	200	32	0,32
06/copper-active1/depth2-side1-forward-wires-first-order01	72	32	0,40000	200	32	0,31
06/copper-active1/depth2-side1-forward-wires-first-order01	77	32	0,40000	200	32	0,32
06/copper-active1/depth2-side1-forward-wires-first-order01	82	32	0,40000	200	32	0,32
06/copper-active1/depth2-side1-forward-wires-first-order01	87	32	0,40000	200	32	0,31
06/copper-active1/depth2-side1-forward-wires-first-order01	92	32	0,40000	200	32	0,31
06/copper-active1/depth2-side1-forward-wires-first-order01	97	32	0,40000	200	32	0,31
06/copper-active1/depth2-side1-forward-wires-first-order01	102	32	0,40000	200	32	0,32
06/copper-active1/depth2-side1-forward-wires-first-order01	107	32	0,40000	200	32	0,31
06/copper-active1/depth2-side1-forward-wires-first-order01	112	32	0,40000	200	32	0,31
06/copper-active1/depth2-side1-forward-wires-first-order01	117	32	0,40000	200	32	0,31
06/copper-active1/depth2-side1-forward-wires-first-order01	122	32	0,40000	200	32	0,31
06/copper-active1/depth2-side1-forward-wires-first-order01	127	32	0,40000	200	32	0,31
06/copper-active1/depth2-side1-forward-wires-first-order01	132	32	0,40000	200	32	0,31
06/copper-active1/depth2-side1-forward-wires-first-order01	137	32	0,40000	200	32	0,32
06/copper-active1/depth2-side1-forward-wires-first-order01	142	32	0,40000	200	32	0,32
06/copper-active1/depth2-side1-forward-wires-first-order01	147	32	0,40000	200	32	0,31
06/copper-active1/depth2-side1-forward-wires-first-order01	152	32	0,40000	200	32	0,31
06/copper-active1/depth2-side1-forward-wires-first-order01	157	32	0,40000	200	32	0,32
06/copper-active1/depth2-side1-forward-wires-first-order01	162	32	0,40000	200	32	0,31
06/copper-active1/depth2-side1-forward-wires-first-order01	167	32	0,40000	200	32	0,32
06/copper-active1/depth2-side1-forward-wires-first-order01	172	32	0,40000	200	32	0,31
06/copper-active1/depth2-side1-forward-wires-first-order01	177	32	0,40000	200	32	0,31
06/copper-active1/depth2-side1-forward-wires-first-order01	182	32	0,40000	200	32	0,32
06/copper-active1/depth2-side1-forward-wires-first-order01	187	32	0,40000	200	32	0,32
06/copper-active1/depth2-side1-forward-wires-first-order01	192	32	0,40000	200	32	0,31
06/copper-active1/depth2-side1-forward-wires-first-order01	197	32	0,40000	200	32	0,32
06/copper-active1/depth2-side1-forward-wires-first-order01	202	32	0,40000	200	32	0,32
06/copper-active1/depth2-side1-forward-wires-first-order01	207	32	0,40000	200	32	0,31
06/copper-active1/depth2-side1-forward-wires-first-order01	212	32	0,40000	200	32	0,32
06/copper-active1/depth2-side1-forward-wires-first-order01	217	32	0,40000	200	32	0,31
06/copper-active1/depth2-side1-forward-wires-first-order01	222	32	0,40000	200	32	0,31
06/copper-active1/depth2-side1-forward-wires-first-order01	227	32	0,40000	200	32	0,32
06/copper-active1/depth2-side1-forward-wires-first-order01	232	32	0,40000	200	32	0,31
06/copper-active1/depth2-side1-forward-wires-first-order01	237	32	0,40000	200	32	0,32
06/copper-active1/depth2-side1-forward-wires-first-order01	242	32	0,40000	200	32	0,32
06/copper-active1/depth2-side1-forward-wires-first-order01	247	32	0,40000	200	32	0,31
06/copper-active1/depth2-side1-forward-wires-first-order01	252	32	0,40000	200	32	0,31
06/copper-active1/depth2-side1-forward-wires-first-order01	257	32	0,40000	200	32	0,31
06/copper-active1/depth2-side1-forward-wires-first-order01	262	32	0,40000	200	32	0,31
06/copper-active1/depth2-side1-forward-wires-first-order01	267	32	0,40000	200	32	0,32
06/copper-active1/depth2-side1-forward-wires-first-order01	272	32	0,40000	200	32	0,32
06/copper-active1/depth2-side1-forward-wires-first-order01	277	32	0,40000	200	32	0,31
06/copper-active1/depth2-side1-forward-wires-first-order01	282	32	0,40000	200	32	0,32
06/copper-active1/depth2-side1-forward-wires-first-order01	287	32	0,40000	200	32	0,31
06/copper-active1/depth2-side1-forward-wires-first-order01	292	32	0,40000	200	32	0,31
06/copper-active1/depth2-side1-forward-wires-first-order01	297	32	0,40000	200	32	0,32
06/copper-active1/depth2-side1-forward-wires-first-order01	302	32	0,40000	200	32	0,31
06/copper-active1/depth2-side1-forward-wires-first-order01	307	32	0,40000	200	32	0,31
06/copper-active1/depth2-side1-forward-wires-first-order01	312	32	0,40000	200	32	0,31
06/copper-active1/depth2-side1-forward-wires-first-order01	317	32	0,40000	200	32	0,32
06/copper-active1/depth2-side1-forward-wires-first-order01	322	32	0,40000	200	32	0,32
06/copper-active1/depth2-side1-forward-wires-first-order01	327	32	0,40000	200	32	0,31
06/copper-active1/depth2-side1-forward-wires-first-order01	332	32	0,40000	200	32	0,31
06/copper-active1/depth2-side1-forward-wires-first-order01	337	32	0,40000	200	32	0,31
06/copper-active1/depth2-side1-forward-wires-first-order01	342	32	0,40000	200	32	0,31
06/copper-active1/depth2-side1-forward-wires-first-order01	347	32	0,40000	200	32	0,31
06/copper-active1/depth2-side1-forward-wires-first-order01	352	32	0,40000	200	32	0,31
06/copper-active1/depth2-side1-forward-wires-first-order01	357	32	0,40000	200	32	0,32
06/copper-active1/depth2-side1-forward-wires-first-order01	362	32	0,40000	200	32	0,31
06/copper-active1/depth2-side1-forward-wires-first-order01	367	32	0,40000	200	32	0,32
06/copper-active1/depth2-side1-forward-wires-first-order01	372	32	0,40000	200	32	0,32
06/copper-active1/depth2-side1-forward-wires-first-order01	377	32	0,40000	200	32	0,32
06/copper-active1/depth2-side1-forward-wires-first-order01	382	32	0,40000	200	32	0,32
06/copper-active1/depth2-side1-forward-wires-first-order01	387	32	0,40000	200	32	0,32
06/copper-active1/depth2-side1-forward-wires-first-order01	392	32	0,40000	200	32	0,31
06/copper-active1/depth2-side1-forward-wires-first-order01	397	32	0,40000	200	32	0,32
06/copper-active1/depth2-side1-forward-wires-first-order01	402	32	0,40000	200	32	0,32
06/copper-active1/depth2-side1-forward-wires-first-order01	407	32	0,40000	200	32	0,32
06/copper-active1/depth2-side1-forward-wires-first-order01	412	32	0,40000	200	32	0,32
06/copper-active1/depth2-side1-forward-wires-first-order01	417	32	0,40000	200	32	0,31
06/copper-active1/depth2-side1-forward-wires-first-order01	422	32	0,40000	200	32	0,32
06/copper-active1/depth2-side1-forward-wires-first-order01	427	32	0,40000	200	32	0,32
06/copper-active1/depth2-side1-forward-wires-first-order01	432	32	0,40000	200	32	0,32
06/copper-active1/depth2-side1-forward-wires-first-order01	437	32	0,40000	200	32	0,31
06/copper-active1/depth2-side1-forward-wires-first-order01	442	32	0,40000	200	32	0,31
06/copper-active1/depth2-side1-forward-wires-first-order01	447	32	0,40000	200	32	0,31
06/copper-active1/depth2-side1-forward-wires-first-order01	452	32	0,40000	200	32	0,31
06/copper-active1/depth2-side1-forward-wires-first-order01	457	32	0,40000	200	32	0,31
06/copper-active1/depth2-side1-forward-wires-first-order01	462	32	0,40000	200	32	0,32
06/copper-active1/depth2-side1-forward-wires-first-order01	467	32	0,40000	200	32	0,32
06/copper-active1/depth2-side1-forward-wires-first-order01	472	32	0,40000	200	32	0,31
06/copper-active1/depth2-side1-forward-wires-first-order01	477	32	0,40000	200	32	0,31
06/copper-active1/depth2-side1-forward-wires-first-order01	482	32	0,40000	200	32	0,31
06/copper-active1/depth2-side1-forward-wires-first-order01	487	32	0,40000	200	32	0,32
06/copper-active1/depth2-side1-forward-wires-first-order01	492	32	0,40000	200	32	0,32
06/copper-active1/depth2-side1-forward-wires-first-order01	497	32	0,40000	200	32	0,32
06/copper-active1/depth2-side1-forward-wires-first-order01	502	32	0,40000	200	32	0,31
06/copper-active1/depth2-side1-forward-wires-first-order01	507	32	0,40000	200	32	0,31
06/copper-active1/depth2-side1-forward-wires-first-order01	512	32	0,40000	200	32	0,32
06/copper-active1/depth2-side1-forward-wires-first-order01	517	32	0,40000	200	32	0,32
06/copper-active1/depth2-side1-forward-wires-first-order01	522	32	0,40000	200	32	0,31
06/copper-active1/depth2-side1-forward-source-last-order01	27	32	0,40000	200	32	0,32
06/copper-active1/depth2-side1-forward-source-last-order01	32	32	0,40000	200	32	0,31
06/copper-active1/depth2-side1-forward-source-last-order01	37	32	0,40000	200	32	0,32
06/copper-active1/depth2-side1-forward-source-last-order01	42	32	0,40000	200	32	0,31
06/copper-active1/depth2-side1-forward-source-last-order01	47	32	0,40000	200	32	0,32
06/copper-active1/depth2-side1-forward-source-last-order01	52	32	0,40000	200	32	0,32
06/copper-active1/depth2-side1-forward-source-last-order01	57	32	0,40000	200	32	0,32
06/copper-active1/depth2-side1-forward-source-last-order01	62	32	0,40000	200	32	0,31
06/copper-active1/depth2-side1-forward-source-last-order01	67	32	0,40000	200	32	0,31
06/copper-active1/depth2-side1-forward-source-last-order01	72	32	0,40000	200	32	0,32
06/copper-active1/depth2-side1-forward-source-last-order01	77	32	0,40000	200	32	0,31
06/copper-active1/depth2-side1-forward-source-last-order01	82	32	0,40000	200	32	0,32
06/copper-active1/depth2-side1-forward-source-last-order01	87	32	0,40000	200	32	0,32
06/copper-active1/depth2-side1-forward-source-last-order01	92	32	0,40000	200	32	0,31
06/copper-active1/depth2-side1-forward-source-last-order01	97	32	0,40000	200	32	0,31
06/copper-active1/depth2-side1-forward-source-last-order01	102	32	0,40000	200	32	0,32
06/copper-active1/depth2-side1-forward-source-last-order01	107	32	0,40000	200	32	0,32
06/copper-active1/depth2-side1-forward-source-last-order01	112	32	0,40000	200	32	0,32
06/copper-active1/depth2-side1-forward-source-last-order01	117	32	0,40000	200	32	0,31
06/copper-active1/depth2-side1-forward-source-last-order01	122	32	0,40000	200	32	0,31
06/copper-active1/depth2-side1-forward-source-last-order01	127	32	0,40000	200	32	0,31
06/copper-active1/depth2-side1-forward-source-last-order01	132	32	0,40000	200	32	0,32
06/copper-active1/depth2-side1-forward-source-last-order01	137	32	0,40000	200	32	0,31
06/copper-active1/depth2-side1-forward-source-last-order01	142	32	0,40000	200	32	0,32
06/copper-active1/depth2-side1-forward-source-last-order01	147	32	0,40000	200	32	0,31
06/copper-active1/depth2-side1-forward-source-last-order01	152	32	0,40000	200	32	0,31
06/copper-active1/depth2-side1-forward-source-last-order01	157	32	0,40000	200	32	0,31
06/copper-active1/depth2-side1-forward-source-last-order01	162	32	0,40000	200	32	0,31
06/copper-active1/depth2-side1-forward-source-last-order01	167	32	0,40000	200	32	0,32
06/copper-active1/depth2-side1-forward-source-last-order01	172	32	0,40000	200	32	0,31
06/copper-active1/depth2-side1-forward-source-last-order01	177	32	0,40000	200	32	0,31
06/copper-active1/depth2-side1-forward-source-last-order01	182	32	0,40000	200	32	0,31
06/copper-active1/depth2-side1-forward-source-last-order01	187	32	0,40000	200	32	0,31
06/copper-active1/depth2-side1-forward-source-last-order01	192	32	0,40000	200	32	0,31
06/copper-active1/depth2-side1-forward-source-last-order01	197	32	0,40000	200	32	0,32
06/copper-active1/depth2-side1-forward-source-last-order01	202	32	0,40000	200	32	0,32
06/copper-active1/depth2-side1-forward-source-last-order01	207	32	0,40000	200	32	0,32
06/copper-active1/depth2-side1-forward-source-last-order01	212	32	0,40000	200	32	0,31
06/copper-active1/depth2-side1-forward-source-last-order01	217	32	0,40000	200	32	0,32
06/copper-active1/depth2-side1-forward-source-last-order01	222	32	0,40000	200	32	0,31
06/copper-active1/depth2-side1-forward-source-last-order01	227	32	0,40000	200	32	0,32
06/copper-active1/depth2-side1-forward-source-last-order01	232	32	0,40000	200	32	0,32
06/copper-active1/depth2-side1-forward-source-last-order01	237	32	0,40000	200	32	0,31
06/copper-active1/depth2-side1-forward-source-last-order01	242	32	0,40000	200	32	0,32
06/copper-active1/depth2-side1-forward-source-last-order01	247	32	0,40000	200	32	0,32
06/copper-active1/depth2-side1-forward-source-last-order01	252	32	0,40000	200	32	0,31
06/copper-active1/depth2-side1-forward-source-last-order01	257	32	0,40000	200	32	0,31
06/copper-active1/depth2-side1-forward-source-last-order01	262	32	0,40000	200	32	0,32
06/copper-active1/depth2-side1-forward-source-last-order01	267	32	0,40000	200	32	0,31
06/copper-active1/depth2-side1-forward-source-last-order01	272	32	0,40000	200	32	0,31
06/copper-active1/depth2-side1-forward-source-last-order01	277	32	0,40000	200	32	0,32
06/copper-active1/depth2-side1-forward-source-last-order01	282	32	0,40000	200	32	0,31
06/copper-active1/depth2-side1-forward-source-last-order01	287	32	0,40000	200	32	0,32
06/copper-active1/depth2-side1-forward-source-last-order01	292	32	0,40000	200	32	0,32
06/copper-active1/depth2-side1-forward-source-last-order01	297	32	0,40000	200	32	0,32
06/copper-active1/depth2-side1-forward-source-last-order01	302	32	0,40000	200	32	0,31
06/copper-active1/depth2-side1-forward-source-last-order01	307	32	0,40000	200	32	0,31
06/copper-active1/depth2-side1-forward-source-last-order01	312	32	0,40000	200	32	0,32
06/copper-active1/depth2-side1-forward-source-last-order01	317	32	0,40000	200	32	0,31
06/copper-active1/depth2-side1-forward-source-last-order01	322	32	0,40000	200	32	0,31
06/copper-active1/depth2-side1-forward-source-last-order01	327	32	0,40000	200	32	0,31
06/copper-active1/depth2-side1-forward-source-last-order01	332	32	0,40000	200	32	0,32
06/copper-active1/depth2-side1-forward-source-last-order01	337	32	0,40000	200	32	0,32
06/copper-active1/depth2-side1-forward-source-last-order01	342	32	0,40000	200	32	0,31
06/copper-active1/depth2-side1-forward-source-last-order01	347	32	0,40000	200	32	0,32
06/copper-active1/depth2-side1-forward-source-last-order01	352	32	0,40000	200	32	0,31
06/copper-active1/depth2-side1-forward-source-last-order01	357	32	0,40000	200	32	0,31
06/copper-active1/depth2-side1-forward-source-last-order01	362	32	0,40000	200	32	0,32
06/copper-active1/depth2-side1-forward-source-last-order01	367	32	0,40000	200	32	0,32
06/copper-active1/depth2-side1-forward-source-last-order01	372	32	0,40000	200	32	0,31
06/copper-active1/depth2-side1-forward-source-last-order01	377	32	0,40000	200	32	0,31
06/copper-active1/depth2-side1-forward-source-last-order01	382	32	0,40000	200	32	0,31
06/copper-active1/depth2-side1-forward-source-last-order01	387	32	0,40000	200	32	0,32
06/copper-active1/depth2-side1-forward-source-last-order01	392	32	0,40000	200	32	0,31
06/copper-active1/depth2-side1-forward-source-last-order01	397	32	0,40000	200	32	0,31
06/copper-active1/depth2-side1-forward-source-last-order01	402	32	0,40000	200	32	0,32
06/copper-active1/depth2-side1-forward-source-last-order01	407	32	0,40000	200	32	0,32
06/copper-active1/depth2-side1-forward-source-last-order01	412	32	0,40000	200	32	0,32
06/copper-active1/depth2-side1-forward-source-last-order01	417	32	0,40000	200	32	0,32
06/copper-active1/depth2-side1-forward-source-last-order01	422	32	0,40000	200	32	0,31
06/copper-active1/depth2-side1-forward-source-last-order01	427	32	0,40000	200	32	0,32
06/copper-active1/depth2-side1-forward-source-last-order01	432	32	0,40000	200	32	0,31
06/copper-active1/depth2-side1-forward-source-last-order01	437	32	0,40000	200	32	0,31
06/copper-active1/depth2-side1-forward-source-last-order01	442	32	0,40000	200	32	0,32
06/copper-active1/depth2-side1-forward-source-last-order01	447	32	0,40000	200	32	0,31
06/copper-active1/depth2-side1-forward-source-last-order01	452	32	0,40000	200	32	0,31
06/copper-active1/depth2-side1-forward-source-last-order01	457	32	0,40000	200	32	0,31
06/copper-active1/depth2-side1-forward-source-last-order01	462	32	0,40000	200	32	0,31
06/copper-active1/depth2-side1-forward-source-last-order01	467	32	0,40000	200	32	0,31
06/copper-active1/depth2-side1-forward-source-last-order01	472	32	0,40000	200	32	0,32
06/copper-active1/depth2-side1-forward-source-last-order01	477	32	0,40000	200	32	0,32
06/copper-active1/depth2-side1-forward-source-last-order01	482	32	0,40000	200	32	0,31
06/copper-active1/depth2-side1-forward-source-last-order01	487	32	0,40000	200	32	0,32
06/copper-active1/depth2-side1-forward-source-last-order01	492	32	0,40000	200	32	0,32
06/copper-active1/depth2-side1-forward-source-last-order01	497	32	0,40000	200	32	0,31
06/copper-active1/depth2-side1-forward-source-last-order01	502	32	0,40000	200	32	0,31
06/copper-active1/depth2-side1-forward-source-last-order01	507	32	0,40000	200	32	0,32
06/copper-active1/depth2-side1-forward-source-last-order01	512	32	0,40000	200	32	0,31
06/copper-active1/depth2-side1-forward-source-last-order01	517	32	0,40000	200	32	0,32
06/copper-active1/depth2-side1-forward-source-last-order01	522	32	0,40000	200	32	0,32
06/copper-active1/depth2-side1-reverse-wires-first-order01	27	32	0,40000	200	32	0,32
06/copper-active1/depth2-side1-reverse-wires-first-order01	32	32	0,40000	200	32	0,32
06/copper-active1/depth2-side1-reverse-wires-first-order01	37	32	0,40000	200	32	0,31
06/copper-active1/depth2-side1-reverse-wires-first-order01	42	32	0,40000	200	32	0,31
06/copper-active1/depth2-side1-reverse-wires-first-order01	47	32	0,40000	200	32	0,31
06/copper-active1/depth2-side1-reverse-wires-first-order01	52	32	0,40000	200	32	0,31
06/copper-active1/depth2-side1-reverse-wires-first-order01	57	32	0,40000	200	32	0,31
06/copper-active1/depth2-side1-reverse-wires-first-order01	62	32	0,40000	200	32	0,31
06/copper-active1/depth2-side1-reverse-wires-first-order01	67	32	0,40000	200	32	0,32
06/copper-active1/depth2-side1-reverse-wires-first-order01	72	32	0,40000	200	32	0,31
06/copper-active1/depth2-side1-reverse-wires-first-order01	77	32	0,40000	200	32	0,32
06/copper-active1/depth2-side1-reverse-wires-first-order01	82	32	0,40000	200	32	0,32
06/copper-active1/depth2-side1-reverse-wires-first-order01	87	32	0,40000	200	32	0,31
06/copper-active1/depth2-side1-reverse-wires-first-order01	92	32	0,40000	200	32	0,31
06/copper-active1/depth2-side1-reverse-wires-first-order01	97	32	0,40000	200	32	0,31
06/copper-active1/depth2-side1-reverse-wires-first-order01	102	32	0,40000	200	32	0,32
06/copper-active1/depth2-side1-reverse-wires-first-order01	107	32	0,40000	200	32	0,32
06/copper-active1/depth2-side1-reverse-wires-first-order01	112	32	0,40000	200	32	0,32
06/copper-active1/depth2-side1-reverse-wires-first-order01	117	32	0,40000	200	32	0,31
06/copper-active1/depth2-side1-reverse-wires-first-order01	122	32	0,40000	200	32	0,31
06/copper-active1/depth2-side1-reverse-wires-first-order01	127	32	0,40000	200	32	0,32
06/copper-active1/depth2-side1-reverse-wires-first-order01	132	32	0,40000	200	32	0,32
06/copper-active1/depth2-side1-reverse-wires-first-order01	137	32	0,40000	200	32	0,32
06/copper-active1/depth2-side1-reverse-wires-first-order01	142	32	0,40000	200	32	0,31
06/copper-active1/depth2-side1-reverse-wires-first-order01	147	32	0,40000	200	32	0,31
06/copper-active1/depth2-side1-reverse-wires-first-order01	152	32	0,40000	200	32	0,31
06/copper-active1/depth2-side1-reverse-wires-first-order01	157	32	0,40000	200	32	0,31
06/copper-active1/depth2-side1-reverse-wires-first-order01	162	32	0,40000	200	32	0,31
06/copper-active1/depth2-side1-reverse-wires-first-order01	167	32	0,40000	200	32	0,31
06/copper-active1/depth2-side1-reverse-wires-first-order01	172	32	0,40000	200	32	0,32
06/copper-active1/depth2-side1-reverse-wires-first-order01	177	32	0,40000	200	32	0,32
06/copper-active1/depth2-side1-reverse-wires-first-order01	182	32	0,40000	200	32	0,32
06/copper-active1/depth2-side1-reverse-wires-first-order01	187	32	0,40000	200	32	0,32
06/copper-active1/depth2-side1-reverse-wires-first-order01	192	32	0,40000	200	32	0,32
06/copper-active1/depth2-side1-reverse-wires-first-order01	197	32	0,40000	200	32	0,32
06/copper-active1/depth2-side1-reverse-wires-first-order01	202	32	0,40000	200	32	0,32
06/copper-active1/depth2-side1-reverse-wires-first-order01	207	32	0,40000	200	32	0,32
06/copper-active1/depth2-side1-reverse-wires-first-order01	212	32	0,40000	200	32	0,31
06/copper-active1/depth2-side1-reverse-wires-first-order01	217	32	0,40000	200	32	0,31
06/copper-active1/depth2-side1-reverse-wires-first-order01	222	32	0,40000	200	32	0,31
06/copper-active1/depth2-side1-reverse-wires-first-order01	227	32	0,40000	200	32	0,32
06/copper-active1/depth2-side1-reverse-wires-first-order01	232	32	0,40000	200	32	0,32
06/copper-active1/depth2-side1-reverse-wires-first-order01	237	32	0,40000	200	32	0,31
06/copper-active1/depth2-side1-reverse-wires-first-order01	242	32	0,40000	200	32	0,32
06/copper-active1/depth2-side1-reverse-wires-first-order01	247	32	0,40000	200	32	0,32
06/copper-active1/depth2-side1-reverse-wires-first-order01	252	32	0,40000	200	32	0,31
06/copper-active1/depth2-side1-reverse-wires-first-order01	257	32	0,40000	200	32	0,32
06/copper-active1/depth2-side1-reverse-wires-first-order01	262	32	0,40000	200	32	0,32
06/copper-active1/depth2-side1-reverse-wires-first-order01	267	32	0,40000	200	32	0,31
06/copper-active1/depth2-side1-reverse-wires-first-order01	272	32	0,40000	200	32	0,31
06/copper-active1/depth2-side1-reverse-wires-first-order01	277	32	0,40000	200	32	0,31
06/copper-active1/depth2-side1-reverse-wires-first-order01	282	32	0,40000	200	32	0,31
06/copper-active1/depth2-side1-reverse-wires-first-order01	287	32	0,40000	200	32	0,32
06/copper-active1/depth2-side1-reverse-wires-first-order01	292	32	0,40000	200	32	0,32
06/copper-active1/depth2-side1-reverse-wires-first-order01	297	32	0,40000	200	32	0,32
06/copper-active1/depth2-side1-reverse-wires-first-order01	302	32	0,40000	200	32	0,31
06/copper-active1/depth2-side1-reverse-wires-first-order01	307	32	0,40000	200	32	0,31
06/copper-active1/depth2-side1-reverse-wires-first-order01	312	32	0,40000	200	32	0,32
06/copper-active1/depth2-side1-reverse-wires-first-order01	317	32	0,40000	200	32	0,31
06/copper-active1/depth2-side1-reverse-wires-first-order01	322	32	0,40000	200	32	0,31
06/copper-active1/depth2-side1-reverse-wires-first-order01	327	32	0,40000	200	32	0,32
06/copper-active1/depth2-side1-reverse-wires-first-order01	332	32	0,40000	200	32	0,31
06/copper-active1/depth2-side1-reverse-wires-first-order01	337	32	0,40000	200	32	0,31
06/copper-active1/depth2-side1-reverse-wires-first-order01	342	32	0,40000	200	32	0,31
06/copper-active1/depth2-side1-reverse-wires-first-order01	347	32	0,40000	200	32	0,32
06/copper-active1/depth2-side1-reverse-wires-first-order01	352	32	0,40000	200	32	0,31
06/copper-active1/depth2-side1-reverse-wires-first-order01	357	32	0,40000	200	32	0,32
06/copper-active1/depth2-side1-reverse-wires-first-order01	362	32	0,40000	200	32	0,32
06/copper-active1/depth2-side1-reverse-wires-first-order01	367	32	0,40000	200	32	0,31
06/copper-active1/depth2-side1-reverse-wires-first-order01	372	32	0,40000	200	32	0,32
06/copper-active1/depth2-side1-reverse-wires-first-order01	377	32	0,40000	200	32	0,31
06/copper-active1/depth2-side1-reverse-wires-first-order01	382	32	0,40000	200	32	0,31
06/copper-active1/depth2-side1-reverse-wires-first-order01	387	32	0,40000	200	32	0,32
06/copper-active1/depth2-side1-reverse-wires-first-order01	392	32	0,40000	200	32	0,32
06/copper-active1/depth2-side1-reverse-wires-first-order01	397	32	0,40000	200	32	0,31
06/copper-active1/depth2-side1-reverse-wires-first-order01	402	32	0,40000	200	32	0,32
06/copper-active1/depth2-side1-reverse-wires-first-order01	407	32	0,40000	200	32	0,32
06/copper-active1/depth2-side1-reverse-wires-first-order01	412	32	0,40000	200	32	0,32
06/copper-active1/depth2-side1-reverse-wires-first-order01	417	32	0,40000	200	32	0,31
06/copper-active1/depth2-side1-reverse-wires-first-order01	422	32	0,40000	200	32	0,32
06/copper-active1/depth2-side1-reverse-wires-first-order01	427	32	0,40000	200	32	0,31
06/copper-active1/depth2-side1-reverse-wires-first-order01	432	32	0,40000	200	32	0,32
06/copper-active1/depth2-side1-reverse-wires-first-order01	437	32	0,40000	200	32	0,31
06/copper-active1/depth2-side1-reverse-wires-first-order01	442	32	0,40000	200	32	0,32
06/copper-active1/depth2-side1-reverse-wires-first-order01	447	32	0,40000	200	32	0,32
06/copper-active1/depth2-side1-reverse-wires-first-order01	452	32	0,40000	200	32	0,32
06/copper-active1/depth2-side1-reverse-wires-first-order01	457	32	0,40000	200	32	0,32
06/copper-active1/depth2-side1-reverse-wires-first-order01	462	32	0,40000	200	32	0,31
06/copper-active1/depth2-side1-reverse-wires-first-order01	467	32	0,40000	200	32	0,32
06/copper-active1/depth2-side1-reverse-wires-first-order01	472	32	0,40000	200	32	0,31
06/copper-active1/depth2-side1-reverse-wires-first-order01	477	32	0,40000	200	32	0,31
06/copper-active1/depth2-side1-reverse-wires-first-order01	482	32	0,40000	200	32	0,32
06/copper-active1/depth2-side1-reverse-wires-first-order01	487	32	0,40000	200	32	0,31
06/copper-active1/depth2-side1-reverse-wires-first-order01	492	32	0,40000	200	32	0,31
06/copper-active1/depth2-side1-reverse-wires-first-order01	497	32	0,40000	200	32	0,31
06/copper-active1/depth2-side1-reverse-wires-first-order01	502	32	0,40000	200	32	0,31
06/copper-active1/depth2-side1-reverse-wires-first-order01	507	32	0,40000	200	32	0,31
06/copper-active1/depth2-side1-reverse-wires-first-order01	512	32	0,40000	200	32	0,32
06/copper-active1/depth2-side1-reverse-wires-first-order01	517	32	0,40000	200	32	0,32
06/copper-active1/depth2-side1-reverse-wires-first-order01	522	32	0,40000	200	32	0,32
06/copper-active1/depth2-side1-reverse-source-last-order01	27	32	0,40000	200	32	0,32
06/copper-active1/depth2-side1-reverse-source-last-order01	32	32	0,40000	200	32	0,31
06/copper-active1/depth2-side1-reverse-source-last-order01	37	32	0,40000	200	32	0,32
06/copper-active1/depth2-side1-reverse-source-last-order01	42	32	0,40000	200	32	0,32
06/copper-active1/depth2-side1-reverse-source-last-order01	47	32	0,40000	200	32	0,31
06/copper-active1/depth2-side1-reverse-source-last-order01	52	32	0,40000	200	32	0,31
06/copper-active1/depth2-side1-reverse-source-last-order01	57	32	0,40000	200	32	0,32
06/copper-active1/depth2-side1-reverse-source-last-order01	62	32	0,40000	200	32	0,31
06/copper-active1/depth2-side1-reverse-source-last-order01	67	32	0,40000	200	32	0,32
06/copper-active1/depth2-side1-reverse-source-last-order01	72	32	0,40000	200	32	0,31
06/copper-active1/depth2-side1-reverse-source-last-order01	77	32	0,40000	200	32	0,32
06/copper-active1/depth2-side1-reverse-source-last-order01	82	32	0,40000	200	32	0,31
06/copper-active1/depth2-side1-reverse-source-last-order01	87	32	0,40000	200	32	0,31
06/copper-active1/depth2-side1-reverse-source-last-order01	92	32	0,40000	200	32	0,32
06/copper-active1/depth2-side1-reverse-source-last-order01	97	32	0,40000	200	32	0,32
06/copper-active1/depth2-side1-reverse-source-last-order01	102	32	0,40000	200	32	0,31
06/copper-active1/depth2-side1-reverse-source-last-order01	107	32	0,40000	200	32	0,31
06/copper-active1/depth2-side1-reverse-source-last-order01	112	32	0,40000	200	32	0,31
06/copper-active1/depth2-side1-reverse-source-last-order01	117	32	0,40000	200	32	0,31
06/copper-active1/depth2-side1-reverse-source-last-order01	122	32	0,40000	200	32	0,32
06/copper-active1/depth2-side1-reverse-source-last-order01	127	32	0,40000	200	32	0,31
06/copper-active1/depth2-side1-reverse-source-last-order01	132	32	0,40000	200	32	0,31
06/copper-active1/depth2-side1-reverse-source-last-order01	137	32	0,40000	200	32	0,32
06/copper-active1/depth2-side1-reverse-source-last-order01	142	32	0,40000	200	32	0,31
06/copper-active1/depth2-side1-reverse-source-last-order01	147	32	0,40000	200	32	0,31
06/copper-active1/depth2-side1-reverse-source-last-order01	152	32	0,40000	200	32	0,31
06/copper-active1/depth2-side1-reverse-source-last-order01	157	32	0,40000	200	32	0,32
06/copper-active1/depth2-side1-reverse-source-last-order01	162	32	0,40000	200	32	0,32
06/copper-active1/depth2-side1-reverse-source-last-order01	167	32	0,40000	200	32	0,31
06/copper-active1/depth2-side1-reverse-source-last-order01	172	32	0,40000	200	32	0,32
06/copper-active1/depth2-side1-reverse-source-last-order01	177	32	0,40000	200	32	0,32
06/copper-active1/depth2-side1-reverse-source-last-order01	182	32	0,40000	200	32	0,31
06/copper-active1/depth2-side1-reverse-source-last-order01	187	32	0,40000	200	32	0,32
06/copper-active1/depth2-side1-reverse-source-last-order01	192	32	0,40000	200	32	0,32
06/copper-active1/depth2-side1-reverse-source-last-order01	197	32	0,40000	200	32	0,32
06/copper-active1/depth2-side1-reverse-source-last-order01	202	32	0,40000	200	32	0,32
06/copper-active1/depth2-side1-reverse-source-last-order01	207	32	0,40000	200	32	0,32
06/copper-active1/depth2-side1-reverse-source-last-order01	212	32	0,40000	200	32	0,32
06/copper-active1/depth2-side1-reverse-source-last-order01	217	32	0,40000	200	32	0,32
06/copper-active1/depth2-side1-reverse-source-last-order01	222	32	0,40000	200	32	0,31
06/copper-active1/depth2-side1-reverse-source-last-order01	227	32	0,40000	200	32	0,31
06/copper-active1/depth2-side1-reverse-source-last-order01	232	32	0,40000	200	32	0,31
06/copper-active1/depth2-side1-reverse-source-last-order01	237	32	0,40000	200	32	0,32
06/copper-active1/depth2-side1-reverse-source-last-order01	242	32	0,40000	200	32	0,32
06/copper-active1/depth2-side1-reverse-source-last-order01	247	32	0,40000	200	32	0,31
06/copper-active1/depth2-side1-reverse-source-last-order01	252	32	0,40000	200	32	0,31
06/copper-active1/depth2-side1-reverse-source-last-order01	257	32	0,40000	200	32	0,32
06/copper-active1/depth2-side1-reverse-source-last-order01	262	32	0,40000	200	32	0,31
06/copper-active1/depth2-side1-reverse-source-last-order01	267	32	0,40000	200	32	0,32
06/copper-active1/depth2-side1-reverse-source-last-order01	272	32	0,40000	200	32	0,32
06/copper-active1/depth2-side1-reverse-source-last-order01	277	32	0,40000	200	32	0,32
06/copper-active1/depth2-side1-reverse-source-last-order01	282	32	0,40000	200	32	0,31
06/copper-active1/depth2-side1-reverse-source-last-order01	287	32	0,40000	200	32	0,31
06/copper-active1/depth2-side1-reverse-source-last-order01	292	32	0,40000	200	32	0,31
06/copper-active1/depth2-side1-reverse-source-last-order01	297	32	0,40000	200	32	0,32
06/copper-active1/depth2-side1-reverse-source-last-order01	302	32	0,40000	200	32	0,31
06/copper-active1/depth2-side1-reverse-source-last-order01	307	32	0,40000	200	32	0,32
06/copper-active1/depth2-side1-reverse-source-last-order01	312	32	0,40000	200	32	0,31
06/copper-active1/depth2-side1-reverse-source-last-order01	317	32	0,40000	200	32	0,32
06/copper-active1/depth2-side1-reverse-source-last-order01	322	32	0,40000	200	32	0,32
06/copper-active1/depth2-side1-reverse-source-last-order01	327	32	0,40000	200	32	0,31
06/copper-active1/depth2-side1-reverse-source-last-order01	332	32	0,40000	200	32	0,32
06/copper-active1/depth2-side1-reverse-source-last-order01	337	32	0,40000	200	32	0,32
06/copper-active1/depth2-side1-reverse-source-last-order01	342	32	0,40000	200	32	0,32
06/copper-active1/depth2-side1-reverse-source-last-order01	347	32	0,40000	200	32	0,32
06/copper-active1/depth2-side1-reverse-source-last-order01	352	32	0,40000	200	32	0,31
06/copper-active1/depth2-side1-reverse-source-last-order01	357	32	0,40000	200	32	0,31
06/copper-active1/depth2-side1-reverse-source-last-order01	362	32	0,40000	200	32	0,32
06/copper-active1/depth2-side1-reverse-source-last-order01	367	32	0,40000	200	32	0,31
06/copper-active1/depth2-side1-reverse-source-last-order01	372	32	0,40000	200	32	0,32
06/copper-active1/depth2-side1-reverse-source-last-order01	377	32	0,40000	200	32	0,32
06/copper-active1/depth2-side1-reverse-source-last-order01	382	32	0,40000	200	32	0,31
06/copper-active1/depth2-side1-reverse-source-last-order01	387	32	0,40000	200	32	0,31
06/copper-active1/depth2-side1-reverse-source-last-order01	392	32	0,40000	200	32	0,32
06/copper-active1/depth2-side1-reverse-source-last-order01	397	32	0,40000	200	32	0,31
06/copper-active1/depth2-side1-reverse-source-last-order01	402	32	0,40000	200	32	0,32
06/copper-active1/depth2-side1-reverse-source-last-order01	407	32	0,40000	200	32	0,32
06/copper-active1/depth2-side1-reverse-source-last-order01	412	32	0,40000	200	32	0,32
06/copper-active1/depth2-side1-reverse-source-last-order01	417	32	0,40000	200	32	0,32
06/copper-active1/depth2-side1-reverse-source-last-order01	422	32	0,40000	200	32	0,31
06/copper-active1/depth2-side1-reverse-source-last-order01	427	32	0,40000	200	32	0,31
06/copper-active1/depth2-side1-reverse-source-last-order01	432	32	0,40000	200	32	0,32
06/copper-active1/depth2-side1-reverse-source-last-order01	437	32	0,40000	200	32	0,32
06/copper-active1/depth2-side1-reverse-source-last-order01	442	32	0,40000	200	32	0,32
06/copper-active1/depth2-side1-reverse-source-last-order01	447	32	0,40000	200	32	0,31
06/copper-active1/depth2-side1-reverse-source-last-order01	452	32	0,40000	200	32	0,32
06/copper-active1/depth2-side1-reverse-source-last-order01	457	32	0,40000	200	32	0,31
06/copper-active1/depth2-side1-reverse-source-last-order01	462	32	0,40000	200	32	0,32
06/copper-active1/depth2-side1-reverse-source-last-order01	467	32	0,40000	200	32	0,31
06/copper-active1/depth2-side1-reverse-source-last-order01	472	32	0,40000	200	32	0,31
06/copper-active1/depth2-side1-reverse-source-last-order01	477	32	0,40000	200	32	0,31
06/copper-active1/depth2-side1-reverse-source-last-order01	482	32	0,40000	200	32	0,32
06/copper-active1/depth2-side1-reverse-source-last-order01	487	32	0,40000	200	32	0,32
06/copper-active1/depth2-side1-reverse-source-last-order01	492	32	0,40000	200	32	0,32
06/copper-active1/depth2-side1-reverse-source-last-order01	497	32	0,40000	200	32	0,31
06/copper-active1/depth2-side1-reverse-source-last-order01	502	32	0,40000	200	32	0,32
06/copper-active1/depth2-side1-reverse-source-last-order01	507	32	0,40000	200	32	0,31
06/copper-active1/depth2-side1-reverse-source-last-order01	512	32	0,40000	200	32	0,31
06/copper-active1/depth2-side1-reverse-source-last-order01	517	32	0,40000	200	32	0,32
06/copper-active1/depth2-side1-reverse-source-last-order01	522	32	0,40000	200	32	0,31
06/gold-active0/depth2-side1-forward-wires-first-order01	27	32	40000,0	400	32	32,0
06/gold-active0/depth2-side1-forward-wires-first-order01	32	32	40000,0	400	32	30,0
06/gold-active0/depth2-side1-forward-wires-first-order01	37	32	40000,0	400	32	30,0
06/gold-active0/depth2-side1-forward-wires-first-order01	42	32	40000,0	400	32	32,0
06/gold-active0/depth2-side1-forward-wires-first-order01	47	32	40000,0	400	32	32,0
06/gold-active0/depth2-side1-forward-wires-first-order01	52	32	40000,0	400	32	30,0
06/gold-active0/depth2-side1-forward-wires-first-order01	57	32	40000,0	400	32	32,0
06/gold-active0/depth2-side1-forward-wires-first-order01	62	32	40000,0	400	32	30,0
06/gold-active0/depth2-side1-forward-wires-first-order01	67	32	40000,0	400	32	32,0
06/gold-active0/depth2-side1-forward-wires-first-order01	72	32	40000,0	400	32	30,0
06/gold-active0/depth2-side1-forward-wires-first-order01	77	32	40000,0	400	32	30,0
06/gold-active0/depth2-side1-forward-wires-first-order01	82	32	40000,0	400	32	32,0
06/gold-active0/depth2-side1-forward-wires-first-order01	87	32	40000,0	400	32	32,0
06/gold-active0/depth2-side1-forward-wires-first-order01	92	32	40000,0	400	32	30,0
06/gold-active0/depth2-side1-forward-wires-first-order01	97	32	40000,0	400	32	30,0
06/gold-active0/depth2-side1-forward-wires-first-order01	102	32	40000,0	400	32	32,0
06/gold-active0/depth2-side1-forward-wires-first-order01	107	32	40000,0	400	32	32,0
06/gold-active0/depth2-side1-forward-wires-first-order01	112	32	40000,0	400	32	30,0
06/gold-active0/depth2-side1-forward-wires-first-order01	117	32	40000,0	400	32	32,0
06/gold-active0/depth2-side1-forward-wires-first-order01	122	32	40000,0	400	32	32,0
06/gold-active0/depth2-side1-forward-wires-first-order01	127	32	40000,0	400	32	30,0
06/gold-active0/depth2-side1-forward-wires-first-order01	132	32	40000,0	400	32	30,0
06/gold-active0/depth2-side1-forward-wires-first-order01	137	32	40000,0	400	32	30,0
06/gold-active0/depth2-side1-forward-wires-first-order01	142	32	40000,0	400	32	32,0
06/gold-active0/depth2-side1-forward-wires-first-order01	147	32	40000,0	400	32	32,0
06/gold-active0/depth2-side1-forward-wires-first-order01	152	32	40000,0	400	32	30,0
06/gold-active0/depth2-side1-forward-wires-first-order01	157	32	40000,0	400	32	30,0
06/gold-active0/depth2-side1-forward-wires-first-order01	162	32	40000,0	400	32	32,0
06/gold-active0/depth2-side1-forward-wires-first-order01	167	32	40000,0	400	32	32,0
06/gold-active0/depth2-side1-forward-wires-first-order01	172	32	40000,0	400	32	32,0
06/gold-active0/depth2-side1-forward-wires-first-order01	177	32	40000,0	400	32	32,0
06/gold-active0/depth2-side1-forward-wires-first-order01	182	32	40000,0	400	32	30,0
06/gold-active0/depth2-side1-forward-wires-first-order01	187	32	40000,0	400	32	32,0
06/gold-active0/depth2-side1-forward-wires-first-order01	192	32	40000,0	400	32	30,0
06/gold-active0/depth2-side1-forward-wires-first-order01	197	32	40000,0	400	32	30,0
06/gold-active0/depth2-side1-forward-wires-first-order01	202	32	40000,0	400	32	32,0
06/gold-active0/depth2-side1-forward-wires-first-order01	207	32	40000,0	400	32	32,0
06/gold-active0/depth2-side1-forward-wires-first-order01	212	32	40000,0	400	32	32,0
06/gold-active0/depth2-side1-forward-wires-first-order01	217	32	40000,0	400	32	32,0
06/gold-active0/depth2-side1-forward-wires-first-order01	222	32	40000,0	400	32	30,0
06/gold-active0/depth2-side1-forward-wires-first-order01	227	32	40000,0	400	32	32,0
06/gold-active0/depth2-side1-forward-wires-first-order01	232	32	40000,0	400	32	30,0
06/gold-active0/depth2-side1-forward-wires-first-order01	237	32	40000,0	400	32	32,0
06/gold-active0/depth2-side1-forward-wires-first-order01	242	32	40000,0	400	32	32,0
06/gold-active0/depth2-side1-forward-wires-first-order01	247	32	40000,0	400	32	30,0
06/gold-active0/depth2-side1-forward-wires-first-order01	252	32	40000,0	400	32	32,0
06/gold-active0/depth2-side1-forward-wires-first-order01	257	32	40000,0	400	32	30,0
06/gold-active0/depth2-side1-forward-wires-first-order01	262	32	40000,0	400	32	32,0
06/gold-active0/depth2-side1-forward-wires-first-order01	267	32	40000,0	400	32	30,0
06/gold-active0/depth2-side1-forward-wires-first-order01	272	32	40000,0	400	32	32,0
06/gold-active0/depth2-side1-forward-wires-first-order01	277	32	40000,0	400	32	32,0
06/gold-active0/depth2-side1-forward-wires-first-order01	282	32	40000,0	400	32	32,0
06/gold-active0/depth2-side1-forward-wires-first-order01	287	32	40000,0	400	32	32,0
06/gold-active0/depth2-side1-forward-wires-first-order01	292	32	40000,0	400	32	30,0
06/gold-active0/depth2-side1-forward-wires-first-order01	297	32	40000,0	400	32	32,0
06/gold-active0/depth2-side1-forward-wires-first-order01	302	32	40000,0	400	32	30,0
06/gold-active0/depth2-side1-forward-wires-first-order01	307	32	40000,0	400	32	30,0
06/gold-active0/depth2-side1-forward-wires-first-order01	312	32	40000,0	400	32	30,0
06/gold-active0/depth2-side1-forward-wires-first-order01	317	32	40000,0	400	32	32,0
06/gold-active0/depth2-side1-forward-wires-first-order01	322	32	40000,0	400	32	30,0
06/gold-active0/depth2-side1-forward-wires-first-order01	327	32	40000,0	400	32	32,0
06/gold-active0/depth2-side1-forward-wires-first-order01	332	32	40000,0	400	32	30,0
06/gold-active0/depth2-side1-forward-wires-first-order01	337	32	40000,0	400	32	30,0
06/gold-active0/depth2-side1-forward-wires-first-order01	342	32	40000,0	400	32	32,0
06/gold-active0/depth2-side1-forward-wires-first-order01	347	32	40000,0	400	32	30,0
06/gold-active0/depth2-side1-forward-wires-first-order01	352	32	40000,0	400	32	30,0
06/gold-active0/depth2-side1-forward-wires-first-order01	357	32	40000,0	400	32	30,0
06/gold-active0/depth2-side1-forward-wires-first-order01	362	32	40000,0	400	32	30,0
06/gold-active0/depth2-side1-forward-wires-first-order01	367	32	40000,0	400	32	32,0
06/gold-active0/depth2-side1-forward-wires-first-order01	372	32	40000,0	400	32	30,0
06/gold-active0/depth2-side1-forward-wires-first-order01	377	32	40000,0	400	32	30,0
06/gold-active0/depth2-side1-forward-wires-first-order01	382	32	40000,0	400	32	32,0
06/gold-active0/depth2-side1-forward-wires-first-order01	387	32	40000,0	400	32	30,0
06/gold-active0/depth2-side1-forward-wires-first-order01	392	32	40000,0	400	32	32,0
06/gold-active0/depth2-side1-forward-wires-first-order01	397	32	40000,0	400	32	32,0
06/gold-active0/depth2-side1-forward-wires-first-order01	402	32	40000,0	400	32	30,0
06/gold-active0/depth2-side1-forward-wires-first-order01	407	32	40000,0	400	32	30,0
06/gold-active0/depth2-side1-forward-wires-first-order01	412	32	40000,0	400	32	30,0
06/gold-active0/depth2-side1-forward-wires-first-order01	417	32	40000,0	400	32	30,0
06/gold-active0/depth2-side1-forward-wires-first-order01	422	32	40000,0	400	32	32,0
06/gold-active0/depth2-side1-forward-wires-first-order01	427	32	40000,0	400	32	32,0
06/gold-active0/depth2-side1-forward-wires-first-order01	432	32	40000,0	400	32	30,0
06/gold-active0/depth2-side1-forward-wires-first-order01	437	32	40000,0	400	32	32,0
06/gold-active0/depth2-side1-forward-wires-first-order01	442	32	40000,0	400	32	32,0
06/gold-active0/depth2-side1-forward-wires-first-order01	447	32	40000,0	400	32	32,0
06/gold-active0/depth2-side1-forward-wires-first-order01	452	32	40000,0	400	32	30,0
06/gold-active0/depth2-side1-forward-wires-first-order01	457	32	40000,0	400	32	32,0
06/gold-active0/depth2-side1-forward-wires-first-order01	462	32	40000,0	400	32	30,0
06/gold-active0/depth2-side1-forward-wires-first-order01	467	32	40000,0	400	32	30,0
06/gold-active0/depth2-side1-forward-wires-first-order01	472	32	40000,0	400	32	32,0
06/gold-active0/depth2-side1-forward-wires-first-order01	477	32	40000,0	400	32	32,0
06/gold-active0/depth2-side1-forward-wires-first-order01	482	32	40000,0	400	32	32,0
06/gold-active0/depth2-side1-forward-wires-first-order01	487	32	40000,0	400	32	30,0
06/gold-active0/depth2-side1-forward-wires-first-order01	492	32	40000,0	400	32	30,0
06/gold-active0/depth2-side1-forward-wires-first-order01	497	32	40000,0	400	32	32,0
06/gold-active0/depth2-side1-forward-wires-first-order01	502	32	40000,0	400	32	30,0
06/gold-active0/depth2-side1-forward-wires-first-order01	507	32	40000,0	400	32	30,0
06/gold-active0/depth2-side1-forward-wires-first-order01	512	32	40000,0	400	32	32,0
06/gold-active0/depth2-side1-forward-wires-first-order01	517	32	40000,0	400	32	30,0
06/gold-active0/depth2-side1-forward-wires-first-order01	522	32	40000,0	400	32	30,0
06/gold-active0/depth2-side1-forward-source-last-order01	27	32	40000,0	400	32	32,0
06/gold-active0/depth2-side1-forward-source-last-order01	32	32	40000,0	400	32	32,0
06/gold-active0/depth2-side1-forward-source-last-order01	37	32	40000,0	400	32	32,0
06/gold-active0/depth2-side1-forward-source-last-order01	42	32	40000,0	400	32	30,0
06/gold-active0/depth2-side1-forward-source-last-order01	47	32	40000,0	400	32	30,0
06/gold-active0/depth2-side1-forward-source-last-order01	52	32	40000,0	400	32	30,0
06/gold-active0/depth2-side1-forward-source-last-order01	57	32	40000,0	400	32	32,0
06/gold-active0/depth2-side1-forward-source-last-order01	62	32	40000,0	400	32	32,0
06/gold-active0/depth2-side1-forward-source-last-order01	67	32	40000,0	400	32	30,0
06/gold-active0/depth2-side1-forward-source-last-order01	72	32	40000,0	400	32	30,0
06/gold-active0/depth2-side1-forward-source-last-order01	77	32	40000,0	400	32	30,0
06/gold-active0/depth2-side1-forward-source-last-order01	82	32	40000,0	400	32	32,0
06/gold-active0/depth2-side1-forward-source-last-order01	87	32	40000,0	400	32	32,0
06/gold-active0/depth2-side1-forward-source-last-order01	92	32	40000,0	400	32	30,0
06/gold-active0/depth2-side1-forward-source-last-order01	97	32	40000,0	400	32	32,0
06/gold-active0/depth2-side1-forward-source-last-order01	102	32	40000,0	400	32	30,0
06/gold-active0/depth2-side1-forward-source-last-order01	107	32	40000,0	400	32	32,0
06/gold-active0/depth2-side1-forward-source-last-order01	112	32	40000,0	400	32	32,0
06/gold-active0/depth2-side1-forward-source-last-order01	117	32	40000,0	400	32	32,0
06/gold-active0/depth2-side1-forward-source-last-order01	122	32	40000,0	400	32	30,0
06/gold-active0/depth2-side1-forward-source-last-order01	127	32	40000,0	400	32	32,0
06/gold-active0/depth2-side1-forward-source-last-order01	132	32	40000,0	400	32	32,0
06/gold-active0/depth2-side1-forward-source-last-order01	137	32	40000,0	400	32	32,0
06/gold-active0/depth2-side1-forward-source-last-order01	142	32	40000,0	400	32	30,0
06/gold-active0/depth2-side1-forward-source-last-order01	147	32	40000,0	400	32	32,0
06/gold-active0/depth2-side1-forward-source-last-order01	152	32	40000,0	400	32	30,0
06/gold-active0/depth2-side1-forward-source-last-order01	157	32	40000,0	400	32	32,0
06/gold-active0/depth2-side1-forward-source-last-order01	162	32	40000,0	400	32	32,0
06/gold-active0/depth2-side1-forward-source-last-order01	167	32	40000,0	400	32	30,0
06/gold-active0/depth2-side1-forward-source-last-order01	172	32	40000,0	400	32	32,0
06/gold-active0/depth2-side1-forward-source-last-order01	177	32	40000,0	400	32	30,0
06/gold-active0/depth2-side1-forward-source-last-order01	182	32	40000,0	400	32	30,0
06/gold-active0/depth2-side1-forward-source-last-order01	187	32	40000,0	400	32	30,0
06/gold-active0/depth2-side1-forward-source-last-order01	192	32	40000,0	400	32	32,0
06/gold-active0/depth2-side1-forward-source-last-order01	197	32	40000,0	400	32	30,0
06/gold-active0/depth2-side1-forward-source-last-order01	202	32	40000,0	400	32	32,0
06/gold-active0/depth2-side1-forward-source-last-order01	207	32	40000,0	400	32	30,0
06/gold-active0/depth2-side1-forward-source-last-order01	212	32	40000,0	400	32	32,0
06/gold-active0/depth2-side1-forward-source-last-order01	217	32	40000,0	400	32	32,0
06/gold-active0/depth2-side1-forward-source-last-order01	222	32	40000,0	400	32	32,0
06/gold-active0/depth2-side1-forward-source-last-order01	227	32	40000,0	400	32	30,0
06/gold-active0/depth2-side1-forward-source-last-order01	232	32	40000,0	400	32	32,0
06/gold-active0/depth2-side1-forward-source-last-order01	237	32	40000,0	400	32	32,0
06/gold-active0/depth2-side1-forward-source-last-order01	242	32	40000,0	400	32	30,0
06/gold-active0/depth2-side1-forward-source-last-order01	247	32	40000,0	400	32	32,0
06/gold-active0/depth2-side1-forward-source-last-order01	252	32	40000,0	400	32	30,0
06/gold-active0/depth2-side1-forward-source-last-order01	257	32	40000,0	400	32	32,0
06/gold-active0/depth2-side1-forward-source-last-order01	262	32	40000,0	400	32	30,0
06/gold-active0/depth2-side1-forward-source-last-order01	267	32	40000,0	400	32	30,0
06/gold-active0/depth2-side1-forward-source-last-order01	272	32	40000,0	400	32	32,0
06/gold-active0/depth2-side1-forward-source-last-order01	277	32	40000,0	400	32	32,0
06/gold-active0/depth2-side1-forward-source-last-order01	282	32	40000,0	400	32	32,0
06/gold-active0/depth2-side1-forward-source-last-order01	287	32	40000,0	400	32	30,0
06/gold-active0/depth2-side1-forward-source-last-order01	292	32	40000,0	400	32	30,0
06/gold-active0/depth2-side1-forward-source-last-order01	297	32	40000,0	400	32	32,0
06/gold-active0/depth2-side1-forward-source-last-order01	302	32	40000,0	400	32	32,0
06/gold-active0/depth2-side1-forward-source-last-order01	307	32	40000,0	400	32	32,0
06/gold-active0/depth2-side1-forward-source-last-order01	312	32	40000,0	400	32	32,0
06/gold-active0/depth2-side1-forward-source-last-order01	317	32	40000,0	400	32	30,0
06/gold-active0/depth2-side1-forward-source-last-order01	322	32	40000,0	400	32	30,0
06/gold-active0/depth2-side1-forward-source-last-order01	327	32	40000,0	400	32	30,0
06/gold-active0/depth2-side1-forward-source-last-order01	332	32	40000,0	400	32	32,0
06/gold-active0/depth2-side1-forward-source-last-order01	337	32	40000,0	400	32	32,0
06/gold-active0/depth2-side1-forward-source-last-order01	342	32	40000,0	400	32	30,0
06/gold-active0/depth2-side1-forward-source-last-order01	347	32	40000,0	400	32	32,0
06/gold-active0/depth2-side1-forward-source-last-order01	352	32	40000,0	400	32	32,0
06/gold-active0/depth2-side1-forward-source-last-order01	357	32	40000,0	400	32	30,0
06/gold-active0/depth2-side1-forward-source-last-order01	362	32	40000,0	400	32	30,0
06/gold-active0/depth2-side1-forward-source-last-order01	367	32	40000,0	400	32	32,0
06/gold-active0/depth2-side1-forward-source-last-order01	372	32	40000,0	400	32	32,0
06/gold-active0/depth2-side1-forward-source-last-order01	377	32	40000,0	400	32	30,0
06/gold-active0/depth2-side1-forward-source-last-order01	382	32	40000,0	400	32	30,0
06/gold-active0/depth2-side1-forward-source-last-order01	387	32	40000,0	400	32	32,0
06/gold-active0/depth2-side1-forward-source-last-order01	392	32	40000,0	400	32	30,0
06/gold-active0/depth2-side1-forward-source-last-order01	397	32	40000,0	400	32	32,0
06/gold-active0/depth2-side1-forward-source-last-order01	402	32	40000,0	400	32	32,0
06/gold-active0/depth2-side1-forward-source-last-order01	407	32	40000,0	400	32	32,0
06/gold-active0/depth2-side1-forward-source-last-order01	412	32	40000,0	400	32	30,0
06/gold-active0/depth2-side1-forward-source-last-order01	417	32	40000,0	400	32	30,0
06/gold-active0/depth2-side1-forward-source-last-order01	422	32	40000,0	400	32	32,0
06/gold-active0/depth2-side1-forward-source-last-order01	427	32	40000,0	400	32	32,0
06/gold-active0/depth2-side1-forward-source-last-order01	432	32	40000,0	400	32	30,0
06/gold-active0/depth2-side1-forward-source-last-order01	437	32	40000,0	400	32	32,0
06/gold-active0/depth2-side1-forward-source-last-order01	442	32	40000,0	400	32	32,0
06/gold-active0/depth2-side1-forward-source-last-order01	447	32	40000,0	400	32	30,0
06/gold-active0/depth2-side1-forward-source-last-order01	452	32	40000,0	400	32	30,0
06/gold-active0/depth2-side1-forward-source-last-order01	457	32	40000,0	400	32	30,0
06/gold-active0/depth2-side1-forward-source-last-order01	462	32	40000,0	400	32	32,0
06/gold-active0/depth2-side1-forward-source-last-order01	467	32	40000,0	400	32	30,0
06/gold-active0/depth2-side1-forward-source-last-order01	472	32	40000,0	400	32	32,0
06/gold-active0/depth2-side1-forward-source-last-order01	477	32	40000,0	400	32	30,0
06/gold-active0/depth2-side1-forward-source-last-order01	482	32	40000,0	400	32	32,0
06/gold-active0/depth2-side1-forward-source-last-order01	487	32	40000,0	400	32	32,0
06/gold-active0/depth2-side1-forward-source-last-order01	492	32	40000,0	400	32	32,0
06/gold-active0/depth2-side1-forward-source-last-order01	497	32	40000,0	400	32	30,0
06/gold-active0/depth2-side1-forward-source-last-order01	502	32	40000,0	400	32	30,0
06/gold-active0/depth2-side1-forward-source-last-order01	507	32	40000,0	400	32	30,0
06/gold-active0/depth2-side1-forward-source-last-order01	512	32	40000,0	400	32	32,0
06/gold-active0/depth2-side1-forward-source-last-order01	517	32	40000,0	400	32	32,0
06/gold-active0/depth2-side1-forward-source-last-order01	522	32	40000,0	400	32	30,0
06/gold-active0/depth2-side1-reverse-wires-first-order01	27	32	40000,0	400	32	32,0
06/gold-active0/depth2-side1-reverse-wires-first-order01	32	32	40000,0	400	32	32,0
06/gold-active0/depth2-side1-reverse-wires-first-order01	37	32	40000,0	400	32	32,0
06/gold-active0/depth2-side1-reverse-wires-first-order01	42	32	40000,0	400	32	32,0
06/gold-active0/depth2-side1-reverse-wires-first-order01	47	32	40000,0	400	32	32,0
06/gold-active0/depth2-side1-reverse-wires-first-order01	52	32	40000,0	400	32	32,0
06/gold-active0/depth2-side1-reverse-wires-first-order01	57	32	40000,0	400	32	30,0
06/gold-active0/depth2-side1-reverse-wires-first-order01	62	32	40000,0	400	32	32,0
06/gold-active0/depth2-side1-reverse-wires-first-order01	67	32	40000,0	400	32	30,0
06/gold-active0/depth2-side1-reverse-wires-first-order01	72	32	40000,0	400	32	32,0
06/gold-active0/depth2-side1-reverse-wires-first-order01	77	32	40000,0	400	32	30,0
06/gold-active0/depth2-side1-reverse-wires-first-order01	82	32	40000,0	400	32	32,0
06/gold-active0/depth2-side1-reverse-wires-first-order01	87	32	40000,0	400	32	30,0
06/gold-active0/depth2-side1-reverse-wires-first-order01	92	32	40000,0	400	32	30,0
06/gold-active0/depth2-side1-reverse-wires-first-order01	97	32	40000,0	400	32	30,0
06/gold-active0/depth2-side1-reverse-wires-first-order01	102	32	40000,0	400	32	30,0
06/gold-active0/depth2-side1-reverse-wires-first-order01	107	32	40000,0	400	32	30,0
06/gold-active0/depth2-side1-reverse-wires-first-order01	112	32	40000,0	400	32	32,0
06/gold-active0/depth2-side1-reverse-wires-first-order01	117	32	40000,0	400	32	30,0
06/gold-active0/depth2-side1-reverse-wires-first-order01	122	32	40000,0	400	32	30,0
06/gold-active0/depth2-side1-reverse-wires-first-order01	127	32	40000,0	400	32	32,0
06/gold-active0/depth2-side1-reverse-wires-first-order01	132	32	40000,0	400	32	30,0
06/gold-active0/depth2-side1-reverse-wires-first-order01	137	32	40000,0	400	32	32,0
06/gold-active0/depth2-side1-reverse-wires-first-order01	142	32	40000,0	400	32	30,0
06/gold-active0/depth2-side1-reverse-wires-first-order01	147	32	40000,0	400	32	30,0
06/gold-active0/depth2-side1-reverse-wires-first-order01	152	32	40000,0	400	32	30,0
06/gold-active0/depth2-side1-reverse-wires-first-order01	157	32	40000,0	400	32	32,0
06/gold-active0/depth2-side1-reverse-wires-first-order01	162	32	40000,0	400	32	30,0
06/gold-active0/depth2-side1-reverse-wires-first-order01	167	32	40000,0	400	32	32,0
06/gold-active0/depth2-side1-reverse-wires-first-order01	172	32	40000,0	400	32	30,0
06/gold-active0/depth2-side1-reverse-wires-first-order01	177	32	40000,0	400	32	32,0
06/gold-active0/depth2-side1-reverse-wires-first-order01	182	32	40000,0	400	32	30,0
06/gold-active0/depth2-side1-reverse-wires-first-order01	187	32	40000,0	400	32	30,0
06/gold-active0/depth2-side1-reverse-wires-first-order01	192	32	40000,0	400	32	30,0
06/gold-active0/depth2-side1-reverse-wires-first-order01	197	32	40000,0	400	32	30,0
06/gold-active0/depth2-side1-reverse-wires-first-order01	202	32	40000,0	400	32	32,0
06/gold-active0/depth2-side1-reverse-wires-first-order01	207	32	40000,0	400	32	32,0
06/gold-active0/depth2-side1-reverse-wires-first-order01	212	32	40000,0	400	32	30,0
06/gold-active0/depth2-side1-reverse-wires-first-order01	217	32	40000,0	400	32	30,0
06/gold-active0/depth2-side1-reverse-wires-first-order01	222	32	40000,0	400	32	32,0
06/gold-active0/depth2-side1-reverse-wires-first-order01	227	32	40000,0	400	32	32,0
06/gold-active0/depth2-side1-reverse-wires-first-order01	232	32	40000,0	400	32	32,0
06/gold-active0/depth2-side1-reverse-wires-first-order01	237	32	40000,0	400	32	30,0
06/gold-active0/depth2-side1-reverse-wires-first-order01	242	32	40000,0	400	32	30,0
06/gold-active0/depth2-side1-reverse-wires-first-order01	247	32	40000,0	400	32	30,0
06/gold-active0/depth2-side1-reverse-wires-first-order01	252	32	40000,0	400	32	32,0
06/gold-active0/depth2-side1-reverse-wires-first-order01	257	32	40000,0	400	32	32,0
06/gold-active0/depth2-side1-reverse-wires-first-order01	262	32	40000,0	400	32	30,0
06/gold-active0/depth2-side1-reverse-wires-first-order01	267	32	40000,0	400	32	30,0
06/gold-active0/depth2-side1-reverse-wires-first-order01	272	32	40000,0	400	32	30,0
06/gold-active0/depth2-side1-reverse-wires-first-order01	277	32	40000,0	400	32	32,0
06/gold-active0/depth2-side1-reverse-wires-first-order01	282	32	40000,0	400	32	32,0
06/gold-active0/depth2-side1-reverse-wires-first-order01	287	32	40000,0	400	32	32,0
06/gold-active0/depth2-side1-reverse-wires-first-order01	292	32	40000,0	400	32	30,0
06/gold-active0/depth2-side1-reverse-wires-first-order01	297	32	40000,0	400	32	32,0
06/gold-active0/depth2-side1-reverse-wires-first-order01	302	32	40000,0	400	32	32,0
06/gold-active0/depth2-side1-reverse-wires-first-order01	307	32	40000,0	400	32	32,0
06/gold-active0/depth2-side1-reverse-wires-first-order01	312	32	40000,0	400	32	30,0
06/gold-active0/depth2-side1-reverse-wires-first-order01	317	32	40000,0	400	32	30,0
06/gold-active0/depth2-side1-reverse-wires-first-order01	322	32	40000,0	400	32	30,0
06/gold-active0/depth2-side1-reverse-wires-first-order01	327	32	40000,0	400	32	32,0
06/gold-active0/depth2-side1-reverse-wires-first-order01	332	32	40000,0	400	32	32,0
06/gold-active0/depth2-side1-reverse-wires-first-order01	337	32	40000,0	400	32	32,0
06/gold-active0/depth2-side1-reverse-wires-first-order01	342	32	40000,0	400	32	30,0
06/gold-active0/depth2-side1-reverse-wires-first-order01	347	32	40000,0	400	32	32,0
06/gold-active0/depth2-side1-reverse-wires-first-order01	352	32	40000,0	400	32	32,0
06/gold-active0/depth2-side1-reverse-wires-first-order01	357	32	40000,0	400	32	30,0
06/gold-active0/depth2-side1-reverse-wires-first-order01	362	32	40000,0	400	32	30,0
06/gold-active0/depth2-side1-reverse-wires-first-order01	367	32	40000,0	400	32	30,0
06/gold-active0/depth2-side1-reverse-wires-first-order01	372	32	40000,0	400	32	30,0
06/gold-active0/depth2-side1-reverse-wires-first-order01	377	32	40000,0	400	32	30,0
06/gold-active0/depth2-side1-reverse-wires-first-order01	382	32	40000,0	400	32	32,0
06/gold-active0/depth2-side1-reverse-wires-first-order01	387	32	40000,0	400	32	32,0
06/gold-active0/depth2-side1-reverse-wires-first-order01	392	32	40000,0	400	32	30,0
06/gold-active0/depth2-side1-reverse-wires-first-order01	397	32	40000,0	400	32	32,0
06/gold-active0/depth2-side1-reverse-wires-first-order01	402	32	40000,0	400	32	30,0
06/gold-active0/depth2-side1-reverse-wires-first-order01	407	32	40000,0	400	32	32,0
06/gold-active0/depth2-side1-reverse-wires-first-order01	412	32	40000,0	400	32	32,0
06/gold-active0/depth2-side1-reverse-wires-first-order01	417	32	40000,0	400	32	32,0
06/gold-active0/depth2-side1-reverse-wires-first-order01	422	32	40000,0	400	32	30,0
06/gold-active0/depth2-side1-reverse-wires-first-order01	427	32	40000,0	400	32	30,0
06/gold-active0/depth2-side1-reverse-wires-first-order01	432	32	40000,0	400	32	30,0
06/gold-active0/depth2-side1-reverse-wires-first-order01	437	32	40000,0	400	32	32,0
06/gold-active0/depth2-side1-reverse-wires-first-order01	442	32	40000,0	400	32	30,0
06/gold-active0/depth2-side1-reverse-wires-first-order01	447	32	40000,0	400	32	30,0
06/gold-active0/depth2-side1-reverse-wires-first-order01	452	32	40000,0	400	32	32,0
06/gold-active0/depth2-side1-reverse-wires-first-order01	457	32	40000,0	400	32	32,0
06/gold-active0/depth2-side1-reverse-wires-first-order01	462	32	40000,0	400	32	30,0
06/gold-active0/depth2-side1-reverse-wires-first-order01	467	32	40000,0	400	32	32,0
06/gold-active0/depth2-side1-reverse-wires-first-order01	472	32	40000,0	400	32	30,0
06/gold-active0/depth2-side1-reverse-wires-first-order01	477	32	40000,0	400	32	32,0
06/gold-active0/depth2-side1-reverse-wires-first-order01	482	32	40000,0	400	32	30,0
06/gold-active0/depth2-side1-reverse-wires-first-order01	487	32	40000,0	400	32	32,0
06/gold-active0/depth2-side1-reverse-wires-first-order01	492	32	40000,0	400	32	30,0
06/gold-active0/depth2-side1-reverse-wires-first-order01	497	32	40000,0	400	32	32,0
06/gold-active0/depth2-side1-reverse-wires-first-order01	502	32	40000,0	400	32	32,0
06/gold-active0/depth2-side1-reverse-wires-first-order01	507	32	40000,0	400	32	32,0
06/gold-active0/depth2-side1-reverse-wires-first-order01	512	32	40000,0	400	32	32,0
06/gold-active0/depth2-side1-reverse-wires-first-order01	517	32	40000,0	400	32	32,0
06/gold-active0/depth2-side1-reverse-wires-first-order01	522	32	40000,0	400	32	32,0
06/gold-active0/depth2-side1-reverse-source-last-order01	27	32	40000,0	400	32	30,0
06/gold-active0/depth2-side1-reverse-source-last-order01	32	32	40000,0	400	32	30,0
06/gold-active0/depth2-side1-reverse-source-last-order01	37	32	40000,0	400	32	32,0
06/gold-active0/depth2-side1-reverse-source-last-order01	42	32	40000,0	400	32	32,0
06/gold-active0/depth2-side1-reverse-source-last-order01	47	32	40000,0	400	32	32,0
06/gold-active0/depth2-side1-reverse-source-last-order01	52	32	40000,0	400	32	32,0
06/gold-active0/depth2-side1-reverse-source-last-order01	57	32	40000,0	400	32	32,0
06/gold-active0/depth2-side1-reverse-source-last-order01	62	32	40000,0	400	32	32,0
06/gold-active0/depth2-side1-reverse-source-last-order01	67	32	40000,0	400	32	32,0
06/gold-active0/depth2-side1-reverse-source-last-order01	72	32	40000,0	400	32	30,0
06/gold-active0/depth2-side1-reverse-source-last-order01	77	32	40000,0	400	32	30,0
06/gold-active0/depth2-side1-reverse-source-last-order01	82	32	40000,0	400	32	32,0
06/gold-active0/depth2-side1-reverse-source-last-order01	87	32	40000,0	400	32	30,0
06/gold-active0/depth2-side1-reverse-source-last-order01	92	32	40000,0	400	32	32,0
06/gold-active0/depth2-side1-reverse-source-last-order01	97	32	40000,0	400	32	30,0
06/gold-active0/depth2-side1-reverse-source-last-order01	102	32	40000,0	400	32	32,0
06/gold-active0/depth2-side1-reverse-source-last-order01	107	32	40000,0	400	32	32,0
06/gold-active0/depth2-side1-reverse-source-last-order01	112	32	40000,0	400	32	32,0
06/gold-active0/depth2-side1-reverse-source-last-order01	117	32	40000,0	400	32	30,0
06/gold-active0/depth2-side1-reverse-source-last-order01	122	32	40000,0	400	32	32,0
06/gold-active0/depth2-side1-reverse-source-last-order01	127	32	40000,0	400	32	32,0
06/gold-active0/depth2-side1-reverse-source-last-order01	132	32	40000,0	400	32	30,0
06/gold-active0/depth2-side1-reverse-source-last-order01	137	32	40000,0	400	32	30,0
06/gold-active0/depth2-side1-reverse-source-last-order01	142	32	40000,0	400	32	32,0
06/gold-active0/depth2-side1-reverse-source-last-order01	147	32	40000,0	400	32	30,0
06/gold-active0/depth2-side1-reverse-source-last-order01	152	32	40000,0	400	32	32,0
06/gold-active0/depth2-side1-reverse-source-last-order01	157	32	40000,0	400	32	32,0
06/gold-active0/depth2-side1-reverse-source-last-order01	162	32	40000,0	400	32	30,0
06/gold-active0/depth2-side1-reverse-source-last-order01	167	32	40000,0	400	32	30,0
06/gold-active0/depth2-side1-reverse-source-last-order01	172	32	40000,0	400	32	32,0
06/gold-active0/depth2-side1-reverse-source-last-order01	177	32	40000,0	400	32	32,0
06/gold-active0/depth2-side1-reverse-source-last-order01	182	32	40000,0	400	32	30,0
06/gold-active0/depth2-side1-reverse-source-last-order01	187	32	40000,0	400	32	32,0
06/gold-active0/depth2-side1-reverse-source-last-order01	192	32	40000,0	400	32	32,0
06/gold-active0/depth2-side1-reverse-source-last-order01	197	32	40000,0	400	32	32,0
06/gold-active0/depth2-side1-reverse-source-last-order01	202	32	40000,0	400	32	32,0
06/gold-active0/depth2-side1-reverse-source-last-order01	207	32	40000,0	400	32	32,0
06/gold-active0/depth2-side1-reverse-source-last-order01	212	32	40000,0	400	32	32,0
06/gold-active0/depth2-side1-reverse-source-last-order01	217	32	40000,0	400	32	30,0
06/gold-active0/depth2-side1-reverse-source-last-order01	222	32	40000,0	400	32	32,0
06/gold-active0/depth2-side1-reverse-source-last-order01	227	32	40000,0	400	32	30,0
06/gold-active0/depth2-side1-reverse-source-last-order01	232	32	40000,0	400	32	32,0
06/gold-active0/depth2-side1-reverse-source-last-order01	237	32	40000,0	400	32	30,0
06/gold-active0/depth2-side1-reverse-source-last-order01	242	32	40000,0	400	32	32,0
06/gold-active0/depth2-side1-reverse-source-last-order01	247	32	40000,0	400	32	30,0
06/gold-active0/depth2-side1-reverse-source-last-order01	252	32	40000,0	400	32	32,0
06/gold-active0/depth2-side1-reverse-source-last-order01	257	32	40000,0	400	32	30,0
06/gold-active0/depth2-side1-reverse-source-last-order01	262	32	40000,0	400	32	30,0
06/gold-active0/depth2-side1-reverse-source-last-order01	267	32	40000,0	400	32	32,0
06/gold-active0/depth2-side1-reverse-source-last-order01	272	32	40000,0	400	32	32,0
06/gold-active0/depth2-side1-reverse-source-last-order01	277	32	40000,0	400	32	32,0
06/gold-active0/depth2-side1-reverse-source-last-order01	282	32	40000,0	400	32	32,0
06/gold-active0/depth2-side1-reverse-source-last-order01	287	32	40000,0	400	32	30,0
06/gold-active0/depth2-side1-reverse-source-last-order01	292	32	40000,0	400	32	30,0
06/gold-active0/depth2-side1-reverse-source-last-order01	297	32	40000,0	400	32	32,0
06/gold-active0/depth2-side1-reverse-source-last-order01	302	32	40000,0	400	32	32,0
06/gold-active0/depth2-side1-reverse-source-last-order01	307	32	40000,0	400	32	30,0
06/gold-active0/depth2-side1-reverse-source-last-order01	312	32	40000,0	400	32	30,0
06/gold-active0/depth2-side1-reverse-source-last-order01	317	32	40000,0	400	32	30,0
06/gold-active0/depth2-side1-reverse-source-last-order01	322	32	40000,0	400	32	30,0
06/gold-active0/depth2-side1-reverse-source-last-order01	327	32	40000,0	400	32	32,0
06/gold-active0/depth2-side1-reverse-source-last-order01	332	32	40000,0	400	32	32,0
06/gold-active0/depth2-side1-reverse-source-last-order01	337	32	40000,0	400	32	30,0
06/gold-active0/depth2-side1-reverse-source-last-order01	342	32	40000,0	400	32	32,0
06/gold-active0/depth2-side1-reverse-source-last-order01	347	32	40000,0	400	32	32,0
06/gold-active0/depth2-side1-reverse-source-last-order01	352	32	40000,0	400	32	30,0
06/gold-active0/depth2-side1-reverse-source-last-order01	357	32	40000,0	400	32	32,0
06/gold-active0/depth2-side1-reverse-source-last-order01	362	32	40000,0	400	32	32,0
06/gold-active0/depth2-side1-reverse-source-last-order01	367	32	40000,0	400	32	30,0
06/gold-active0/depth2-side1-reverse-source-last-order01	372	32	40000,0	400	32	32,0
06/gold-active0/depth2-side1-reverse-source-last-order01	377	32	40000,0	400	32	30,0
06/gold-active0/depth2-side1-reverse-source-last-order01	382	32	40000,0	400	32	32,0
06/gold-active0/depth2-side1-reverse-source-last-order01	387	32	40000,0	400	32	30,0
06/gold-active0/depth2-side1-reverse-source-last-order01	392	32	40000,0	400	32	32,0
06/gold-active0/depth2-side1-reverse-source-last-order01	397	32	40000,0	400	32	32,0
06/gold-active0/depth2-side1-reverse-source-last-order01	402	32	40000,0	400	32	30,0
06/gold-active0/depth2-side1-reverse-source-last-order01	407	32	40000,0	400	32	30,0
06/gold-active0/depth2-side1-reverse-source-last-order01	412	32	40000,0	400	32	32,0
06/gold-active0/depth2-side1-reverse-source-last-order01	417	32	40000,0	400	32	32,0
06/gold-active0/depth2-side1-reverse-source-last-order01	422	32	40000,0	400	32	30,0
06/gold-active0/depth2-side1-reverse-source-last-order01	427	32	40000,0	400	32	32,0
06/gold-active0/depth2-side1-reverse-source-last-order01	432	32	40000,0	400	32	30,0
06/gold-active0/depth2-side1-reverse-source-last-order01	437	32	40000,0	400	32	32,0
06/gold-active0/depth2-side1-reverse-source-last-order01	442	32	40000,0	400	32	30,0
06/gold-active0/depth2-side1-reverse-source-last-order01	447	32	40000,0	400	32	32,0
06/gold-active0/depth2-side1-reverse-source-last-order01	452	32	40000,0	400	32	30,0
06/gold-active0/depth2-side1-reverse-source-last-order01	457	32	40000,0	400	32	32,0
06/gold-active0/depth2-side1-reverse-source-last-order01	462	32	40000,0	400	32	32,0
06/gold-active0/depth2-side1-reverse-source-last-order01	467	32	40000,0	400	32	32,0
06/gold-active0/depth2-side1-reverse-source-last-order01	472	32	40000,0	400	32	32,0
06/gold-active0/depth2-side1-reverse-source-last-order01	477	32	40000,0	400	32	30,0
06/gold-active0/depth2-side1-reverse-source-last-order01	482	32	40000,0	400	32	30,0
06/gold-active0/depth2-side1-reverse-source-last-order01	487	32	40000,0	400	32	32,0
06/gold-active0/depth2-side1-reverse-source-last-order01	492	32	40000,0	400	32	30,0
06/gold-active0/depth2-side1-reverse-source-last-order01	497	32	40000,0	400	32	30,0
06/gold-active0/depth2-side1-reverse-source-last-order01	502	32	40000,0	400	32	32,0
06/gold-active0/depth2-side1-reverse-source-last-order01	507	32	40000,0	400	32	30,0
06/gold-active0/depth2-side1-reverse-source-last-order01	512	32	40000,0	400	32	30,0
06/gold-active0/depth2-side1-reverse-source-last-order01	517	32	40000,0	400	32	32,0
06/gold-active0/depth2-side1-reverse-source-last-order01	522	32	40000,0	400	32	32,0
06/gold-active1/depth2-side1-forward-wires-first-order01	27	32	0,40000	400	32	0,32
06/gold-active1/depth2-side1-forward-wires-first-order01	32	32	0,40000	400	32	0,30
06/gold-active1/depth2-side1-forward-wires-first-order01	37	32	0,40000	400	32	0,30
06/gold-active1/depth2-side1-forward-wires-first-order01	42	32	0,40000	400	32	0,30
06/gold-active1/depth2-side1-forward-wires-first-order01	47	32	0,40000	400	32	0,32
06/gold-active1/depth2-side1-forward-wires-first-order01	52	32	0,40000	400	32	0,30
06/gold-active1/depth2-side1-forward-wires-first-order01	57	32	0,40000	400	32	0,32
06/gold-active1/depth2-side1-forward-wires-first-order01	62	32	0,40000	400	32	0,30
06/gold-active1/depth2-side1-forward-wires-first-order01	67	32	0,40000	400	32	0,32
06/gold-active1/depth2-side1-forward-wires-first-order01	72	32	0,40000	400	32	0,30
06/gold-active1/depth2-side1-forward-wires-first-order01	77	32	0,40000	400	32	0,30
06/gold-active1/depth2-side1-forward-wires-first-order01	82	32	0,40000	400	32	0,30
06/gold-active1/depth2-side1-forward-wires-first-order01	87	32	0,40000	400	32	0,30
06/gold-active1/depth2-side1-forward-wires-first-order01	92	32	0,40000	400	32	0,32
06/gold-active1/depth2-side1-forward-wires-first-order01	97	32	0,40000	400	32	0,30
06/gold-active1/depth2-side1-forward-wires-first-order01	102	32	0,40000	400	32	0,32
06/gold-active1/depth2-side1-forward-wires-first-order01	107	32	0,40000	400	32	0,32
06/gold-active1/depth2-side1-forward-wires-first-order01	112	32	0,40000	400	32	0,30
06/gold-active1/depth2-side1-forward-wires-first-order01	117	32	0,40000	400	32	0,32
06/gold-active1/depth2-side1-forward-wires-first-order01	122	32	0,40000	400	32	0,32
06/gold-active1/depth2-side1-forward-wires-first-order01	127	32	0,40000	400	32	0,32
06/gold-active1/depth2-side1-forward-wires-first-order01	132	32	0,40000	400	32	0,30
06/gold-active1/depth2-side1-forward-wires-first-order01	137	32	0,40000	400	32	0,30
06/gold-active1/depth2-side1-forward-wires-first-order01	142	32	0,40000	400	32	0,32
06/gold-active1/depth2-side1-forward-wires-first-order01	147	32	0,40000	400	32	0,30
06/gold-active1/depth2-side1-forward-wires-first-order01	152	32	0,40000	400	32	0,32
06/gold-active1/depth2-side1-forward-wires-first-order01	157	32	0,40000	400	32	0,30
06/gold-active1/depth2-side1-forward-wires-first-order01	162	32	0,40000	400	32	0,32
06/gold-active1/depth2-side1-forward-wires-first-order01	167	32	0,40000	400	32	0,30
06/gold-active1/depth2-side1-forward-wires-first-order01	172	32	0,40000	400	32	0,30
06/gold-active1/depth2-side1-forward-wires-first-order01	177	32	0,40000	400	32	0,32
06/gold-active1/depth2-side1-forward-wires-first-order01	182	32	0,40000	400	32	0,30
06/gold-active1/depth2-side1-forward-wires-first-order01	187	32	0,40000	400	32	0,30
06/gold-active1/depth2-side1-forward-wires-first-order01	192	32	0,40000	400	32	0,30
06/gold-active1/depth2-side1-forward-wires-first-order01	197	32	0,40000	400	32	0,32
06/gold-active1/depth2-side1-forward-wires-first-order01	202	32	0,40000	400	32	0,30
06/gold-active1/depth2-side1-forward-wires-first-order01	207	32	0,40000	400	32	0,32
06/gold-active1/depth2-side1-forward-wires-first-order01	212	32	0,40000	400	32	0,30
06/gold-active1/depth2-side1-forward-wires-first-order01	217	32	0,40000	400	32	0,32
06/gold-active1/depth2-side1-forward-wires-first-order01	222	32	0,40000	400	32	0,32
06/gold-active1/depth2-side1-forward-wires-first-order01	227	32	0,40000	400	32	0,32
06/gold-active1/depth2-side1-forward-wires-first-order01	232	32	0,40000	400	32	0,32
06/gold-active1/depth2-side1-forward-wires-first-order01	237	32	0,40000	400	32	0,32
06/gold-active1/depth2-side1-forward-wires-first-order01	242	32	0,40000	400	32	0,30
06/gold-active1/depth2-side1-forward-wires-first-order01	247	32	0,40000	400	32	0,32
06/gold-active1/depth2-side1-forward-wires-first-order01	252	32	0,40000	400	32	0,30
06/gold-active1/depth2-side1-forward-wires-first-order01	257	32	0,40000	400	32	0,30
06/gold-active1/depth2-side1-forward-wires-first-order01	262	32	0,40000	400	32	0,30
06/gold-active1/depth2-side1-forward-wires-first-order01	267	32	0,40000	400	32	0,30
06/gold-active1/depth2-side1-forward-wires-first-order01	272	32	0,40000	400	32	0,32
06/gold-active1/depth2-side1-forward-wires-first-order01	277	32	0,40000	400	32	0,30
06/gold-active1/depth2-side1-forward-wires-first-order01	282	32	0,40000	400	32	0,30
06/gold-active1/depth2-side1-forward-wires-first-order01	287	32	0,40000	400	32	0,32
06/gold-active1/depth2-side1-forward-wires-first-order01	292	32	0,40000	400	32	0,30
06/gold-active1/depth2-side1-forward-wires-first-order01	297	32	0,40000	400	32	0,30
06/gold-active1/depth2-side1-forward-wires-first-order01	302	32	0,40000	400	32	0,30
06/gold-active1/depth2-side1-forward-wires-first-order01	307	32	0,40000	400	32	0,30
06/gold-active1/depth2-side1-forward-wires-first-order01	312	32	0,40000	400	32	0,32
06/gold-active1/depth2-side1-forward-wires-first-order01	317	32	0,40000	400	32	0,32
06/gold-active1/depth2-side1-forward-wires-first-order01	322	32	0,40000	400	32	0,30
06/gold-active1/depth2-side1-forward-wires-first-order01	327	32	0,40000	400	32	0,32
06/gold-active1/depth2-side1-forward-wires-first-order01	332	32	0,40000	400	32	0,30
06/gold-active1/depth2-side1-forward-wires-first-order01	337	32	0,40000	400	32	0,30
06/gold-active1/depth2-side1-forward-wires-first-order01	342	32	0,40000	400	32	0,32
06/gold-active1/depth2-side1-forward-wires-first-order01	347	32	0,40000	400	32	0,32
06/gold-active1/depth2-side1-forward-wires-first-order01	352	32	0,40000	400	32	0,30
06/gold-active1/depth2-side1-forward-wires-first-order01	357	32	0,40000	400	32	0,30
06/gold-active1/depth2-side1-forward-wires-first-order01	362	32	0,40000	400	32	0,32
06/gold-active1/depth2-side1-forward-wires-first-order01	367	32	0,40000	400	32	0,30
06/gold-active1/depth2-side1-forward-wires-first-order01	372	32	0,40000	400	32	0,30
06/gold-active1/depth2-side1-forward-wires-first-order01	377	32	0,40000	400	32	0,30
06/gold-active1/depth2-side1-forward-wires-first-order01	382	32	0,40000	400	32	0,32
06/gold-active1/depth2-side1-forward-wires-first-order01	387	32	0,40000	400	32	0,30
06/gold-active1/depth2-side1-forward-wires-first-order01	392	32	0,40000	400	32	0,30
06/gold-active1/depth2-side1-forward-wires-first-order01	397	32	0,40000	400	32	0,30
06/gold-active1/depth2-side1-forward-wires-first-order01	402	32	0,40000	400	32	0,30
06/gold-active1/depth2-side1-forward-wires-first-order01	407	32	0,40000	400	32	0,30
06/gold-active1/depth2-side1-forward-wires-first-order01	412	32	0,40000	400	32	0,30
06/gold-active1/depth2-side1-forward-wires-first-order01	417	32	0,40000	400	32	0,32
06/gold-active1/depth2-side1-forward-wires-first-order01	422	32	0,40000	400	32	0,32
06/gold-active1/depth2-side1-forward-wires-first-order01	427	32	0,40000	400	32	0,32
06/gold-active1/depth2-side1-forward-wires-first-order01	432	32	0,40000	400	32	0,32
06/gold-active1/depth2-side1-forward-wires-first-order01	437	32	0,40000	400	32	0,30
06/gold-active1/depth2-side1-forward-wires-first-order01	442	32	0,40000	400	32	0,30
06/gold-active1/depth2-side1-forward-wires-first-order01	447	32	0,40000	400	32	0,30
06/gold-active1/depth2-side1-forward-wires-first-order01	452	32	0,40000	400	32	0,32
06/gold-active1/depth2-side1-forward-wires-first-order01	457	32	0,40000	400	32	0,32
06/gold-active1/depth2-side1-forward-wires-first-order01	462	32	0,40000	400	32	0,32
06/gold-active1/depth2-side1-forward-wires-first-order01	467	32	0,40000	400	32	0,32
06/gold-active1/depth2-side1-forward-wires-first-order01	472	32	0,40000	400	32	0,32
06/gold-active1/depth2-side1-forward-wires-first-order01	477	32	0,40000	400	32	0,30
06/gold-active1/depth2-side1-forward-wires-first-order01	482	32	0,40000	400	32	0,30
06/gold-active1/depth2-side1-forward-wires-first-order01	487	32	0,40000	400	32	0,32
06/gold-active1/depth2-side1-forward-wires-first-order01	492	32	0,40000	400	32	0,30
06/gold-active1/depth2-side1-forward-wires-first-order01	497	32	0,40000	400	32	0,30
06/gold-active1/depth2-side1-forward-wires-first-order01	502	32	0,40000	400	32	0,32
06/gold-active1/depth2-side1-forward-wires-first-order01	507	32	0,40000	400	32	0,30
06/gold-active1/depth2-side1-forward-wires-first-order01	512	32	0,40000	400	32	0,32
06/gold-active1/depth2-side1-forward-wires-first-order01	517	32	0,40000	400	32	0,32
06/gold-active1/depth2-side1-forward-wires-first-order01	522	32	0,40000	400	32	0,32
06/gold-active1/depth2-side1-forward-source-last-order01	27	32	0,40000	400	32	0,32
06/gold-active1/depth2-side1-forward-source-last-order01	32	32	0,40000	400	32	0,32
06/gold-active1/depth2-side1-forward-source-last-order01	37	32	0,40000	400	32	0,30
06/gold-active1/depth2-side1-forward-source-last-order01	42	32	0,40000	400	32	0,30
06/gold-active1/depth2-side1-forward-source-last-order01	47	32	0,40000	400	32	0,32
06/gold-active1/depth2-side1-forward-source-last-order01	52	32	0,40000	400	32	0,32
06/gold-active1/depth2-side1-forward-source-last-order01	57	32	0,40000	400	32	0,30
06/gold-active1/depth2-side1-forward-source-last-order01	62	32	0,40000	400	32	0,30
06/gold-active1/depth2-side1-forward-source-last-order01	67	32	0,40000	400	32	0,30
06/gold-active1/depth2-side1-forward-source-last-order01	72	32	0,40000	400	32	0,32
06/gold-active1/depth2-side1-forward-source-last-order01	77	32	0,40000	400	32	0,30
06/gold-active1/depth2-side1-forward-source-last-order01	82	32	0,40000	400	32	0,32
06/gold-active1/depth2-side1-forward-source-last-order01	87	32	0,40000	400	32	0,30
06/gold-active1/depth2-side1-forward-source-last-order01	92	32	0,40000	400	32	0,30
06/gold-active1/depth2-side1-forward-source-last-order01	97	32	0,40000	400	32	0,32
06/gold-active1/depth2-side1-forward-source-last-order01	102	32	0,40000	400	32	0,32
06/gold-active1/depth2-side1-forward-source-last-order01	107	32	0,40000	400	32	0,32
06/gold-active1/depth2-side1-forward-source-last-order01	112	32	0,40000	400	32	0,32
06/gold-active1/depth2-side1-forward-source-last-order01	117	32	0,40000	400	32	0,30
06/gold-active1/depth2-side1-forward-source-last-order01	122	32	0,40000	400	32	0,30
06/gold-active1/depth2-side1-forward-source-last-order01	127	32	0,40000	400	32	0,30
06/gold-active1/depth2-side1-forward-source-last-order01	132	32	0,40000	400	32	0,32
06/gold-active1/depth2-side1-forward-source-last-order01	137	32	0,40000	400	32	0,30
06/gold-active1/depth2-side1-forward-source-last-order01	142	32	0,40000	400	32	0,32
06/gold-active1/depth2-side1-forward-source-last-order01	147	32	0,40000	400	32	0,30
06/gold-active1/depth2-side1-forward-source-last-order01	152	32	0,40000	400	32	0,32
06/gold-active1/depth2-side1-forward-source-last-order01	157	32	0,40000	400	32	0,32
06/gold-active1/depth2-side1-forward-source-last-order01	162	32	0,40000	400	32	0,32
06/gold-active1/depth2-side1-forward-source-last-order01	167	32	0,40000	400	32	0,30
06/gold-active1/depth2-side1-forward-source-last-order01	172	32	0,40000	400	32	0,30
06/gold-active1/depth2-side1-forward-source-last-order01	177	32	0,40000	400	32	0,30
06/gold-active1/depth2-side1-forward-source-last-order01	182	32	0,40000	400	32	0,30
06/gold-active1/depth2-side1-forward-source-last-order01	187	32	0,40000	400	32	0,30
06/gold-active1/depth2-side1-forward-source-last-order01	192	32	0,40000	400	32	0,32
06/gold-active1/depth2-side1-forward-source-last-order01	197	32	0,40000	400	32	0,30
06/gold-active1/depth2-side1-forward-source-last-order01	202	32	0,40000	400	32	0,30
06/gold-active1/depth2-side1-forward-source-last-order01	207	32	0,40000	400	32	0,32
06/gold-active1/depth2-side1-forward-source-last-order01	212	32	0,40000	400	32	0,32
06/gold-active1/depth2-side1-forward-source-last-order01	217	32	0,40000	400	32	0,30
06/gold-active1/depth2-side1-forward-source-last-order01	222	32	0,40000	400	32	0,30
06/gold-active1/depth2-side1-forward-source-last-order01	227	32	0,40000	400	32	0,32
06/gold-active1/depth2-side1-forward-source-last-order01	232	32	0,40000	400	32	0,30
06/gold-active1/depth2-side1-forward-source-last-order01	237	32	0,40000	400	32	0,30
06/gold-active1/depth2-side1-forward-source-last-order01	242	32	0,40000	400	32	0,30
06/gold-active1/depth2-side1-forward-source-last-order01	247	32	0,40000	400	32	0,30
06/gold-active1/depth2-side1-forward-source-last-order01	252	32	0,40000	400	32	0,32
06/gold-active1/depth2-side1-forward-source-last-order01	257	32	0,40000	400	32	0,32
06/gold-active1/depth2-side1-forward-source-last-order01	262	32	0,40000	400	32	0,30
06/gold-active1/depth2-side1-forward-source-last-order01	267	32	0,40000	400	32	0,30
06/gold-active1/depth2-side1-forward-source-last-order01	272	32	0,40000	400	32	0,30
06/gold-active1/depth2-side1-forward-source-last-order01	277	32	0,40000	400	32	0,30
06/gold-active1/depth2-side1-forward-source-last-order01	282	32	0,40000	400	32	0,30
06/gold-active1/depth2-side1-forward-source-last-order01	287	32	0,40000	400	32	0,32
06/gold-active1/depth2-side1-forward-source-last-order01	292	32	0,40000	400	32	0,32
06/gold-active1/depth2-side1-forward-source-last-order01	297	32	0,40000	400	32	0,30
06/gold-active1/depth2-side1-forward-source-last-order01	302	32	0,40000	400	32	0,30
06/gold-active1/depth2-side1-forward-source-last-order01	307	32	0,40000	400	32	0,32
06/gold-active1/depth2-side1-forward-source-last-order01	312	32	0,40000	400	32	0,32
06/gold-active1/depth2-side1-forward-source-last-order01	317	32	0,40000	400	32	0,32
06/gold-active1/depth2-side1-forward-source-last-order01	322	32	0,40000	400	32	0,30
06/gold-active1/depth2-side1-forward-source-last-order01	327	32	0,40000	400	32	0,30
06/gold-active1/depth2-side1-forward-source-last-order01	332	32	0,40000	400	32	0,32
06/gold-active1/depth2-side1-forward-source-last-order01	337	32	0,40000	400	32	0,32
06/gold-active1/depth2-side1-forward-source-last-order01	342	32	0,40000	400	32	0,32
06/gold-active1/depth2-side1-forward-source-last-order01	347	32	0,40000	400	32	0,30
06/gold-active1/depth2-side1-forward-source-last-order01	352	32	0,40000	400	32	0,32
06/gold-active1/depth2-side1-forward-source-last-order01	357	32	0,40000	400	32	0,32
06/gold-active1/depth2-side1-forward-source-last-order01	362	32	0,40000	400	32	0,32
06/gold-active1/depth2-side1-forward-source-last-order01	367	32	0,40000	400	32	0,32
06/gold-active1/depth2-side1-forward-source-last-order01	372	32	0,40000	400	32	0,30
06/gold-active1/depth2-side1-forward-source-last-order01	377	32	0,40000	400	32	0,32
06/gold-active1/depth2-side1-forward-source-last-order01	382	32	0,40000	400	32	0,30
06/gold-active1/depth2-side1-forward-source-last-order01	387	32	0,40000	400	32	0,32
06/gold-active1/depth2-side1-forward-source-last-order01	392	32	0,40000	400	32	0,32
06/gold-active1/depth2-side1-forward-source-last-order01	397	32	0,40000	400	32	0,30
06/gold-active1/depth2-side1-forward-source-last-order01	402	32	0,40000	400	32	0,30
06/gold-active1/depth2-side1-forward-source-last-order01	407	32	0,40000	400	32	0,30
06/gold-active1/depth2-side1-forward-source-last-order01	412	32	0,40000	400	32	0,32
06/gold-active1/depth2-side1-forward-source-last-order01	417	32	0,40000	400	32	0,32
06/gold-active1/depth2-side1-forward-source-last-order01	422	32	0,40000	400	32	0,30
06/gold-active1/depth2-side1-forward-source-last-order01	427	32	0,40000	400	32	0,30
06/gold-active1/depth2-side1-forward-source-last-order01	432	32	0,40000	400	32	0,30
06/gold-active1/depth2-side1-forward-source-last-order01	437	32	0,40000	400	32	0,30
06/gold-active1/depth2-side1-forward-source-last-order01	442	32	0,40000	400	32	0,32
06/gold-active1/depth2-side1-forward-source-last-order01	447	32	0,40000	400	32	0,32
06/gold-active1/depth2-side1-forward-source-last-order01	452	32	0,40000	400	32	0,32
06/gold-active1/depth2-side1-forward-source-last-order01	457	32	0,40000	400	32	0,32
06/gold-active1/depth2-side1-forward-source-last-order01	462	32	0,40000	400	32	0,30
06/gold-active1/depth2-side1-forward-source-last-order01	467	32	0,40000	400	32	0,30
06/gold-active1/depth2-side1-forward-source-last-order01	472	32	0,40000	400	32	0,32
06/gold-active1/depth2-side1-forward-source-last-order01	477	32	0,40000	400	32	0,32
06/gold-active1/depth2-side1-forward-source-last-order01	482	32	0,40000	400	32	0,30
06/gold-active1/depth2-side1-forward-source-last-order01	487	32	0,40000	400	32	0,32
06/gold-active1/depth2-side1-forward-source-last-order01	492	32	0,40000	400	32	0,30
06/gold-active1/depth2-side1-forward-source-last-order01	497	32	0,40000	400	32	0,30
06/gold-active1/depth2-side1-forward-source-last-order01	502	32	0,40000	400	32	0,32
06/gold-active1/depth2-side1-forward-source-last-order01	507	32	0,40000	400	32	0,32
06/gold-active1/depth2-side1-forward-source-last-order01	512	32	0,40000	400	32	0,32
06/gold-active1/depth2-side1-forward-source-last-order01	517	32	0,40000	400	32	0,30
06/gold-active1/depth2-side1-forward-source-last-order01	522	32	0,40000	400	32	0,30
06/gold-active1/depth2-side1-reverse-wires-first-order01	27	32	0,40000	400	32	0,32
06/gold-active1/depth2-side1-reverse-wires-first-order01	32	32	0,40000	400	32	0,30
06/gold-active1/depth2-side1-reverse-wires-first-order01	37	32	0,40000	400	32	0,32
06/gold-active1/depth2-side1-reverse-wires-first-order01	42	32	0,40000	400	32	0,30
06/gold-active1/depth2-side1-reverse-wires-first-order01	47	32	0,40000	400	32	0,30
06/gold-active1/depth2-side1-reverse-wires-first-order01	52	32	0,40000	400	32	0,32
06/gold-active1/depth2-side1-reverse-wires-first-order01	57	32	0,40000	400	32	0,32
06/gold-active1/depth2-side1-reverse-wires-first-order01	62	32	0,40000	400	32	0,30
06/gold-active1/depth2-side1-reverse-wires-first-order01	67	32	0,40000	400	32	0,32
06/gold-active1/depth2-side1-reverse-wires-first-order01	72	32	0,40000	400	32	0,30
06/gold-active1/depth2-side1-reverse-wires-first-order01	77	32	0,40000	400	32	0,32
06/gold-active1/depth2-side1-reverse-wires-first-order01	82	32	0,40000	400	32	0,32
06/gold-active1/depth2-side1-reverse-wires-first-order01	87	32	0,40000	400	32	0,32
06/gold-active1/depth2-side1-reverse-wires-first-order01	92	32	0,40000	400	32	0,32
06/gold-active1/depth2-side1-reverse-wires-first-order01	97	32	0,40000	400	32	0,30
06/gold-active1/depth2-side1-reverse-wires-first-order01	102	32	0,40000	400	32	0,32
06/gold-active1/depth2-side1-reverse-wires-first-order01	107	32	0,40000	400	32	0,30
06/gold-active1/depth2-side1-reverse-wires-first-order01	112	32	0,40000	400	32	0,32
06/gold-active1/depth2-side1-reverse-wires-first-order01	117	32	0,40000	400	32	0,30
06/gold-active1/depth2-side1-reverse-wires-first-order01	122	32	0,40000	400	32	0,30
06/gold-active1/depth2-side1-reverse-wires-first-order01	127	32	0,40000	400	32	0,30
06/gold-active1/depth2-side1-reverse-wires-first-order01	132	32	0,40000	400	32	0,32
06/gold-active1/depth2-side1-reverse-wires-first-order01	137	32	0,40000	400	32	0,32
06/gold-active1/depth2-side1-reverse-wires-first-order01	142	32	0,40000	400	32	0,30
06/gold-active1/depth2-side1-reverse-wires-first-order01	147	32	0,40000	400	32	0,32
06/gold-active1/depth2-side1-reverse-wires-first-order01	152	32	0,40000	400	32	0,32
06/gold-active1/depth2-side1-reverse-wires-first-order01	157	32	0,40000	400	32	0,30
06/gold-active1/depth2-side1-reverse-wires-first-order01	162	32	0,40000	400	32	0,32
06/gold-active1/depth2-side1-reverse-wires-first-order01	167	32	0,40000	400	32	0,30
06/gold-active1/depth2-side1-reverse-wires-first-order01	172	32	0,40000	400	32	0,32
06/gold-active1/depth2-side1-reverse-wires-first-order01	177	32	0,40000	400	32	0,30
06/gold-active1/depth2-side1-reverse-wires-first-order01	182	32	0,40000	400	32	0,30
06/gold-active1/depth2-side1-reverse-wires-first-order01	187	32	0,40000	400	32	0,30
06/gold-active1/depth2-side1-reverse-wires-first-order01	192	32	0,40000	400	32	0,30
06/gold-active1/depth2-side1-reverse-wires-first-order01	197	32	0,40000	400	32	0,30
06/gold-active1/depth2-side1-reverse-wires-first-order01	202	32	0,40000	400	32	0,30
06/gold-active1/depth2-side1-reverse-wires-first-order01	207	32	0,40000	400	32	0,30
06/gold-active1/depth2-side1-reverse-wires-first-order01	212	32	0,40000	400	32	0,30
06/gold-active1/depth2-side1-reverse-wires-first-order01	217	32	0,40000	400	32	0,30
06/gold-active1/depth2-side1-reverse-wires-first-order01	222	32	0,40000	400	32	0,30
06/gold-active1/depth2-side1-reverse-wires-first-order01	227	32	0,40000	400	32	0,30
06/gold-active1/depth2-side1-reverse-wires-first-order01	232	32	0,40000	400	32	0,30
06/gold-active1/depth2-side1-reverse-wires-first-order01	237	32	0,40000	400	32	0,32
06/gold-active1/depth2-side1-reverse-wires-first-order01	242	32	0,40000	400	32	0,30
06/gold-active1/depth2-side1-reverse-wires-first-order01	247	32	0,40000	400	32	0,32
06/gold-active1/depth2-side1-reverse-wires-first-order01	252	32	0,40000	400	32	0,32
06/gold-active1/depth2-side1-reverse-wires-first-order01	257	32	0,40000	400	32	0,30
06/gold-active1/depth2-side1-reverse-wires-first-order01	262	32	0,40000	400	32	0,30
06/gold-active1/depth2-side1-reverse-wires-first-order01	267	32	0,40000	400	32	0,32
06/gold-active1/depth2-side1-reverse-wires-first-order01	272	32	0,40000	400	32	0,32
06/gold-active1/depth2-side1-reverse-wires-first-order01	277	32	0,40000	400	32	0,30
06/gold-active1/depth2-side1-reverse-wires-first-order01	282	32	0,40000	400	32	0,30
06/gold-active1/depth2-side1-reverse-wires-first-order01	287	32	0,40000	400	32	0,30
06/gold-active1/depth2-side1-reverse-wires-first-order01	292	32	0,40000	400	32	0,32
06/gold-active1/depth2-side1-reverse-wires-first-order01	297	32	0,40000	400	32	0,32
06/gold-active1/depth2-side1-reverse-wires-first-order01	302	32	0,40000	400	32	0,32
06/gold-active1/depth2-side1-reverse-wires-first-order01	307	32	0,40000	400	32	0,32
06/gold-active1/depth2-side1-reverse-wires-first-order01	312	32	0,40000	400	32	0,30
06/gold-active1/depth2-side1-reverse-wires-first-order01	317	32	0,40000	400	32	0,32
06/gold-active1/depth2-side1-reverse-wires-first-order01	322	32	0,40000	400	32	0,30
06/gold-active1/depth2-side1-reverse-wires-first-order01	327	32	0,40000	400	32	0,30
06/gold-active1/depth2-side1-reverse-wires-first-order01	332	32	0,40000	400	32	0,30
06/gold-active1/depth2-side1-reverse-wires-first-order01	337	32	0,40000	400	32	0,32
06/gold-active1/depth2-side1-reverse-wires-first-order01	342	32	0,40000	400	32	0,30
06/gold-active1/depth2-side1-reverse-wires-first-order01	347	32	0,40000	400	32	0,30
06/gold-active1/depth2-side1-reverse-wires-first-order01	352	32	0,40000	400	32	0,30
06/gold-active1/depth2-side1-reverse-wires-first-order01	357	32	0,40000	400	32	0,32
06/gold-active1/depth2-side1-reverse-wires-first-order01	362	32	0,40000	400	32	0,30
06/gold-active1/depth2-side1-reverse-wires-first-order01	367	32	0,40000	400	32	0,32
06/gold-active1/depth2-side1-reverse-wires-first-order01	372	32	0,40000	400	32	0,30
06/gold-active1/depth2-side1-reverse-wires-first-order01	377	32	0,40000	400	32	0,30
06/gold-active1/depth2-side1-reverse-wires-first-order01	382	32	0,40000	400	32	0,32
06/gold-active1/depth2-side1-reverse-wires-first-order01	387	32	0,40000	400	32	0,30
06/gold-active1/depth2-side1-reverse-wires-first-order01	392	32	0,40000	400	32	0,32
06/gold-active1/depth2-side1-reverse-wires-first-order01	397	32	0,40000	400	32	0,30
06/gold-active1/depth2-side1-reverse-wires-first-order01	402	32	0,40000	400	32	0,32
06/gold-active1/depth2-side1-reverse-wires-first-order01	407	32	0,40000	400	32	0,30
06/gold-active1/depth2-side1-reverse-wires-first-order01	412	32	0,40000	400	32	0,30
06/gold-active1/depth2-side1-reverse-wires-first-order01	417	32	0,40000	400	32	0,30
06/gold-active1/depth2-side1-reverse-wires-first-order01	422	32	0,40000	400	32	0,32
06/gold-active1/depth2-side1-reverse-wires-first-order01	427	32	0,40000	400	32	0,30
06/gold-active1/depth2-side1-reverse-wires-first-order01	432	32	0,40000	400	32	0,30
06/gold-active1/depth2-side1-reverse-wires-first-order01	437	32	0,40000	400	32	0,32
06/gold-active1/depth2-side1-reverse-wires-first-order01	442	32	0,40000	400	32	0,32
06/gold-active1/depth2-side1-reverse-wires-first-order01	447	32	0,40000	400	32	0,32
06/gold-active1/depth2-side1-reverse-wires-first-order01	452	32	0,40000	400	32	0,30
06/gold-active1/depth2-side1-reverse-wires-first-order01	457	32	0,40000	400	32	0,32
06/gold-active1/depth2-side1-reverse-wires-first-order01	462	32	0,40000	400	32	0,32
06/gold-active1/depth2-side1-reverse-wires-first-order01	467	32	0,40000	400	32	0,32
06/gold-active1/depth2-side1-reverse-wires-first-order01	472	32	0,40000	400	32	0,30
06/gold-active1/depth2-side1-reverse-wires-first-order01	477	32	0,40000	400	32	0,30
06/gold-active1/depth2-side1-reverse-wires-first-order01	482	32	0,40000	400	32	0,32
06/gold-active1/depth2-side1-reverse-wires-first-order01	487	32	0,40000	400	32	0,32
06/gold-active1/depth2-side1-reverse-wires-first-order01	492	32	0,40000	400	32	0,32
06/gold-active1/depth2-side1-reverse-wires-first-order01	497	32	0,40000	400	32	0,32
06/gold-active1/depth2-side1-reverse-wires-first-order01	502	32	0,40000	400	32	0,30
06/gold-active1/depth2-side1-reverse-wires-first-order01	507	32	0,40000	400	32	0,30
06/gold-active1/depth2-side1-reverse-wires-first-order01	512	32	0,40000	400	32	0,32
06/gold-active1/depth2-side1-reverse-wires-first-order01	517	32	0,40000	400	32	0,32
06/gold-active1/depth2-side1-reverse-wires-first-order01	522	32	0,40000	400	32	0,32
06/gold-active1/depth2-side1-reverse-source-last-order01	27	32	0,40000	400	32	0,32
06/gold-active1/depth2-side1-reverse-source-last-order01	32	32	0,40000	400	32	0,32
06/gold-active1/depth2-side1-reverse-source-last-order01	37	32	0,40000	400	32	0,30
06/gold-active1/depth2-side1-reverse-source-last-order01	42	32	0,40000	400	32	0,32
06/gold-active1/depth2-side1-reverse-source-last-order01	47	32	0,40000	400	32	0,32
06/gold-active1/depth2-side1-reverse-source-last-order01	52	32	0,40000	400	32	0,32
06/gold-active1/depth2-side1-reverse-source-last-order01	57	32	0,40000	400	32	0,30
06/gold-active1/depth2-side1-reverse-source-last-order01	62	32	0,40000	400	32	0,30
06/gold-active1/depth2-side1-reverse-source-last-order01	67	32	0,40000	400	32	0,30
06/gold-active1/depth2-side1-reverse-source-last-order01	72	32	0,40000	400	32	0,32
06/gold-active1/depth2-side1-reverse-source-last-order01	77	32	0,40000	400	32	0,30
06/gold-active1/depth2-side1-reverse-source-last-order01	82	32	0,40000	400	32	0,30
06/gold-active1/depth2-side1-reverse-source-last-order01	87	32	0,40000	400	32	0,32
06/gold-active1/depth2-side1-reverse-source-last-order01	92	32	0,40000	400	32	0,32
06/gold-active1/depth2-side1-reverse-source-last-order01	97	32	0,40000	400	32	0,30
06/gold-active1/depth2-side1-reverse-source-last-order01	102	32	0,40000	400	32	0,30
06/gold-active1/depth2-side1-reverse-source-last-order01	107	32	0,40000	400	32	0,32
06/gold-active1/depth2-side1-reverse-source-last-order01	112	32	0,40000	400	32	0,32
06/gold-active1/depth2-side1-reverse-source-last-order01	117	32	0,40000	400	32	0,32
06/gold-active1/depth2-side1-reverse-source-last-order01	122	32	0,40000	400	32	0,32
06/gold-active1/depth2-side1-reverse-source-last-order01	127	32	0,40000	400	32	0,30
06/gold-active1/depth2-side1-reverse-source-last-order01	132	32	0,40000	400	32	0,30
06/gold-active1/depth2-side1-reverse-source-last-order01	137	32	0,40000	400	32	0,30
06/gold-active1/depth2-side1-reverse-source-last-order01	142	32	0,40000	400	32	0,30
06/gold-active1/depth2-side1-reverse-source-last-order01	147	32	0,40000	400	32	0,30
06/gold-active1/depth2-side1-reverse-source-last-order01	152	32	0,40000	400	32	0,32
06/gold-active1/depth2-side1-reverse-source-last-order01	157	32	0,40000	400	32	0,32
06/gold-active1/depth2-side1-reverse-source-last-order01	162	32	0,40000	400	32	0,30
06/gold-active1/depth2-side1-reverse-source-last-order01	167	32	0,40000	400	32	0,32
06/gold-active1/depth2-side1-reverse-source-last-order01	172	32	0,40000	400	32	0,30
06/gold-active1/depth2-side1-reverse-source-last-order01	177	32	0,40000	400	32	0,30
06/gold-active1/depth2-side1-reverse-source-last-order01	182	32	0,40000	400	32	0,30
06/gold-active1/depth2-side1-reverse-source-last-order01	187	32	0,40000	400	32	0,30
06/gold-active1/depth2-side1-reverse-source-last-order01	192	32	0,40000	400	32	0,32
06/gold-active1/depth2-side1-reverse-source-last-order01	197	32	0,40000	400	32	0,32
06/gold-active1/depth2-side1-reverse-source-last-order01	202	32	0,40000	400	32	0,32
06/gold-active1/depth2-side1-reverse-source-last-order01	207	32	0,40000	400	32	0,32
06/gold-active1/depth2-side1-reverse-source-last-order01	212	32	0,40000	400	32	0,30
06/gold-active1/depth2-side1-reverse-source-last-order01	217	32	0,40000	400	32	0,30
06/gold-active1/depth2-side1-reverse-source-last-order01	222	32	0,40000	400	32	0,32
06/gold-active1/depth2-side1-reverse-source-last-order01	227	32	0,40000	400	32	0,30
06/gold-active1/depth2-side1-reverse-source-last-order01	232	32	0,40000	400	32	0,32
06/gold-active1/depth2-side1-reverse-source-last-order01	237	32	0,40000	400	32	0,30
06/gold-active1/depth2-side1-reverse-source-last-order01	242	32	0,40000	400	32	0,30
06/gold-active1/depth2-side1-reverse-source-last-order01	247	32	0,40000	400	32	0,32
06/gold-active1/depth2-side1-reverse-source-last-order01	252	32	0,40000	400	32	0,32
06/gold-active1/depth2-side1-reverse-source-last-order01	257	32	0,40000	400	32	0,32
06/gold-active1/depth2-side1-reverse-source-last-order01	262	32	0,40000	400	32	0,30
06/gold-active1/depth2-side1-reverse-source-last-order01	267	32	0,40000	400	32	0,30
06/gold-active1/depth2-side1-reverse-source-last-order01	272	32	0,40000	400	32	0,30
06/gold-active1/depth2-side1-reverse-source-last-order01	277	32	0,40000	400	32	0,30
06/gold-active1/depth2-side1-reverse-source-last-order01	282	32	0,40000	400	32	0,32
06/gold-active1/depth2-side1-reverse-source-last-order01	287	32	0,40000	400	32	0,32
06/gold-active1/depth2-side1-reverse-source-last-order01	292	32	0,40000	400	32	0,32
06/gold-active1/depth2-side1-reverse-source-last-order01	297	32	0,40000	400	32	0,30
06/gold-active1/depth2-side1-reverse-source-last-order01	302	32	0,40000	400	32	0,32
06/gold-active1/depth2-side1-reverse-source-last-order01	307	32	0,40000	400	32	0,30
06/gold-active1/depth2-side1-reverse-source-last-order01	312	32	0,40000	400	32	0,30
06/gold-active1/depth2-side1-reverse-source-last-order01	317	32	0,40000	400	32	0,30
06/gold-active1/depth2-side1-reverse-source-last-order01	322	32	0,40000	400	32	0,30
06/gold-active1/depth2-side1-reverse-source-last-order01	327	32	0,40000	400	32	0,30
06/gold-active1/depth2-side1-reverse-source-last-order01	332	32	0,40000	400	32	0,32
06/gold-active1/depth2-side1-reverse-source-last-order01	337	32	0,40000	400	32	0,30
06/gold-active1/depth2-side1-reverse-source-last-order01	342	32	0,40000	400	32	0,32
06/gold-active1/depth2-side1-reverse-source-last-order01	347	32	0,40000	400	32	0,30
06/gold-active1/depth2-side1-reverse-source-last-order01	352	32	0,40000	400	32	0,32
06/gold-active1/depth2-side1-reverse-source-last-order01	357	32	0,40000	400	32	0,32
06/gold-active1/depth2-side1-reverse-source-last-order01	362	32	0,40000	400	32	0,30
06/gold-active1/depth2-side1-reverse-source-last-order01	367	32	0,40000	400	32	0,30
06/gold-active1/depth2-side1-reverse-source-last-order01	372	32	0,40000	400	32	0,30
06/gold-active1/depth2-side1-reverse-source-last-order01	377	32	0,40000	400	32	0,32
06/gold-active1/depth2-side1-reverse-source-last-order01	382	32	0,40000	400	32	0,30
06/gold-active1/depth2-side1-reverse-source-last-order01	387	32	0,40000	400	32	0,32
06/gold-active1/depth2-side1-reverse-source-last-order01	392	32	0,40000	400	32	0,32
06/gold-active1/depth2-side1-reverse-source-last-order01	397	32	0,40000	400	32	0,32
06/gold-active1/depth2-side1-reverse-source-last-order01	402	32	0,40000	400	32	0,30
06/gold-active1/depth2-side1-reverse-source-last-order01	407	32	0,40000	400	32	0,32
06/gold-active1/depth2-side1-reverse-source-last-order01	412	32	0,40000	400	32	0,32
06/gold-active1/depth2-side1-reverse-source-last-order01	417	32	0,40000	400	32	0,30
06/gold-active1/depth2-side1-reverse-source-last-order01	422	32	0,40000	400	32	0,32
06/gold-active1/depth2-side1-reverse-source-last-order01	427	32	0,40000	400	32	0,30
06/gold-active1/depth2-side1-reverse-source-last-order01	432	32	0,40000	400	32	0,32
06/gold-active1/depth2-side1-reverse-source-last-order01	437	32	0,40000	400	32	0,32
06/gold-active1/depth2-side1-reverse-source-last-order01	442	32	0,40000	400	32	0,30
06/gold-active1/depth2-side1-reverse-source-last-order01	447	32	0,40000	400	32	0,32
06/gold-active1/depth2-side1-reverse-source-last-order01	452	32	0,40000	400	32	0,32
06/gold-active1/depth2-side1-reverse-source-last-order01	457	32	0,40000	400	32	0,32
06/gold-active1/depth2-side1-reverse-source-last-order01	462	32	0,40000	400	32	0,32
06/gold-active1/depth2-side1-reverse-source-last-order01	467	32	0,40000	400	32	0,30
06/gold-active1/depth2-side1-reverse-source-last-order01	472	32	0,40000	400	32	0,30
06/gold-active1/depth2-side1-reverse-source-last-order01	477	32	0,40000	400	32	0,30
06/gold-active1/depth2-side1-reverse-source-last-order01	482	32	0,40000	400	32	0,32
06/gold-active1/depth2-side1-reverse-source-last-order01	487	32	0,40000	400	32	0,30
06/gold-active1/depth2-side1-reverse-source-last-order01	492	32	0,40000	400	32	0,30
06/gold-active1/depth2-side1-reverse-source-last-order01	497	32	0,40000	400	32	0,30
06/gold-active1/depth2-side1-reverse-source-last-order01	502	32	0,40000	400	32	0,30
06/gold-active1/depth2-side1-reverse-source-last-order01	507	32	0,40000	400	32	0,30
06/gold-active1/depth2-side1-reverse-source-last-order01	512	32	0,40000	400	32	0,30
06/gold-active1/depth2-side1-reverse-source-last-order01	517	32	0,40000	400	32	0,30
06/gold-active1/depth2-side1-reverse-source-last-order01	522	32	0,40000	400	32	0,32
