case	world_time	registration_order	room	source_remaining	credits
partial-2-repeat-1	22	0,1	31	0	1,31
partial-2-repeat-1	27	0,1	31	0	1,31
partial-2-repeat-1	32	0,1	31	0	31,1
partial-2-repeat-1	37	0,1	31	0	1,31
partial-2-repeat-1	42	0,1	31	0	31,1
partial-2-repeat-1	47	0,1	31	0	31,1
partial-2-repeat-1	52	0,1	31	0	31,1
partial-2-repeat-1	57	0,1	31	0	31,1
partial-2-repeat-1	62	0,1	31	0	1,31
partial-2-repeat-1	67	0,1	31	0	31,1
partial-2-repeat-1	72	0,1	31	0	31,1
partial-2-repeat-1	77	0,1	31	0	1,31
partial-2-repeat-1	82	0,1	31	0	31,1
partial-2-repeat-1	87	0,1	31	0	31,1
partial-2-repeat-1	92	0,1	31	0	31,1
partial-2-repeat-1	97	0,1	31	0	31,1
partial-2-repeat-1	102	0,1	31	0	1,31
partial-2-repeat-1	107	0,1	31	0	31,1
partial-2-repeat-1	112	0,1	31	0	31,1
partial-2-repeat-1	117	0,1	31	0	1,31
partial-2-repeat-1	122	0,1	31	0	1,31
partial-2-repeat-1	127	0,1	31	0	31,1
partial-2-repeat-1	132	0,1	31	0	31,1
partial-2-repeat-1	137	0,1	31	0	31,1
partial-2-repeat-1	142	0,1	31	0	1,31
partial-2-repeat-1	147	0,1	31	0	1,31
partial-2-repeat-1	152	0,1	31	0	31,1
partial-2-repeat-1	157	0,1	31	0	31,1
partial-2-repeat-1	162	0,1	31	0	31,1
partial-2-repeat-1	167	0,1	31	0	1,31
partial-2-repeat-1	172	0,1	31	0	31,1
partial-2-repeat-1	177	0,1	31	0	1,31
partial-2-repeat-1	182	0,1	31	0	1,31
partial-2-repeat-1	187	0,1	31	0	1,31
partial-2-repeat-1	192	0,1	31	0	31,1
partial-2-repeat-1	197	0,1	31	0	31,1
partial-2-repeat-1	202	0,1	31	0	31,1
partial-2-repeat-1	207	0,1	31	0	31,1
partial-2-repeat-1	212	0,1	31	0	31,1
partial-2-repeat-1	217	0,1	31	0	31,1
partial-2-repeat-1	222	0,1	31	0	31,1
partial-2-repeat-1	227	0,1	31	0	1,31
partial-2-repeat-1	232	0,1	31	0	31,1
partial-2-repeat-1	237	0,1	31	0	1,31
partial-2-repeat-1	242	0,1	31	0	1,31
partial-2-repeat-1	247	0,1	31	0	31,1
partial-2-repeat-1	252	0,1	31	0	31,1
partial-2-repeat-1	257	0,1	31	0	31,1
partial-2-repeat-1	262	0,1	31	0	31,1
partial-2-repeat-1	267	0,1	31	0	1,31
partial-2-repeat-1	272	0,1	31	0	31,1
partial-2-repeat-1	277	0,1	31	0	1,31
partial-2-repeat-1	282	0,1	31	0	1,31
partial-2-repeat-1	287	0,1	31	0	31,1
partial-2-repeat-1	292	0,1	31	0	31,1
partial-2-repeat-1	297	0,1	31	0	1,31
partial-2-repeat-1	302	0,1	31	0	31,1
partial-2-repeat-1	307	0,1	31	0	1,31
partial-2-repeat-1	312	0,1	31	0	31,1
partial-2-repeat-1	317	0,1	31	0	1,31
partial-2-repeat-1	322	0,1	31	0	31,1
partial-2-repeat-1	327	0,1	31	0	31,1
partial-2-repeat-1	332	0,1	31	0	31,1
partial-2-repeat-1	337	0,1	31	0	1,31
partial-2-repeat-1	342	0,1	31	0	1,31
partial-2-repeat-1	347	0,1	31	0	1,31
partial-2-repeat-1	352	0,1	31	0	31,1
partial-2-repeat-1	357	0,1	31	0	31,1
partial-2-repeat-1	362	0,1	31	0	31,1
partial-2-repeat-1	367	0,1	31	0	1,31
partial-2-repeat-1	372	0,1	31	0	31,1
partial-2-repeat-1	377	0,1	31	0	31,1
partial-2-repeat-1	382	0,1	31	0	1,31
partial-2-repeat-1	387	0,1	31	0	1,31
partial-2-repeat-1	392	0,1	31	0	31,1
partial-2-repeat-1	397	0,1	31	0	1,31
partial-2-repeat-1	402	0,1	31	0	31,1
partial-2-repeat-1	407	0,1	31	0	1,31
partial-2-repeat-1	412	0,1	31	0	31,1
partial-2-repeat-1	417	0,1	31	0	1,31
partial-2-repeat-1	422	0,1	31	0	31,1
partial-2-repeat-1	427	0,1	31	0	31,1
partial-2-repeat-1	432	0,1	31	0	31,1
partial-2-repeat-1	437	0,1	31	0	1,31
partial-2-repeat-1	442	0,1	31	0	1,31
partial-2-repeat-1	447	0,1	31	0	1,31
partial-2-repeat-1	452	0,1	31	0	31,1
partial-2-repeat-1	457	0,1	31	0	31,1
partial-2-repeat-1	462	0,1	31	0	1,31
partial-2-repeat-1	467	0,1	31	0	31,1
partial-2-repeat-1	472	0,1	31	0	31,1
partial-2-repeat-1	477	0,1	31	0	1,31
partial-2-repeat-1	482	0,1	31	0	31,1
partial-2-repeat-1	487	0,1	31	0	1,31
partial-2-repeat-1	492	0,1	31	0	31,1
partial-2-repeat-1	497	0,1	31	0	31,1
partial-2-repeat-1	502	0,1	31	0	1,31
partial-2-repeat-1	507	0,1	31	0	1,31
partial-2-repeat-1	512	0,1	31	0	31,1
partial-2-repeat-1	517	0,1	31	0	31,1
partial-2-repeat-1	522	0,1	31	0	31,1
partial-2-repeat-1	527	0,1	31	0	31,1
partial-2-repeat-1	532	0,1	31	0	31,1
partial-2-repeat-1	537	0,1	31	0	1,31
partial-2-repeat-1	542	0,1	31	0	1,31
partial-2-repeat-1	547	0,1	31	0	31,1
partial-2-repeat-1	552	0,1	31	0	31,1
partial-2-repeat-1	557	0,1	31	0	1,31
partial-2-repeat-1	562	0,1	31	0	31,1
partial-2-repeat-1	567	0,1	31	0	31,1
partial-2-repeat-1	572	0,1	31	0	31,1
partial-2-repeat-1	577	0,1	31	0	1,31
partial-2-repeat-1	582	0,1	31	0	31,1
partial-2-repeat-1	587	0,1	31	0	31,1
partial-2-repeat-1	592	0,1	31	0	31,1
partial-2-repeat-1	597	0,1	31	0	31,1
partial-2-repeat-1	602	0,1	31	0	1,31
partial-2-repeat-1	607	0,1	31	0	31,1
partial-2-repeat-1	612	0,1	31	0	31,1
partial-2-repeat-1	617	0,1	31	0	1,31
partial-2-repeat-1	622	0,1	31	0	31,1
partial-2-repeat-1	627	0,1	31	0	1,31
partial-2-repeat-1	632	0,1	31	0	31,1
partial-2-repeat-1	637	0,1	31	0	31,1
partial-2-repeat-1	642	0,1	31	0	31,1
partial-2-repeat-1	647	0,1	31	0	31,1
partial-2-repeat-1	652	0,1	31	0	31,1
partial-2-repeat-1	657	0,1	31	0	31,1
partial-2-repeat-1	662	0,1	31	0	31,1
partial-2-repeat-1	667	0,1	31	0	1,31
partial-2-repeat-1	672	0,1	31	0	31,1
partial-2-repeat-1	677	0,1	31	0	1,31
partial-2-repeat-1	682	0,1	31	0	1,31
partial-2-repeat-1	687	0,1	31	0	31,1
partial-2-repeat-1	692	0,1	31	0	31,1
partial-2-repeat-1	697	0,1	31	0	31,1
partial-2-repeat-1	702	0,1	31	0	1,31
partial-2-repeat-1	707	0,1	31	0	1,31
partial-2-repeat-1	712	0,1	31	0	31,1
partial-2-repeat-1	717	0,1	31	0	31,1
partial-2-repeat-1	722	0,1	31	0	1,31
partial-2-repeat-1	727	0,1	31	0	1,31
partial-2-repeat-1	732	0,1	31	0	31,1
partial-2-repeat-1	737	0,1	31	0	1,31
partial-2-repeat-1	742	0,1	31	0	1,31
partial-2-repeat-1	747	0,1	31	0	31,1
partial-2-repeat-1	752	0,1	31	0	31,1
partial-2-repeat-1	757	0,1	31	0	1,31
partial-2-repeat-1	762	0,1	31	0	31,1
partial-2-repeat-1	767	0,1	31	0	1,31
partial-2-repeat-1	772	0,1	31	0	31,1
partial-2-repeat-1	777	0,1	31	0	31,1
partial-2-repeat-1	782	0,1	31	0	31,1
partial-2-repeat-1	787	0,1	31	0	1,31
partial-2-repeat-1	792	0,1	31	0	31,1
partial-2-repeat-1	797	0,1	31	0	31,1
partial-2-repeat-1	802	0,1	31	0	31,1
partial-2-repeat-1	807	0,1	31	0	1,31
partial-2-repeat-1	812	0,1	31	0	31,1
partial-2-repeat-1	817	0,1	31	0	31,1
partial-2-repeat-1	822	0,1	31	0	1,31
partial-2-repeat-1	827	0,1	31	0	1,31
partial-2-repeat-1	832	0,1	31	0	31,1
partial-2-repeat-1	837	0,1	31	0	1,31
partial-2-repeat-1	842	0,1	31	0	31,1
partial-2-repeat-1	847	0,1	31	0	31,1
partial-2-repeat-1	852	0,1	31	0	31,1
partial-2-repeat-1	857	0,1	31	0	31,1
partial-2-repeat-1	862	0,1	31	0	31,1
partial-2-repeat-1	867	0,1	31	0	31,1
partial-2-repeat-1	872	0,1	31	0	31,1
partial-2-repeat-1	877	0,1	31	0	1,31
partial-2-repeat-1	882	0,1	31	0	1,31
partial-2-repeat-1	887	0,1	31	0	1,31
partial-2-repeat-1	892	0,1	31	0	31,1
partial-2-repeat-1	897	0,1	31	0	1,31
partial-2-repeat-1	902	0,1	31	0	1,31
partial-2-repeat-1	907	0,1	31	0	1,31
partial-2-repeat-1	912	0,1	31	0	31,1
partial-2-repeat-1	917	0,1	31	0	31,1
partial-2-repeat-1	922	0,1	31	0	1,31
partial-2-repeat-1	927	0,1	31	0	1,31
partial-2-repeat-1	932	0,1	31	0	31,1
partial-2-repeat-1	937	0,1	31	0	1,31
partial-2-repeat-1	942	0,1	31	0	1,31
partial-2-repeat-1	947	0,1	31	0	1,31
partial-2-repeat-1	952	0,1	31	0	31,1
partial-2-repeat-1	957	0,1	31	0	1,31
partial-2-repeat-1	962	0,1	31	0	31,1
partial-2-repeat-1	967	0,1	31	0	31,1
partial-2-repeat-1	972	0,1	31	0	31,1
partial-2-repeat-1	977	0,1	31	0	31,1
partial-2-repeat-1	982	0,1	31	0	31,1
partial-2-repeat-1	987	0,1	31	0	1,31
partial-2-repeat-1	992	0,1	31	0	31,1
partial-2-repeat-1	997	0,1	31	0	1,31
partial-2-repeat-1	1002	0,1	31	0	31,1
partial-2-repeat-1	1007	0,1	31	0	31,1
partial-2-repeat-1	1012	0,1	31	0	31,1
partial-2-repeat-1	1017	0,1	31	0	1,31
partial-2-repeat-2	22	1,0	31	0	31,1
partial-2-repeat-2	27	1,0	31	0	31,1
partial-2-repeat-2	32	1,0	31	0	1,31
partial-2-repeat-2	37	1,0	31	0	31,1
partial-2-repeat-2	42	1,0	31	0	1,31
partial-2-repeat-2	47	1,0	31	0	1,31
partial-2-repeat-2	52	1,0	31	0	1,31
partial-2-repeat-2	57	1,0	31	0	31,1
partial-2-repeat-2	62	1,0	31	0	31,1
partial-2-repeat-2	67	1,0	31	0	1,31
partial-2-repeat-2	72	1,0	31	0	1,31
partial-2-repeat-2	77	1,0	31	0	31,1
partial-2-repeat-2	82	1,0	31	0	1,31
partial-2-repeat-2	87	1,0	31	0	1,31
partial-2-repeat-2	92	1,0	31	0	1,31
partial-2-repeat-2	97	1,0	31	0	31,1
partial-2-repeat-2	102	1,0	31	0	31,1
partial-2-repeat-2	107	1,0	31	0	31,1
partial-2-repeat-2	112	1,0	31	0	1,31
partial-2-repeat-2	117	1,0	31	0	31,1
partial-2-repeat-2	122	1,0	31	0	31,1
partial-2-repeat-2	127	1,0	31	0	31,1
partial-2-repeat-2	132	1,0	31	0	1,31
partial-2-repeat-2	137	1,0	31	0	31,1
partial-2-repeat-2	142	1,0	31	0	31,1
partial-2-repeat-2	147	1,0	31	0	1,31
partial-2-repeat-2	152	1,0	31	0	1,31
partial-2-repeat-2	157	1,0	31	0	1,31
partial-2-repeat-2	162	1,0	31	0	1,31
partial-2-repeat-2	167	1,0	31	0	1,31
partial-2-repeat-2	172	1,0	31	0	1,31
partial-2-repeat-2	177	1,0	31	0	31,1
partial-2-repeat-2	182	1,0	31	0	1,31
partial-2-repeat-2	187	1,0	31	0	1,31
partial-2-repeat-2	192	1,0	31	0	1,31
partial-2-repeat-2	197	1,0	31	0	1,31
partial-2-repeat-2	202	1,0	31	0	31,1
partial-2-repeat-2	207	1,0	31	0	1,31
partial-2-repeat-2	212	1,0	31	0	1,31
partial-2-repeat-2	217	1,0	31	0	31,1
partial-2-repeat-2	222	1,0	31	0	31,1
partial-2-repeat-2	227	1,0	31	0	31,1
partial-2-repeat-2	232	1,0	31	0	1,31
partial-2-repeat-2	237	1,0	31	0	1,31
partial-2-repeat-2	242	1,0	31	0	31,1
partial-2-repeat-2	247	1,0	31	0	31,1
partial-2-repeat-2	252	1,0	31	0	1,31
partial-2-repeat-2	257	1,0	31	0	31,1
partial-2-repeat-2	262	1,0	31	0	31,1
partial-2-repeat-2	267	1,0	31	0	1,31
partial-2-repeat-2	272	1,0	31	0	1,31
partial-2-repeat-2	277	1,0	31	0	31,1
partial-2-repeat-2	282	1,0	31	0	1,31
partial-2-repeat-2	287	1,0	31	0	1,31
partial-2-repeat-2	292	1,0	31	0	1,31
partial-2-repeat-2	297	1,0	31	0	1,31
partial-2-repeat-2	302	1,0	31	0	1,31
partial-2-repeat-2	307	1,0	31	0	31,1
partial-2-repeat-2	312	1,0	31	0	1,31
partial-2-repeat-2	317	1,0	31	0	31,1
partial-2-repeat-2	322	1,0	31	0	1,31
partial-2-repeat-2	327	1,0	31	0	1,31
partial-2-repeat-2	332	1,0	31	0	1,31
partial-2-repeat-2	337	1,0	31	0	1,31
partial-2-repeat-2	342	1,0	31	0	1,31
partial-2-repeat-2	347	1,0	31	0	31,1
partial-2-repeat-2	352	1,0	31	0	1,31
partial-2-repeat-2	357	1,0	31	0	31,1
partial-2-repeat-2	362	1,0	31	0	1,31
partial-2-repeat-2	367	1,0	31	0	1,31
partial-2-repeat-2	372	1,0	31	0	1,31
partial-2-repeat-2	377	1,0	31	0	1,31
partial-2-repeat-2	382	1,0	31	0	31,1
partial-2-repeat-2	387	1,0	31	0	1,31
partial-2-repeat-2	392	1,0	31	0	1,31
partial-2-repeat-2	397	1,0	31	0	31,1
partial-2-repeat-2	402	1,0	31	0	31,1
partial-2-repeat-2	407	1,0	31	0	31,1
partial-2-repeat-2	412	1,0	31	0	1,31
partial-2-repeat-2	417	1,0	31	0	1,31
partial-2-repeat-2	422	1,0	31	0	1,31
partial-2-repeat-2	427	1,0	31	0	31,1
partial-2-repeat-2	432	1,0	31	0	1,31
partial-2-repeat-2	437	1,0	31	0	31,1
partial-2-repeat-2	442	1,0	31	0	31,1
partial-2-repeat-2	447	1,0	31	0	1,31
partial-2-repeat-2	452	1,0	31	0	1,31
partial-2-repeat-2	457	1,0	31	0	31,1
partial-2-repeat-2	462	1,0	31	0	31,1
partial-2-repeat-2	467	1,0	31	0	31,1
partial-2-repeat-2	472	1,0	31	0	1,31
partial-2-repeat-2	477	1,0	31	0	31,1
partial-2-repeat-2	482	1,0	31	0	1,31
partial-2-repeat-2	487	1,0	31	0	31,1
partial-2-repeat-2	492	1,0	31	0	1,31
partial-2-repeat-2	497	1,0	31	0	31,1
partial-2-repeat-2	502	1,0	31	0	1,31
partial-2-repeat-2	507	1,0	31	0	31,1
partial-2-repeat-2	512	1,0	31	0	1,31
partial-2-repeat-2	517	1,0	31	0	1,31
partial-2-repeat-2	522	1,0	31	0	1,31
partial-2-repeat-2	527	1,0	31	0	31,1
partial-2-repeat-2	532	1,0	31	0	1,31
partial-2-repeat-2	537	1,0	31	0	1,31
partial-2-repeat-2	542	1,0	31	0	1,31
partial-2-repeat-2	547	1,0	31	0	31,1
partial-2-repeat-2	552	1,0	31	0	1,31
partial-2-repeat-2	557	1,0	31	0	31,1
partial-2-repeat-2	562	1,0	31	0	1,31
partial-2-repeat-2	567	1,0	31	0	31,1
partial-2-repeat-2	572	1,0	31	0	1,31
partial-2-repeat-2	577	1,0	31	0	31,1
partial-2-repeat-2	582	1,0	31	0	31,1
partial-2-repeat-2	587	1,0	31	0	31,1
partial-2-repeat-2	592	1,0	31	0	1,31
partial-2-repeat-2	597	1,0	31	0	1,31
partial-2-repeat-2	602	1,0	31	0	31,1
partial-2-repeat-2	607	1,0	31	0	31,1
partial-2-repeat-2	612	1,0	31	0	1,31
partial-2-repeat-2	617	1,0	31	0	1,31
partial-2-repeat-2	622	1,0	31	0	1,31
partial-2-repeat-2	627	1,0	31	0	31,1
partial-2-repeat-2	632	1,0	31	0	1,31
partial-2-repeat-2	637	1,0	31	0	31,1
partial-2-repeat-2	642	1,0	31	0	1,31
partial-2-repeat-2	647	1,0	31	0	31,1
partial-2-repeat-2	652	1,0	31	0	1,31
partial-2-repeat-2	657	1,0	31	0	31,1
partial-2-repeat-2	662	1,0	31	0	1,31
partial-2-repeat-2	667	1,0	31	0	1,31
partial-2-repeat-2	672	1,0	31	0	1,31
partial-2-repeat-2	677	1,0	31	0	31,1
partial-2-repeat-2	682	1,0	31	0	31,1
partial-2-repeat-2	687	1,0	31	0	31,1
partial-2-repeat-2	692	1,0	31	0	1,31
partial-2-repeat-2	697	1,0	31	0	31,1
partial-2-repeat-2	702	1,0	31	0	1,31
partial-2-repeat-2	707	1,0	31	0	1,31
partial-2-repeat-2	712	1,0	31	0	1,31
partial-2-repeat-2	717	1,0	31	0	1,31
partial-2-repeat-2	722	1,0	31	0	1,31
partial-2-repeat-2	727	1,0	31	0	1,31
partial-2-repeat-2	732	1,0	31	0	1,31
partial-2-repeat-2	737	1,0	31	0	1,31
partial-2-repeat-2	742	1,0	31	0	1,31
partial-2-repeat-2	747	1,0	31	0	1,31
partial-2-repeat-2	752	1,0	31	0	1,31
partial-2-repeat-2	757	1,0	31	0	1,31
partial-2-repeat-2	762	1,0	31	0	31,1
partial-2-repeat-2	767	1,0	31	0	31,1
partial-2-repeat-2	772	1,0	31	0	1,31
partial-2-repeat-2	777	1,0	31	0	31,1
partial-2-repeat-2	782	1,0	31	0	31,1
partial-2-repeat-2	787	1,0	31	0	1,31
partial-2-repeat-2	792	1,0	31	0	1,31
partial-2-repeat-2	797	1,0	31	0	31,1
partial-2-repeat-2	802	1,0	31	0	1,31
partial-2-repeat-2	807	1,0	31	0	31,1
partial-2-repeat-2	812	1,0	31	0	1,31
partial-2-repeat-2	817	1,0	31	0	1,31
partial-2-repeat-2	822	1,0	31	0	31,1
partial-2-repeat-2	827	1,0	31	0	31,1
partial-2-repeat-2	832	1,0	31	0	1,31
partial-2-repeat-2	837	1,0	31	0	1,31
partial-2-repeat-2	842	1,0	31	0	1,31
partial-2-repeat-2	847	1,0	31	0	31,1
partial-2-repeat-2	852	1,0	31	0	1,31
partial-2-repeat-2	857	1,0	31	0	1,31
partial-2-repeat-2	862	1,0	31	0	1,31
partial-2-repeat-2	867	1,0	31	0	1,31
partial-2-repeat-2	872	1,0	31	0	1,31
partial-2-repeat-2	877	1,0	31	0	1,31
partial-2-repeat-2	882	1,0	31	0	31,1
partial-2-repeat-2	887	1,0	31	0	1,31
partial-2-repeat-2	892	1,0	31	0	1,31
partial-2-repeat-2	897	1,0	31	0	31,1
partial-2-repeat-2	902	1,0	31	0	1,31
partial-2-repeat-2	907	1,0	31	0	31,1
partial-2-repeat-2	912	1,0	31	0	1,31
partial-2-repeat-2	917	1,0	31	0	31,1
partial-2-repeat-2	922	1,0	31	0	31,1
partial-2-repeat-2	927	1,0	31	0	31,1
partial-2-repeat-2	932	1,0	31	0	1,31
partial-2-repeat-2	937	1,0	31	0	31,1
partial-2-repeat-2	942	1,0	31	0	1,31
partial-2-repeat-2	947	1,0	31	0	31,1
partial-2-repeat-2	952	1,0	31	0	1,31
partial-2-repeat-2	957	1,0	31	0	31,1
partial-2-repeat-2	962	1,0	31	0	31,1
partial-2-repeat-2	967	1,0	31	0	31,1
partial-2-repeat-2	972	1,0	31	0	1,31
partial-2-repeat-2	977	1,0	31	0	31,1
partial-2-repeat-2	982	1,0	31	0	1,31
partial-2-repeat-2	987	1,0	31	0	31,1
partial-2-repeat-2	992	1,0	31	0	1,31
partial-2-repeat-2	997	1,0	31	0	31,1
partial-2-repeat-2	1002	1,0	31	0	1,31
partial-2-repeat-2	1007	1,0	31	0	31,1
partial-2-repeat-2	1012	1,0	31	0	1,31
partial-2-repeat-2	1017	1,0	31	0	31,1
partial-2-repeat-3	22	1,0	31	0	1,31
partial-2-repeat-3	27	1,0	31	0	1,31
partial-2-repeat-3	32	1,0	31	0	1,31
partial-2-repeat-3	37	1,0	31	0	1,31
partial-2-repeat-3	42	1,0	31	0	1,31
partial-2-repeat-3	47	1,0	31	0	31,1
partial-2-repeat-3	52	1,0	31	0	1,31
partial-2-repeat-3	57	1,0	31	0	1,31
partial-2-repeat-3	62	1,0	31	0	31,1
partial-2-repeat-3	67	1,0	31	0	1,31
partial-2-repeat-3	72	1,0	31	0	1,31
partial-2-repeat-3	77	1,0	31	0	31,1
partial-2-repeat-3	82	1,0	31	0	31,1
partial-2-repeat-3	87	1,0	31	0	1,31
partial-2-repeat-3	92	1,0	31	0	1,31
partial-2-repeat-3	97	1,0	31	0	31,1
partial-2-repeat-3	102	1,0	31	0	1,31
partial-2-repeat-3	107	1,0	31	0	31,1
partial-2-repeat-3	112	1,0	31	0	1,31
partial-2-repeat-3	117	1,0	31	0	1,31
partial-2-repeat-3	122	1,0	31	0	31,1
partial-2-repeat-3	127	1,0	31	0	31,1
partial-2-repeat-3	132	1,0	31	0	1,31
partial-2-repeat-3	137	1,0	31	0	1,31
partial-2-repeat-3	142	1,0	31	0	31,1
partial-2-repeat-3	147	1,0	31	0	1,31
partial-2-repeat-3	152	1,0	31	0	1,31
partial-2-repeat-3	157	1,0	31	0	31,1
partial-2-repeat-3	162	1,0	31	0	31,1
partial-2-repeat-3	167	1,0	31	0	1,31
partial-2-repeat-3	172	1,0	31	0	1,31
partial-2-repeat-3	177	1,0	31	0	31,1
partial-2-repeat-3	182	1,0	31	0	1,31
partial-2-repeat-3	187	1,0	31	0	31,1
partial-2-repeat-3	192	1,0	31	0	1,31
partial-2-repeat-3	197	1,0	31	0	31,1
partial-2-repeat-3	202	1,0	31	0	1,31
partial-2-repeat-3	207	1,0	31	0	31,1
partial-2-repeat-3	212	1,0	31	0	1,31
partial-2-repeat-3	217	1,0	31	0	1,31
partial-2-repeat-3	222	1,0	31	0	31,1
partial-2-repeat-3	227	1,0	31	0	1,31
partial-2-repeat-3	232	1,0	31	0	1,31
partial-2-repeat-3	237	1,0	31	0	1,31
partial-2-repeat-3	242	1,0	31	0	1,31
partial-2-repeat-3	247	1,0	31	0	1,31
partial-2-repeat-3	252	1,0	31	0	1,31
partial-2-repeat-3	257	1,0	31	0	31,1
partial-2-repeat-3	262	1,0	31	0	1,31
partial-2-repeat-3	267	1,0	31	0	31,1
partial-2-repeat-3	272	1,0	31	0	1,31
partial-2-repeat-3	277	1,0	31	0	1,31
partial-2-repeat-3	282	1,0	31	0	31,1
partial-2-repeat-3	287	1,0	31	0	1,31
partial-2-repeat-3	292	1,0	31	0	1,31
partial-2-repeat-3	297	1,0	31	0	1,31
partial-2-repeat-3	302	1,0	31	0	1,31
partial-2-repeat-3	307	1,0	31	0	31,1
partial-2-repeat-3	312	1,0	31	0	1,31
partial-2-repeat-3	317	1,0	31	0	1,31
partial-2-repeat-3	322	1,0	31	0	1,31
partial-2-repeat-3	327	1,0	31	0	1,31
partial-2-repeat-3	332	1,0	31	0	1,31
partial-2-repeat-3	337	1,0	31	0	31,1
partial-2-repeat-3	342	1,0	31	0	31,1
partial-2-repeat-3	347	1,0	31	0	31,1
partial-2-repeat-3	352	1,0	31	0	1,31
partial-2-repeat-3	357	1,0	31	0	1,31
partial-2-repeat-3	362	1,0	31	0	31,1
partial-2-repeat-3	367	1,0	31	0	1,31
partial-2-repeat-3	372	1,0	31	0	1,31
partial-2-repeat-3	377	1,0	31	0	31,1
partial-2-repeat-3	382	1,0	31	0	31,1
partial-2-repeat-3	387	1,0	31	0	1,31
partial-2-repeat-3	392	1,0	31	0	1,31
partial-2-repeat-3	397	1,0	31	0	31,1
partial-2-repeat-3	402	1,0	31	0	1,31
partial-2-repeat-3	407	1,0	31	0	31,1
partial-2-repeat-3	412	1,0	31	0	1,31
partial-2-repeat-3	417	1,0	31	0	31,1
partial-2-repeat-3	422	1,0	31	0	31,1
partial-2-repeat-3	427	1,0	31	0	1,31
partial-2-repeat-3	432	1,0	31	0	1,31
partial-2-repeat-3	437	1,0	31	0	31,1
partial-2-repeat-3	442	1,0	31	0	31,1
partial-2-repeat-3	447	1,0	31	0	1,31
partial-2-repeat-3	452	1,0	31	0	1,31
partial-2-repeat-3	457	1,0	31	0	1,31
partial-2-repeat-3	462	1,0	31	0	1,31
partial-2-repeat-3	467	1,0	31	0	31,1
partial-2-repeat-3	472	1,0	31	0	1,31
partial-2-repeat-3	477	1,0	31	0	1,31
partial-2-repeat-3	482	1,0	31	0	31,1
partial-2-repeat-3	487	1,0	31	0	1,31
partial-2-repeat-3	492	1,0	31	0	1,31
partial-2-repeat-3	497	1,0	31	0	31,1
partial-2-repeat-3	502	1,0	31	0	1,31
partial-2-repeat-3	507	1,0	31	0	31,1
partial-2-repeat-3	512	1,0	31	0	1,31
partial-2-repeat-3	517	1,0	31	0	1,31
partial-2-repeat-3	522	1,0	31	0	31,1
partial-2-repeat-3	527	1,0	31	0	31,1
partial-2-repeat-3	532	1,0	31	0	1,31
partial-2-repeat-3	537	1,0	31	0	1,31
partial-2-repeat-3	542	1,0	31	0	1,31
partial-2-repeat-3	547	1,0	31	0	31,1
partial-2-repeat-3	552	1,0	31	0	1,31
partial-2-repeat-3	557	1,0	31	0	31,1
partial-2-repeat-3	562	1,0	31	0	31,1
partial-2-repeat-3	567	1,0	31	0	1,31
partial-2-repeat-3	572	1,0	31	0	1,31
partial-2-repeat-3	577	1,0	31	0	1,31
partial-2-repeat-3	582	1,0	31	0	31,1
partial-2-repeat-3	587	1,0	31	0	1,31
partial-2-repeat-3	592	1,0	31	0	1,31
partial-2-repeat-3	597	1,0	31	0	31,1
partial-2-repeat-3	602	1,0	31	0	31,1
partial-2-repeat-3	607	1,0	31	0	1,31
partial-2-repeat-3	612	1,0	31	0	1,31
partial-2-repeat-3	617	1,0	31	0	31,1
partial-2-repeat-3	622	1,0	31	0	31,1
partial-2-repeat-3	627	1,0	31	0	1,31
partial-2-repeat-3	632	1,0	31	0	1,31
partial-2-repeat-3	637	1,0	31	0	31,1
partial-2-repeat-3	642	1,0	31	0	1,31
partial-2-repeat-3	647	1,0	31	0	31,1
partial-2-repeat-3	652	1,0	31	0	1,31
partial-2-repeat-3	657	1,0	31	0	1,31
partial-2-repeat-3	662	1,0	31	0	1,31
partial-2-repeat-3	667	1,0	31	0	1,31
partial-2-repeat-3	672	1,0	31	0	1,31
partial-2-repeat-3	677	1,0	31	0	1,31
partial-2-repeat-3	682	1,0	31	0	1,31
partial-2-repeat-3	687	1,0	31	0	1,31
partial-2-repeat-3	692	1,0	31	0	1,31
partial-2-repeat-3	697	1,0	31	0	31,1
partial-2-repeat-3	702	1,0	31	0	1,31
partial-2-repeat-3	707	1,0	31	0	31,1
partial-2-repeat-3	712	1,0	31	0	1,31
partial-2-repeat-3	717	1,0	31	0	1,31
partial-2-repeat-3	722	1,0	31	0	1,31
partial-2-repeat-3	727	1,0	31	0	1,31
partial-2-repeat-3	732	1,0	31	0	1,31
partial-2-repeat-3	737	1,0	31	0	31,1
partial-2-repeat-3	742	1,0	31	0	1,31
partial-2-repeat-3	747	1,0	31	0	31,1
partial-2-repeat-3	752	1,0	31	0	1,31
partial-2-repeat-3	757	1,0	31	0	31,1
partial-2-repeat-3	762	1,0	31	0	31,1
partial-2-repeat-3	767	1,0	31	0	31,1
partial-2-repeat-3	772	1,0	31	0	1,31
partial-2-repeat-3	777	1,0	31	0	31,1
partial-2-repeat-3	782	1,0	31	0	31,1
partial-2-repeat-3	787	1,0	31	0	31,1
partial-2-repeat-3	792	1,0	31	0	1,31
partial-2-repeat-3	797	1,0	31	0	31,1
partial-2-repeat-3	802	1,0	31	0	1,31
partial-2-repeat-3	807	1,0	31	0	1,31
partial-2-repeat-3	812	1,0	31	0	1,31
partial-2-repeat-3	817	1,0	31	0	1,31
partial-2-repeat-3	822	1,0	31	0	31,1
partial-2-repeat-3	827	1,0	31	0	31,1
partial-2-repeat-3	832	1,0	31	0	1,31
partial-2-repeat-3	837	1,0	31	0	31,1
partial-2-repeat-3	842	1,0	31	0	1,31
partial-2-repeat-3	847	1,0	31	0	31,1
partial-2-repeat-3	852	1,0	31	0	1,31
partial-2-repeat-3	857	1,0	31	0	31,1
partial-2-repeat-3	862	1,0	31	0	1,31
partial-2-repeat-3	867	1,0	31	0	31,1
partial-2-repeat-3	872	1,0	31	0	1,31
partial-2-repeat-3	877	1,0	31	0	1,31
partial-2-repeat-3	882	1,0	31	0	31,1
partial-2-repeat-3	887	1,0	31	0	31,1
partial-2-repeat-3	892	1,0	31	0	1,31
partial-2-repeat-3	897	1,0	31	0	31,1
partial-2-repeat-3	902	1,0	31	0	31,1
partial-2-repeat-3	907	1,0	31	0	31,1
partial-2-repeat-3	912	1,0	31	0	1,31
partial-2-repeat-3	917	1,0	31	0	31,1
partial-2-repeat-3	922	1,0	31	0	31,1
partial-2-repeat-3	927	1,0	31	0	31,1
partial-2-repeat-3	932	1,0	31	0	1,31
partial-2-repeat-3	937	1,0	31	0	31,1
partial-2-repeat-3	942	1,0	31	0	31,1
partial-2-repeat-3	947	1,0	31	0	1,31
partial-2-repeat-3	952	1,0	31	0	1,31
partial-2-repeat-3	957	1,0	31	0	1,31
partial-2-repeat-3	962	1,0	31	0	31,1
partial-2-repeat-3	967	1,0	31	0	1,31
partial-2-repeat-3	972	1,0	31	0	1,31
partial-2-repeat-3	977	1,0	31	0	1,31
partial-2-repeat-3	982	1,0	31	0	1,31
partial-2-repeat-3	987	1,0	31	0	31,1
partial-2-repeat-3	992	1,0	31	0	1,31
partial-2-repeat-3	997	1,0	31	0	31,1
partial-2-repeat-3	1002	1,0	31	0	31,1
partial-2-repeat-3	1007	1,0	31	0	31,1
partial-2-repeat-3	1012	1,0	31	0	1,31
partial-2-repeat-3	1017	1,0	31	0	1,31
partial-3-repeat-1	22	0,1,2	31	0	1,31,0
partial-3-repeat-1	27	0,1,2	31	0	0,1,31
partial-3-repeat-1	32	0,1,2	31	0	31,0,1
partial-3-repeat-1	37	0,1,2	31	0	0,1,31
partial-3-repeat-1	42	0,1,2	31	0	1,31,0
partial-3-repeat-1	47	0,1,2	31	0	31,0,1
partial-3-repeat-1	52	0,1,2	31	0	31,0,1
partial-3-repeat-1	57	0,1,2	31	0	0,1,31
partial-3-repeat-1	62	0,1,2	31	0	1,31,0
partial-3-repeat-1	67	0,1,2	31	0	31,0,1
partial-3-repeat-1	72	0,1,2	31	0	31,0,1
partial-3-repeat-1	77	0,1,2	31	0	31,0,1
partial-3-repeat-1	82	0,1,2	31	0	0,1,31
partial-3-repeat-1	87	0,1,2	31	0	1,31,0
partial-3-repeat-1	92	0,1,2	31	0	31,0,1
partial-3-repeat-1	97	0,1,2	31	0	1,31,0
partial-3-repeat-1	102	0,1,2	31	0	31,0,1
partial-3-repeat-1	107	0,1,2	31	0	31,0,1
partial-3-repeat-1	112	0,1,2	31	0	31,0,1
partial-3-repeat-1	117	0,1,2	31	0	1,31,0
partial-3-repeat-1	122	0,1,2	31	0	31,0,1
partial-3-repeat-1	127	0,1,2	31	0	31,0,1
partial-3-repeat-1	132	0,1,2	31	0	31,0,1
partial-3-repeat-1	137	0,1,2	31	0	1,31,0
partial-3-repeat-1	142	0,1,2	31	0	31,0,1
partial-3-repeat-1	147	0,1,2	31	0	31,0,1
partial-3-repeat-1	152	0,1,2	31	0	31,0,1
partial-3-repeat-1	157	0,1,2	31	0	1,31,0
partial-3-repeat-1	162	0,1,2	31	0	31,0,1
partial-3-repeat-1	167	0,1,2	31	0	31,0,1
partial-3-repeat-1	172	0,1,2	31	0	31,0,1
partial-3-repeat-1	177	0,1,2	31	0	0,1,31
partial-3-repeat-1	182	0,1,2	31	0	31,0,1
partial-3-repeat-1	187	0,1,2	31	0	31,0,1
partial-3-repeat-1	192	0,1,2	31	0	31,0,1
partial-3-repeat-1	197	0,1,2	31	0	1,31,0
partial-3-repeat-1	202	0,1,2	31	0	1,31,0
partial-3-repeat-1	207	0,1,2	31	0	1,31,0
partial-3-repeat-1	212	0,1,2	31	0	31,0,1
partial-3-repeat-1	217	0,1,2	31	0	1,31,0
partial-3-repeat-1	222	0,1,2	31	0	31,0,1
partial-3-repeat-1	227	0,1,2	31	0	1,31,0
partial-3-repeat-1	232	0,1,2	31	0	31,0,1
partial-3-repeat-1	237	0,1,2	31	0	31,0,1
partial-3-repeat-1	242	0,1,2	31	0	1,31,0
partial-3-repeat-1	247	0,1,2	31	0	31,0,1
partial-3-repeat-1	252	0,1,2	31	0	31,0,1
partial-3-repeat-1	257	0,1,2	31	0	0,1,31
partial-3-repeat-1	262	0,1,2	31	0	1,31,0
partial-3-repeat-1	267	0,1,2	31	0	0,1,31
partial-3-repeat-1	272	0,1,2	31	0	31,0,1
partial-3-repeat-1	277	0,1,2	31	0	0,1,31
partial-3-repeat-1	282	0,1,2	31	0	31,0,1
partial-3-repeat-1	287	0,1,2	31	0	0,1,31
partial-3-repeat-1	292	0,1,2	31	0	31,0,1
partial-3-repeat-1	297	0,1,2	31	0	31,0,1
partial-3-repeat-1	302	0,1,2	31	0	31,0,1
partial-3-repeat-1	307	0,1,2	31	0	0,1,31
partial-3-repeat-1	312	0,1,2	31	0	31,0,1
partial-3-repeat-1	317	0,1,2	31	0	0,1,31
partial-3-repeat-1	322	0,1,2	31	0	31,0,1
partial-3-repeat-1	327	0,1,2	31	0	1,31,0
partial-3-repeat-1	332	0,1,2	31	0	31,0,1
partial-3-repeat-1	337	0,1,2	31	0	31,0,1
partial-3-repeat-1	342	0,1,2	31	0	31,0,1
partial-3-repeat-1	347	0,1,2	31	0	1,31,0
partial-3-repeat-1	352	0,1,2	31	0	31,0,1
partial-3-repeat-1	357	0,1,2	31	0	0,1,31
partial-3-repeat-1	362	0,1,2	31	0	1,31,0
partial-3-repeat-1	367	0,1,2	31	0	1,31,0
partial-3-repeat-1	372	0,1,2	31	0	31,0,1
partial-3-repeat-1	377	0,1,2	31	0	31,0,1
partial-3-repeat-1	382	0,1,2	31	0	0,1,31
partial-3-repeat-1	387	0,1,2	31	0	31,0,1
partial-3-repeat-1	392	0,1,2	31	0	31,0,1
partial-3-repeat-1	397	0,1,2	31	0	0,1,31
partial-3-repeat-1	402	0,1,2	31	0	31,0,1
partial-3-repeat-1	407	0,1,2	31	0	31,0,1
partial-3-repeat-1	412	0,1,2	31	0	31,0,1
partial-3-repeat-1	417	0,1,2	31	0	1,31,0
partial-3-repeat-1	422	0,1,2	31	0	0,1,31
partial-3-repeat-1	427	0,1,2	31	0	31,0,1
partial-3-repeat-1	432	0,1,2	31	0	31,0,1
partial-3-repeat-1	437	0,1,2	31	0	31,0,1
partial-3-repeat-1	442	0,1,2	31	0	1,31,0
partial-3-repeat-1	447	0,1,2	31	0	1,31,0
partial-3-repeat-1	452	0,1,2	31	0	31,0,1
partial-3-repeat-1	457	0,1,2	31	0	31,0,1
partial-3-repeat-1	462	0,1,2	31	0	31,0,1
partial-3-repeat-1	467	0,1,2	31	0	1,31,0
partial-3-repeat-1	472	0,1,2	31	0	31,0,1
partial-3-repeat-1	477	0,1,2	31	0	1,31,0
partial-3-repeat-1	482	0,1,2	31	0	0,1,31
partial-3-repeat-1	487	0,1,2	31	0	31,0,1
partial-3-repeat-1	492	0,1,2	31	0	31,0,1
partial-3-repeat-1	497	0,1,2	31	0	31,0,1
partial-3-repeat-1	502	0,1,2	31	0	31,0,1
partial-3-repeat-1	507	0,1,2	31	0	1,31,0
partial-3-repeat-1	512	0,1,2	31	0	31,0,1
partial-3-repeat-1	517	0,1,2	31	0	1,31,0
partial-3-repeat-1	522	0,1,2	31	0	31,0,1
partial-3-repeat-1	527	0,1,2	31	0	31,0,1
partial-3-repeat-1	532	0,1,2	31	0	31,0,1
partial-3-repeat-1	537	0,1,2	31	0	0,1,31
partial-3-repeat-1	542	0,1,2	31	0	1,31,0
partial-3-repeat-1	547	0,1,2	31	0	0,1,31
partial-3-repeat-1	552	0,1,2	31	0	31,0,1
partial-3-repeat-1	557	0,1,2	31	0	31,0,1
partial-3-repeat-1	562	0,1,2	31	0	0,1,31
partial-3-repeat-1	567	0,1,2	31	0	1,31,0
partial-3-repeat-1	572	0,1,2	31	0	31,0,1
partial-3-repeat-1	577	0,1,2	31	0	31,0,1
partial-3-repeat-1	582	0,1,2	31	0	1,31,0
partial-3-repeat-1	587	0,1,2	31	0	0,1,31
partial-3-repeat-1	592	0,1,2	31	0	31,0,1
partial-3-repeat-1	597	0,1,2	31	0	31,0,1
partial-3-repeat-1	602	0,1,2	31	0	31,0,1
partial-3-repeat-1	607	0,1,2	31	0	1,31,0
partial-3-repeat-1	612	0,1,2	31	0	31,0,1
partial-3-repeat-1	617	0,1,2	31	0	1,31,0
partial-3-repeat-1	622	0,1,2	31	0	31,0,1
partial-3-repeat-1	627	0,1,2	31	0	0,1,31
partial-3-repeat-1	632	0,1,2	31	0	31,0,1
partial-3-repeat-1	637	0,1,2	31	0	0,1,31
partial-3-repeat-1	642	0,1,2	31	0	1,31,0
partial-3-repeat-1	647	0,1,2	31	0	31,0,1
partial-3-repeat-1	652	0,1,2	31	0	31,0,1
partial-3-repeat-1	657	0,1,2	31	0	1,31,0
partial-3-repeat-1	662	0,1,2	31	0	1,31,0
partial-3-repeat-1	667	0,1,2	31	0	31,0,1
partial-3-repeat-1	672	0,1,2	31	0	31,0,1
partial-3-repeat-1	677	0,1,2	31	0	31,0,1
partial-3-repeat-1	682	0,1,2	31	0	31,0,1
partial-3-repeat-1	687	0,1,2	31	0	31,0,1
partial-3-repeat-1	692	0,1,2	31	0	31,0,1
partial-3-repeat-1	697	0,1,2	31	0	31,0,1
partial-3-repeat-1	702	0,1,2	31	0	1,31,0
partial-3-repeat-1	707	0,1,2	31	0	31,0,1
partial-3-repeat-1	712	0,1,2	31	0	31,0,1
partial-3-repeat-1	717	0,1,2	31	0	31,0,1
partial-3-repeat-1	722	0,1,2	31	0	31,0,1
partial-3-repeat-1	727	0,1,2	31	0	0,1,31
partial-3-repeat-1	732	0,1,2	31	0	31,0,1
partial-3-repeat-1	737	0,1,2	31	0	31,0,1
partial-3-repeat-1	742	0,1,2	31	0	0,1,31
partial-3-repeat-1	747	0,1,2	31	0	0,1,31
partial-3-repeat-1	752	0,1,2	31	0	31,0,1
partial-3-repeat-1	757	0,1,2	31	0	0,1,31
partial-3-repeat-1	762	0,1,2	31	0	0,1,31
partial-3-repeat-1	767	0,1,2	31	0	31,0,1
partial-3-repeat-1	772	0,1,2	31	0	31,0,1
partial-3-repeat-1	777	0,1,2	31	0	31,0,1
partial-3-repeat-1	782	0,1,2	31	0	31,0,1
partial-3-repeat-1	787	0,1,2	31	0	1,31,0
partial-3-repeat-1	792	0,1,2	31	0	31,0,1
partial-3-repeat-1	797	0,1,2	31	0	1,31,0
partial-3-repeat-1	802	0,1,2	31	0	31,0,1
partial-3-repeat-1	807	0,1,2	31	0	31,0,1
partial-3-repeat-1	812	0,1,2	31	0	31,0,1
partial-3-repeat-1	817	0,1,2	31	0	0,1,31
partial-3-repeat-1	822	0,1,2	31	0	31,0,1
partial-3-repeat-1	827	0,1,2	31	0	31,0,1
partial-3-repeat-1	832	0,1,2	31	0	31,0,1
partial-3-repeat-1	837	0,1,2	31	0	31,0,1
partial-3-repeat-1	842	0,1,2	31	0	31,0,1
partial-3-repeat-1	847	0,1,2	31	0	31,0,1
partial-3-repeat-1	852	0,1,2	31	0	31,0,1
partial-3-repeat-1	857	0,1,2	31	0	31,0,1
partial-3-repeat-1	862	0,1,2	31	0	1,31,0
partial-3-repeat-1	867	0,1,2	31	0	1,31,0
partial-3-repeat-1	872	0,1,2	31	0	31,0,1
partial-3-repeat-1	877	0,1,2	31	0	0,1,31
partial-3-repeat-1	882	0,1,2	31	0	1,31,0
partial-3-repeat-1	887	0,1,2	31	0	31,0,1
partial-3-repeat-1	892	0,1,2	31	0	31,0,1
partial-3-repeat-1	897	0,1,2	31	0	1,31,0
partial-3-repeat-1	902	0,1,2	31	0	0,1,31
partial-3-repeat-1	907	0,1,2	31	0	0,1,31
partial-3-repeat-1	912	0,1,2	31	0	31,0,1
partial-3-repeat-1	917	0,1,2	31	0	0,1,31
partial-3-repeat-1	922	0,1,2	31	0	0,1,31
partial-3-repeat-1	927	0,1,2	31	0	0,1,31
partial-3-repeat-1	932	0,1,2	31	0	31,0,1
partial-3-repeat-1	937	0,1,2	31	0	0,1,31
partial-3-repeat-1	942	0,1,2	31	0	0,1,31
partial-3-repeat-1	947	0,1,2	31	0	1,31,0
partial-3-repeat-1	952	0,1,2	31	0	31,0,1
partial-3-repeat-1	957	0,1,2	31	0	31,0,1
partial-3-repeat-1	962	0,1,2	31	0	31,0,1
partial-3-repeat-1	967	0,1,2	31	0	0,1,31
partial-3-repeat-1	972	0,1,2	31	0	31,0,1
partial-3-repeat-1	977	0,1,2	31	0	31,0,1
partial-3-repeat-1	982	0,1,2	31	0	31,0,1
partial-3-repeat-1	987	0,1,2	31	0	31,0,1
partial-3-repeat-1	992	0,1,2	31	0	31,0,1
partial-3-repeat-1	997	0,1,2	31	0	1,31,0
partial-3-repeat-1	1002	0,1,2	31	0	31,0,1
partial-3-repeat-1	1007	0,1,2	31	0	1,31,0
partial-3-repeat-1	1012	0,1,2	31	0	31,0,1
partial-3-repeat-1	1017	0,1,2	31	0	31,0,1
partial-3-repeat-2	22	2,1,0	31	0	1,0,31
partial-3-repeat-2	27	2,1,0	31	0	0,31,1
partial-3-repeat-2	32	2,1,0	31	0	1,0,31
partial-3-repeat-2	37	2,1,0	31	0	1,0,31
partial-3-repeat-2	42	2,1,0	31	0	1,0,31
partial-3-repeat-2	47	2,1,0	31	0	31,1,0
partial-3-repeat-2	52	2,1,0	31	0	1,0,31
partial-3-repeat-2	57	2,1,0	31	0	0,31,1
partial-3-repeat-2	62	2,1,0	31	0	1,0,31
partial-3-repeat-2	67	2,1,0	31	0	31,1,0
partial-3-repeat-2	72	2,1,0	31	0	1,0,31
partial-3-repeat-2	77	2,1,0	31	0	31,1,0
partial-3-repeat-2	82	2,1,0	31	0	0,31,1
partial-3-repeat-2	87	2,1,0	31	0	31,1,0
partial-3-repeat-2	92	2,1,0	31	0	1,0,31
partial-3-repeat-2	97	2,1,0	31	0	1,0,31
partial-3-repeat-2	102	2,1,0	31	0	31,1,0
partial-3-repeat-2	107	2,1,0	31	0	0,31,1
partial-3-repeat-2	112	2,1,0	31	0	1,0,31
partial-3-repeat-2	117	2,1,0	31	0	31,1,0
partial-3-repeat-2	122	2,1,0	31	0	31,1,0
partial-3-repeat-2	127	2,1,0	31	0	1,0,31
partial-3-repeat-2	132	2,1,0	31	0	1,0,31
partial-3-repeat-2	137	2,1,0	31	0	1,0,31
partial-3-repeat-2	142	2,1,0	31	0	0,31,1
partial-3-repeat-2	147	2,1,0	31	0	1,0,31
partial-3-repeat-2	152	2,1,0	31	0	1,0,31
partial-3-repeat-2	157	2,1,0	31	0	31,1,0
partial-3-repeat-2	162	2,1,0	31	0	1,0,31
partial-3-repeat-2	167	2,1,0	31	0	1,0,31
partial-3-repeat-2	172	2,1,0	31	0	1,0,31
partial-3-repeat-2	177	2,1,0	31	0	0,31,1
partial-3-repeat-2	182	2,1,0	31	0	31,1,0
partial-3-repeat-2	187	2,1,0	31	0	31,1,0
partial-3-repeat-2	192	2,1,0	31	0	1,0,31
partial-3-repeat-2	197	2,1,0	31	0	31,1,0
partial-3-repeat-2	202	2,1,0	31	0	31,1,0
partial-3-repeat-2	207	2,1,0	31	0	0,31,1
partial-3-repeat-2	212	2,1,0	31	0	1,0,31
partial-3-repeat-2	217	2,1,0	31	0	0,31,1
partial-3-repeat-2	222	2,1,0	31	0	1,0,31
partial-3-repeat-2	227	2,1,0	31	0	0,31,1
partial-3-repeat-2	232	2,1,0	31	0	1,0,31
partial-3-repeat-2	237	2,1,0	31	0	31,1,0
partial-3-repeat-2	242	2,1,0	31	0	0,31,1
partial-3-repeat-2	247	2,1,0	31	0	31,1,0
partial-3-repeat-2	252	2,1,0	31	0	1,0,31
partial-3-repeat-2	257	2,1,0	31	0	1,0,31
partial-3-repeat-2	262	2,1,0	31	0	1,0,31
partial-3-repeat-2	267	2,1,0	31	0	31,1,0
partial-3-repeat-2	272	2,1,0	31	0	1,0,31
partial-3-repeat-2	277	2,1,0	31	0	1,0,31
partial-3-repeat-2	282	2,1,0	31	0	1,0,31
partial-3-repeat-2	287	2,1,0	31	0	31,1,0
partial-3-repeat-2	292	2,1,0	31	0	1,0,31
partial-3-repeat-2	297	2,1,0	31	0	1,0,31
partial-3-repeat-2	302	2,1,0	31	0	0,31,1
partial-3-repeat-2	307	2,1,0	31	0	0,31,1
partial-3-repeat-2	312	2,1,0	31	0	1,0,31
partial-3-repeat-2	317	2,1,0	31	0	0,31,1
partial-3-repeat-2	322	2,1,0	31	0	0,31,1
partial-3-repeat-2	327	2,1,0	31	0	31,1,0
partial-3-repeat-2	332	2,1,0	31	0	1,0,31
partial-3-repeat-2	337	2,1,0	31	0	31,1,0
partial-3-repeat-2	342	2,1,0	31	0	0,31,1
partial-3-repeat-2	347	2,1,0	31	0	0,31,1
partial-3-repeat-2	352	2,1,0	31	0	1,0,31
partial-3-repeat-2	357	2,1,0	31	0	0,31,1
partial-3-repeat-2	362	2,1,0	31	0	1,0,31
partial-3-repeat-2	367	2,1,0	31	0	0,31,1
partial-3-repeat-2	372	2,1,0	31	0	1,0,31
partial-3-repeat-2	377	2,1,0	31	0	31,1,0
partial-3-repeat-2	382	2,1,0	31	0	0,31,1
partial-3-repeat-2	387	2,1,0	31	0	1,0,31
partial-3-repeat-2	392	2,1,0	31	0	1,0,31
partial-3-repeat-2	397	2,1,0	31	0	1,0,31
partial-3-repeat-2	402	2,1,0	31	0	1,0,31
partial-3-repeat-2	407	2,1,0	31	0	31,1,0
partial-3-repeat-2	412	2,1,0	31	0	1,0,31
partial-3-repeat-2	417	2,1,0	31	0	31,1,0
partial-3-repeat-2	422	2,1,0	31	0	1,0,31
partial-3-repeat-2	427	2,1,0	31	0	31,1,0
partial-3-repeat-2	432	2,1,0	31	0	1,0,31
partial-3-repeat-2	437	2,1,0	31	0	31,1,0
partial-3-repeat-2	442	2,1,0	31	0	1,0,31
partial-3-repeat-2	447	2,1,0	31	0	1,0,31
partial-3-repeat-2	452	2,1,0	31	0	1,0,31
partial-3-repeat-2	457	2,1,0	31	0	31,1,0
partial-3-repeat-2	462	2,1,0	31	0	0,31,1
partial-3-repeat-2	467	2,1,0	31	0	31,1,0
partial-3-repeat-2	472	2,1,0	31	0	1,0,31
partial-3-repeat-2	477	2,1,0	31	0	31,1,0
partial-3-repeat-2	482	2,1,0	31	0	31,1,0
partial-3-repeat-2	487	2,1,0	31	0	1,0,31
partial-3-repeat-2	492	2,1,0	31	0	1,0,31
partial-3-repeat-2	497	2,1,0	31	0	31,1,0
partial-3-repeat-2	502	2,1,0	31	0	1,0,31
partial-3-repeat-2	507	2,1,0	31	0	0,31,1
partial-3-repeat-2	512	2,1,0	31	0	1,0,31
partial-3-repeat-2	517	2,1,0	31	0	31,1,0
partial-3-repeat-2	522	2,1,0	31	0	1,0,31
partial-3-repeat-2	527	2,1,0	31	0	0,31,1
partial-3-repeat-2	532	2,1,0	31	0	1,0,31
partial-3-repeat-2	537	2,1,0	31	0	1,0,31
partial-3-repeat-2	542	2,1,0	31	0	0,31,1
partial-3-repeat-2	547	2,1,0	31	0	31,1,0
partial-3-repeat-2	552	2,1,0	31	0	1,0,31
partial-3-repeat-2	557	2,1,0	31	0	0,31,1
partial-3-repeat-2	562	2,1,0	31	0	31,1,0
partial-3-repeat-2	567	2,1,0	31	0	1,0,31
partial-3-repeat-2	572	2,1,0	31	0	1,0,31
partial-3-repeat-2	577	2,1,0	31	0	31,1,0
partial-3-repeat-2	582	2,1,0	31	0	1,0,31
partial-3-repeat-2	587	2,1,0	31	0	1,0,31
partial-3-repeat-2	592	2,1,0	31	0	1,0,31
partial-3-repeat-2	597	2,1,0	31	0	0,31,1
partial-3-repeat-2	602	2,1,0	31	0	1,0,31
partial-3-repeat-2	607	2,1,0	31	0	1,0,31
partial-3-repeat-2	612	2,1,0	31	0	1,0,31
partial-3-repeat-2	617	2,1,0	31	0	31,1,0
partial-3-repeat-2	622	2,1,0	31	0	0,31,1
partial-3-repeat-2	627	2,1,0	31	0	0,31,1
partial-3-repeat-2	632	2,1,0	31	0	1,0,31
partial-3-repeat-2	637	2,1,0	31	0	0,31,1
partial-3-repeat-2	642	2,1,0	31	0	31,1,0
partial-3-repeat-2	647	2,1,0	31	0	0,31,1
partial-3-repeat-2	652	2,1,0	31	0	1,0,31
partial-3-repeat-2	657	2,1,0	31	0	0,31,1
partial-3-repeat-2	662	2,1,0	31	0	0,31,1
partial-3-repeat-2	667	2,1,0	31	0	31,1,0
partial-3-repeat-2	672	2,1,0	31	0	1,0,31
partial-3-repeat-2	677	2,1,0	31	0	1,0,31
partial-3-repeat-2	682	2,1,0	31	0	1,0,31
partial-3-repeat-2	687	2,1,0	31	0	0,31,1
partial-3-repeat-2	692	2,1,0	31	0	1,0,31
partial-3-repeat-2	697	2,1,0	31	0	1,0,31
partial-3-repeat-2	702	2,1,0	31	0	0,31,1
partial-3-repeat-2	707	2,1,0	31	0	31,1,0
partial-3-repeat-2	712	2,1,0	31	0	1,0,31
partial-3-repeat-2	717	2,1,0	31	0	1,0,31
partial-3-repeat-2	722	2,1,0	31	0	1,0,31
partial-3-repeat-2	727	2,1,0	31	0	1,0,31
partial-3-repeat-2	732	2,1,0	31	0	1,0,31
partial-3-repeat-2	737	2,1,0	31	0	1,0,31
partial-3-repeat-2	742	2,1,0	31	0	31,1,0
partial-3-repeat-2	747	2,1,0	31	0	1,0,31
partial-3-repeat-2	752	2,1,0	31	0	1,0,31
partial-3-repeat-2	757	2,1,0	31	0	0,31,1
partial-3-repeat-2	762	2,1,0	31	0	1,0,31
partial-3-repeat-2	767	2,1,0	31	0	31,1,0
partial-3-repeat-2	772	2,1,0	31	0	1,0,31
partial-3-repeat-2	777	2,1,0	31	0	0,31,1
partial-3-repeat-2	782	2,1,0	31	0	1,0,31
partial-3-repeat-2	787	2,1,0	31	0	1,0,31
partial-3-repeat-2	792	2,1,0	31	0	1,0,31
partial-3-repeat-2	797	2,1,0	31	0	31,1,0
partial-3-repeat-2	802	2,1,0	31	0	0,31,1
partial-3-repeat-2	807	2,1,0	31	0	0,31,1
partial-3-repeat-2	812	2,1,0	31	0	1,0,31
partial-3-repeat-2	817	2,1,0	31	0	31,1,0
partial-3-repeat-2	822	2,1,0	31	0	1,0,31
partial-3-repeat-2	827	2,1,0	31	0	1,0,31
partial-3-repeat-2	832	2,1,0	31	0	1,0,31
partial-3-repeat-2	837	2,1,0	31	0	31,1,0
partial-3-repeat-2	842	2,1,0	31	0	31,1,0
partial-3-repeat-2	847	2,1,0	31	0	1,0,31
partial-3-repeat-2	852	2,1,0	31	0	1,0,31
partial-3-repeat-2	857	2,1,0	31	0	0,31,1
partial-3-repeat-2	862	2,1,0	31	0	31,1,0
partial-3-repeat-2	867	2,1,0	31	0	0,31,1
partial-3-repeat-2	872	2,1,0	31	0	1,0,31
partial-3-repeat-2	877	2,1,0	31	0	0,31,1
partial-3-repeat-2	882	2,1,0	31	0	1,0,31
partial-3-repeat-2	887	2,1,0	31	0	31,1,0
partial-3-repeat-2	892	2,1,0	31	0	1,0,31
partial-3-repeat-2	897	2,1,0	31	0	0,31,1
partial-3-repeat-2	902	2,1,0	31	0	0,31,1
partial-3-repeat-2	907	2,1,0	31	0	31,1,0
partial-3-repeat-2	912	2,1,0	31	0	1,0,31
partial-3-repeat-2	917	2,1,0	31	0	1,0,31
partial-3-repeat-2	922	2,1,0	31	0	0,31,1
partial-3-repeat-2	927	2,1,0	31	0	0,31,1
partial-3-repeat-2	932	2,1,0	31	0	1,0,31
partial-3-repeat-2	937	2,1,0	31	0	0,31,1
partial-3-repeat-2	942	2,1,0	31	0	1,0,31
partial-3-repeat-2	947	2,1,0	31	0	1,0,31
partial-3-repeat-2	952	2,1,0	31	0	1,0,31
partial-3-repeat-2	957	2,1,0	31	0	31,1,0
partial-3-repeat-2	962	2,1,0	31	0	1,0,31
partial-3-repeat-2	967	2,1,0	31	0	0,31,1
partial-3-repeat-2	972	2,1,0	31	0	1,0,31
partial-3-repeat-2	977	2,1,0	31	0	1,0,31
partial-3-repeat-2	982	2,1,0	31	0	0,31,1
partial-3-repeat-2	987	2,1,0	31	0	1,0,31
partial-3-repeat-2	992	2,1,0	31	0	1,0,31
partial-3-repeat-2	997	2,1,0	31	0	1,0,31
partial-3-repeat-2	1002	2,1,0	31	0	1,0,31
partial-3-repeat-2	1007	2,1,0	31	0	0,31,1
partial-3-repeat-2	1012	2,1,0	31	0	1,0,31
partial-3-repeat-2	1017	2,1,0	31	0	0,31,1
partial-3-repeat-3	22	1,2,0	31	0	0,1,31
partial-3-repeat-3	27	1,2,0	31	0	0,1,31
partial-3-repeat-3	32	1,2,0	31	0	1,31,0
partial-3-repeat-3	37	1,2,0	31	0	31,0,1
partial-3-repeat-3	42	1,2,0	31	0	31,0,1
partial-3-repeat-3	47	1,2,0	31	0	31,0,1
partial-3-repeat-3	52	1,2,0	31	0	1,31,0
partial-3-repeat-3	57	1,2,0	31	0	1,31,0
partial-3-repeat-3	62	1,2,0	31	0	1,31,0
partial-3-repeat-3	67	1,2,0	31	0	0,1,31
partial-3-repeat-3	72	1,2,0	31	0	1,31,0
partial-3-repeat-3	77	1,2,0	31	0	1,31,0
partial-3-repeat-3	82	1,2,0	31	0	31,0,1
partial-3-repeat-3	87	1,2,0	31	0	0,1,31
partial-3-repeat-3	92	1,2,0	31	0	1,31,0
partial-3-repeat-3	97	1,2,0	31	0	0,1,31
partial-3-repeat-3	102	1,2,0	31	0	0,1,31
partial-3-repeat-3	107	1,2,0	31	0	31,0,1
partial-3-repeat-3	112	1,2,0	31	0	1,31,0
partial-3-repeat-3	117	1,2,0	31	0	31,0,1
partial-3-repeat-3	122	1,2,0	31	0	0,1,31
partial-3-repeat-3	127	1,2,0	31	0	31,0,1
partial-3-repeat-3	132	1,2,0	31	0	1,31,0
partial-3-repeat-3	137	1,2,0	31	0	1,31,0
partial-3-repeat-3	142	1,2,0	31	0	31,0,1
partial-3-repeat-3	147	1,2,0	31	0	1,31,0
partial-3-repeat-3	152	1,2,0	31	0	1,31,0
partial-3-repeat-3	157	1,2,0	31	0	31,0,1
partial-3-repeat-3	162	1,2,0	31	0	31,0,1
partial-3-repeat-3	167	1,2,0	31	0	0,1,31
partial-3-repeat-3	172	1,2,0	31	0	1,31,0
partial-3-repeat-3	177	1,2,0	31	0	0,1,31
partial-3-repeat-3	182	1,2,0	31	0	0,1,31
partial-3-repeat-3	187	1,2,0	31	0	31,0,1
partial-3-repeat-3	192	1,2,0	31	0	1,31,0
partial-3-repeat-3	197	1,2,0	31	0	1,31,0
partial-3-repeat-3	202	1,2,0	31	0	0,1,31
partial-3-repeat-3	207	1,2,0	31	0	31,0,1
partial-3-repeat-3	212	1,2,0	31	0	1,31,0
partial-3-repeat-3	217	1,2,0	31	0	1,31,0
partial-3-repeat-3	222	1,2,0	31	0	0,1,31
partial-3-repeat-3	227	1,2,0	31	0	0,1,31
partial-3-repeat-3	232	1,2,0	31	0	1,31,0
partial-3-repeat-3	237	1,2,0	31	0	1,31,0
partial-3-repeat-3	242	1,2,0	31	0	0,1,31
partial-3-repeat-3	247	1,2,0	31	0	1,31,0
partial-3-repeat-3	252	1,2,0	31	0	1,31,0
partial-3-repeat-3	257	1,2,0	31	0	1,31,0
partial-3-repeat-3	262	1,2,0	31	0	0,1,31
partial-3-repeat-3	267	1,2,0	31	0	31,0,1
partial-3-repeat-3	272	1,2,0	31	0	1,31,0
partial-3-repeat-3	277	1,2,0	31	0	31,0,1
partial-3-repeat-3	282	1,2,0	31	0	1,31,0
partial-3-repeat-3	287	1,2,0	31	0	1,31,0
partial-3-repeat-3	292	1,2,0	31	0	1,31,0
partial-3-repeat-3	297	1,2,0	31	0	31,0,1
partial-3-repeat-3	302	1,2,0	31	0	31,0,1
partial-3-repeat-3	307	1,2,0	31	0	31,0,1
partial-3-repeat-3	312	1,2,0	31	0	1,31,0
partial-3-repeat-3	317	1,2,0	31	0	0,1,31
partial-3-repeat-3	322	1,2,0	31	0	0,1,31
partial-3-repeat-3	327	1,2,0	31	0	31,0,1
partial-3-repeat-3	332	1,2,0	31	0	1,31,0
partial-3-repeat-3	337	1,2,0	31	0	0,1,31
partial-3-repeat-3	342	1,2,0	31	0	31,0,1
partial-3-repeat-3	347	1,2,0	31	0	1,31,0
partial-3-repeat-3	352	1,2,0	31	0	1,31,0
partial-3-repeat-3	357	1,2,0	31	0	31,0,1
partial-3-repeat-3	362	1,2,0	31	0	31,0,1
partial-3-repeat-3	367	1,2,0	31	0	1,31,0
partial-3-repeat-3	372	1,2,0	31	0	1,31,0
partial-3-repeat-3	377	1,2,0	31	0	31,0,1
partial-3-repeat-3	382	1,2,0	31	0	1,31,0
partial-3-repeat-3	387	1,2,0	31	0	31,0,1
partial-3-repeat-3	392	1,2,0	31	0	1,31,0
partial-3-repeat-3	397	1,2,0	31	0	31,0,1
partial-3-repeat-3	402	1,2,0	31	0	1,31,0
partial-3-repeat-3	407	1,2,0	31	0	31,0,1
partial-3-repeat-3	412	1,2,0	31	0	1,31,0
partial-3-repeat-3	417	1,2,0	31	0	31,0,1
partial-3-repeat-3	422	1,2,0	31	0	1,31,0
partial-3-repeat-3	427	1,2,0	31	0	0,1,31
partial-3-repeat-3	432	1,2,0	31	0	1,31,0
partial-3-repeat-3	437	1,2,0	31	0	1,31,0
partial-3-repeat-3	442	1,2,0	31	0	31,0,1
partial-3-repeat-3	447	1,2,0	31	0	1,31,0
partial-3-repeat-3	452	1,2,0	31	0	1,31,0
partial-3-repeat-3	457	1,2,0	31	0	31,0,1
partial-3-repeat-3	462	1,2,0	31	0	31,0,1
partial-3-repeat-3	467	1,2,0	31	0	0,1,31
partial-3-repeat-3	472	1,2,0	31	0	1,31,0
partial-3-repeat-3	477	1,2,0	31	0	0,1,31
partial-3-repeat-3	482	1,2,0	31	0	0,1,31
partial-3-repeat-3	487	1,2,0	31	0	0,1,31
partial-3-repeat-3	492	1,2,0	31	0	1,31,0
partial-3-repeat-3	497	1,2,0	31	0	0,1,31
partial-3-repeat-3	502	1,2,0	31	0	1,31,0
partial-3-repeat-3	507	1,2,0	31	0	0,1,31
partial-3-repeat-3	512	1,2,0	31	0	1,31,0
partial-3-repeat-3	517	1,2,0	31	0	1,31,0
partial-3-repeat-3	522	1,2,0	31	0	1,31,0
partial-3-repeat-3	527	1,2,0	31	0	0,1,31
partial-3-repeat-3	532	1,2,0	31	0	1,31,0
partial-3-repeat-3	537	1,2,0	31	0	0,1,31
partial-3-repeat-3	542	1,2,0	31	0	31,0,1
partial-3-repeat-3	547	1,2,0	31	0	31,0,1
partial-3-repeat-3	552	1,2,0	31	0	1,31,0
partial-3-repeat-3	557	1,2,0	31	0	0,1,31
partial-3-repeat-3	562	1,2,0	31	0	1,31,0
partial-3-repeat-3	567	1,2,0	31	0	1,31,0
partial-3-repeat-3	572	1,2,0	31	0	1,31,0
partial-3-repeat-3	577	1,2,0	31	0	31,0,1
partial-3-repeat-3	582	1,2,0	31	0	31,0,1
partial-3-repeat-3	587	1,2,0	31	0	31,0,1
partial-3-repeat-3	592	1,2,0	31	0	1,31,0
partial-3-repeat-3	597	1,2,0	31	0	31,0,1
partial-3-repeat-3	602	1,2,0	31	0	1,31,0
partial-3-repeat-3	607	1,2,0	31	0	31,0,1
partial-3-repeat-3	612	1,2,0	31	0	1,31,0
partial-3-repeat-3	617	1,2,0	31	0	31,0,1
partial-3-repeat-3	622	1,2,0	31	0	1,31,0
partial-3-repeat-3	627	1,2,0	31	0	0,1,31
partial-3-repeat-3	632	1,2,0	31	0	1,31,0
partial-3-repeat-3	637	1,2,0	31	0	0,1,31
partial-3-repeat-3	642	1,2,0	31	0	0,1,31
partial-3-repeat-3	647	1,2,0	31	0	31,0,1
partial-3-repeat-3	652	1,2,0	31	0	1,31,0
partial-3-repeat-3	657	1,2,0	31	0	1,31,0
partial-3-repeat-3	662	1,2,0	31	0	1,31,0
partial-3-repeat-3	667	1,2,0	31	0	0,1,31
partial-3-repeat-3	672	1,2,0	31	0	1,31,0
partial-3-repeat-3	677	1,2,0	31	0	0,1,31
partial-3-repeat-3	682	1,2,0	31	0	0,1,31
partial-3-repeat-3	687	1,2,0	31	0	1,31,0
partial-3-repeat-3	692	1,2,0	31	0	1,31,0
partial-3-repeat-3	697	1,2,0	31	0	31,0,1
partial-3-repeat-3	702	1,2,0	31	0	1,31,0
partial-3-repeat-3	707	1,2,0	31	0	31,0,1
partial-3-repeat-3	712	1,2,0	31	0	1,31,0
partial-3-repeat-3	717	1,2,0	31	0	0,1,31
partial-3-repeat-3	722	1,2,0	31	0	31,0,1
partial-3-repeat-3	727	1,2,0	31	0	31,0,1
partial-3-repeat-3	732	1,2,0	31	0	1,31,0
partial-3-repeat-3	737	1,2,0	31	0	1,31,0
partial-3-repeat-3	742	1,2,0	31	0	1,31,0
partial-3-repeat-3	747	1,2,0	31	0	0,1,31
partial-3-repeat-3	752	1,2,0	31	0	1,31,0
partial-3-repeat-3	757	1,2,0	31	0	0,1,31
partial-3-repeat-3	762	1,2,0	31	0	31,0,1
partial-3-repeat-3	767	1,2,0	31	0	0,1,31
partial-3-repeat-3	772	1,2,0	31	0	1,31,0
partial-3-repeat-3	777	1,2,0	31	0	1,31,0
partial-3-repeat-3	782	1,2,0	31	0	31,0,1
partial-3-repeat-3	787	1,2,0	31	0	1,31,0
partial-3-repeat-3	792	1,2,0	31	0	1,31,0
partial-3-repeat-3	797	1,2,0	31	0	1,31,0
partial-3-repeat-3	802	1,2,0	31	0	1,31,0
partial-3-repeat-3	807	1,2,0	31	0	31,0,1
partial-3-repeat-3	812	1,2,0	31	0	1,31,0
partial-3-repeat-3	817	1,2,0	31	0	31,0,1
partial-3-repeat-3	822	1,2,0	31	0	31,0,1
partial-3-repeat-3	827	1,2,0	31	0	31,0,1
partial-3-repeat-3	832	1,2,0	31	0	1,31,0
partial-3-repeat-3	837	1,2,0	31	0	31,0,1
partial-3-repeat-3	842	1,2,0	31	0	31,0,1
partial-3-repeat-3	847	1,2,0	31	0	1,31,0
partial-3-repeat-3	852	1,2,0	31	0	1,31,0
partial-3-repeat-3	857	1,2,0	31	0	0,1,31
partial-3-repeat-3	862	1,2,0	31	0	1,31,0
partial-3-repeat-3	867	1,2,0	31	0	31,0,1
partial-3-repeat-3	872	1,2,0	31	0	1,31,0
partial-3-repeat-3	877	1,2,0	31	0	1,31,0
partial-3-repeat-3	882	1,2,0	31	0	31,0,1
partial-3-repeat-3	887	1,2,0	31	0	0,1,31
partial-3-repeat-3	892	1,2,0	31	0	1,31,0
partial-3-repeat-3	897	1,2,0	31	0	31,0,1
partial-3-repeat-3	902	1,2,0	31	0	31,0,1
partial-3-repeat-3	907	1,2,0	31	0	0,1,31
partial-3-repeat-3	912	1,2,0	31	0	1,31,0
partial-3-repeat-3	917	1,2,0	31	0	1,31,0
partial-3-repeat-3	922	1,2,0	31	0	1,31,0
partial-3-repeat-3	927	1,2,0	31	0	1,31,0
partial-3-repeat-3	932	1,2,0	31	0	1,31,0
partial-3-repeat-3	937	1,2,0	31	0	1,31,0
partial-3-repeat-3	942	1,2,0	31	0	1,31,0
partial-3-repeat-3	947	1,2,0	31	0	1,31,0
partial-3-repeat-3	952	1,2,0	31	0	1,31,0
partial-3-repeat-3	957	1,2,0	31	0	0,1,31
partial-3-repeat-3	962	1,2,0	31	0	1,31,0
partial-3-repeat-3	967	1,2,0	31	0	1,31,0
partial-3-repeat-3	972	1,2,0	31	0	1,31,0
partial-3-repeat-3	977	1,2,0	31	0	31,0,1
partial-3-repeat-3	982	1,2,0	31	0	1,31,0
partial-3-repeat-3	987	1,2,0	31	0	0,1,31
partial-3-repeat-3	992	1,2,0	31	0	1,31,0
partial-3-repeat-3	997	1,2,0	31	0	0,1,31
partial-3-repeat-3	1002	1,2,0	31	0	31,0,1
partial-3-repeat-3	1007	1,2,0	31	0	1,31,0
partial-3-repeat-3	1012	1,2,0	31	0	1,31,0
partial-3-repeat-3	1017	1,2,0	31	0	1,31,0
partial-4-repeat-1	22	0,1,2,3	31	0	0,1,31,0
partial-4-repeat-1	27	0,1,2,3	31	0	31,0,0,1
partial-4-repeat-1	32	0,1,2,3	31	0	31,0,0,1
partial-4-repeat-1	37	0,1,2,3	31	0	31,0,0,1
partial-4-repeat-1	42	0,1,2,3	31	0	1,31,0,0
partial-4-repeat-1	47	0,1,2,3	31	0	0,0,1,31
partial-4-repeat-1	52	0,1,2,3	31	0	31,0,0,1
partial-4-repeat-1	57	0,1,2,3	31	0	31,0,0,1
partial-4-repeat-1	62	0,1,2,3	31	0	1,31,0,0
partial-4-repeat-1	67	0,1,2,3	31	0	31,0,0,1
partial-4-repeat-1	72	0,1,2,3	31	0	31,0,0,1
partial-4-repeat-1	77	0,1,2,3	31	0	0,0,1,31
partial-4-repeat-1	82	0,1,2,3	31	0	0,0,1,31
partial-4-repeat-1	87	0,1,2,3	31	0	0,1,31,0
partial-4-repeat-1	92	0,1,2,3	31	0	31,0,0,1
partial-4-repeat-1	97	0,1,2,3	31	0	31,0,0,1
partial-4-repeat-1	102	0,1,2,3	31	0	0,0,1,31
partial-4-repeat-1	107	0,1,2,3	31	0	0,0,1,31
partial-4-repeat-1	112	0,1,2,3	31	0	31,0,0,1
partial-4-repeat-1	117	0,1,2,3	31	0	0,1,31,0
partial-4-repeat-1	122	0,1,2,3	31	0	31,0,0,1
partial-4-repeat-1	127	0,1,2,3	31	0	0,0,1,31
partial-4-repeat-1	132	0,1,2,3	31	0	31,0,0,1
partial-4-repeat-1	137	0,1,2,3	31	0	0,0,1,31
partial-4-repeat-1	142	0,1,2,3	31	0	1,31,0,0
partial-4-repeat-1	147	0,1,2,3	31	0	1,31,0,0
partial-4-repeat-1	152	0,1,2,3	31	0	31,0,0,1
partial-4-repeat-1	157	0,1,2,3	31	0	0,1,31,0
partial-4-repeat-1	162	0,1,2,3	31	0	0,0,1,31
partial-4-repeat-1	167	0,1,2,3	31	0	0,1,31,0
partial-4-repeat-1	172	0,1,2,3	31	0	31,0,0,1
partial-4-repeat-1	177	0,1,2,3	31	0	0,1,31,0
partial-4-repeat-1	182	0,1,2,3	31	0	31,0,0,1
partial-4-repeat-1	187	0,1,2,3	31	0	0,0,1,31
partial-4-repeat-1	192	0,1,2,3	31	0	31,0,0,1
partial-4-repeat-1	197	0,1,2,3	31	0	0,1,31,0
partial-4-repeat-1	202	0,1,2,3	31	0	1,31,0,0
partial-4-repeat-1	207	0,1,2,3	31	0	0,0,1,31
partial-4-repeat-1	212	0,1,2,3	31	0	31,0,0,1
partial-4-repeat-1	217	0,1,2,3	31	0	0,0,1,31
partial-4-repeat-1	222	0,1,2,3	31	0	31,0,0,1
partial-4-repeat-1	227	0,1,2,3	31	0	31,0,0,1
partial-4-repeat-1	232	0,1,2,3	31	0	31,0,0,1
partial-4-repeat-1	237	0,1,2,3	31	0	31,0,0,1
partial-4-repeat-1	242	0,1,2,3	31	0	1,31,0,0
partial-4-repeat-1	247	0,1,2,3	31	0	1,31,0,0
partial-4-repeat-1	252	0,1,2,3	31	0	31,0,0,1
partial-4-repeat-1	257	0,1,2,3	31	0	1,31,0,0
partial-4-repeat-1	262	0,1,2,3	31	0	31,0,0,1
partial-4-repeat-1	267	0,1,2,3	31	0	0,1,31,0
partial-4-repeat-1	272	0,1,2,3	31	0	31,0,0,1
partial-4-repeat-1	277	0,1,2,3	31	0	1,31,0,0
partial-4-repeat-1	282	0,1,2,3	31	0	0,0,1,31
partial-4-repeat-1	287	0,1,2,3	31	0	31,0,0,1
partial-4-repeat-1	292	0,1,2,3	31	0	31,0,0,1
partial-4-repeat-1	297	0,1,2,3	31	0	31,0,0,1
partial-4-repeat-1	302	0,1,2,3	31	0	0,0,1,31
partial-4-repeat-1	307	0,1,2,3	31	0	1,31,0,0
partial-4-repeat-1	312	0,1,2,3	31	0	31,0,0,1
partial-4-repeat-1	317	0,1,2,3	31	0	0,1,31,0
partial-4-repeat-1	322	0,1,2,3	31	0	31,0,0,1
partial-4-repeat-1	327	0,1,2,3	31	0	31,0,0,1
partial-4-repeat-1	332	0,1,2,3	31	0	31,0,0,1
partial-4-repeat-1	337	0,1,2,3	31	0	0,1,31,0
partial-4-repeat-1	342	0,1,2,3	31	0	1,31,0,0
partial-4-repeat-1	347	0,1,2,3	31	0	0,0,1,31
partial-4-repeat-1	352	0,1,2,3	31	0	31,0,0,1
partial-4-repeat-1	357	0,1,2,3	31	0	31,0,0,1
partial-4-repeat-1	362	0,1,2,3	31	0	0,0,1,31
partial-4-repeat-1	367	0,1,2,3	31	0	31,0,0,1
partial-4-repeat-1	372	0,1,2,3	31	0	31,0,0,1
partial-4-repeat-1	377	0,1,2,3	31	0	1,31,0,0
partial-4-repeat-1	382	0,1,2,3	31	0	0,1,31,0
partial-4-repeat-1	387	0,1,2,3	31	0	1,31,0,0
partial-4-repeat-1	392	0,1,2,3	31	0	31,0,0,1
partial-4-repeat-1	397	0,1,2,3	31	0	0,0,1,31
partial-4-repeat-1	402	0,1,2,3	31	0	0,1,31,0
partial-4-repeat-1	407	0,1,2,3	31	0	0,0,1,31
partial-4-repeat-1	412	0,1,2,3	31	0	31,0,0,1
partial-4-repeat-1	417	0,1,2,3	31	0	0,1,31,0
partial-4-repeat-1	422	0,1,2,3	31	0	0,0,1,31
partial-4-repeat-1	427	0,1,2,3	31	0	0,1,31,0
partial-4-repeat-1	432	0,1,2,3	31	0	31,0,0,1
partial-4-repeat-1	437	0,1,2,3	31	0	1,31,0,0
partial-4-repeat-1	442	0,1,2,3	31	0	0,0,1,31
partial-4-repeat-1	447	0,1,2,3	31	0	0,0,1,31
partial-4-repeat-1	452	0,1,2,3	31	0	31,0,0,1
partial-4-repeat-1	457	0,1,2,3	31	0	31,0,0,1
partial-4-repeat-1	462	0,1,2,3	31	0	0,0,1,31
partial-4-repeat-1	467	0,1,2,3	31	0	31,0,0,1
partial-4-repeat-1	472	0,1,2,3	31	0	31,0,0,1
partial-4-repeat-1	477	0,1,2,3	31	0	0,0,1,31
partial-4-repeat-1	482	0,1,2,3	31	0	1,31,0,0
partial-4-repeat-1	487	0,1,2,3	31	0	0,1,31,0
partial-4-repeat-1	492	0,1,2,3	31	0	31,0,0,1
partial-4-repeat-1	497	0,1,2,3	31	0	0,1,31,0
partial-4-repeat-1	502	0,1,2,3	31	0	0,1,31,0
partial-4-repeat-1	507	0,1,2,3	31	0	0,1,31,0
partial-4-repeat-1	512	0,1,2,3	31	0	31,0,0,1
partial-4-repeat-1	517	0,1,2,3	31	0	0,1,31,0
partial-4-repeat-1	522	0,1,2,3	31	0	1,31,0,0
partial-4-repeat-1	527	0,1,2,3	31	0	31,0,0,1
partial-4-repeat-1	532	0,1,2,3	31	0	31,0,0,1
partial-4-repeat-1	537	0,1,2,3	31	0	0,1,31,0
partial-4-repeat-1	542	0,1,2,3	31	0	0,1,31,0
partial-4-repeat-1	547	0,1,2,3	31	0	31,0,0,1
partial-4-repeat-1	552	0,1,2,3	31	0	31,0,0,1
partial-4-repeat-1	557	0,1,2,3	31	0	31,0,0,1
partial-4-repeat-1	562	0,1,2,3	31	0	0,1,31,0
partial-4-repeat-1	567	0,1,2,3	31	0	1,31,0,0
partial-4-repeat-1	572	0,1,2,3	31	0	31,0,0,1
partial-4-repeat-1	577	0,1,2,3	31	0	0,1,31,0
partial-4-repeat-1	582	0,1,2,3	31	0	0,0,1,31
partial-4-repeat-1	587	0,1,2,3	31	0	31,0,0,1
partial-4-repeat-1	592	0,1,2,3	31	0	31,0,0,1
partial-4-repeat-1	597	0,1,2,3	31	0	1,31,0,0
partial-4-repeat-1	602	0,1,2,3	31	0	0,1,31,0
partial-4-repeat-1	607	0,1,2,3	31	0	1,31,0,0
partial-4-repeat-1	612	0,1,2,3	31	0	31,0,0,1
partial-4-repeat-1	617	0,1,2,3	31	0	0,0,1,31
partial-4-repeat-1	622	0,1,2,3	31	0	0,0,1,31
partial-4-repeat-1	627	0,1,2,3	31	0	1,31,0,0
partial-4-repeat-1	632	0,1,2,3	31	0	31,0,0,1
partial-4-repeat-1	637	0,1,2,3	31	0	1,31,0,0
partial-4-repeat-1	642	0,1,2,3	31	0	1,31,0,0
partial-4-repeat-1	647	0,1,2,3	31	0	1,31,0,0
partial-4-repeat-1	652	0,1,2,3	31	0	31,0,0,1
partial-4-repeat-1	657	0,1,2,3	31	0	1,31,0,0
partial-4-repeat-1	662	0,1,2,3	31	0	31,0,0,1
partial-4-repeat-1	667	0,1,2,3	31	0	0,1,31,0
partial-4-repeat-1	672	0,1,2,3	31	0	31,0,0,1
partial-4-repeat-1	677	0,1,2,3	31	0	0,1,31,0
partial-4-repeat-1	682	0,1,2,3	31	0	1,31,0,0
partial-4-repeat-1	687	0,1,2,3	31	0	0,0,1,31
partial-4-repeat-1	692	0,1,2,3	31	0	31,0,0,1
partial-4-repeat-1	697	0,1,2,3	31	0	31,0,0,1
partial-4-repeat-1	702	0,1,2,3	31	0	31,0,0,1
partial-4-repeat-1	707	0,1,2,3	31	0	31,0,0,1
partial-4-repeat-1	712	0,1,2,3	31	0	31,0,0,1
partial-4-repeat-1	717	0,1,2,3	31	0	1,31,0,0
partial-4-repeat-1	722	0,1,2,3	31	0	0,1,31,0
partial-4-repeat-1	727	0,1,2,3	31	0	1,31,0,0
partial-4-repeat-1	732	0,1,2,3	31	0	31,0,0,1
partial-4-repeat-1	737	0,1,2,3	31	0	0,1,31,0
partial-4-repeat-1	742	0,1,2,3	31	0	31,0,0,1
partial-4-repeat-1	747	0,1,2,3	31	0	0,1,31,0
partial-4-repeat-1	752	0,1,2,3	31	0	31,0,0,1
partial-4-repeat-1	757	0,1,2,3	31	0	0,0,1,31
partial-4-repeat-1	762	0,1,2,3	31	0	0,1,31,0
partial-4-repeat-1	767	0,1,2,3	31	0	0,0,1,31
partial-4-repeat-1	772	0,1,2,3	31	0	31,0,0,1
partial-4-repeat-1	777	0,1,2,3	31	0	0,1,31,0
partial-4-repeat-1	782	0,1,2,3	31	0	0,1,31,0
partial-4-repeat-1	787	0,1,2,3	31	0	1,31,0,0
partial-4-repeat-1	792	0,1,2,3	31	0	31,0,0,1
partial-4-repeat-1	797	0,1,2,3	31	0	1,31,0,0
partial-4-repeat-1	802	0,1,2,3	31	0	0,0,1,31
partial-4-repeat-1	807	0,1,2,3	31	0	1,31,0,0
partial-4-repeat-1	812	0,1,2,3	31	0	31,0,0,1
partial-4-repeat-1	817	0,1,2,3	31	0	1,31,0,0
partial-4-repeat-1	822	0,1,2,3	31	0	31,0,0,1
partial-4-repeat-1	827	0,1,2,3	31	0	31,0,0,1
partial-4-repeat-1	832	0,1,2,3	31	0	31,0,0,1
partial-4-repeat-1	837	0,1,2,3	31	0	0,1,31,0
partial-4-repeat-1	842	0,1,2,3	31	0	31,0,0,1
partial-4-repeat-1	847	0,1,2,3	31	0	1,31,0,0
partial-4-repeat-1	852	0,1,2,3	31	0	31,0,0,1
partial-4-repeat-1	857	0,1,2,3	31	0	31,0,0,1
partial-4-repeat-1	862	0,1,2,3	31	0	31,0,0,1
partial-4-repeat-1	867	0,1,2,3	31	0	1,31,0,0
partial-4-repeat-1	872	0,1,2,3	31	0	31,0,0,1
partial-4-repeat-1	877	0,1,2,3	31	0	0,1,31,0
partial-4-repeat-1	882	0,1,2,3	31	0	1,31,0,0
partial-4-repeat-1	887	0,1,2,3	31	0	1,31,0,0
partial-4-repeat-1	892	0,1,2,3	31	0	31,0,0,1
partial-4-repeat-1	897	0,1,2,3	31	0	1,31,0,0
partial-4-repeat-1	902	0,1,2,3	31	0	31,0,0,1
partial-4-repeat-1	907	0,1,2,3	31	0	1,31,0,0
partial-4-repeat-1	912	0,1,2,3	31	0	31,0,0,1
partial-4-repeat-1	917	0,1,2,3	31	0	0,1,31,0
partial-4-repeat-1	922	0,1,2,3	31	0	0,0,1,31
partial-4-repeat-1	927	0,1,2,3	31	0	31,0,0,1
partial-4-repeat-1	932	0,1,2,3	31	0	31,0,0,1
partial-4-repeat-1	937	0,1,2,3	31	0	31,0,0,1
partial-4-repeat-1	942	0,1,2,3	31	0	0,0,1,31
partial-4-repeat-1	947	0,1,2,3	31	0	31,0,0,1
partial-4-repeat-1	952	0,1,2,3	31	0	31,0,0,1
partial-4-repeat-1	957	0,1,2,3	31	0	1,31,0,0
partial-4-repeat-1	962	0,1,2,3	31	0	1,31,0,0
partial-4-repeat-1	967	0,1,2,3	31	0	0,1,31,0
partial-4-repeat-1	972	0,1,2,3	31	0	31,0,0,1
partial-4-repeat-1	977	0,1,2,3	31	0	0,0,1,31
partial-4-repeat-1	982	0,1,2,3	31	0	1,31,0,0
partial-4-repeat-1	987	0,1,2,3	31	0	0,0,1,31
partial-4-repeat-1	992	0,1,2,3	31	0	31,0,0,1
partial-4-repeat-1	997	0,1,2,3	31	0	31,0,0,1
partial-4-repeat-1	1002	0,1,2,3	31	0	1,31,0,0
partial-4-repeat-1	1007	0,1,2,3	31	0	0,1,31,0
partial-4-repeat-1	1012	0,1,2,3	31	0	31,0,0,1
partial-4-repeat-1	1017	0,1,2,3	31	0	0,1,31,0
partial-4-repeat-2	22	3,2,1,0	31	0	1,0,0,31
partial-4-repeat-2	27	3,2,1,0	31	0	0,0,31,1
partial-4-repeat-2	32	3,2,1,0	31	0	1,0,0,31
partial-4-repeat-2	37	3,2,1,0	31	0	1,0,0,31
partial-4-repeat-2	42	3,2,1,0	31	0	0,31,1,0
partial-4-repeat-2	47	3,2,1,0	31	0	0,31,1,0
partial-4-repeat-2	52	3,2,1,0	31	0	1,0,0,31
partial-4-repeat-2	57	3,2,1,0	31	0	0,0,31,1
partial-4-repeat-2	62	3,2,1,0	31	0	1,0,0,31
partial-4-repeat-2	67	3,2,1,0	31	0	0,0,31,1
partial-4-repeat-2	72	3,2,1,0	31	0	1,0,0,31
partial-4-repeat-2	77	3,2,1,0	31	0	31,1,0,0
partial-4-repeat-2	82	3,2,1,0	31	0	31,1,0,0
partial-4-repeat-2	87	3,2,1,0	31	0	0,31,1,0
partial-4-repeat-2	92	3,2,1,0	31	0	1,0,0,31
partial-4-repeat-2	97	3,2,1,0	31	0	0,0,31,1
partial-4-repeat-2	102	3,2,1,0	31	0	1,0,0,31
partial-4-repeat-2	107	3,2,1,0	31	0	0,31,1,0
partial-4-repeat-2	112	3,2,1,0	31	0	1,0,0,31
partial-4-repeat-2	117	3,2,1,0	31	0	1,0,0,31
partial-4-repeat-2	122	3,2,1,0	31	0	0,31,1,0
partial-4-repeat-2	127	3,2,1,0	31	0	1,0,0,31
partial-4-repeat-2	132	3,2,1,0	31	0	1,0,0,31
partial-4-repeat-2	137	3,2,1,0	31	0	1,0,0,31
partial-4-repeat-2	142	3,2,1,0	31	0	0,31,1,0
partial-4-repeat-2	147	3,2,1,0	31	0	0,0,31,1
partial-4-repeat-2	152	3,2,1,0	31	0	1,0,0,31
partial-4-repeat-2	157	3,2,1,0	31	0	0,31,1,0
partial-4-repeat-2	162	3,2,1,0	31	0	1,0,0,31
partial-4-repeat-2	167	3,2,1,0	31	0	0,0,31,1
partial-4-repeat-2	172	3,2,1,0	31	0	1,0,0,31
partial-4-repeat-2	177	3,2,1,0	31	0	0,0,31,1
partial-4-repeat-2	182	3,2,1,0	31	0	31,1,0,0
partial-4-repeat-2	187	3,2,1,0	31	0	0,31,1,0
partial-4-repeat-2	192	3,2,1,0	31	0	1,0,0,31
partial-4-repeat-2	197	3,2,1,0	31	0	31,1,0,0
partial-4-repeat-2	202	3,2,1,0	31	0	0,0,31,1
partial-4-repeat-2	207	3,2,1,0	31	0	0,0,31,1
partial-4-repeat-2	212	3,2,1,0	31	0	1,0,0,31
partial-4-repeat-2	217	3,2,1,0	31	0	0,0,31,1
partial-4-repeat-2	222	3,2,1,0	31	0	0,31,1,0
partial-4-repeat-2	227	3,2,1,0	31	0	0,0,31,1
partial-4-repeat-2	232	3,2,1,0	31	0	1,0,0,31
partial-4-repeat-2	237	3,2,1,0	31	0	31,1,0,0
partial-4-repeat-2	242	3,2,1,0	31	0	0,0,31,1
partial-4-repeat-2	247	3,2,1,0	31	0	1,0,0,31
partial-4-repeat-2	252	3,2,1,0	31	0	1,0,0,31
partial-4-repeat-2	257	3,2,1,0	31	0	1,0,0,31
partial-4-repeat-2	262	3,2,1,0	31	0	1,0,0,31
partial-4-repeat-2	267	3,2,1,0	31	0	31,1,0,0
partial-4-repeat-2	272	3,2,1,0	31	0	1,0,0,31
partial-4-repeat-2	277	3,2,1,0	31	0	0,31,1,0
partial-4-repeat-2	282	3,2,1,0	31	0	0,31,1,0
partial-4-repeat-2	287	3,2,1,0	31	0	31,1,0,0
partial-4-repeat-2	292	3,2,1,0	31	0	1,0,0,31
partial-4-repeat-2	297	3,2,1,0	31	0	1,0,0,31
partial-4-repeat-2	302	3,2,1,0	31	0	0,31,1,0
partial-4-repeat-2	307	3,2,1,0	31	0	0,0,31,1
partial-4-repeat-2	312	3,2,1,0	31	0	1,0,0,31
partial-4-repeat-2	317	3,2,1,0	31	0	0,0,31,1
partial-4-repeat-2	322	3,2,1,0	31	0	1,0,0,31
partial-4-repeat-2	327	3,2,1,0	31	0	31,1,0,0
partial-4-repeat-2	332	3,2,1,0	31	0	1,0,0,31
partial-4-repeat-2	337	3,2,1,0	31	0	0,31,1,0
partial-4-repeat-2	342	3,2,1,0	31	0	31,1,0,0
partial-4-repeat-2	347	3,2,1,0	31	0	31,1,0,0
partial-4-repeat-2	352	3,2,1,0	31	0	1,0,0,31
partial-4-repeat-2	357	3,2,1,0	31	0	31,1,0,0
partial-4-repeat-2	362	3,2,1,0	31	0	0,0,31,1
partial-4-repeat-2	367	3,2,1,0	31	0	1,0,0,31
partial-4-repeat-2	372	3,2,1,0	31	0	1,0,0,31
partial-4-repeat-2	377	3,2,1,0	31	0	0,31,1,0
partial-4-repeat-2	382	3,2,1,0	31	0	0,31,1,0
partial-4-repeat-2	387	3,2,1,0	31	0	0,0,31,1
partial-4-repeat-2	392	3,2,1,0	31	0	1,0,0,31
partial-4-repeat-2	397	3,2,1,0	31	0	0,0,31,1
partial-4-repeat-2	402	3,2,1,0	31	0	1,0,0,31
partial-4-repeat-2	407	3,2,1,0	31	0	0,0,31,1
partial-4-repeat-2	412	3,2,1,0	31	0	1,0,0,31
partial-4-repeat-2	417	3,2,1,0	31	0	0,31,1,0
partial-4-repeat-2	422	3,2,1,0	31	0	0,31,1,0
partial-4-repeat-2	427	3,2,1,0	31	0	0,0,31,1
partial-4-repeat-2	432	3,2,1,0	31	0	1,0,0,31
partial-4-repeat-2	437	3,2,1,0	31	0	31,1,0,0
partial-4-repeat-2	442	3,2,1,0	31	0	1,0,0,31
partial-4-repeat-2	447	3,2,1,0	31	0	31,1,0,0
partial-4-repeat-2	452	3,2,1,0	31	0	1,0,0,31
partial-4-repeat-2	457	3,2,1,0	31	0	0,31,1,0
partial-4-repeat-2	462	3,2,1,0	31	0	0,31,1,0
partial-4-repeat-2	467	3,2,1,0	31	0	31,1,0,0
partial-4-repeat-2	472	3,2,1,0	31	0	1,0,0,31
partial-4-repeat-2	477	3,2,1,0	31	0	31,1,0,0
partial-4-repeat-2	482	3,2,1,0	31	0	0,31,1,0
partial-4-repeat-2	487	3,2,1,0	31	0	0,0,31,1
partial-4-repeat-2	492	3,2,1,0	31	0	1,0,0,31
partial-4-repeat-2	497	3,2,1,0	31	0	31,1,0,0
partial-4-repeat-2	502	3,2,1,0	31	0	0,0,31,1
partial-4-repeat-2	507	3,2,1,0	31	0	1,0,0,31
partial-4-repeat-2	512	3,2,1,0	31	0	1,0,0,31
partial-4-repeat-2	517	3,2,1,0	31	0	31,1,0,0
partial-4-repeat-2	522	3,2,1,0	31	0	31,1,0,0
partial-4-repeat-2	527	3,2,1,0	31	0	0,31,1,0
partial-4-repeat-2	532	3,2,1,0	31	0	1,0,0,31
partial-4-repeat-2	537	3,2,1,0	31	0	1,0,0,31
partial-4-repeat-2	542	3,2,1,0	31	0	1,0,0,31
partial-4-repeat-2	547	3,2,1,0	31	0	0,31,1,0
partial-4-repeat-2	552	3,2,1,0	31	0	1,0,0,31
partial-4-repeat-2	557	3,2,1,0	31	0	31,1,0,0
partial-4-repeat-2	562	3,2,1,0	31	0	1,0,0,31
partial-4-repeat-2	567	3,2,1,0	31	0	1,0,0,31
partial-4-repeat-2	572	3,2,1,0	31	0	1,0,0,31
partial-4-repeat-2	577	3,2,1,0	31	0	0,0,31,1
partial-4-repeat-2	582	3,2,1,0	31	0	1,0,0,31
partial-4-repeat-2	587	3,2,1,0	31	0	0,31,1,0
partial-4-repeat-2	592	3,2,1,0	31	0	1,0,0,31
partial-4-repeat-2	597	3,2,1,0	31	0	0,0,31,1
partial-4-repeat-2	602	3,2,1,0	31	0	1,0,0,31
partial-4-repeat-2	607	3,2,1,0	31	0	1,0,0,31
partial-4-repeat-2	612	3,2,1,0	31	0	1,0,0,31
partial-4-repeat-2	617	3,2,1,0	31	0	31,1,0,0
partial-4-repeat-2	622	3,2,1,0	31	0	1,0,0,31
partial-4-repeat-2	627	3,2,1,0	31	0	1,0,0,31
partial-4-repeat-2	632	3,2,1,0	31	0	1,0,0,31
partial-4-repeat-2	637	3,2,1,0	31	0	0,31,1,0
partial-4-repeat-2	642	3,2,1,0	31	0	1,0,0,31
partial-4-repeat-2	647	3,2,1,0	31	0	31,1,0,0
partial-4-repeat-2	652	3,2,1,0	31	0	1,0,0,31
partial-4-repeat-2	657	3,2,1,0	31	0	31,1,0,0
partial-4-repeat-2	662	3,2,1,0	31	0	0,31,1,0
partial-4-repeat-2	667	3,2,1,0	31	0	31,1,0,0
partial-4-repeat-2	672	3,2,1,0	31	0	1,0,0,31
partial-4-repeat-2	677	3,2,1,0	31	0	31,1,0,0
partial-4-repeat-2	682	3,2,1,0	31	0	1,0,0,31
partial-4-repeat-2	687	3,2,1,0	31	0	0,0,31,1
partial-4-repeat-2	692	3,2,1,0	31	0	1,0,0,31
partial-4-repeat-2	697	3,2,1,0	31	0	0,0,31,1
partial-4-repeat-2	702	3,2,1,0	31	0	1,0,0,31
partial-4-repeat-2	707	3,2,1,0	31	0	1,0,0,31
partial-4-repeat-2	712	3,2,1,0	31	0	1,0,0,31
partial-4-repeat-2	717	3,2,1,0	31	0	0,31,1,0
partial-4-repeat-2	722	3,2,1,0	31	0	0,31,1,0
partial-4-repeat-2	727	3,2,1,0	31	0	1,0,0,31
partial-4-repeat-2	732	3,2,1,0	31	0	1,0,0,31
partial-4-repeat-2	737	3,2,1,0	31	0	31,1,0,0
partial-4-repeat-2	742	3,2,1,0	31	0	31,1,0,0
partial-4-repeat-2	747	3,2,1,0	31	0	1,0,0,31
partial-4-repeat-2	752	3,2,1,0	31	0	1,0,0,31
partial-4-repeat-2	757	3,2,1,0	31	0	31,1,0,0
partial-4-repeat-2	762	3,2,1,0	31	0	0,31,1,0
partial-4-repeat-2	767	3,2,1,0	31	0	31,1,0,0
partial-4-repeat-2	772	3,2,1,0	31	0	1,0,0,31
partial-4-repeat-2	777	3,2,1,0	31	0	1,0,0,31
partial-4-repeat-2	782	3,2,1,0	31	0	31,1,0,0
partial-4-repeat-2	787	3,2,1,0	31	0	1,0,0,31
partial-4-repeat-2	792	3,2,1,0	31	0	1,0,0,31
partial-4-repeat-2	797	3,2,1,0	31	0	0,0,31,1
partial-4-repeat-2	802	3,2,1,0	31	0	31,1,0,0
partial-4-repeat-2	807	3,2,1,0	31	0	0,31,1,0
partial-4-repeat-2	812	3,2,1,0	31	0	1,0,0,31
partial-4-repeat-2	817	3,2,1,0	31	0	0,0,31,1
partial-4-repeat-2	822	3,2,1,0	31	0	1,0,0,31
partial-4-repeat-2	827	3,2,1,0	31	0	31,1,0,0
partial-4-repeat-2	832	3,2,1,0	31	0	1,0,0,31
partial-4-repeat-2	837	3,2,1,0	31	0	0,0,31,1
partial-4-repeat-2	842	3,2,1,0	31	0	1,0,0,31
partial-4-repeat-2	847	3,2,1,0	31	0	1,0,0,31
partial-4-repeat-2	852	3,2,1,0	31	0	1,0,0,31
partial-4-repeat-2	857	3,2,1,0	31	0	31,1,0,0
partial-4-repeat-2	862	3,2,1,0	31	0	1,0,0,31
partial-4-repeat-2	867	3,2,1,0	31	0	0,0,31,1
partial-4-repeat-2	872	3,2,1,0	31	0	1,0,0,31
partial-4-repeat-2	877	3,2,1,0	31	0	0,0,31,1
partial-4-repeat-2	882	3,2,1,0	31	0	1,0,0,31
partial-4-repeat-2	887	3,2,1,0	31	0	0,31,1,0
partial-4-repeat-2	892	3,2,1,0	31	0	1,0,0,31
partial-4-repeat-2	897	3,2,1,0	31	0	0,31,1,0
partial-4-repeat-2	902	3,2,1,0	31	0	0,31,1,0
partial-4-repeat-2	907	3,2,1,0	31	0	31,1,0,0
partial-4-repeat-2	912	3,2,1,0	31	0	1,0,0,31
partial-4-repeat-2	917	3,2,1,0	31	0	0,31,1,0
partial-4-repeat-2	922	3,2,1,0	31	0	1,0,0,31
partial-4-repeat-2	927	3,2,1,0	31	0	1,0,0,31
partial-4-repeat-2	932	3,2,1,0	31	0	1,0,0,31
partial-4-repeat-2	937	3,2,1,0	31	0	0,0,31,1
partial-4-repeat-2	942	3,2,1,0	31	0	0,31,1,0
partial-4-repeat-2	947	3,2,1,0	31	0	0,31,1,0
partial-4-repeat-2	952	3,2,1,0	31	0	1,0,0,31
partial-4-repeat-2	957	3,2,1,0	31	0	0,31,1,0
partial-4-repeat-2	962	3,2,1,0	31	0	0,0,31,1
partial-4-repeat-2	967	3,2,1,0	31	0	0,31,1,0
partial-4-repeat-2	972	3,2,1,0	31	0	1,0,0,31
partial-4-repeat-2	977	3,2,1,0	31	0	1,0,0,31
partial-4-repeat-2	982	3,2,1,0	31	0	1,0,0,31
partial-4-repeat-2	987	3,2,1,0	31	0	1,0,0,31
partial-4-repeat-2	992	3,2,1,0	31	0	1,0,0,31
partial-4-repeat-2	997	3,2,1,0	31	0	31,1,0,0
partial-4-repeat-2	1002	3,2,1,0	31	0	31,1,0,0
partial-4-repeat-2	1007	3,2,1,0	31	0	31,1,0,0
partial-4-repeat-2	1012	3,2,1,0	31	0	1,0,0,31
partial-4-repeat-2	1017	3,2,1,0	31	0	1,0,0,31
partial-4-repeat-3	22	1,2,3,0	31	0	0,1,31,0
partial-4-repeat-3	27	1,2,3,0	31	0	31,0,0,1
partial-4-repeat-3	32	1,2,3,0	31	0	1,31,0,0
partial-4-repeat-3	37	1,2,3,0	31	0	0,0,1,31
partial-4-repeat-3	42	1,2,3,0	31	0	0,1,31,0
partial-4-repeat-3	47	1,2,3,0	31	0	31,0,0,1
partial-4-repeat-3	52	1,2,3,0	31	0	1,31,0,0
partial-4-repeat-3	57	1,2,3,0	31	0	1,31,0,0
partial-4-repeat-3	62	1,2,3,0	31	0	31,0,0,1
partial-4-repeat-3	67	1,2,3,0	31	0	31,0,0,1
partial-4-repeat-3	72	1,2,3,0	31	0	1,31,0,0
partial-4-repeat-3	77	1,2,3,0	31	0	0,0,1,31
partial-4-repeat-3	82	1,2,3,0	31	0	31,0,0,1
partial-4-repeat-3	87	1,2,3,0	31	0	31,0,0,1
partial-4-repeat-3	92	1,2,3,0	31	0	1,31,0,0
partial-4-repeat-3	97	1,2,3,0	31	0	0,1,31,0
partial-4-repeat-3	102	1,2,3,0	31	0	0,1,31,0
partial-4-repeat-3	107	1,2,3,0	31	0	0,1,31,0
partial-4-repeat-3	112	1,2,3,0	31	0	1,31,0,0
partial-4-repeat-3	117	1,2,3,0	31	0	1,31,0,0
partial-4-repeat-3	122	1,2,3,0	31	0	0,0,1,31
partial-4-repeat-3	127	1,2,3,0	31	0	0,0,1,31
partial-4-repeat-3	132	1,2,3,0	31	0	1,31,0,0
partial-4-repeat-3	137	1,2,3,0	31	0	0,1,31,0
partial-4-repeat-3	142	1,2,3,0	31	0	0,0,1,31
partial-4-repeat-3	147	1,2,3,0	31	0	31,0,0,1
partial-4-repeat-3	152	1,2,3,0	31	0	1,31,0,0
partial-4-repeat-3	157	1,2,3,0	31	0	0,0,1,31
partial-4-repeat-3	162	1,2,3,0	31	0	31,0,0,1
partial-4-repeat-3	167	1,2,3,0	31	0	0,0,1,31
partial-4-repeat-3	172	1,2,3,0	31	0	1,31,0,0
partial-4-repeat-3	177	1,2,3,0	31	0	1,31,0,0
partial-4-repeat-3	182	1,2,3,0	31	0	1,31,0,0
partial-4-repeat-3	187	1,2,3,0	31	0	0,1,31,0
partial-4-repeat-3	192	1,2,3,0	31	0	1,31,0,0
partial-4-repeat-3	197	1,2,3,0	31	0	0,0,1,31
partial-4-repeat-3	202	1,2,3,0	31	0	31,0,0,1
partial-4-repeat-3	207	1,2,3,0	31	0	0,1,31,0
partial-4-repeat-3	212	1,2,3,0	31	0	1,31,0,0
partial-4-repeat-3	217	1,2,3,0	31	0	1,31,0,0
partial-4-repeat-3	222	1,2,3,0	31	0	0,1,31,0
partial-4-repeat-3	227	1,2,3,0	31	0	0,0,1,31
partial-4-repeat-3	232	1,2,3,0	31	0	1,31,0,0
partial-4-repeat-3	237	1,2,3,0	31	0	0,0,1,31
partial-4-repeat-3	242	1,2,3,0	31	0	1,31,0,0
partial-4-repeat-3	247	1,2,3,0	31	0	0,1,31,0
partial-4-repeat-3	252	1,2,3,0	31	0	1,31,0,0
partial-4-repeat-3	257	1,2,3,0	31	0	31,0,0,1
partial-4-repeat-3	262	1,2,3,0	31	0	0,0,1,31
partial-4-repeat-3	267	1,2,3,0	31	0	1,31,0,0
partial-4-repeat-3	272	1,2,3,0	31	0	1,31,0,0
partial-4-repeat-3	277	1,2,3,0	31	0	1,31,0,0
partial-4-repeat-3	282	1,2,3,0	31	0	0,0,1,31
partial-4-repeat-3	287	1,2,3,0	31	0	31,0,0,1
partial-4-repeat-3	292	1,2,3,0	31	0	1,31,0,0
partial-4-repeat-3	297	1,2,3,0	31	0	0,1,31,0
partial-4-repeat-3	302	1,2,3,0	31	0	0,1,31,0
partial-4-repeat-3	307	1,2,3,0	31	0	0,1,31,0
partial-4-repeat-3	312	1,2,3,0	31	0	1,31,0,0
partial-4-repeat-3	317	1,2,3,0	31	0	1,31,0,0
partial-4-repeat-3	322	1,2,3,0	31	0	1,31,0,0
partial-4-repeat-3	327	1,2,3,0	31	0	0,1,31,0
partial-4-repeat-3	332	1,2,3,0	31	0	1,31,0,0
partial-4-repeat-3	337	1,2,3,0	31	0	31,0,0,1
partial-4-repeat-3	342	1,2,3,0	31	0	1,31,0,0
partial-4-repeat-3	347	1,2,3,0	31	0	0,0,1,31
partial-4-repeat-3	352	1,2,3,0	31	0	1,31,0,0
partial-4-repeat-3	357	1,2,3,0	31	0	0,0,1,31
partial-4-repeat-3	362	1,2,3,0	31	0	0,0,1,31
partial-4-repeat-3	367	1,2,3,0	31	0	31,0,0,1
partial-4-repeat-3	372	1,2,3,0	31	0	1,31,0,0
partial-4-repeat-3	377	1,2,3,0	31	0	0,0,1,31
partial-4-repeat-3	382	1,2,3,0	31	0	0,0,1,31
partial-4-repeat-3	387	1,2,3,0	31	0	0,0,1,31
partial-4-repeat-3	392	1,2,3,0	31	0	1,31,0,0
partial-4-repeat-3	397	1,2,3,0	31	0	0,0,1,31
partial-4-repeat-3	402	1,2,3,0	31	0	31,0,0,1
partial-4-repeat-3	407	1,2,3,0	31	0	1,31,0,0
partial-4-repeat-3	412	1,2,3,0	31	0	1,31,0,0
partial-4-repeat-3	417	1,2,3,0	31	0	1,31,0,0
partial-4-repeat-3	422	1,2,3,0	31	0	31,0,0,1
partial-4-repeat-3	427	1,2,3,0	31	0	0,0,1,31
partial-4-repeat-3	432	1,2,3,0	31	0	1,31,0,0
partial-4-repeat-3	437	1,2,3,0	31	0	0,0,1,31
partial-4-repeat-3	442	1,2,3,0	31	0	1,31,0,0
partial-4-repeat-3	447	1,2,3,0	31	0	1,31,0,0
partial-4-repeat-3	452	1,2,3,0	31	0	1,31,0,0
partial-4-repeat-3	457	1,2,3,0	31	0	31,0,0,1
partial-4-repeat-3	462	1,2,3,0	31	0	0,1,31,0
partial-4-repeat-3	467	1,2,3,0	31	0	0,1,31,0
partial-4-repeat-3	472	1,2,3,0	31	0	1,31,0,0
partial-4-repeat-3	477	1,2,3,0	31	0	0,0,1,31
partial-4-repeat-3	482	1,2,3,0	31	0	31,0,0,1
partial-4-repeat-3	487	1,2,3,0	31	0	31,0,0,1
partial-4-repeat-3	492	1,2,3,0	31	0	1,31,0,0
partial-4-repeat-3	497	1,2,3,0	31	0	1,31,0,0
partial-4-repeat-3	502	1,2,3,0	31	0	1,31,0,0
partial-4-repeat-3	507	1,2,3,0	31	0	0,0,1,31
partial-4-repeat-3	512	1,2,3,0	31	0	1,31,0,0
partial-4-repeat-3	517	1,2,3,0	31	0	0,0,1,31
partial-4-repeat-3	522	1,2,3,0	31	0	31,0,0,1
partial-4-repeat-3	527	1,2,3,0	31	0	1,31,0,0
partial-4-repeat-3	532	1,2,3,0	31	0	1,31,0,0
partial-4-repeat-3	537	1,2,3,0	31	0	0,0,1,31
partial-4-repeat-3	542	1,2,3,0	31	0	31,0,0,1
partial-4-repeat-3	547	1,2,3,0	31	0	1,31,0,0
partial-4-repeat-3	552	1,2,3,0	31	0	1,31,0,0
partial-4-repeat-3	557	1,2,3,0	31	0	1,31,0,0
partial-4-repeat-3	562	1,2,3,0	31	0	0,1,31,0
partial-4-repeat-3	567	1,2,3,0	31	0	31,0,0,1
partial-4-repeat-3	572	1,2,3,0	31	0	1,31,0,0
partial-4-repeat-3	577	1,2,3,0	31	0	0,1,31,0
partial-4-repeat-3	582	1,2,3,0	31	0	1,31,0,0
partial-4-repeat-3	587	1,2,3,0	31	0	1,31,0,0
partial-4-repeat-3	592	1,2,3,0	31	0	1,31,0,0
partial-4-repeat-3	597	1,2,3,0	31	0	1,31,0,0
partial-4-repeat-3	602	1,2,3,0	31	0	1,31,0,0
partial-4-repeat-3	607	1,2,3,0	31	0	0,0,1,31
partial-4-repeat-3	612	1,2,3,0	31	0	1,31,0,0
partial-4-repeat-3	617	1,2,3,0	31	0	31,0,0,1
partial-4-repeat-3	622	1,2,3,0	31	0	31,0,0,1
partial-4-repeat-3	627	1,2,3,0	31	0	31,0,0,1
partial-4-repeat-3	632	1,2,3,0	31	0	1,31,0,0
partial-4-repeat-3	637	1,2,3,0	31	0	0,1,31,0
partial-4-repeat-3	642	1,2,3,0	31	0	31,0,0,1
partial-4-repeat-3	647	1,2,3,0	31	0	1,31,0,0
partial-4-repeat-3	652	1,2,3,0	31	0	1,31,0,0
partial-4-repeat-3	657	1,2,3,0	31	0	1,31,0,0
partial-4-repeat-3	662	1,2,3,0	31	0	0,1,31,0
partial-4-repeat-3	667	1,2,3,0	31	0	0,1,31,0
partial-4-repeat-3	672	1,2,3,0	31	0	1,31,0,0
partial-4-repeat-3	677	1,2,3,0	31	0	0,1,31,0
partial-4-repeat-3	682	1,2,3,0	31	0	0,1,31,0
partial-4-repeat-3	687	1,2,3,0	31	0	31,0,0,1
partial-4-repeat-3	692	1,2,3,0	31	0	1,31,0,0
partial-4-repeat-3	697	1,2,3,0	31	0	31,0,0,1
partial-4-repeat-3	702	1,2,3,0	31	0	1,31,0,0
partial-4-repeat-3	707	1,2,3,0	31	0	1,31,0,0
partial-4-repeat-3	712	1,2,3,0	31	0	1,31,0,0
partial-4-repeat-3	717	1,2,3,0	31	0	1,31,0,0
partial-4-repeat-3	722	1,2,3,0	31	0	1,31,0,0
partial-4-repeat-3	727	1,2,3,0	31	0	31,0,0,1
partial-4-repeat-3	732	1,2,3,0	31	0	1,31,0,0
partial-4-repeat-3	737	1,2,3,0	31	0	31,0,0,1
partial-4-repeat-3	742	1,2,3,0	31	0	0,0,1,31
partial-4-repeat-3	747	1,2,3,0	31	0	0,0,1,31
partial-4-repeat-3	752	1,2,3,0	31	0	1,31,0,0
partial-4-repeat-3	757	1,2,3,0	31	0	1,31,0,0
partial-4-repeat-3	762	1,2,3,0	31	0	1,31,0,0
partial-4-repeat-3	767	1,2,3,0	31	0	0,1,31,0
partial-4-repeat-3	772	1,2,3,0	31	0	1,31,0,0
partial-4-repeat-3	777	1,2,3,0	31	0	31,0,0,1
partial-4-repeat-3	782	1,2,3,0	31	0	31,0,0,1
partial-4-repeat-3	787	1,2,3,0	31	0	1,31,0,0
partial-4-repeat-3	792	1,2,3,0	31	0	1,31,0,0
partial-4-repeat-3	797	1,2,3,0	31	0	31,0,0,1
partial-4-repeat-3	802	1,2,3,0	31	0	0,0,1,31
partial-4-repeat-3	807	1,2,3,0	31	0	0,1,31,0
partial-4-repeat-3	812	1,2,3,0	31	0	1,31,0,0
partial-4-repeat-3	817	1,2,3,0	31	0	31,0,0,1
partial-4-repeat-3	822	1,2,3,0	31	0	31,0,0,1
partial-4-repeat-3	827	1,2,3,0	31	0	0,1,31,0
partial-4-repeat-3	832	1,2,3,0	31	0	1,31,0,0
partial-4-repeat-3	837	1,2,3,0	31	0	31,0,0,1
partial-4-repeat-3	842	1,2,3,0	31	0	31,0,0,1
partial-4-repeat-3	847	1,2,3,0	31	0	31,0,0,1
partial-4-repeat-3	852	1,2,3,0	31	0	1,31,0,0
partial-4-repeat-3	857	1,2,3,0	31	0	1,31,0,0
partial-4-repeat-3	862	1,2,3,0	31	0	1,31,0,0
partial-4-repeat-3	867	1,2,3,0	31	0	1,31,0,0
partial-4-repeat-3	872	1,2,3,0	31	0	1,31,0,0
partial-4-repeat-3	877	1,2,3,0	31	0	31,0,0,1
partial-4-repeat-3	882	1,2,3,0	31	0	31,0,0,1
partial-4-repeat-3	887	1,2,3,0	31	0	0,1,31,0
partial-4-repeat-3	892	1,2,3,0	31	0	1,31,0,0
partial-4-repeat-3	897	1,2,3,0	31	0	0,1,31,0
partial-4-repeat-3	902	1,2,3,0	31	0	31,0,0,1
partial-4-repeat-3	907	1,2,3,0	31	0	31,0,0,1
partial-4-repeat-3	912	1,2,3,0	31	0	1,31,0,0
partial-4-repeat-3	917	1,2,3,0	31	0	31,0,0,1
partial-4-repeat-3	922	1,2,3,0	31	0	31,0,0,1
partial-4-repeat-3	927	1,2,3,0	31	0	31,0,0,1
partial-4-repeat-3	932	1,2,3,0	31	0	1,31,0,0
partial-4-repeat-3	937	1,2,3,0	31	0	31,0,0,1
partial-4-repeat-3	942	1,2,3,0	31	0	31,0,0,1
partial-4-repeat-3	947	1,2,3,0	31	0	31,0,0,1
partial-4-repeat-3	952	1,2,3,0	31	0	1,31,0,0
partial-4-repeat-3	957	1,2,3,0	31	0	0,0,1,31
partial-4-repeat-3	962	1,2,3,0	31	0	0,1,31,0
partial-4-repeat-3	967	1,2,3,0	31	0	0,1,31,0
partial-4-repeat-3	972	1,2,3,0	31	0	1,31,0,0
partial-4-repeat-3	977	1,2,3,0	31	0	0,1,31,0
partial-4-repeat-3	982	1,2,3,0	31	0	31,0,0,1
partial-4-repeat-3	987	1,2,3,0	31	0	0,1,31,0
partial-4-repeat-3	992	1,2,3,0	31	0	1,31,0,0
partial-4-repeat-3	997	1,2,3,0	31	0	0,0,1,31
partial-4-repeat-3	1002	1,2,3,0	31	0	1,31,0,0
partial-4-repeat-3	1007	1,2,3,0	31	0	31,0,0,1
partial-4-repeat-3	1012	1,2,3,0	31	0	1,31,0,0
partial-4-repeat-3	1017	1,2,3,0	31	0	0,0,1,31
partial-2-repeat-1	22	0,1	11	10	11,11
partial-2-repeat-1	27	0,1	11	10	11,11
partial-2-repeat-1	32	0,1	11	10	11,11
partial-2-repeat-1	37	0,1	11	10	11,11
partial-2-repeat-1	42	0,1	11	10	11,11
partial-2-repeat-1	47	0,1	11	10	11,11
partial-2-repeat-1	52	0,1	11	10	11,11
partial-2-repeat-1	57	0,1	11	10	11,11
partial-2-repeat-1	62	0,1	11	10	11,11
partial-2-repeat-1	67	0,1	11	10	11,11
partial-2-repeat-1	72	0,1	11	10	11,11
partial-2-repeat-1	77	0,1	11	10	11,11
partial-2-repeat-1	82	0,1	11	10	11,11
partial-2-repeat-1	87	0,1	11	10	11,11
partial-2-repeat-1	92	0,1	11	10	11,11
partial-2-repeat-1	97	0,1	11	10	11,11
partial-2-repeat-1	102	0,1	11	10	11,11
partial-2-repeat-1	107	0,1	11	10	11,11
partial-2-repeat-1	112	0,1	11	10	11,11
partial-2-repeat-1	117	0,1	11	10	11,11
partial-2-repeat-1	122	0,1	11	10	11,11
partial-2-repeat-1	127	0,1	11	10	11,11
partial-2-repeat-1	132	0,1	11	10	11,11
partial-2-repeat-1	137	0,1	11	10	11,11
partial-2-repeat-1	142	0,1	11	10	11,11
partial-2-repeat-1	147	0,1	11	10	11,11
partial-2-repeat-1	152	0,1	11	10	11,11
partial-2-repeat-1	157	0,1	11	10	11,11
partial-2-repeat-1	162	0,1	11	10	11,11
partial-2-repeat-1	167	0,1	11	10	11,11
partial-2-repeat-1	172	0,1	11	10	11,11
partial-2-repeat-1	177	0,1	11	10	11,11
partial-2-repeat-1	182	0,1	11	10	11,11
partial-2-repeat-1	187	0,1	11	10	11,11
partial-2-repeat-1	192	0,1	11	10	11,11
partial-2-repeat-1	197	0,1	11	10	11,11
partial-2-repeat-1	202	0,1	11	10	11,11
partial-2-repeat-1	207	0,1	11	10	11,11
partial-2-repeat-1	212	0,1	11	10	11,11
partial-2-repeat-1	217	0,1	11	10	11,11
partial-2-repeat-1	222	0,1	11	10	11,11
partial-2-repeat-1	227	0,1	11	10	11,11
partial-2-repeat-1	232	0,1	11	10	11,11
partial-2-repeat-1	237	0,1	11	10	11,11
partial-2-repeat-1	242	0,1	11	10	11,11
partial-2-repeat-1	247	0,1	11	10	11,11
partial-2-repeat-1	252	0,1	11	10	11,11
partial-2-repeat-1	257	0,1	11	10	11,11
partial-2-repeat-1	262	0,1	11	10	11,11
partial-2-repeat-1	267	0,1	11	10	11,11
partial-2-repeat-1	272	0,1	11	10	11,11
partial-2-repeat-1	277	0,1	11	10	11,11
partial-2-repeat-1	282	0,1	11	10	11,11
partial-2-repeat-1	287	0,1	11	10	11,11
partial-2-repeat-1	292	0,1	11	10	11,11
partial-2-repeat-1	297	0,1	11	10	11,11
partial-2-repeat-1	302	0,1	11	10	11,11
partial-2-repeat-1	307	0,1	11	10	11,11
partial-2-repeat-1	312	0,1	11	10	11,11
partial-2-repeat-1	317	0,1	11	10	11,11
partial-2-repeat-1	322	0,1	11	10	11,11
partial-2-repeat-1	327	0,1	11	10	11,11
partial-2-repeat-1	332	0,1	11	10	11,11
partial-2-repeat-1	337	0,1	11	10	11,11
partial-2-repeat-1	342	0,1	11	10	11,11
partial-2-repeat-1	347	0,1	11	10	11,11
partial-2-repeat-1	352	0,1	11	10	11,11
partial-2-repeat-1	357	0,1	11	10	11,11
partial-2-repeat-1	362	0,1	11	10	11,11
partial-2-repeat-1	367	0,1	11	10	11,11
partial-2-repeat-1	372	0,1	11	10	11,11
partial-2-repeat-1	377	0,1	11	10	11,11
partial-2-repeat-1	382	0,1	11	10	11,11
partial-2-repeat-1	387	0,1	11	10	11,11
partial-2-repeat-1	392	0,1	11	10	11,11
partial-2-repeat-1	397	0,1	11	10	11,11
partial-2-repeat-1	402	0,1	11	10	11,11
partial-2-repeat-1	407	0,1	11	10	11,11
partial-2-repeat-1	412	0,1	11	10	11,11
partial-2-repeat-1	417	0,1	11	10	11,11
partial-2-repeat-1	422	0,1	11	10	11,11
partial-2-repeat-1	427	0,1	11	10	11,11
partial-2-repeat-1	432	0,1	11	10	11,11
partial-2-repeat-1	437	0,1	11	10	11,11
partial-2-repeat-1	442	0,1	11	10	11,11
partial-2-repeat-1	447	0,1	11	10	11,11
partial-2-repeat-1	452	0,1	11	10	11,11
partial-2-repeat-1	457	0,1	11	10	11,11
partial-2-repeat-1	462	0,1	11	10	11,11
partial-2-repeat-1	467	0,1	11	10	11,11
partial-2-repeat-1	472	0,1	11	10	11,11
partial-2-repeat-1	477	0,1	11	10	11,11
partial-2-repeat-1	482	0,1	11	10	11,11
partial-2-repeat-1	487	0,1	11	10	11,11
partial-2-repeat-1	492	0,1	11	10	11,11
partial-2-repeat-1	497	0,1	11	10	11,11
partial-2-repeat-1	502	0,1	11	10	11,11
partial-2-repeat-1	507	0,1	11	10	11,11
partial-2-repeat-1	512	0,1	11	10	11,11
partial-2-repeat-1	517	0,1	11	10	11,11
partial-2-repeat-1	522	0,1	11	10	11,11
partial-2-repeat-1	527	0,1	11	10	11,11
partial-2-repeat-1	532	0,1	11	10	11,11
partial-2-repeat-1	537	0,1	11	10	11,11
partial-2-repeat-1	542	0,1	11	10	11,11
partial-2-repeat-1	547	0,1	11	10	11,11
partial-2-repeat-1	552	0,1	11	10	11,11
partial-2-repeat-1	557	0,1	11	10	11,11
partial-2-repeat-1	562	0,1	11	10	11,11
partial-2-repeat-1	567	0,1	11	10	11,11
partial-2-repeat-1	572	0,1	11	10	11,11
partial-2-repeat-1	577	0,1	11	10	11,11
partial-2-repeat-1	582	0,1	11	10	11,11
partial-2-repeat-1	587	0,1	11	10	11,11
partial-2-repeat-1	592	0,1	11	10	11,11
partial-2-repeat-1	597	0,1	11	10	11,11
partial-2-repeat-1	602	0,1	11	10	11,11
partial-2-repeat-1	607	0,1	11	10	11,11
partial-2-repeat-1	612	0,1	11	10	11,11
partial-2-repeat-1	617	0,1	11	10	11,11
partial-2-repeat-1	622	0,1	11	10	11,11
partial-2-repeat-1	627	0,1	11	10	11,11
partial-2-repeat-1	632	0,1	11	10	11,11
partial-2-repeat-1	637	0,1	11	10	11,11
partial-2-repeat-1	642	0,1	11	10	11,11
partial-2-repeat-1	647	0,1	11	10	11,11
partial-2-repeat-1	652	0,1	11	10	11,11
partial-2-repeat-1	657	0,1	11	10	11,11
partial-2-repeat-1	662	0,1	11	10	11,11
partial-2-repeat-1	667	0,1	11	10	11,11
partial-2-repeat-1	672	0,1	11	10	11,11
partial-2-repeat-1	677	0,1	11	10	11,11
partial-2-repeat-1	682	0,1	11	10	11,11
partial-2-repeat-1	687	0,1	11	10	11,11
partial-2-repeat-1	692	0,1	11	10	11,11
partial-2-repeat-1	697	0,1	11	10	11,11
partial-2-repeat-1	702	0,1	11	10	11,11
partial-2-repeat-1	707	0,1	11	10	11,11
partial-2-repeat-1	712	0,1	11	10	11,11
partial-2-repeat-1	717	0,1	11	10	11,11
partial-2-repeat-1	722	0,1	11	10	11,11
partial-2-repeat-1	727	0,1	11	10	11,11
partial-2-repeat-1	732	0,1	11	10	11,11
partial-2-repeat-1	737	0,1	11	10	11,11
partial-2-repeat-1	742	0,1	11	10	11,11
partial-2-repeat-1	747	0,1	11	10	11,11
partial-2-repeat-1	752	0,1	11	10	11,11
partial-2-repeat-1	757	0,1	11	10	11,11
partial-2-repeat-1	762	0,1	11	10	11,11
partial-2-repeat-1	767	0,1	11	10	11,11
partial-2-repeat-1	772	0,1	11	10	11,11
partial-2-repeat-1	777	0,1	11	10	11,11
partial-2-repeat-1	782	0,1	11	10	11,11
partial-2-repeat-1	787	0,1	11	10	11,11
partial-2-repeat-1	792	0,1	11	10	11,11
partial-2-repeat-1	797	0,1	11	10	11,11
partial-2-repeat-1	802	0,1	11	10	11,11
partial-2-repeat-1	807	0,1	11	10	11,11
partial-2-repeat-1	812	0,1	11	10	11,11
partial-2-repeat-1	817	0,1	11	10	11,11
partial-2-repeat-1	822	0,1	11	10	11,11
partial-2-repeat-1	827	0,1	11	10	11,11
partial-2-repeat-1	832	0,1	11	10	11,11
partial-2-repeat-1	837	0,1	11	10	11,11
partial-2-repeat-1	842	0,1	11	10	11,11
partial-2-repeat-1	847	0,1	11	10	11,11
partial-2-repeat-1	852	0,1	11	10	11,11
partial-2-repeat-1	857	0,1	11	10	11,11
partial-2-repeat-1	862	0,1	11	10	11,11
partial-2-repeat-1	867	0,1	11	10	11,11
partial-2-repeat-1	872	0,1	11	10	11,11
partial-2-repeat-1	877	0,1	11	10	11,11
partial-2-repeat-1	882	0,1	11	10	11,11
partial-2-repeat-1	887	0,1	11	10	11,11
partial-2-repeat-1	892	0,1	11	10	11,11
partial-2-repeat-1	897	0,1	11	10	11,11
partial-2-repeat-1	902	0,1	11	10	11,11
partial-2-repeat-1	907	0,1	11	10	11,11
partial-2-repeat-1	912	0,1	11	10	11,11
partial-2-repeat-1	917	0,1	11	10	11,11
partial-2-repeat-1	922	0,1	11	10	11,11
partial-2-repeat-1	927	0,1	11	10	11,11
partial-2-repeat-1	932	0,1	11	10	11,11
partial-2-repeat-1	937	0,1	11	10	11,11
partial-2-repeat-1	942	0,1	11	10	11,11
partial-2-repeat-1	947	0,1	11	10	11,11
partial-2-repeat-1	952	0,1	11	10	11,11
partial-2-repeat-1	957	0,1	11	10	11,11
partial-2-repeat-1	962	0,1	11	10	11,11
partial-2-repeat-1	967	0,1	11	10	11,11
partial-2-repeat-1	972	0,1	11	10	11,11
partial-2-repeat-1	977	0,1	11	10	11,11
partial-2-repeat-1	982	0,1	11	10	11,11
partial-2-repeat-1	987	0,1	11	10	11,11
partial-2-repeat-1	992	0,1	11	10	11,11
partial-2-repeat-1	997	0,1	11	10	11,11
partial-2-repeat-1	1002	0,1	11	10	11,11
partial-2-repeat-1	1007	0,1	11	10	11,11
partial-2-repeat-1	1012	0,1	11	10	11,11
partial-2-repeat-1	1017	0,1	11	10	11,11
partial-2-repeat-2	22	1,0	11	10	11,11
partial-2-repeat-2	27	1,0	11	10	11,11
partial-2-repeat-2	32	1,0	11	10	11,11
partial-2-repeat-2	37	1,0	11	10	11,11
partial-2-repeat-2	42	1,0	11	10	11,11
partial-2-repeat-2	47	1,0	11	10	11,11
partial-2-repeat-2	52	1,0	11	10	11,11
partial-2-repeat-2	57	1,0	11	10	11,11
partial-2-repeat-2	62	1,0	11	10	11,11
partial-2-repeat-2	67	1,0	11	10	11,11
partial-2-repeat-2	72	1,0	11	10	11,11
partial-2-repeat-2	77	1,0	11	10	11,11
partial-2-repeat-2	82	1,0	11	10	11,11
partial-2-repeat-2	87	1,0	11	10	11,11
partial-2-repeat-2	92	1,0	11	10	11,11
partial-2-repeat-2	97	1,0	11	10	11,11
partial-2-repeat-2	102	1,0	11	10	11,11
partial-2-repeat-2	107	1,0	11	10	11,11
partial-2-repeat-2	112	1,0	11	10	11,11
partial-2-repeat-2	117	1,0	11	10	11,11
partial-2-repeat-2	122	1,0	11	10	11,11
partial-2-repeat-2	127	1,0	11	10	11,11
partial-2-repeat-2	132	1,0	11	10	11,11
partial-2-repeat-2	137	1,0	11	10	11,11
partial-2-repeat-2	142	1,0	11	10	11,11
partial-2-repeat-2	147	1,0	11	10	11,11
partial-2-repeat-2	152	1,0	11	10	11,11
partial-2-repeat-2	157	1,0	11	10	11,11
partial-2-repeat-2	162	1,0	11	10	11,11
partial-2-repeat-2	167	1,0	11	10	11,11
partial-2-repeat-2	172	1,0	11	10	11,11
partial-2-repeat-2	177	1,0	11	10	11,11
partial-2-repeat-2	182	1,0	11	10	11,11
partial-2-repeat-2	187	1,0	11	10	11,11
partial-2-repeat-2	192	1,0	11	10	11,11
partial-2-repeat-2	197	1,0	11	10	11,11
partial-2-repeat-2	202	1,0	11	10	11,11
partial-2-repeat-2	207	1,0	11	10	11,11
partial-2-repeat-2	212	1,0	11	10	11,11
partial-2-repeat-2	217	1,0	11	10	11,11
partial-2-repeat-2	222	1,0	11	10	11,11
partial-2-repeat-2	227	1,0	11	10	11,11
partial-2-repeat-2	232	1,0	11	10	11,11
partial-2-repeat-2	237	1,0	11	10	11,11
partial-2-repeat-2	242	1,0	11	10	11,11
partial-2-repeat-2	247	1,0	11	10	11,11
partial-2-repeat-2	252	1,0	11	10	11,11
partial-2-repeat-2	257	1,0	11	10	11,11
partial-2-repeat-2	262	1,0	11	10	11,11
partial-2-repeat-2	267	1,0	11	10	11,11
partial-2-repeat-2	272	1,0	11	10	11,11
partial-2-repeat-2	277	1,0	11	10	11,11
partial-2-repeat-2	282	1,0	11	10	11,11
partial-2-repeat-2	287	1,0	11	10	11,11
partial-2-repeat-2	292	1,0	11	10	11,11
partial-2-repeat-2	297	1,0	11	10	11,11
partial-2-repeat-2	302	1,0	11	10	11,11
partial-2-repeat-2	307	1,0	11	10	11,11
partial-2-repeat-2	312	1,0	11	10	11,11
partial-2-repeat-2	317	1,0	11	10	11,11
partial-2-repeat-2	322	1,0	11	10	11,11
partial-2-repeat-2	327	1,0	11	10	11,11
partial-2-repeat-2	332	1,0	11	10	11,11
partial-2-repeat-2	337	1,0	11	10	11,11
partial-2-repeat-2	342	1,0	11	10	11,11
partial-2-repeat-2	347	1,0	11	10	11,11
partial-2-repeat-2	352	1,0	11	10	11,11
partial-2-repeat-2	357	1,0	11	10	11,11
partial-2-repeat-2	362	1,0	11	10	11,11
partial-2-repeat-2	367	1,0	11	10	11,11
partial-2-repeat-2	372	1,0	11	10	11,11
partial-2-repeat-2	377	1,0	11	10	11,11
partial-2-repeat-2	382	1,0	11	10	11,11
partial-2-repeat-2	387	1,0	11	10	11,11
partial-2-repeat-2	392	1,0	11	10	11,11
partial-2-repeat-2	397	1,0	11	10	11,11
partial-2-repeat-2	402	1,0	11	10	11,11
partial-2-repeat-2	407	1,0	11	10	11,11
partial-2-repeat-2	412	1,0	11	10	11,11
partial-2-repeat-2	417	1,0	11	10	11,11
partial-2-repeat-2	422	1,0	11	10	11,11
partial-2-repeat-2	427	1,0	11	10	11,11
partial-2-repeat-2	432	1,0	11	10	11,11
partial-2-repeat-2	437	1,0	11	10	11,11
partial-2-repeat-2	442	1,0	11	10	11,11
partial-2-repeat-2	447	1,0	11	10	11,11
partial-2-repeat-2	452	1,0	11	10	11,11
partial-2-repeat-2	457	1,0	11	10	11,11
partial-2-repeat-2	462	1,0	11	10	11,11
partial-2-repeat-2	467	1,0	11	10	11,11
partial-2-repeat-2	472	1,0	11	10	11,11
partial-2-repeat-2	477	1,0	11	10	11,11
partial-2-repeat-2	482	1,0	11	10	11,11
partial-2-repeat-2	487	1,0	11	10	11,11
partial-2-repeat-2	492	1,0	11	10	11,11
partial-2-repeat-2	497	1,0	11	10	11,11
partial-2-repeat-2	502	1,0	11	10	11,11
partial-2-repeat-2	507	1,0	11	10	11,11
partial-2-repeat-2	512	1,0	11	10	11,11
partial-2-repeat-2	517	1,0	11	10	11,11
partial-2-repeat-2	522	1,0	11	10	11,11
partial-2-repeat-2	527	1,0	11	10	11,11
partial-2-repeat-2	532	1,0	11	10	11,11
partial-2-repeat-2	537	1,0	11	10	11,11
partial-2-repeat-2	542	1,0	11	10	11,11
partial-2-repeat-2	547	1,0	11	10	11,11
partial-2-repeat-2	552	1,0	11	10	11,11
partial-2-repeat-2	557	1,0	11	10	11,11
partial-2-repeat-2	562	1,0	11	10	11,11
partial-2-repeat-2	567	1,0	11	10	11,11
partial-2-repeat-2	572	1,0	11	10	11,11
partial-2-repeat-2	577	1,0	11	10	11,11
partial-2-repeat-2	582	1,0	11	10	11,11
partial-2-repeat-2	587	1,0	11	10	11,11
partial-2-repeat-2	592	1,0	11	10	11,11
partial-2-repeat-2	597	1,0	11	10	11,11
partial-2-repeat-2	602	1,0	11	10	11,11
partial-2-repeat-2	607	1,0	11	10	11,11
partial-2-repeat-2	612	1,0	11	10	11,11
partial-2-repeat-2	617	1,0	11	10	11,11
partial-2-repeat-2	622	1,0	11	10	11,11
partial-2-repeat-2	627	1,0	11	10	11,11
partial-2-repeat-2	632	1,0	11	10	11,11
partial-2-repeat-2	637	1,0	11	10	11,11
partial-2-repeat-2	642	1,0	11	10	11,11
partial-2-repeat-2	647	1,0	11	10	11,11
partial-2-repeat-2	652	1,0	11	10	11,11
partial-2-repeat-2	657	1,0	11	10	11,11
partial-2-repeat-2	662	1,0	11	10	11,11
partial-2-repeat-2	667	1,0	11	10	11,11
partial-2-repeat-2	672	1,0	11	10	11,11
partial-2-repeat-2	677	1,0	11	10	11,11
partial-2-repeat-2	682	1,0	11	10	11,11
partial-2-repeat-2	687	1,0	11	10	11,11
partial-2-repeat-2	692	1,0	11	10	11,11
partial-2-repeat-2	697	1,0	11	10	11,11
partial-2-repeat-2	702	1,0	11	10	11,11
partial-2-repeat-2	707	1,0	11	10	11,11
partial-2-repeat-2	712	1,0	11	10	11,11
partial-2-repeat-2	717	1,0	11	10	11,11
partial-2-repeat-2	722	1,0	11	10	11,11
partial-2-repeat-2	727	1,0	11	10	11,11
partial-2-repeat-2	732	1,0	11	10	11,11
partial-2-repeat-2	737	1,0	11	10	11,11
partial-2-repeat-2	742	1,0	11	10	11,11
partial-2-repeat-2	747	1,0	11	10	11,11
partial-2-repeat-2	752	1,0	11	10	11,11
partial-2-repeat-2	757	1,0	11	10	11,11
partial-2-repeat-2	762	1,0	11	10	11,11
partial-2-repeat-2	767	1,0	11	10	11,11
partial-2-repeat-2	772	1,0	11	10	11,11
partial-2-repeat-2	777	1,0	11	10	11,11
partial-2-repeat-2	782	1,0	11	10	11,11
partial-2-repeat-2	787	1,0	11	10	11,11
partial-2-repeat-2	792	1,0	11	10	11,11
partial-2-repeat-2	797	1,0	11	10	11,11
partial-2-repeat-2	802	1,0	11	10	11,11
partial-2-repeat-2	807	1,0	11	10	11,11
partial-2-repeat-2	812	1,0	11	10	11,11
partial-2-repeat-2	817	1,0	11	10	11,11
partial-2-repeat-2	822	1,0	11	10	11,11
partial-2-repeat-2	827	1,0	11	10	11,11
partial-2-repeat-2	832	1,0	11	10	11,11
partial-2-repeat-2	837	1,0	11	10	11,11
partial-2-repeat-2	842	1,0	11	10	11,11
partial-2-repeat-2	847	1,0	11	10	11,11
partial-2-repeat-2	852	1,0	11	10	11,11
partial-2-repeat-2	857	1,0	11	10	11,11
partial-2-repeat-2	862	1,0	11	10	11,11
partial-2-repeat-2	867	1,0	11	10	11,11
partial-2-repeat-2	872	1,0	11	10	11,11
partial-2-repeat-2	877	1,0	11	10	11,11
partial-2-repeat-2	882	1,0	11	10	11,11
partial-2-repeat-2	887	1,0	11	10	11,11
partial-2-repeat-2	892	1,0	11	10	11,11
partial-2-repeat-2	897	1,0	11	10	11,11
partial-2-repeat-2	902	1,0	11	10	11,11
partial-2-repeat-2	907	1,0	11	10	11,11
partial-2-repeat-2	912	1,0	11	10	11,11
partial-2-repeat-2	917	1,0	11	10	11,11
partial-2-repeat-2	922	1,0	11	10	11,11
partial-2-repeat-2	927	1,0	11	10	11,11
partial-2-repeat-2	932	1,0	11	10	11,11
partial-2-repeat-2	937	1,0	11	10	11,11
partial-2-repeat-2	942	1,0	11	10	11,11
partial-2-repeat-2	947	1,0	11	10	11,11
partial-2-repeat-2	952	1,0	11	10	11,11
partial-2-repeat-2	957	1,0	11	10	11,11
partial-2-repeat-2	962	1,0	11	10	11,11
partial-2-repeat-2	967	1,0	11	10	11,11
partial-2-repeat-2	972	1,0	11	10	11,11
partial-2-repeat-2	977	1,0	11	10	11,11
partial-2-repeat-2	982	1,0	11	10	11,11
partial-2-repeat-2	987	1,0	11	10	11,11
partial-2-repeat-2	992	1,0	11	10	11,11
partial-2-repeat-2	997	1,0	11	10	11,11
partial-2-repeat-2	1002	1,0	11	10	11,11
partial-2-repeat-2	1007	1,0	11	10	11,11
partial-2-repeat-2	1012	1,0	11	10	11,11
partial-2-repeat-2	1017	1,0	11	10	11,11
partial-2-repeat-3	22	1,0	11	10	11,11
partial-2-repeat-3	27	1,0	11	10	11,11
partial-2-repeat-3	32	1,0	11	10	11,11
partial-2-repeat-3	37	1,0	11	10	11,11
partial-2-repeat-3	42	1,0	11	10	11,11
partial-2-repeat-3	47	1,0	11	10	11,11
partial-2-repeat-3	52	1,0	11	10	11,11
partial-2-repeat-3	57	1,0	11	10	11,11
partial-2-repeat-3	62	1,0	11	10	11,11
partial-2-repeat-3	67	1,0	11	10	11,11
partial-2-repeat-3	72	1,0	11	10	11,11
partial-2-repeat-3	77	1,0	11	10	11,11
partial-2-repeat-3	82	1,0	11	10	11,11
partial-2-repeat-3	87	1,0	11	10	11,11
partial-2-repeat-3	92	1,0	11	10	11,11
partial-2-repeat-3	97	1,0	11	10	11,11
partial-2-repeat-3	102	1,0	11	10	11,11
partial-2-repeat-3	107	1,0	11	10	11,11
partial-2-repeat-3	112	1,0	11	10	11,11
partial-2-repeat-3	117	1,0	11	10	11,11
partial-2-repeat-3	122	1,0	11	10	11,11
partial-2-repeat-3	127	1,0	11	10	11,11
partial-2-repeat-3	132	1,0	11	10	11,11
partial-2-repeat-3	137	1,0	11	10	11,11
partial-2-repeat-3	142	1,0	11	10	11,11
partial-2-repeat-3	147	1,0	11	10	11,11
partial-2-repeat-3	152	1,0	11	10	11,11
partial-2-repeat-3	157	1,0	11	10	11,11
partial-2-repeat-3	162	1,0	11	10	11,11
partial-2-repeat-3	167	1,0	11	10	11,11
partial-2-repeat-3	172	1,0	11	10	11,11
partial-2-repeat-3	177	1,0	11	10	11,11
partial-2-repeat-3	182	1,0	11	10	11,11
partial-2-repeat-3	187	1,0	11	10	11,11
partial-2-repeat-3	192	1,0	11	10	11,11
partial-2-repeat-3	197	1,0	11	10	11,11
partial-2-repeat-3	202	1,0	11	10	11,11
partial-2-repeat-3	207	1,0	11	10	11,11
partial-2-repeat-3	212	1,0	11	10	11,11
partial-2-repeat-3	217	1,0	11	10	11,11
partial-2-repeat-3	222	1,0	11	10	11,11
partial-2-repeat-3	227	1,0	11	10	11,11
partial-2-repeat-3	232	1,0	11	10	11,11
partial-2-repeat-3	237	1,0	11	10	11,11
partial-2-repeat-3	242	1,0	11	10	11,11
partial-2-repeat-3	247	1,0	11	10	11,11
partial-2-repeat-3	252	1,0	11	10	11,11
partial-2-repeat-3	257	1,0	11	10	11,11
partial-2-repeat-3	262	1,0	11	10	11,11
partial-2-repeat-3	267	1,0	11	10	11,11
partial-2-repeat-3	272	1,0	11	10	11,11
partial-2-repeat-3	277	1,0	11	10	11,11
partial-2-repeat-3	282	1,0	11	10	11,11
partial-2-repeat-3	287	1,0	11	10	11,11
partial-2-repeat-3	292	1,0	11	10	11,11
partial-2-repeat-3	297	1,0	11	10	11,11
partial-2-repeat-3	302	1,0	11	10	11,11
partial-2-repeat-3	307	1,0	11	10	11,11
partial-2-repeat-3	312	1,0	11	10	11,11
partial-2-repeat-3	317	1,0	11	10	11,11
partial-2-repeat-3	322	1,0	11	10	11,11
partial-2-repeat-3	327	1,0	11	10	11,11
partial-2-repeat-3	332	1,0	11	10	11,11
partial-2-repeat-3	337	1,0	11	10	11,11
partial-2-repeat-3	342	1,0	11	10	11,11
partial-2-repeat-3	347	1,0	11	10	11,11
partial-2-repeat-3	352	1,0	11	10	11,11
partial-2-repeat-3	357	1,0	11	10	11,11
partial-2-repeat-3	362	1,0	11	10	11,11
partial-2-repeat-3	367	1,0	11	10	11,11
partial-2-repeat-3	372	1,0	11	10	11,11
partial-2-repeat-3	377	1,0	11	10	11,11
partial-2-repeat-3	382	1,0	11	10	11,11
partial-2-repeat-3	387	1,0	11	10	11,11
partial-2-repeat-3	392	1,0	11	10	11,11
partial-2-repeat-3	397	1,0	11	10	11,11
partial-2-repeat-3	402	1,0	11	10	11,11
partial-2-repeat-3	407	1,0	11	10	11,11
partial-2-repeat-3	412	1,0	11	10	11,11
partial-2-repeat-3	417	1,0	11	10	11,11
partial-2-repeat-3	422	1,0	11	10	11,11
partial-2-repeat-3	427	1,0	11	10	11,11
partial-2-repeat-3	432	1,0	11	10	11,11
partial-2-repeat-3	437	1,0	11	10	11,11
partial-2-repeat-3	442	1,0	11	10	11,11
partial-2-repeat-3	447	1,0	11	10	11,11
partial-2-repeat-3	452	1,0	11	10	11,11
partial-2-repeat-3	457	1,0	11	10	11,11
partial-2-repeat-3	462	1,0	11	10	11,11
partial-2-repeat-3	467	1,0	11	10	11,11
partial-2-repeat-3	472	1,0	11	10	11,11
partial-2-repeat-3	477	1,0	11	10	11,11
partial-2-repeat-3	482	1,0	11	10	11,11
partial-2-repeat-3	487	1,0	11	10	11,11
partial-2-repeat-3	492	1,0	11	10	11,11
partial-2-repeat-3	497	1,0	11	10	11,11
partial-2-repeat-3	502	1,0	11	10	11,11
partial-2-repeat-3	507	1,0	11	10	11,11
partial-2-repeat-3	512	1,0	11	10	11,11
partial-2-repeat-3	517	1,0	11	10	11,11
partial-2-repeat-3	522	1,0	11	10	11,11
partial-2-repeat-3	527	1,0	11	10	11,11
partial-2-repeat-3	532	1,0	11	10	11,11
partial-2-repeat-3	537	1,0	11	10	11,11
partial-2-repeat-3	542	1,0	11	10	11,11
partial-2-repeat-3	547	1,0	11	10	11,11
partial-2-repeat-3	552	1,0	11	10	11,11
partial-2-repeat-3	557	1,0	11	10	11,11
partial-2-repeat-3	562	1,0	11	10	11,11
partial-2-repeat-3	567	1,0	11	10	11,11
partial-2-repeat-3	572	1,0	11	10	11,11
partial-2-repeat-3	577	1,0	11	10	11,11
partial-2-repeat-3	582	1,0	11	10	11,11
partial-2-repeat-3	587	1,0	11	10	11,11
partial-2-repeat-3	592	1,0	11	10	11,11
partial-2-repeat-3	597	1,0	11	10	11,11
partial-2-repeat-3	602	1,0	11	10	11,11
partial-2-repeat-3	607	1,0	11	10	11,11
partial-2-repeat-3	612	1,0	11	10	11,11
partial-2-repeat-3	617	1,0	11	10	11,11
partial-2-repeat-3	622	1,0	11	10	11,11
partial-2-repeat-3	627	1,0	11	10	11,11
partial-2-repeat-3	632	1,0	11	10	11,11
partial-2-repeat-3	637	1,0	11	10	11,11
partial-2-repeat-3	642	1,0	11	10	11,11
partial-2-repeat-3	647	1,0	11	10	11,11
partial-2-repeat-3	652	1,0	11	10	11,11
partial-2-repeat-3	657	1,0	11	10	11,11
partial-2-repeat-3	662	1,0	11	10	11,11
partial-2-repeat-3	667	1,0	11	10	11,11
partial-2-repeat-3	672	1,0	11	10	11,11
partial-2-repeat-3	677	1,0	11	10	11,11
partial-2-repeat-3	682	1,0	11	10	11,11
partial-2-repeat-3	687	1,0	11	10	11,11
partial-2-repeat-3	692	1,0	11	10	11,11
partial-2-repeat-3	697	1,0	11	10	11,11
partial-2-repeat-3	702	1,0	11	10	11,11
partial-2-repeat-3	707	1,0	11	10	11,11
partial-2-repeat-3	712	1,0	11	10	11,11
partial-2-repeat-3	717	1,0	11	10	11,11
partial-2-repeat-3	722	1,0	11	10	11,11
partial-2-repeat-3	727	1,0	11	10	11,11
partial-2-repeat-3	732	1,0	11	10	11,11
partial-2-repeat-3	737	1,0	11	10	11,11
partial-2-repeat-3	742	1,0	11	10	11,11
partial-2-repeat-3	747	1,0	11	10	11,11
partial-2-repeat-3	752	1,0	11	10	11,11
partial-2-repeat-3	757	1,0	11	10	11,11
partial-2-repeat-3	762	1,0	11	10	11,11
partial-2-repeat-3	767	1,0	11	10	11,11
partial-2-repeat-3	772	1,0	11	10	11,11
partial-2-repeat-3	777	1,0	11	10	11,11
partial-2-repeat-3	782	1,0	11	10	11,11
partial-2-repeat-3	787	1,0	11	10	11,11
partial-2-repeat-3	792	1,0	11	10	11,11
partial-2-repeat-3	797	1,0	11	10	11,11
partial-2-repeat-3	802	1,0	11	10	11,11
partial-2-repeat-3	807	1,0	11	10	11,11
partial-2-repeat-3	812	1,0	11	10	11,11
partial-2-repeat-3	817	1,0	11	10	11,11
partial-2-repeat-3	822	1,0	11	10	11,11
partial-2-repeat-3	827	1,0	11	10	11,11
partial-2-repeat-3	832	1,0	11	10	11,11
partial-2-repeat-3	837	1,0	11	10	11,11
partial-2-repeat-3	842	1,0	11	10	11,11
partial-2-repeat-3	847	1,0	11	10	11,11
partial-2-repeat-3	852	1,0	11	10	11,11
partial-2-repeat-3	857	1,0	11	10	11,11
partial-2-repeat-3	862	1,0	11	10	11,11
partial-2-repeat-3	867	1,0	11	10	11,11
partial-2-repeat-3	872	1,0	11	10	11,11
partial-2-repeat-3	877	1,0	11	10	11,11
partial-2-repeat-3	882	1,0	11	10	11,11
partial-2-repeat-3	887	1,0	11	10	11,11
partial-2-repeat-3	892	1,0	11	10	11,11
partial-2-repeat-3	897	1,0	11	10	11,11
partial-2-repeat-3	902	1,0	11	10	11,11
partial-2-repeat-3	907	1,0	11	10	11,11
partial-2-repeat-3	912	1,0	11	10	11,11
partial-2-repeat-3	917	1,0	11	10	11,11
partial-2-repeat-3	922	1,0	11	10	11,11
partial-2-repeat-3	927	1,0	11	10	11,11
partial-2-repeat-3	932	1,0	11	10	11,11
partial-2-repeat-3	937	1,0	11	10	11,11
partial-2-repeat-3	942	1,0	11	10	11,11
partial-2-repeat-3	947	1,0	11	10	11,11
partial-2-repeat-3	952	1,0	11	10	11,11
partial-2-repeat-3	957	1,0	11	10	11,11
partial-2-repeat-3	962	1,0	11	10	11,11
partial-2-repeat-3	967	1,0	11	10	11,11
partial-2-repeat-3	972	1,0	11	10	11,11
partial-2-repeat-3	977	1,0	11	10	11,11
partial-2-repeat-3	982	1,0	11	10	11,11
partial-2-repeat-3	987	1,0	11	10	11,11
partial-2-repeat-3	992	1,0	11	10	11,11
partial-2-repeat-3	997	1,0	11	10	11,11
partial-2-repeat-3	1002	1,0	11	10	11,11
partial-2-repeat-3	1007	1,0	11	10	11,11
partial-2-repeat-3	1012	1,0	11	10	11,11
partial-2-repeat-3	1017	1,0	11	10	11,11
partial-3-repeat-1	22	0,1,2	11	0	11,11,10
partial-3-repeat-1	27	0,1,2	11	0	11,10,11
partial-3-repeat-1	32	0,1,2	11	0	11,10,11
partial-3-repeat-1	37	0,1,2	11	0	10,11,11
partial-3-repeat-1	42	0,1,2	11	0	10,11,11
partial-3-repeat-1	47	0,1,2	11	0	11,10,11
partial-3-repeat-1	52	0,1,2	11	0	11,10,11
partial-3-repeat-1	57	0,1,2	11	0	10,11,11
partial-3-repeat-1	62	0,1,2	11	0	11,10,11
partial-3-repeat-1	67	0,1,2	11	0	11,10,11
partial-3-repeat-1	72	0,1,2	11	0	11,10,11
partial-3-repeat-1	77	0,1,2	11	0	11,11,10
partial-3-repeat-1	82	0,1,2	11	0	10,11,11
partial-3-repeat-1	87	0,1,2	11	0	11,11,10
partial-3-repeat-1	92	0,1,2	11	0	11,10,11
partial-3-repeat-1	97	0,1,2	11	0	10,11,11
partial-3-repeat-1	102	0,1,2	11	0	11,11,10
partial-3-repeat-1	107	0,1,2	11	0	10,11,11
partial-3-repeat-1	112	0,1,2	11	0	11,10,11
partial-3-repeat-1	117	0,1,2	11	0	11,11,10
partial-3-repeat-1	122	0,1,2	11	0	11,11,10
partial-3-repeat-1	127	0,1,2	11	0	10,11,11
partial-3-repeat-1	132	0,1,2	11	0	11,10,11
partial-3-repeat-1	137	0,1,2	11	0	10,11,11
partial-3-repeat-1	142	0,1,2	11	0	11,11,10
partial-3-repeat-1	147	0,1,2	11	0	10,11,11
partial-3-repeat-1	152	0,1,2	11	0	11,10,11
partial-3-repeat-1	157	0,1,2	11	0	11,10,11
partial-3-repeat-1	162	0,1,2	11	0	11,11,10
partial-3-repeat-1	167	0,1,2	11	0	11,10,11
partial-3-repeat-1	172	0,1,2	11	0	11,10,11
partial-3-repeat-1	177	0,1,2	11	0	10,11,11
partial-3-repeat-1	182	0,1,2	11	0	11,10,11
partial-3-repeat-1	187	0,1,2	11	0	11,11,10
partial-3-repeat-1	192	0,1,2	11	0	11,10,11
partial-3-repeat-1	197	0,1,2	11	0	11,10,11
partial-3-repeat-1	202	0,1,2	11	0	11,10,11
partial-3-repeat-1	207	0,1,2	11	0	11,10,11
partial-3-repeat-1	212	0,1,2	11	0	11,10,11
partial-3-repeat-1	217	0,1,2	11	0	10,11,11
partial-3-repeat-1	222	0,1,2	11	0	11,11,10
partial-3-repeat-1	227	0,1,2	11	0	11,10,11
partial-3-repeat-1	232	0,1,2	11	0	11,10,11
partial-3-repeat-1	237	0,1,2	11	0	11,10,11
partial-3-repeat-1	242	0,1,2	11	0	11,10,11
partial-3-repeat-1	247	0,1,2	11	0	11,11,10
partial-3-repeat-1	252	0,1,2	11	0	11,10,11
partial-3-repeat-1	257	0,1,2	11	0	10,11,11
partial-3-repeat-1	262	0,1,2	11	0	10,11,11
partial-3-repeat-1	267	0,1,2	11	0	11,10,11
partial-3-repeat-1	272	0,1,2	11	0	11,10,11
partial-3-repeat-1	277	0,1,2	11	0	11,11,10
partial-3-repeat-1	282	0,1,2	11	0	10,11,11
partial-3-repeat-1	287	0,1,2	11	0	10,11,11
partial-3-repeat-1	292	0,1,2	11	0	11,10,11
partial-3-repeat-1	297	0,1,2	11	0	10,11,11
partial-3-repeat-1	302	0,1,2	11	0	10,11,11
partial-3-repeat-1	307	0,1,2	11	0	10,11,11
partial-3-repeat-1	312	0,1,2	11	0	11,10,11
partial-3-repeat-1	317	0,1,2	11	0	10,11,11
partial-3-repeat-1	322	0,1,2	11	0	11,10,11
partial-3-repeat-1	327	0,1,2	11	0	10,11,11
partial-3-repeat-1	332	0,1,2	11	0	11,10,11
partial-3-repeat-1	337	0,1,2	11	0	11,11,10
partial-3-repeat-1	342	0,1,2	11	0	11,11,10
partial-3-repeat-1	347	0,1,2	11	0	11,11,10
partial-3-repeat-1	352	0,1,2	11	0	11,10,11
partial-3-repeat-1	357	0,1,2	11	0	11,11,10
partial-3-repeat-1	362	0,1,2	11	0	11,10,11
partial-3-repeat-1	367	0,1,2	11	0	11,11,10
partial-3-repeat-1	372	0,1,2	11	0	11,10,11
partial-3-repeat-1	377	0,1,2	11	0	11,11,10
partial-3-repeat-1	382	0,1,2	11	0	10,11,11
partial-3-repeat-1	387	0,1,2	11	0	11,10,11
partial-3-repeat-1	392	0,1,2	11	0	11,10,11
partial-3-repeat-1	397	0,1,2	11	0	11,10,11
partial-3-repeat-1	402	0,1,2	11	0	11,10,11
partial-3-repeat-1	407	0,1,2	11	0	11,10,11
partial-3-repeat-1	412	0,1,2	11	0	11,10,11
partial-3-repeat-1	417	0,1,2	11	0	10,11,11
partial-3-repeat-1	422	0,1,2	11	0	10,11,11
partial-3-repeat-1	427	0,1,2	11	0	10,11,11
partial-3-repeat-1	432	0,1,2	11	0	11,10,11
partial-3-repeat-1	437	0,1,2	11	0	11,11,10
partial-3-repeat-1	442	0,1,2	11	0	11,11,10
partial-3-repeat-1	447	0,1,2	11	0	10,11,11
partial-3-repeat-1	452	0,1,2	11	0	11,10,11
partial-3-repeat-1	457	0,1,2	11	0	10,11,11
partial-3-repeat-1	462	0,1,2	11	0	11,10,11
partial-3-repeat-1	467	0,1,2	11	0	10,11,11
partial-3-repeat-1	472	0,1,2	11	0	11,10,11
partial-3-repeat-1	477	0,1,2	11	0	11,10,11
partial-3-repeat-1	482	0,1,2	11	0	11,11,10
partial-3-repeat-1	487	0,1,2	11	0	10,11,11
partial-3-repeat-1	492	0,1,2	11	0	11,10,11
partial-3-repeat-1	497	0,1,2	11	0	11,11,10
partial-3-repeat-1	502	0,1,2	11	0	11,10,11
partial-3-repeat-1	507	0,1,2	11	0	11,10,11
partial-3-repeat-1	512	0,1,2	11	0	11,10,11
partial-3-repeat-1	517	0,1,2	11	0	11,11,10
partial-3-repeat-1	522	0,1,2	11	0	11,11,10
partial-3-repeat-1	527	0,1,2	11	0	10,11,11
partial-3-repeat-1	532	0,1,2	11	0	11,10,11
partial-3-repeat-1	537	0,1,2	11	0	11,11,10
partial-3-repeat-1	542	0,1,2	11	0	11,10,11
partial-3-repeat-1	547	0,1,2	11	0	11,11,10
partial-3-repeat-1	552	0,1,2	11	0	11,10,11
partial-3-repeat-1	557	0,1,2	11	0	11,10,11
partial-3-repeat-1	562	0,1,2	11	0	11,10,11
partial-3-repeat-1	567	0,1,2	11	0	11,11,10
partial-3-repeat-1	572	0,1,2	11	0	11,10,11
partial-3-repeat-1	577	0,1,2	11	0	11,10,11
partial-3-repeat-1	582	0,1,2	11	0	11,10,11
partial-3-repeat-1	587	0,1,2	11	0	11,10,11
partial-3-repeat-1	592	0,1,2	11	0	11,10,11
partial-3-repeat-1	597	0,1,2	11	0	10,11,11
partial-3-repeat-1	602	0,1,2	11	0	10,11,11
partial-3-repeat-1	607	0,1,2	11	0	10,11,11
partial-3-repeat-1	612	0,1,2	11	0	11,10,11
partial-3-repeat-1	617	0,1,2	11	0	11,11,10
partial-3-repeat-1	622	0,1,2	11	0	10,11,11
partial-3-repeat-1	627	0,1,2	11	0	11,11,10
partial-3-repeat-1	632	0,1,2	11	0	11,10,11
partial-3-repeat-1	637	0,1,2	11	0	11,10,11
partial-3-repeat-1	642	0,1,2	11	0	10,11,11
partial-3-repeat-1	647	0,1,2	11	0	11,11,10
partial-3-repeat-1	652	0,1,2	11	0	11,10,11
partial-3-repeat-1	657	0,1,2	11	0	10,11,11
partial-3-repeat-1	662	0,1,2	11	0	11,10,11
partial-3-repeat-1	667	0,1,2	11	0	11,11,10
partial-3-repeat-1	672	0,1,2	11	0	11,10,11
partial-3-repeat-1	677	0,1,2	11	0	11,10,11
partial-3-repeat-1	682	0,1,2	11	0	10,11,11
partial-3-repeat-1	687	0,1,2	11	0	11,10,11
partial-3-repeat-1	692	0,1,2	11	0	11,10,11
partial-3-repeat-1	697	0,1,2	11	0	10,11,11
partial-3-repeat-1	702	0,1,2	11	0	10,11,11
partial-3-repeat-1	707	0,1,2	11	0	11,11,10
partial-3-repeat-1	712	0,1,2	11	0	11,10,11
partial-3-repeat-1	717	0,1,2	11	0	10,11,11
partial-3-repeat-1	722	0,1,2	11	0	11,10,11
partial-3-repeat-1	727	0,1,2	11	0	10,11,11
partial-3-repeat-1	732	0,1,2	11	0	11,10,11
partial-3-repeat-1	737	0,1,2	11	0	10,11,11
partial-3-repeat-1	742	0,1,2	11	0	11,11,10
partial-3-repeat-1	747	0,1,2	11	0	10,11,11
partial-3-repeat-1	752	0,1,2	11	0	11,10,11
partial-3-repeat-1	757	0,1,2	11	0	10,11,11
partial-3-repeat-1	762	0,1,2	11	0	11,11,10
partial-3-repeat-1	767	0,1,2	11	0	11,10,11
partial-3-repeat-1	772	0,1,2	11	0	11,10,11
partial-3-repeat-1	777	0,1,2	11	0	11,11,10
partial-3-repeat-1	782	0,1,2	11	0	11,10,11
partial-3-repeat-1	787	0,1,2	11	0	10,11,11
partial-3-repeat-1	792	0,1,2	11	0	11,10,11
partial-3-repeat-1	797	0,1,2	11	0	11,10,11
partial-3-repeat-1	802	0,1,2	11	0	11,11,10
partial-3-repeat-1	807	0,1,2	11	0	11,10,11
partial-3-repeat-1	812	0,1,2	11	0	11,10,11
partial-3-repeat-1	817	0,1,2	11	0	11,11,10
partial-3-repeat-1	822	0,1,2	11	0	11,11,10
partial-3-repeat-1	827	0,1,2	11	0	11,10,11
partial-3-repeat-1	832	0,1,2	11	0	11,10,11
partial-3-repeat-1	837	0,1,2	11	0	11,11,10
partial-3-repeat-1	842	0,1,2	11	0	11,11,10
partial-3-repeat-1	847	0,1,2	11	0	10,11,11
partial-3-repeat-1	852	0,1,2	11	0	11,10,11
partial-3-repeat-1	857	0,1,2	11	0	11,11,10
partial-3-repeat-1	862	0,1,2	11	0	11,11,10
partial-3-repeat-1	867	0,1,2	11	0	11,11,10
partial-3-repeat-1	872	0,1,2	11	0	11,10,11
partial-3-repeat-1	877	0,1,2	11	0	11,10,11
partial-3-repeat-1	882	0,1,2	11	0	10,11,11
partial-3-repeat-1	887	0,1,2	11	0	11,11,10
partial-3-repeat-1	892	0,1,2	11	0	11,10,11
partial-3-repeat-1	897	0,1,2	11	0	10,11,11
partial-3-repeat-1	902	0,1,2	11	0	10,11,11
partial-3-repeat-1	907	0,1,2	11	0	10,11,11
partial-3-repeat-1	912	0,1,2	11	0	11,10,11
partial-3-repeat-1	917	0,1,2	11	0	11,11,10
partial-3-repeat-1	922	0,1,2	11	0	10,11,11
partial-3-repeat-1	927	0,1,2	11	0	11,11,10
partial-3-repeat-1	932	0,1,2	11	0	11,10,11
partial-3-repeat-1	937	0,1,2	11	0	11,10,11
partial-3-repeat-1	942	0,1,2	11	0	10,11,11
partial-3-repeat-1	947	0,1,2	11	0	10,11,11
partial-3-repeat-1	952	0,1,2	11	0	11,10,11
partial-3-repeat-1	957	0,1,2	11	0	11,11,10
partial-3-repeat-1	962	0,1,2	11	0	11,11,10
partial-3-repeat-1	967	0,1,2	11	0	11,11,10
partial-3-repeat-1	972	0,1,2	11	0	11,10,11
partial-3-repeat-1	977	0,1,2	11	0	11,10,11
partial-3-repeat-1	982	0,1,2	11	0	11,10,11
partial-3-repeat-1	987	0,1,2	11	0	11,11,10
partial-3-repeat-1	992	0,1,2	11	0	11,10,11
partial-3-repeat-1	997	0,1,2	11	0	10,11,11
partial-3-repeat-1	1002	0,1,2	11	0	11,11,10
partial-3-repeat-1	1007	0,1,2	11	0	11,11,10
partial-3-repeat-1	1012	0,1,2	11	0	11,10,11
partial-3-repeat-1	1017	0,1,2	11	0	11,11,10
partial-3-repeat-2	22	2,1,0	11	0	11,10,11
partial-3-repeat-2	27	2,1,0	11	0	11,11,10
partial-3-repeat-2	32	2,1,0	11	0	11,10,11
partial-3-repeat-2	37	2,1,0	11	0	10,11,11
partial-3-repeat-2	42	2,1,0	11	0	10,11,11
partial-3-repeat-2	47	2,1,0	11	0	11,10,11
partial-3-repeat-2	52	2,1,0	11	0	11,10,11
partial-3-repeat-2	57	2,1,0	11	0	11,11,10
partial-3-repeat-2	62	2,1,0	11	0	10,11,11
partial-3-repeat-2	67	2,1,0	11	0	11,10,11
partial-3-repeat-2	72	2,1,0	11	0	11,10,11
partial-3-repeat-2	77	2,1,0	11	0	11,10,11
partial-3-repeat-2	82	2,1,0	11	0	11,11,10
partial-3-repeat-2	87	2,1,0	11	0	11,11,10
partial-3-repeat-2	92	2,1,0	11	0	11,10,11
partial-3-repeat-2	97	2,1,0	11	0	11,10,11
partial-3-repeat-2	102	2,1,0	11	0	11,10,11
partial-3-repeat-2	107	2,1,0	11	0	11,10,11
partial-3-repeat-2	112	2,1,0	11	0	11,10,11
partial-3-repeat-2	117	2,1,0	11	0	10,11,11
partial-3-repeat-2	122	2,1,0	11	0	11,10,11
partial-3-repeat-2	127	2,1,0	11	0	11,11,10
partial-3-repeat-2	132	2,1,0	11	0	11,10,11
partial-3-repeat-2	137	2,1,0	11	0	11,10,11
partial-3-repeat-2	142	2,1,0	11	0	11,11,10
partial-3-repeat-2	147	2,1,0	11	0	11,10,11
partial-3-repeat-2	152	2,1,0	11	0	11,10,11
partial-3-repeat-2	157	2,1,0	11	0	10,11,11
partial-3-repeat-2	162	2,1,0	11	0	10,11,11
partial-3-repeat-2	167	2,1,0	11	0	11,10,11
partial-3-repeat-2	172	2,1,0	11	0	11,10,11
partial-3-repeat-2	177	2,1,0	11	0	11,11,10
partial-3-repeat-2	182	2,1,0	11	0	11,10,11
partial-3-repeat-2	187	2,1,0	11	0	10,11,11
partial-3-repeat-2	192	2,1,0	11	0	11,10,11
partial-3-repeat-2	197	2,1,0	11	0	11,10,11
partial-3-repeat-2	202	2,1,0	11	0	10,11,11
partial-3-repeat-2	207	2,1,0	11	0	11,11,10
partial-3-repeat-2	212	2,1,0	11	0	11,10,11
partial-3-repeat-2	217	2,1,0	11	0	11,11,10
partial-3-repeat-2	222	2,1,0	11	0	10,11,11
partial-3-repeat-2	227	2,1,0	11	0	11,10,11
partial-3-repeat-2	232	2,1,0	11	0	11,10,11
partial-3-repeat-2	237	2,1,0	11	0	11,11,10
partial-3-repeat-2	242	2,1,0	11	0	11,11,10
partial-3-repeat-2	247	2,1,0	11	0	11,10,11
partial-3-repeat-2	252	2,1,0	11	0	11,10,11
partial-3-repeat-2	257	2,1,0	11	0	11,11,10
partial-3-repeat-2	262	2,1,0	11	0	10,11,11
partial-3-repeat-2	267	2,1,0	11	0	11,10,11
partial-3-repeat-2	272	2,1,0	11	0	11,10,11
partial-3-repeat-2	277	2,1,0	11	0	10,11,11
partial-3-repeat-2	282	2,1,0	11	0	11,11,10
partial-3-repeat-2	287	2,1,0	11	0	10,11,11
partial-3-repeat-2	292	2,1,0	11	0	11,10,11
partial-3-repeat-2	297	2,1,0	11	0	11,11,10
partial-3-repeat-2	302	2,1,0	11	0	11,11,10
partial-3-repeat-2	307	2,1,0	11	0	10,11,11
partial-3-repeat-2	312	2,1,0	11	0	11,10,11
partial-3-repeat-2	317	2,1,0	11	0	11,10,11
partial-3-repeat-2	322	2,1,0	11	0	11,11,10
partial-3-repeat-2	327	2,1,0	11	0	11,10,11
partial-3-repeat-2	332	2,1,0	11	0	11,10,11
partial-3-repeat-2	337	2,1,0	11	0	11,11,10
partial-3-repeat-2	342	2,1,0	11	0	10,11,11
partial-3-repeat-2	347	2,1,0	11	0	11,10,11
partial-3-repeat-2	352	2,1,0	11	0	11,10,11
partial-3-repeat-2	357	2,1,0	11	0	11,11,10
partial-3-repeat-2	362	2,1,0	11	0	11,11,10
partial-3-repeat-2	367	2,1,0	11	0	11,11,10
partial-3-repeat-2	372	2,1,0	11	0	11,10,11
partial-3-repeat-2	377	2,1,0	11	0	11,10,11
partial-3-repeat-2	382	2,1,0	11	0	10,11,11
partial-3-repeat-2	387	2,1,0	11	0	11,10,11
partial-3-repeat-2	392	2,1,0	11	0	11,10,11
partial-3-repeat-2	397	2,1,0	11	0	10,11,11
partial-3-repeat-2	402	2,1,0	11	0	11,10,11
partial-3-repeat-2	407	2,1,0	11	0	10,11,11
partial-3-repeat-2	412	2,1,0	11	0	11,10,11
partial-3-repeat-2	417	2,1,0	11	0	10,11,11
partial-3-repeat-2	422	2,1,0	11	0	10,11,11
partial-3-repeat-2	427	2,1,0	11	0	10,11,11
partial-3-repeat-2	432	2,1,0	11	0	11,10,11
partial-3-repeat-2	437	2,1,0	11	0	11,10,11
partial-3-repeat-2	442	2,1,0	11	0	10,11,11
partial-3-repeat-2	447	2,1,0	11	0	11,11,10
partial-3-repeat-2	452	2,1,0	11	0	11,10,11
partial-3-repeat-2	457	2,1,0	11	0	11,10,11
partial-3-repeat-2	462	2,1,0	11	0	10,11,11
partial-3-repeat-2	467	2,1,0	11	0	11,10,11
partial-3-repeat-2	472	2,1,0	11	0	11,10,11
partial-3-repeat-2	477	2,1,0	11	0	11,10,11
partial-3-repeat-2	482	2,1,0	11	0	11,10,11
partial-3-repeat-2	487	2,1,0	11	0	11,11,10
partial-3-repeat-2	492	2,1,0	11	0	11,10,11
partial-3-repeat-2	497	2,1,0	11	0	11,10,11
partial-3-repeat-2	502	2,1,0	11	0	10,11,11
partial-3-repeat-2	507	2,1,0	11	0	11,11,10
partial-3-repeat-2	512	2,1,0	11	0	11,10,11
partial-3-repeat-2	517	2,1,0	11	0	10,11,11
partial-3-repeat-2	522	2,1,0	11	0	10,11,11
partial-3-repeat-2	527	2,1,0	11	0	10,11,11
partial-3-repeat-2	532	2,1,0	11	0	11,10,11
partial-3-repeat-2	537	2,1,0	11	0	11,11,10
partial-3-repeat-2	542	2,1,0	11	0	10,11,11
partial-3-repeat-2	547	2,1,0	11	0	11,10,11
partial-3-repeat-2	552	2,1,0	11	0	11,10,11
partial-3-repeat-2	557	2,1,0	11	0	10,11,11
partial-3-repeat-2	562	2,1,0	11	0	11,11,10
partial-3-repeat-2	567	2,1,0	11	0	11,11,10
partial-3-repeat-2	572	2,1,0	11	0	11,10,11
partial-3-repeat-2	577	2,1,0	11	0	10,11,11
partial-3-repeat-2	582	2,1,0	11	0	11,10,11
partial-3-repeat-2	587	2,1,0	11	0	11,10,11
partial-3-repeat-2	592	2,1,0	11	0	11,10,11
partial-3-repeat-2	597	2,1,0	11	0	11,11,10
partial-3-repeat-2	602	2,1,0	11	0	11,11,10
partial-3-repeat-2	607	2,1,0	11	0	11,11,10
partial-3-repeat-2	612	2,1,0	11	0	11,10,11
partial-3-repeat-2	617	2,1,0	11	0	11,11,10
partial-3-repeat-2	622	2,1,0	11	0	10,11,11
partial-3-repeat-2	627	2,1,0	11	0	11,11,10
partial-3-repeat-2	632	2,1,0	11	0	11,10,11
partial-3-repeat-2	637	2,1,0	11	0	11,11,10
partial-3-repeat-2	642	2,1,0	11	0	10,11,11
partial-3-repeat-2	647	2,1,0	11	0	10,11,11
partial-3-repeat-2	652	2,1,0	11	0	11,10,11
partial-3-repeat-2	657	2,1,0	11	0	11,10,11
partial-3-repeat-2	662	2,1,0	11	0	11,10,11
partial-3-repeat-2	667	2,1,0	11	0	10,11,11
partial-3-repeat-2	672	2,1,0	11	0	11,10,11
partial-3-repeat-2	677	2,1,0	11	0	11,10,11
partial-3-repeat-2	682	2,1,0	11	0	10,11,11
partial-3-repeat-2	687	2,1,0	11	0	11,10,11
partial-3-repeat-2	692	2,1,0	11	0	11,10,11
partial-3-repeat-2	697	2,1,0	11	0	10,11,11
partial-3-repeat-2	702	2,1,0	11	0	10,11,11
partial-3-repeat-2	707	2,1,0	11	0	11,11,10
partial-3-repeat-2	712	2,1,0	11	0	11,10,11
partial-3-repeat-2	717	2,1,0	11	0	11,11,10
partial-3-repeat-2	722	2,1,0	11	0	11,11,10
partial-3-repeat-2	727	2,1,0	11	0	11,10,11
partial-3-repeat-2	732	2,1,0	11	0	11,10,11
partial-3-repeat-2	737	2,1,0	11	0	10,11,11
partial-3-repeat-2	742	2,1,0	11	0	10,11,11
partial-3-repeat-2	747	2,1,0	11	0	11,10,11
partial-3-repeat-2	752	2,1,0	11	0	11,10,11
partial-3-repeat-2	757	2,1,0	11	0	11,10,11
partial-3-repeat-2	762	2,1,0	11	0	10,11,11
partial-3-repeat-2	767	2,1,0	11	0	11,10,11
partial-3-repeat-2	772	2,1,0	11	0	11,10,11
partial-3-repeat-2	777	2,1,0	11	0	10,11,11
partial-3-repeat-2	782	2,1,0	11	0	11,11,10
partial-3-repeat-2	787	2,1,0	11	0	11,11,10
partial-3-repeat-2	792	2,1,0	11	0	11,10,11
partial-3-repeat-2	797	2,1,0	11	0	10,11,11
partial-3-repeat-2	802	2,1,0	11	0	11,11,10
partial-3-repeat-2	807	2,1,0	11	0	11,10,11
partial-3-repeat-2	812	2,1,0	11	0	11,10,11
partial-3-repeat-2	817	2,1,0	11	0	11,11,10
partial-3-repeat-2	822	2,1,0	11	0	11,11,10
partial-3-repeat-2	827	2,1,0	11	0	11,10,11
partial-3-repeat-2	832	2,1,0	11	0	11,10,11
partial-3-repeat-2	837	2,1,0	11	0	11,11,10
partial-3-repeat-2	842	2,1,0	11	0	11,11,10
partial-3-repeat-2	847	2,1,0	11	0	11,10,11
partial-3-repeat-2	852	2,1,0	11	0	11,10,11
partial-3-repeat-2	857	2,1,0	11	0	11,10,11
partial-3-repeat-2	862	2,1,0	11	0	10,11,11
partial-3-repeat-2	867	2,1,0	11	0	11,10,11
partial-3-repeat-2	872	2,1,0	11	0	11,10,11
partial-3-repeat-2	877	2,1,0	11	0	11,10,11
partial-3-repeat-2	882	2,1,0	11	0	10,11,11
partial-3-repeat-2	887	2,1,0	11	0	10,11,11
partial-3-repeat-2	892	2,1,0	11	0	11,10,11
partial-3-repeat-2	897	2,1,0	11	0	10,11,11
partial-3-repeat-2	902	2,1,0	11	0	11,10,11
partial-3-repeat-2	907	2,1,0	11	0	10,11,11
partial-3-repeat-2	912	2,1,0	11	0	11,10,11
partial-3-repeat-2	917	2,1,0	11	0	10,11,11
partial-3-repeat-2	922	2,1,0	11	0	10,11,11
partial-3-repeat-2	927	2,1,0	11	0	11,10,11
partial-3-repeat-2	932	2,1,0	11	0	11,10,11
partial-3-repeat-2	937	2,1,0	11	0	11,11,10
partial-3-repeat-2	942	2,1,0	11	0	11,11,10
partial-3-repeat-2	947	2,1,0	11	0	10,11,11
partial-3-repeat-2	952	2,1,0	11	0	11,10,11
partial-3-repeat-2	957	2,1,0	11	0	11,10,11
partial-3-repeat-2	962	2,1,0	11	0	11,10,11
partial-3-repeat-2	967	2,1,0	11	0	10,11,11
partial-3-repeat-2	972	2,1,0	11	0	11,10,11
partial-3-repeat-2	977	2,1,0	11	0	11,11,10
partial-3-repeat-2	982	2,1,0	11	0	10,11,11
partial-3-repeat-2	987	2,1,0	11	0	10,11,11
partial-3-repeat-2	992	2,1,0	11	0	11,10,11
partial-3-repeat-2	997	2,1,0	11	0	10,11,11
partial-3-repeat-2	1002	2,1,0	11	0	11,10,11
partial-3-repeat-2	1007	2,1,0	11	0	11,11,10
partial-3-repeat-2	1012	2,1,0	11	0	11,10,11
partial-3-repeat-2	1017	2,1,0	11	0	10,11,11
partial-3-repeat-3	22	1,2,0	11	0	11,10,11
partial-3-repeat-3	27	1,2,0	11	0	10,11,11
partial-3-repeat-3	32	1,2,0	11	0	11,11,10
partial-3-repeat-3	37	1,2,0	11	0	11,11,10
partial-3-repeat-3	42	1,2,0	11	0	11,10,11
partial-3-repeat-3	47	1,2,0	11	0	11,11,10
partial-3-repeat-3	52	1,2,0	11	0	11,11,10
partial-3-repeat-3	57	1,2,0	11	0	11,10,11
partial-3-repeat-3	62	1,2,0	11	0	10,11,11
partial-3-repeat-3	67	1,2,0	11	0	11,10,11
partial-3-repeat-3	72	1,2,0	11	0	11,11,10
partial-3-repeat-3	77	1,2,0	11	0	11,10,11
partial-3-repeat-3	82	1,2,0	11	0	10,11,11
partial-3-repeat-3	87	1,2,0	11	0	11,10,11
partial-3-repeat-3	92	1,2,0	11	0	11,11,10
partial-3-repeat-3	97	1,2,0	11	0	11,11,10
partial-3-repeat-3	102	1,2,0	11	0	10,11,11
partial-3-repeat-3	107	1,2,0	11	0	11,11,10
partial-3-repeat-3	112	1,2,0	11	0	11,11,10
partial-3-repeat-3	117	1,2,0	11	0	11,10,11
partial-3-repeat-3	122	1,2,0	11	0	10,11,11
partial-3-repeat-3	127	1,2,0	11	0	11,10,11
partial-3-repeat-3	132	1,2,0	11	0	11,11,10
partial-3-repeat-3	137	1,2,0	11	0	10,11,11
partial-3-repeat-3	142	1,2,0	11	0	11,11,10
partial-3-repeat-3	147	1,2,0	11	0	10,11,11
partial-3-repeat-3	152	1,2,0	11	0	11,11,10
partial-3-repeat-3	157	1,2,0	11	0	11,11,10
partial-3-repeat-3	162	1,2,0	11	0	11,10,11
partial-3-repeat-3	167	1,2,0	11	0	10,11,11
partial-3-repeat-3	172	1,2,0	11	0	11,11,10
partial-3-repeat-3	177	1,2,0	11	0	10,11,11
partial-3-repeat-3	182	1,2,0	11	0	11,11,10
partial-3-repeat-3	187	1,2,0	11	0	10,11,11
partial-3-repeat-3	192	1,2,0	11	0	11,11,10
partial-3-repeat-3	197	1,2,0	11	0	11,11,10
partial-3-repeat-3	202	1,2,0	11	0	11,11,10
partial-3-repeat-3	207	1,2,0	11	0	11,11,10
partial-3-repeat-3	212	1,2,0	11	0	11,11,10
partial-3-repeat-3	217	1,2,0	11	0	10,11,11
partial-3-repeat-3	222	1,2,0	11	0	10,11,11
partial-3-repeat-3	227	1,2,0	11	0	10,11,11
partial-3-repeat-3	232	1,2,0	11	0	11,11,10
partial-3-repeat-3	237	1,2,0	11	0	11,10,11
partial-3-repeat-3	242	1,2,0	11	0	11,11,10
partial-3-repeat-3	247	1,2,0	11	0	11,10,11
partial-3-repeat-3	252	1,2,0	11	0	11,11,10
partial-3-repeat-3	257	1,2,0	11	0	10,11,11
partial-3-repeat-3	262	1,2,0	11	0	11,10,11
partial-3-repeat-3	267	1,2,0	11	0	11,10,11
partial-3-repeat-3	272	1,2,0	11	0	11,11,10
partial-3-repeat-3	277	1,2,0	11	0	11,11,10
partial-3-repeat-3	282	1,2,0	11	0	10,11,11
partial-3-repeat-3	287	1,2,0	11	0	11,10,11
partial-3-repeat-3	292	1,2,0	11	0	11,11,10
partial-3-repeat-3	297	1,2,0	11	0	11,10,11
partial-3-repeat-3	302	1,2,0	11	0	11,10,11
partial-3-repeat-3	307	1,2,0	11	0	11,11,10
partial-3-repeat-3	312	1,2,0	11	0	11,11,10
partial-3-repeat-3	317	1,2,0	11	0	10,11,11
partial-3-repeat-3	322	1,2,0	11	0	11,10,11
partial-3-repeat-3	327	1,2,0	11	0	10,11,11
partial-3-repeat-3	332	1,2,0	11	0	11,11,10
partial-3-repeat-3	337	1,2,0	11	0	11,11,10
partial-3-repeat-3	342	1,2,0	11	0	11,10,11
partial-3-repeat-3	347	1,2,0	11	0	11,10,11
partial-3-repeat-3	352	1,2,0	11	0	11,11,10
partial-3-repeat-3	357	1,2,0	11	0	11,10,11
partial-3-repeat-3	362	1,2,0	11	0	10,11,11
partial-3-repeat-3	367	1,2,0	11	0	11,10,11
partial-3-repeat-3	372	1,2,0	11	0	11,11,10
partial-3-repeat-3	377	1,2,0	11	0	11,11,10
partial-3-repeat-3	382	1,2,0	11	0	10,11,11
partial-3-repeat-3	387	1,2,0	11	0	11,10,11
partial-3-repeat-3	392	1,2,0	11	0	11,11,10
partial-3-repeat-3	397	1,2,0	11	0	11,11,10
partial-3-repeat-3	402	1,2,0	11	0	11,10,11
partial-3-repeat-3	407	1,2,0	11	0	10,11,11
partial-3-repeat-3	412	1,2,0	11	0	11,11,10
partial-3-repeat-3	417	1,2,0	11	0	10,11,11
partial-3-repeat-3	422	1,2,0	11	0	11,11,10
partial-3-repeat-3	427	1,2,0	11	0	11,10,11
partial-3-repeat-3	432	1,2,0	11	0	11,11,10
partial-3-repeat-3	437	1,2,0	11	0	11,10,11
partial-3-repeat-3	442	1,2,0	11	0	11,11,10
partial-3-repeat-3	447	1,2,0	11	0	11,10,11
partial-3-repeat-3	452	1,2,0	11	0	11,11,10
partial-3-repeat-3	457	1,2,0	11	0	10,11,11
partial-3-repeat-3	462	1,2,0	11	0	10,11,11
partial-3-repeat-3	467	1,2,0	11	0	11,10,11
partial-3-repeat-3	472	1,2,0	11	0	11,11,10
partial-3-repeat-3	477	1,2,0	11	0	11,10,11
partial-3-repeat-3	482	1,2,0	11	0	10,11,11
partial-3-repeat-3	487	1,2,0	11	0	10,11,11
partial-3-repeat-3	492	1,2,0	11	0	11,11,10
partial-3-repeat-3	497	1,2,0	11	0	10,11,11
partial-3-repeat-3	502	1,2,0	11	0	11,10,11
partial-3-repeat-3	507	1,2,0	11	0	11,11,10
partial-3-repeat-3	512	1,2,0	11	0	11,11,10
partial-3-repeat-3	517	1,2,0	11	0	10,11,11
partial-3-repeat-3	522	1,2,0	11	0	11,10,11
partial-3-repeat-3	527	1,2,0	11	0	10,11,11
partial-3-repeat-3	532	1,2,0	11	0	11,11,10
partial-3-repeat-3	537	1,2,0	11	0	10,11,11
partial-3-repeat-3	542	1,2,0	11	0	11,11,10
partial-3-repeat-3	547	1,2,0	11	0	10,11,11
partial-3-repeat-3	552	1,2,0	11	0	11,11,10
partial-3-repeat-3	557	1,2,0	11	0	11,11,10
partial-3-repeat-3	562	1,2,0	11	0	11,10,11
partial-3-repeat-3	567	1,2,0	11	0	11,11,10
partial-3-repeat-3	572	1,2,0	11	0	11,11,10
partial-3-repeat-3	577	1,2,0	11	0	11,11,10
partial-3-repeat-3	582	1,2,0	11	0	10,11,11
partial-3-repeat-3	587	1,2,0	11	0	10,11,11
partial-3-repeat-3	592	1,2,0	11	0	11,11,10
partial-3-repeat-3	597	1,2,0	11	0	11,10,11
partial-3-repeat-3	602	1,2,0	11	0	11,11,10
partial-3-repeat-3	607	1,2,0	11	0	11,11,10
partial-3-repeat-3	612	1,2,0	11	0	11,11,10
partial-3-repeat-3	617	1,2,0	11	0	11,10,11
partial-3-repeat-3	622	1,2,0	11	0	11,11,10
partial-3-repeat-3	627	1,2,0	11	0	11,11,10
partial-3-repeat-3	632	1,2,0	11	0	11,11,10
partial-3-repeat-3	637	1,2,0	11	0	10,11,11
partial-3-repeat-3	642	1,2,0	11	0	11,10,11
partial-3-repeat-3	647	1,2,0	11	0	11,10,11
partial-3-repeat-3	652	1,2,0	11	0	11,11,10
partial-3-repeat-3	657	1,2,0	11	0	11,11,10
partial-3-repeat-3	662	1,2,0	11	0	11,11,10
partial-3-repeat-3	667	1,2,0	11	0	10,11,11
partial-3-repeat-3	672	1,2,0	11	0	11,11,10
partial-3-repeat-3	677	1,2,0	11	0	11,10,11
partial-3-repeat-3	682	1,2,0	11	0	10,11,11
partial-3-repeat-3	687	1,2,0	11	0	11,10,11
partial-3-repeat-3	692	1,2,0	11	0	11,11,10
partial-3-repeat-3	697	1,2,0	11	0	11,10,11
partial-3-repeat-3	702	1,2,0	11	0	11,10,11
partial-3-repeat-3	707	1,2,0	11	0	11,11,10
partial-3-repeat-3	712	1,2,0	11	0	11,11,10
partial-3-repeat-3	717	1,2,0	11	0	11,10,11
partial-3-repeat-3	722	1,2,0	11	0	10,11,11
partial-3-repeat-3	727	1,2,0	11	0	10,11,11
partial-3-repeat-3	732	1,2,0	11	0	11,11,10
partial-3-repeat-3	737	1,2,0	11	0	11,10,11
partial-3-repeat-3	742	1,2,0	11	0	10,11,11
partial-3-repeat-3	747	1,2,0	11	0	11,11,10
partial-3-repeat-3	752	1,2,0	11	0	11,11,10
partial-3-repeat-3	757	1,2,0	11	0	10,11,11
partial-3-repeat-3	762	1,2,0	11	0	10,11,11
partial-3-repeat-3	767	1,2,0	11	0	11,10,11
partial-3-repeat-3	772	1,2,0	11	0	11,11,10
partial-3-repeat-3	777	1,2,0	11	0	11,11,10
partial-3-repeat-3	782	1,2,0	11	0	11,11,10
partial-3-repeat-3	787	1,2,0	11	0	10,11,11
partial-3-repeat-3	792	1,2,0	11	0	11,11,10
partial-3-repeat-3	797	1,2,0	11	0	10,11,11
partial-3-repeat-3	802	1,2,0	11	0	11,10,11
partial-3-repeat-3	807	1,2,0	11	0	11,11,10
partial-3-repeat-3	812	1,2,0	11	0	11,11,10
partial-3-repeat-3	817	1,2,0	11	0	11,10,11
partial-3-repeat-3	822	1,2,0	11	0	11,11,10
partial-3-repeat-3	827	1,2,0	11	0	11,11,10
partial-3-repeat-3	832	1,2,0	11	0	11,11,10
partial-3-repeat-3	837	1,2,0	11	0	11,10,11
partial-3-repeat-3	842	1,2,0	11	0	10,11,11
partial-3-repeat-3	847	1,2,0	11	0	10,11,11
partial-3-repeat-3	852	1,2,0	11	0	11,11,10
partial-3-repeat-3	857	1,2,0	11	0	10,11,11
partial-3-repeat-3	862	1,2,0	11	0	10,11,11
partial-3-repeat-3	867	1,2,0	11	0	11,11,10
partial-3-repeat-3	872	1,2,0	11	0	11,11,10
partial-3-repeat-3	877	1,2,0	11	0	10,11,11
partial-3-repeat-3	882	1,2,0	11	0	11,11,10
partial-3-repeat-3	887	1,2,0	11	0	11,10,11
partial-3-repeat-3	892	1,2,0	11	0	11,11,10
partial-3-repeat-3	897	1,2,0	11	0	10,11,11
partial-3-repeat-3	902	1,2,0	11	0	11,10,11
partial-3-repeat-3	907	1,2,0	11	0	11,11,10
partial-3-repeat-3	912	1,2,0	11	0	11,11,10
partial-3-repeat-3	917	1,2,0	11	0	10,11,11
partial-3-repeat-3	922	1,2,0	11	0	10,11,11
partial-3-repeat-3	927	1,2,0	11	0	11,10,11
partial-3-repeat-3	932	1,2,0	11	0	11,11,10
partial-3-repeat-3	937	1,2,0	11	0	10,11,11
partial-3-repeat-3	942	1,2,0	11	0	11,10,11
partial-3-repeat-3	947	1,2,0	11	0	10,11,11
partial-3-repeat-3	952	1,2,0	11	0	11,11,10
partial-3-repeat-3	957	1,2,0	11	0	11,11,10
partial-3-repeat-3	962	1,2,0	11	0	11,10,11
partial-3-repeat-3	967	1,2,0	11	0	10,11,11
partial-3-repeat-3	972	1,2,0	11	0	11,11,10
partial-3-repeat-3	977	1,2,0	11	0	11,11,10
partial-3-repeat-3	982	1,2,0	11	0	11,10,11
partial-3-repeat-3	987	1,2,0	11	0	11,11,10
partial-3-repeat-3	992	1,2,0	11	0	11,11,10
partial-3-repeat-3	997	1,2,0	11	0	10,11,11
partial-3-repeat-3	1002	1,2,0	11	0	11,10,11
partial-3-repeat-3	1007	1,2,0	11	0	11,10,11
partial-3-repeat-3	1012	1,2,0	11	0	11,11,10
partial-3-repeat-3	1017	1,2,0	11	0	11,10,11
partial-4-repeat-1	22	0,1,2,3	11	0	0,10,11,11
partial-4-repeat-1	27	0,1,2,3	11	0	11,11,0,10
partial-4-repeat-1	32	0,1,2,3	11	0	11,0,10,11
partial-4-repeat-1	37	0,1,2,3	11	0	11,11,0,10
partial-4-repeat-1	42	0,1,2,3	11	0	0,10,11,11
partial-4-repeat-1	47	0,1,2,3	11	0	11,0,10,11
partial-4-repeat-1	52	0,1,2,3	11	0	11,0,10,11
partial-4-repeat-1	57	0,1,2,3	11	0	11,0,10,11
partial-4-repeat-1	62	0,1,2,3	11	0	0,10,11,11
partial-4-repeat-1	67	0,1,2,3	11	0	0,10,11,11
partial-4-repeat-1	72	0,1,2,3	11	0	11,0,10,11
partial-4-repeat-1	77	0,1,2,3	11	0	11,0,10,11
partial-4-repeat-1	82	0,1,2,3	11	0	0,10,11,11
partial-4-repeat-1	87	0,1,2,3	11	0	10,11,11,0
partial-4-repeat-1	92	0,1,2,3	11	0	11,0,10,11
partial-4-repeat-1	97	0,1,2,3	11	0	11,0,10,11
partial-4-repeat-1	102	0,1,2,3	11	0	10,11,11,0
partial-4-repeat-1	107	0,1,2,3	11	0	11,0,10,11
partial-4-repeat-1	112	0,1,2,3	11	0	11,0,10,11
partial-4-repeat-1	117	0,1,2,3	11	0	10,11,11,0
partial-4-repeat-1	122	0,1,2,3	11	0	10,11,11,0
partial-4-repeat-1	127	0,1,2,3	11	0	11,11,0,10
partial-4-repeat-1	132	0,1,2,3	11	0	11,0,10,11
partial-4-repeat-1	137	0,1,2,3	11	0	0,10,11,11
partial-4-repeat-1	142	0,1,2,3	11	0	11,11,0,10
partial-4-repeat-1	147	0,1,2,3	11	0	11,0,10,11
partial-4-repeat-1	152	0,1,2,3	11	0	11,0,10,11
partial-4-repeat-1	157	0,1,2,3	11	0	10,11,11,0
partial-4-repeat-1	162	0,1,2,3	11	0	11,0,10,11
partial-4-repeat-1	167	0,1,2,3	11	0	11,11,0,10
partial-4-repeat-1	172	0,1,2,3	11	0	11,0,10,11
partial-4-repeat-1	177	0,1,2,3	11	0	10,11,11,0
partial-4-repeat-1	182	0,1,2,3	11	0	11,0,10,11
partial-4-repeat-1	187	0,1,2,3	11	0	0,10,11,11
partial-4-repeat-1	192	0,1,2,3	11	0	11,0,10,11
partial-4-repeat-1	197	0,1,2,3	11	0	10,11,11,0
partial-4-repeat-1	202	0,1,2,3	11	0	0,10,11,11
partial-4-repeat-1	207	0,1,2,3	11	0	10,11,11,0
partial-4-repeat-1	212	0,1,2,3	11	0	11,0,10,11
partial-4-repeat-1	217	0,1,2,3	11	0	0,10,11,11
partial-4-repeat-1	222	0,1,2,3	11	0	10,11,11,0
partial-4-repeat-1	227	0,1,2,3	11	0	11,0,10,11
partial-4-repeat-1	232	0,1,2,3	11	0	11,0,10,11
partial-4-repeat-1	237	0,1,2,3	11	0	0,10,11,11
partial-4-repeat-1	242	0,1,2,3	11	0	11,0,10,11
partial-4-repeat-1	247	0,1,2,3	11	0	10,11,11,0
partial-4-repeat-1	252	0,1,2,3	11	0	11,0,10,11
partial-4-repeat-1	257	0,1,2,3	11	0	10,11,11,0
partial-4-repeat-1	262	0,1,2,3	11	0	11,0,10,11
partial-4-repeat-1	267	0,1,2,3	11	0	0,10,11,11
partial-4-repeat-1	272	0,1,2,3	11	0	11,0,10,11
partial-4-repeat-1	277	0,1,2,3	11	0	10,11,11,0
partial-4-repeat-1	282	0,1,2,3	11	0	11,11,0,10
partial-4-repeat-1	287	0,1,2,3	11	0	11,11,0,10
partial-4-repeat-1	292	0,1,2,3	11	0	11,0,10,11
partial-4-repeat-1	297	0,1,2,3	11	0	0,10,11,11
partial-4-repeat-1	302	0,1,2,3	11	0	10,11,11,0
partial-4-repeat-1	307	0,1,2,3	11	0	11,0,10,11
partial-4-repeat-1	312	0,1,2,3	11	0	11,0,10,11
partial-4-repeat-1	317	0,1,2,3	11	0	10,11,11,0
partial-4-repeat-1	322	0,1,2,3	11	0	0,10,11,11
partial-4-repeat-1	327	0,1,2,3	11	0	11,11,0,10
partial-4-repeat-1	332	0,1,2,3	11	0	11,0,10,11
partial-4-repeat-1	337	0,1,2,3	11	0	11,11,0,10
partial-4-repeat-1	342	0,1,2,3	11	0	11,11,0,10
partial-4-repeat-1	347	0,1,2,3	11	0	10,11,11,0
partial-4-repeat-1	352	0,1,2,3	11	0	11,0,10,11
partial-4-repeat-1	357	0,1,2,3	11	0	11,0,10,11
partial-4-repeat-1	362	0,1,2,3	11	0	11,11,0,10
partial-4-repeat-1	367	0,1,2,3	11	0	11,11,0,10
partial-4-repeat-1	372	0,1,2,3	11	0	11,0,10,11
partial-4-repeat-1	377	0,1,2,3	11	0	10,11,11,0
partial-4-repeat-1	382	0,1,2,3	11	0	11,0,10,11
partial-4-repeat-1	387	0,1,2,3	11	0	10,11,11,0
partial-4-repeat-1	392	0,1,2,3	11	0	11,0,10,11
partial-4-repeat-1	397	0,1,2,3	11	0	10,11,11,0
partial-4-repeat-1	402	0,1,2,3	11	0	11,0,10,11
partial-4-repeat-1	407	0,1,2,3	11	0	11,11,0,10
partial-4-repeat-1	412	0,1,2,3	11	0	11,0,10,11
partial-4-repeat-1	417	0,1,2,3	11	0	11,0,10,11
partial-4-repeat-1	422	0,1,2,3	11	0	11,0,10,11
partial-4-repeat-1	427	0,1,2,3	11	0	10,11,11,0
partial-4-repeat-1	432	0,1,2,3	11	0	11,0,10,11
partial-4-repeat-1	437	0,1,2,3	11	0	10,11,11,0
partial-4-repeat-1	442	0,1,2,3	11	0	11,11,0,10
partial-4-repeat-1	447	0,1,2,3	11	0	10,11,11,0
partial-4-repeat-1	452	0,1,2,3	11	0	11,0,10,11
partial-4-repeat-1	457	0,1,2,3	11	0	10,11,11,0
partial-4-repeat-1	462	0,1,2,3	11	0	10,11,11,0
partial-4-repeat-1	467	0,1,2,3	11	0	0,10,11,11
partial-4-repeat-1	472	0,1,2,3	11	0	11,0,10,11
partial-4-repeat-1	477	0,1,2,3	11	0	0,10,11,11
partial-4-repeat-1	482	0,1,2,3	11	0	10,11,11,0
partial-4-repeat-1	487	0,1,2,3	11	0	0,10,11,11
partial-4-repeat-1	492	0,1,2,3	11	0	11,0,10,11
partial-4-repeat-1	497	0,1,2,3	11	0	0,10,11,11
partial-4-repeat-1	502	0,1,2,3	11	0	11,11,0,10
partial-4-repeat-1	507	0,1,2,3	11	0	11,0,10,11
partial-4-repeat-1	512	0,1,2,3	11	0	11,0,10,11
partial-4-repeat-1	517	0,1,2,3	11	0	11,11,0,10
partial-4-repeat-1	522	0,1,2,3	11	0	10,11,11,0
partial-4-repeat-1	527	0,1,2,3	11	0	10,11,11,0
partial-4-repeat-1	532	0,1,2,3	11	0	11,0,10,11
partial-4-repeat-1	537	0,1,2,3	11	0	0,10,11,11
partial-4-repeat-1	542	0,1,2,3	11	0	11,0,10,11
partial-4-repeat-1	547	0,1,2,3	11	0	11,0,10,11
partial-4-repeat-1	552	0,1,2,3	11	0	11,0,10,11
partial-4-repeat-1	557	0,1,2,3	11	0	11,11,0,10
partial-4-repeat-1	562	0,1,2,3	11	0	0,10,11,11
partial-4-repeat-1	567	0,1,2,3	11	0	11,11,0,10
partial-4-repeat-1	572	0,1,2,3	11	0	11,0,10,11
partial-4-repeat-1	577	0,1,2,3	11	0	11,0,10,11
partial-4-repeat-1	582	0,1,2,3	11	0	11,0,10,11
partial-4-repeat-1	587	0,1,2,3	11	0	11,0,10,11
partial-4-repeat-1	592	0,1,2,3	11	0	11,0,10,11
partial-4-repeat-1	597	0,1,2,3	11	0	0,10,11,11
partial-4-repeat-1	602	0,1,2,3	11	0	11,11,0,10
partial-4-repeat-1	607	0,1,2,3	11	0	10,11,11,0
partial-4-repeat-1	612	0,1,2,3	11	0	11,0,10,11
partial-4-repeat-1	617	0,1,2,3	11	0	11,0,10,11
partial-4-repeat-1	622	0,1,2,3	11	0	11,0,10,11
partial-4-repeat-1	627	0,1,2,3	11	0	10,11,11,0
partial-4-repeat-1	632	0,1,2,3	11	0	11,0,10,11
partial-4-repeat-1	637	0,1,2,3	11	0	0,10,11,11
partial-4-repeat-1	642	0,1,2,3	11	0	11,11,0,10
partial-4-repeat-1	647	0,1,2,3	11	0	0,10,11,11
partial-4-repeat-1	652	0,1,2,3	11	0	11,0,10,11
partial-4-repeat-1	657	0,1,2,3	11	0	11,11,0,10
partial-4-repeat-1	662	0,1,2,3	11	0	11,0,10,11
partial-4-repeat-1	667	0,1,2,3	11	0	11,11,0,10
partial-4-repeat-1	672	0,1,2,3	11	0	11,0,10,11
partial-4-repeat-1	677	0,1,2,3	11	0	11,11,0,10
partial-4-repeat-1	682	0,1,2,3	11	0	0,10,11,11
partial-4-repeat-1	687	0,1,2,3	11	0	0,10,11,11
partial-4-repeat-1	692	0,1,2,3	11	0	11,0,10,11
partial-4-repeat-1	697	0,1,2,3	11	0	11,0,10,11
partial-4-repeat-1	702	0,1,2,3	11	0	10,11,11,0
partial-4-repeat-1	707	0,1,2,3	11	0	11,0,10,11
partial-4-repeat-1	712	0,1,2,3	11	0	11,0,10,11
partial-4-repeat-1	717	0,1,2,3	11	0	11,11,0,10
partial-4-repeat-1	722	0,1,2,3	11	0	11,11,0,10
partial-4-repeat-1	727	0,1,2,3	11	0	0,10,11,11
partial-4-repeat-1	732	0,1,2,3	11	0	11,0,10,11
partial-4-repeat-1	737	0,1,2,3	11	0	10,11,11,0
partial-4-repeat-1	742	0,1,2,3	11	0	10,11,11,0
partial-4-repeat-1	747	0,1,2,3	11	0	11,0,10,11
partial-4-repeat-1	752	0,1,2,3	11	0	11,0,10,11
partial-4-repeat-1	757	0,1,2,3	11	0	11,0,10,11
partial-4-repeat-1	762	0,1,2,3	11	0	10,11,11,0
partial-4-repeat-1	767	0,1,2,3	11	0	0,10,11,11
partial-4-repeat-1	772	0,1,2,3	11	0	11,0,10,11
partial-4-repeat-1	777	0,1,2,3	11	0	11,11,0,10
partial-4-repeat-1	782	0,1,2,3	11	0	0,10,11,11
partial-4-repeat-1	787	0,1,2,3	11	0	10,11,11,0
partial-4-repeat-1	792	0,1,2,3	11	0	11,0,10,11
partial-4-repeat-1	797	0,1,2,3	11	0	10,11,11,0
partial-4-repeat-1	802	0,1,2,3	11	0	0,10,11,11
partial-4-repeat-1	807	0,1,2,3	11	0	11,0,10,11
partial-4-repeat-1	812	0,1,2,3	11	0	11,0,10,11
partial-4-repeat-1	817	0,1,2,3	11	0	11,0,10,11
partial-4-repeat-1	822	0,1,2,3	11	0	11,0,10,11
partial-4-repeat-1	827	0,1,2,3	11	0	11,0,10,11
partial-4-repeat-1	832	0,1,2,3	11	0	11,0,10,11
partial-4-repeat-1	837	0,1,2,3	11	0	11,0,10,11
partial-4-repeat-1	842	0,1,2,3	11	0	10,11,11,0
partial-4-repeat-1	847	0,1,2,3	11	0	0,10,11,11
partial-4-repeat-1	852	0,1,2,3	11	0	11,0,10,11
partial-4-repeat-1	857	0,1,2,3	11	0	11,0,10,11
partial-4-repeat-1	862	0,1,2,3	11	0	0,10,11,11
partial-4-repeat-1	867	0,1,2,3	11	0	10,11,11,0
partial-4-repeat-1	872	0,1,2,3	11	0	11,0,10,11
partial-4-repeat-1	877	0,1,2,3	11	0	0,10,11,11
partial-4-repeat-1	882	0,1,2,3	11	0	0,10,11,11
partial-4-repeat-1	887	0,1,2,3	11	0	11,0,10,11
partial-4-repeat-1	892	0,1,2,3	11	0	11,0,10,11
partial-4-repeat-1	897	0,1,2,3	11	0	0,10,11,11
partial-4-repeat-1	902	0,1,2,3	11	0	0,10,11,11
partial-4-repeat-1	907	0,1,2,3	11	0	11,11,0,10
partial-4-repeat-1	912	0,1,2,3	11	0	11,0,10,11
partial-4-repeat-1	917	0,1,2,3	11	0	0,10,11,11
partial-4-repeat-1	922	0,1,2,3	11	0	11,11,0,10
partial-4-repeat-1	927	0,1,2,3	11	0	10,11,11,0
partial-4-repeat-1	932	0,1,2,3	11	0	11,0,10,11
partial-4-repeat-1	937	0,1,2,3	11	0	11,0,10,11
partial-4-repeat-1	942	0,1,2,3	11	0	11,11,0,10
partial-4-repeat-1	947	0,1,2,3	11	0	0,10,11,11
partial-4-repeat-1	952	0,1,2,3	11	0	11,0,10,11
partial-4-repeat-1	957	0,1,2,3	11	0	11,11,0,10
partial-4-repeat-1	962	0,1,2,3	11	0	11,0,10,11
partial-4-repeat-1	967	0,1,2,3	11	0	0,10,11,11
partial-4-repeat-1	972	0,1,2,3	11	0	11,0,10,11
partial-4-repeat-1	977	0,1,2,3	11	0	11,0,10,11
partial-4-repeat-1	982	0,1,2,3	11	0	11,11,0,10
partial-4-repeat-1	987	0,1,2,3	11	0	0,10,11,11
partial-4-repeat-1	992	0,1,2,3	11	0	11,0,10,11
partial-4-repeat-1	997	0,1,2,3	11	0	10,11,11,0
partial-4-repeat-1	1002	0,1,2,3	11	0	11,0,10,11
partial-4-repeat-1	1007	0,1,2,3	11	0	10,11,11,0
partial-4-repeat-1	1012	0,1,2,3	11	0	11,0,10,11
partial-4-repeat-1	1017	0,1,2,3	11	0	11,11,0,10
partial-4-repeat-2	22	3,2,1,0	11	0	0,11,11,10
partial-4-repeat-2	27	3,2,1,0	11	0	0,11,11,10
partial-4-repeat-2	32	3,2,1,0	11	0	11,10,0,11
partial-4-repeat-2	37	3,2,1,0	11	0	11,11,10,0
partial-4-repeat-2	42	3,2,1,0	11	0	11,10,0,11
partial-4-repeat-2	47	3,2,1,0	11	0	11,10,0,11
partial-4-repeat-2	52	3,2,1,0	11	0	11,10,0,11
partial-4-repeat-2	57	3,2,1,0	11	0	11,10,0,11
partial-4-repeat-2	62	3,2,1,0	11	0	11,10,0,11
partial-4-repeat-2	67	3,2,1,0	11	0	0,11,11,10
partial-4-repeat-2	72	3,2,1,0	11	0	11,10,0,11
partial-4-repeat-2	77	3,2,1,0	11	0	11,10,0,11
partial-4-repeat-2	82	3,2,1,0	11	0	10,0,11,11
partial-4-repeat-2	87	3,2,1,0	11	0	11,11,10,0
partial-4-repeat-2	92	3,2,1,0	11	0	11,10,0,11
partial-4-repeat-2	97	3,2,1,0	11	0	0,11,11,10
partial-4-repeat-2	102	3,2,1,0	11	0	11,10,0,11
partial-4-repeat-2	107	3,2,1,0	11	0	0,11,11,10
partial-4-repeat-2	112	3,2,1,0	11	0	11,10,0,11
partial-4-repeat-2	117	3,2,1,0	11	0	11,10,0,11
partial-4-repeat-2	122	3,2,1,0	11	0	10,0,11,11
partial-4-repeat-2	127	3,2,1,0	11	0	10,0,11,11
partial-4-repeat-2	132	3,2,1,0	11	0	11,10,0,11
partial-4-repeat-2	137	3,2,1,0	11	0	10,0,11,11
partial-4-repeat-2	142	3,2,1,0	11	0	0,11,11,10
partial-4-repeat-2	147	3,2,1,0	11	0	10,0,11,11
partial-4-repeat-2	152	3,2,1,0	11	0	11,10,0,11
partial-4-repeat-2	157	3,2,1,0	11	0	11,10,0,11
partial-4-repeat-2	162	3,2,1,0	11	0	11,10,0,11
partial-4-repeat-2	167	3,2,1,0	11	0	11,11,10,0
partial-4-repeat-2	172	3,2,1,0	11	0	11,10,0,11
partial-4-repeat-2	177	3,2,1,0	11	0	0,11,11,10
partial-4-repeat-2	182	3,2,1,0	11	0	11,11,10,0
partial-4-repeat-2	187	3,2,1,0	11	0	11,10,0,11
partial-4-repeat-2	192	3,2,1,0	11	0	11,10,0,11
partial-4-repeat-2	197	3,2,1,0	11	0	11,10,0,11
partial-4-repeat-2	202	3,2,1,0	11	0	11,10,0,11
partial-4-repeat-2	207	3,2,1,0	11	0	0,11,11,10
partial-4-repeat-2	212	3,2,1,0	11	0	11,10,0,11
partial-4-repeat-2	217	3,2,1,0	11	0	0,11,11,10
partial-4-repeat-2	222	3,2,1,0	11	0	0,11,11,10
partial-4-repeat-2	227	3,2,1,0	11	0	11,11,10,0
partial-4-repeat-2	232	3,2,1,0	11	0	11,10,0,11
partial-4-repeat-2	237	3,2,1,0	11	0	11,11,10,0
partial-4-repeat-2	242	3,2,1,0	11	0	0,11,11,10
partial-4-repeat-2	247	3,2,1,0	11	0	0,11,11,10
partial-4-repeat-2	252	3,2,1,0	11	0	11,10,0,11
partial-4-repeat-2	257	3,2,1,0	11	0	0,11,11,10
partial-4-repeat-2	262	3,2,1,0	11	0	0,11,11,10
partial-4-repeat-2	267	3,2,1,0	11	0	11,11,10,0
partial-4-repeat-2	272	3,2,1,0	11	0	11,10,0,11
partial-4-repeat-2	277	3,2,1,0	11	0	10,0,11,11
partial-4-repeat-2	282	3,2,1,0	11	0	11,10,0,11
partial-4-repeat-2	287	3,2,1,0	11	0	10,0,11,11
partial-4-repeat-2	292	3,2,1,0	11	0	11,10,0,11
partial-4-repeat-2	297	3,2,1,0	11	0	11,10,0,11
partial-4-repeat-2	302	3,2,1,0	11	0	10,0,11,11
partial-4-repeat-2	307	3,2,1,0	11	0	0,11,11,10
partial-4-repeat-2	312	3,2,1,0	11	0	11,10,0,11
partial-4-repeat-2	317	3,2,1,0	11	0	11,10,0,11
partial-4-repeat-2	322	3,2,1,0	11	0	10,0,11,11
partial-4-repeat-2	327	3,2,1,0	11	0	10,0,11,11
partial-4-repeat-2	332	3,2,1,0	11	0	11,10,0,11
partial-4-repeat-2	337	3,2,1,0	11	0	11,10,0,11
partial-4-repeat-2	342	3,2,1,0	11	0	10,0,11,11
partial-4-repeat-2	347	3,2,1,0	11	0	10,0,11,11
partial-4-repeat-2	352	3,2,1,0	11	0	11,10,0,11
partial-4-repeat-2	357	3,2,1,0	11	0	0,11,11,10
partial-4-repeat-2	362	3,2,1,0	11	0	11,11,10,0
partial-4-repeat-2	367	3,2,1,0	11	0	11,11,10,0
partial-4-repeat-2	372	3,2,1,0	11	0	11,10,0,11
partial-4-repeat-2	377	3,2,1,0	11	0	11,10,0,11
partial-4-repeat-2	382	3,2,1,0	11	0	10,0,11,11
partial-4-repeat-2	387	3,2,1,0	11	0	0,11,11,10
partial-4-repeat-2	392	3,2,1,0	11	0	11,10,0,11
partial-4-repeat-2	397	3,2,1,0	11	0	10,0,11,11
partial-4-repeat-2	402	3,2,1,0	11	0	11,11,10,0
partial-4-repeat-2	407	3,2,1,0	11	0	10,0,11,11
partial-4-repeat-2	412	3,2,1,0	11	0	11,10,0,11
partial-4-repeat-2	417	3,2,1,0	11	0	0,11,11,10
partial-4-repeat-2	422	3,2,1,0	11	0	11,11,10,0
partial-4-repeat-2	427	3,2,1,0	11	0	10,0,11,11
partial-4-repeat-2	432	3,2,1,0	11	0	11,10,0,11
partial-4-repeat-2	437	3,2,1,0	11	0	10,0,11,11
partial-4-repeat-2	442	3,2,1,0	11	0	10,0,11,11
partial-4-repeat-2	447	3,2,1,0	11	0	11,11,10,0
partial-4-repeat-2	452	3,2,1,0	11	0	11,10,0,11
partial-4-repeat-2	457	3,2,1,0	11	0	11,10,0,11
partial-4-repeat-2	462	3,2,1,0	11	0	0,11,11,10
partial-4-repeat-2	467	3,2,1,0	11	0	0,11,11,10
partial-4-repeat-2	472	3,2,1,0	11	0	11,10,0,11
partial-4-repeat-2	477	3,2,1,0	11	0	11,10,0,11
partial-4-repeat-2	482	3,2,1,0	11	0	11,11,10,0
partial-4-repeat-2	487	3,2,1,0	11	0	11,11,10,0
partial-4-repeat-2	492	3,2,1,0	11	0	11,10,0,11
partial-4-repeat-2	497	3,2,1,0	11	0	0,11,11,10
partial-4-repeat-2	502	3,2,1,0	11	0	0,11,11,10
partial-4-repeat-2	507	3,2,1,0	11	0	11,11,10,0
partial-4-repeat-2	512	3,2,1,0	11	0	11,10,0,11
partial-4-repeat-2	517	3,2,1,0	11	0	0,11,11,10
partial-4-repeat-2	522	3,2,1,0	11	0	10,0,11,11
partial-4-repeat-2	527	3,2,1,0	11	0	10,0,11,11
partial-4-repeat-2	532	3,2,1,0	11	0	11,10,0,11
partial-4-repeat-2	537	3,2,1,0	11	0	0,11,11,10
partial-4-repeat-2	542	3,2,1,0	11	0	11,11,10,0
partial-4-repeat-2	547	3,2,1,0	11	0	11,11,10,0
partial-4-repeat-2	552	3,2,1,0	11	0	11,10,0,11
partial-4-repeat-2	557	3,2,1,0	11	0	10,0,11,11
partial-4-repeat-2	562	3,2,1,0	11	0	11,10,0,11
partial-4-repeat-2	567	3,2,1,0	11	0	10,0,11,11
partial-4-repeat-2	572	3,2,1,0	11	0	11,10,0,11
partial-4-repeat-2	577	3,2,1,0	11	0	0,11,11,10
partial-4-repeat-2	582	3,2,1,0	11	0	11,10,0,11
partial-4-repeat-2	587	3,2,1,0	11	0	11,11,10,0
partial-4-repeat-2	592	3,2,1,0	11	0	11,10,0,11
partial-4-repeat-2	597	3,2,1,0	11	0	11,10,0,11
partial-4-repeat-2	602	3,2,1,0	11	0	11,10,0,11
partial-4-repeat-2	607	3,2,1,0	11	0	11,11,10,0
partial-4-repeat-2	612	3,2,1,0	11	0	11,10,0,11
partial-4-repeat-2	617	3,2,1,0	11	0	0,11,11,10
partial-4-repeat-2	622	3,2,1,0	11	0	11,10,0,11
partial-4-repeat-2	627	3,2,1,0	11	0	0,11,11,10
partial-4-repeat-2	632	3,2,1,0	11	0	11,10,0,11
partial-4-repeat-2	637	3,2,1,0	11	0	0,11,11,10
partial-4-repeat-2	642	3,2,1,0	11	0	11,11,10,0
partial-4-repeat-2	647	3,2,1,0	11	0	11,10,0,11
partial-4-repeat-2	652	3,2,1,0	11	0	11,10,0,11
partial-4-repeat-2	657	3,2,1,0	11	0	0,11,11,10
partial-4-repeat-2	662	3,2,1,0	11	0	11,10,0,11
partial-4-repeat-2	667	3,2,1,0	11	0	0,11,11,10
partial-4-repeat-2	672	3,2,1,0	11	0	11,10,0,11
partial-4-repeat-2	677	3,2,1,0	11	0	11,11,10,0
partial-4-repeat-2	682	3,2,1,0	11	0	0,11,11,10
partial-4-repeat-2	687	3,2,1,0	11	0	10,0,11,11
partial-4-repeat-2	692	3,2,1,0	11	0	11,10,0,11
partial-4-repeat-2	697	3,2,1,0	11	0	11,10,0,11
partial-4-repeat-2	702	3,2,1,0	11	0	0,11,11,10
partial-4-repeat-2	707	3,2,1,0	11	0	11,10,0,11
partial-4-repeat-2	712	3,2,1,0	11	0	11,10,0,11
partial-4-repeat-2	717	3,2,1,0	11	0	11,10,0,11
partial-4-repeat-2	722	3,2,1,0	11	0	0,11,11,10
partial-4-repeat-2	727	3,2,1,0	11	0	11,10,0,11
partial-4-repeat-2	732	3,2,1,0	11	0	11,10,0,11
partial-4-repeat-2	737	3,2,1,0	11	0	0,11,11,10
partial-4-repeat-2	742	3,2,1,0	11	0	10,0,11,11
partial-4-repeat-2	747	3,2,1,0	11	0	10,0,11,11
partial-4-repeat-2	752	3,2,1,0	11	0	11,10,0,11
partial-4-repeat-2	757	3,2,1,0	11	0	11,11,10,0
partial-4-repeat-2	762	3,2,1,0	11	0	11,11,10,0
partial-4-repeat-2	767	3,2,1,0	11	0	10,0,11,11
partial-4-repeat-2	772	3,2,1,0	11	0	11,10,0,11
partial-4-repeat-2	777	3,2,1,0	11	0	11,11,10,0
partial-4-repeat-2	782	3,2,1,0	11	0	11,10,0,11
partial-4-repeat-2	787	3,2,1,0	11	0	0,11,11,10
partial-4-repeat-2	792	3,2,1,0	11	0	11,10,0,11
partial-4-repeat-2	797	3,2,1,0	11	0	11,10,0,11
partial-4-repeat-2	802	3,2,1,0	11	0	11,11,10,0
partial-4-repeat-2	807	3,2,1,0	11	0	10,0,11,11
partial-4-repeat-2	812	3,2,1,0	11	0	11,10,0,11
partial-4-repeat-2	817	3,2,1,0	11	0	0,11,11,10
partial-4-repeat-2	822	3,2,1,0	11	0	10,0,11,11
partial-4-repeat-2	827	3,2,1,0	11	0	0,11,11,10
partial-4-repeat-2	832	3,2,1,0	11	0	11,10,0,11
partial-4-repeat-2	837	3,2,1,0	11	0	0,11,11,10
partial-4-repeat-2	842	3,2,1,0	11	0	11,11,10,0
partial-4-repeat-2	847	3,2,1,0	11	0	10,0,11,11
partial-4-repeat-2	852	3,2,1,0	11	0	11,10,0,11
partial-4-repeat-2	857	3,2,1,0	11	0	11,11,10,0
partial-4-repeat-2	862	3,2,1,0	11	0	10,0,11,11
partial-4-repeat-2	867	3,2,1,0	11	0	11,11,10,0
partial-4-repeat-2	872	3,2,1,0	11	0	11,10,0,11
partial-4-repeat-2	877	3,2,1,0	11	0	0,11,11,10
partial-4-repeat-2	882	3,2,1,0	11	0	0,11,11,10
partial-4-repeat-2	887	3,2,1,0	11	0	0,11,11,10
partial-4-repeat-2	892	3,2,1,0	11	0	11,10,0,11
partial-4-repeat-2	897	3,2,1,0	11	0	0,11,11,10
partial-4-repeat-2	902	3,2,1,0	11	0	10,0,11,11
partial-4-repeat-2	907	3,2,1,0	11	0	11,11,10,0
partial-4-repeat-2	912	3,2,1,0	11	0	11,10,0,11
partial-4-repeat-2	917	3,2,1,0	11	0	11,10,0,11
partial-4-repeat-2	922	3,2,1,0	11	0	11,10,0,11
partial-4-repeat-2	927	3,2,1,0	11	0	11,11,10,0
partial-4-repeat-2	932	3,2,1,0	11	0	11,10,0,11
partial-4-repeat-2	937	3,2,1,0	11	0	0,11,11,10
partial-4-repeat-2	942	3,2,1,0	11	0	11,11,10,0
partial-4-repeat-2	947	3,2,1,0	11	0	10,0,11,11
partial-4-repeat-2	952	3,2,1,0	11	0	11,10,0,11
partial-4-repeat-2	957	3,2,1,0	11	0	10,0,11,11
partial-4-repeat-2	962	3,2,1,0	11	0	11,11,10,0
partial-4-repeat-2	967	3,2,1,0	11	0	10,0,11,11
partial-4-repeat-2	972	3,2,1,0	11	0	11,10,0,11
partial-4-repeat-2	977	3,2,1,0	11	0	11,11,10,0
partial-4-repeat-2	982	3,2,1,0	11	0	11,10,0,11
partial-4-repeat-2	987	3,2,1,0	11	0	10,0,11,11
partial-4-repeat-2	992	3,2,1,0	11	0	11,10,0,11
partial-4-repeat-2	997	3,2,1,0	11	0	11,11,10,0
partial-4-repeat-2	1002	3,2,1,0	11	0	11,11,10,0
partial-4-repeat-2	1007	3,2,1,0	11	0	11,11,10,0
partial-4-repeat-2	1012	3,2,1,0	11	0	11,10,0,11
partial-4-repeat-2	1017	3,2,1,0	11	0	10,0,11,11
partial-4-repeat-3	22	1,2,3,0	11	0	11,0,10,11
partial-4-repeat-3	27	1,2,3,0	11	0	0,10,11,11
partial-4-repeat-3	32	1,2,3,0	11	0	11,11,0,10
partial-4-repeat-3	37	1,2,3,0	11	0	11,0,10,11
partial-4-repeat-3	42	1,2,3,0	11	0	11,0,10,11
partial-4-repeat-3	47	1,2,3,0	11	0	11,0,10,11
partial-4-repeat-3	52	1,2,3,0	11	0	11,11,0,10
partial-4-repeat-3	57	1,2,3,0	11	0	0,10,11,11
partial-4-repeat-3	62	1,2,3,0	11	0	11,0,10,11
partial-4-repeat-3	67	1,2,3,0	11	0	10,11,11,0
partial-4-repeat-3	72	1,2,3,0	11	0	11,11,0,10
partial-4-repeat-3	77	1,2,3,0	11	0	10,11,11,0
partial-4-repeat-3	82	1,2,3,0	11	0	11,11,0,10
partial-4-repeat-3	87	1,2,3,0	11	0	0,10,11,11
partial-4-repeat-3	92	1,2,3,0	11	0	11,11,0,10
partial-4-repeat-3	97	1,2,3,0	11	0	11,0,10,11
partial-4-repeat-3	102	1,2,3,0	11	0	11,0,10,11
partial-4-repeat-3	107	1,2,3,0	11	0	0,10,11,11
partial-4-repeat-3	112	1,2,3,0	11	0	11,11,0,10
partial-4-repeat-3	117	1,2,3,0	11	0	11,0,10,11
partial-4-repeat-3	122	1,2,3,0	11	0	11,11,0,10
partial-4-repeat-3	127	1,2,3,0	11	0	0,10,11,11
partial-4-repeat-3	132	1,2,3,0	11	0	11,11,0,10
partial-4-repeat-3	137	1,2,3,0	11	0	10,11,11,0
partial-4-repeat-3	142	1,2,3,0	11	0	11,11,0,10
partial-4-repeat-3	147	1,2,3,0	11	0	11,0,10,11
partial-4-repeat-3	152	1,2,3,0	11	0	11,11,0,10
partial-4-repeat-3	157	1,2,3,0	11	0	11,0,10,11
partial-4-repeat-3	162	1,2,3,0	11	0	0,10,11,11
partial-4-repeat-3	167	1,2,3,0	11	0	11,11,0,10
partial-4-repeat-3	172	1,2,3,0	11	0	11,11,0,10
partial-4-repeat-3	177	1,2,3,0	11	0	10,11,11,0
partial-4-repeat-3	182	1,2,3,0	11	0	0,10,11,11
partial-4-repeat-3	187	1,2,3,0	11	0	10,11,11,0
partial-4-repeat-3	192	1,2,3,0	11	0	11,11,0,10
partial-4-repeat-3	197	1,2,3,0	11	0	11,11,0,10
partial-4-repeat-3	202	1,2,3,0	11	0	11,0,10,11
partial-4-repeat-3	207	1,2,3,0	11	0	0,10,11,11
partial-4-repeat-3	212	1,2,3,0	11	0	11,11,0,10
partial-4-repeat-3	217	1,2,3,0	11	0	11,0,10,11
partial-4-repeat-3	222	1,2,3,0	11	0	11,0,10,11
partial-4-repeat-3	227	1,2,3,0	11	0	0,10,11,11
partial-4-repeat-3	232	1,2,3,0	11	0	11,11,0,10
partial-4-repeat-3	237	1,2,3,0	11	0	11,11,0,10
partial-4-repeat-3	242	1,2,3,0	11	0	0,10,11,11
partial-4-repeat-3	247	1,2,3,0	11	0	11,11,0,10
partial-4-repeat-3	252	1,2,3,0	11	0	11,11,0,10
partial-4-repeat-3	257	1,2,3,0	11	0	10,11,11,0
partial-4-repeat-3	262	1,2,3,0	11	0	11,11,0,10
partial-4-repeat-3	267	1,2,3,0	11	0	11,0,10,11
partial-4-repeat-3	272	1,2,3,0	11	0	11,11,0,10
partial-4-repeat-3	277	1,2,3,0	11	0	11,0,10,11
partial-4-repeat-3	282	1,2,3,0	11	0	11,0,10,11
partial-4-repeat-3	287	1,2,3,0	11	0	10,11,11,0
partial-4-repeat-3	292	1,2,3,0	11	0	11,11,0,10
partial-4-repeat-3	297	1,2,3,0	11	0	0,10,11,11
partial-4-repeat-3	302	1,2,3,0	11	0	10,11,11,0
partial-4-repeat-3	307	1,2,3,0	11	0	11,0,10,11
partial-4-repeat-3	312	1,2,3,0	11	0	11,11,0,10
partial-4-repeat-3	317	1,2,3,0	11	0	11,0,10,11
partial-4-repeat-3	322	1,2,3,0	11	0	0,10,11,11
partial-4-repeat-3	327	1,2,3,0	11	0	11,0,10,11
partial-4-repeat-3	332	1,2,3,0	11	0	11,11,0,10
partial-4-repeat-3	337	1,2,3,0	11	0	11,0,10,11
partial-4-repeat-3	342	1,2,3,0	11	0	0,10,11,11
partial-4-repeat-3	347	1,2,3,0	11	0	11,11,0,10
partial-4-repeat-3	352	1,2,3,0	11	0	11,11,0,10
partial-4-repeat-3	357	1,2,3,0	11	0	10,11,11,0
partial-4-repeat-3	362	1,2,3,0	11	0	10,11,11,0
partial-4-repeat-3	367	1,2,3,0	11	0	10,11,11,0
partial-4-repeat-3	372	1,2,3,0	11	0	11,11,0,10
partial-4-repeat-3	377	1,2,3,0	11	0	10,11,11,0
partial-4-repeat-3	382	1,2,3,0	11	0	11,0,10,11
partial-4-repeat-3	387	1,2,3,0	11	0	10,11,11,0
partial-4-repeat-3	392	1,2,3,0	11	0	11,11,0,10
partial-4-repeat-3	397	1,2,3,0	11	0	10,11,11,0
partial-4-repeat-3	402	1,2,3,0	11	0	11,11,0,10
partial-4-repeat-3	407	1,2,3,0	11	0	11,11,0,10
partial-4-repeat-3	412	1,2,3,0	11	0	11,11,0,10
partial-4-repeat-3	417	1,2,3,0	11	0	10,11,11,0
partial-4-repeat-3	422	1,2,3,0	11	0	11,11,0,10
partial-4-repeat-3	427	1,2,3,0	11	0	0,10,11,11
partial-4-repeat-3	432	1,2,3,0	11	0	11,11,0,10
partial-4-repeat-3	437	1,2,3,0	11	0	11,0,10,11
partial-4-repeat-3	442	1,2,3,0	11	0	0,10,11,11
partial-4-repeat-3	447	1,2,3,0	11	0	0,10,11,11
partial-4-repeat-3	452	1,2,3,0	11	0	11,11,0,10
partial-4-repeat-3	457	1,2,3,0	11	0	0,10,11,11
partial-4-repeat-3	462	1,2,3,0	11	0	10,11,11,0
partial-4-repeat-3	467	1,2,3,0	11	0	11,11,0,10
partial-4-repeat-3	472	1,2,3,0	11	0	11,11,0,10
partial-4-repeat-3	477	1,2,3,0	11	0	0,10,11,11
partial-4-repeat-3	482	1,2,3,0	11	0	0,10,11,11
partial-4-repeat-3	487	1,2,3,0	11	0	11,11,0,10
partial-4-repeat-3	492	1,2,3,0	11	0	11,11,0,10
partial-4-repeat-3	497	1,2,3,0	11	0	10,11,11,0
partial-4-repeat-3	502	1,2,3,0	11	0	11,0,10,11
partial-4-repeat-3	507	1,2,3,0	11	0	11,0,10,11
partial-4-repeat-3	512	1,2,3,0	11	0	11,11,0,10
partial-4-repeat-3	517	1,2,3,0	11	0	11,0,10,11
partial-4-repeat-3	522	1,2,3,0	11	0	11,0,10,11
partial-4-repeat-3	527	1,2,3,0	11	0	11,0,10,11
partial-4-repeat-3	532	1,2,3,0	11	0	11,11,0,10
partial-4-repeat-3	537	1,2,3,0	11	0	10,11,11,0
partial-4-repeat-3	542	1,2,3,0	11	0	11,0,10,11
partial-4-repeat-3	547	1,2,3,0	11	0	0,10,11,11
partial-4-repeat-3	552	1,2,3,0	11	0	11,11,0,10
partial-4-repeat-3	557	1,2,3,0	11	0	11,0,10,11
partial-4-repeat-3	562	1,2,3,0	11	0	11,0,10,11
partial-4-repeat-3	567	1,2,3,0	11	0	0,10,11,11
partial-4-repeat-3	572	1,2,3,0	11	0	11,11,0,10
partial-4-repeat-3	577	1,2,3,0	11	0	0,10,11,11
partial-4-repeat-3	582	1,2,3,0	11	0	10,11,11,0
partial-4-repeat-3	587	1,2,3,0	11	0	10,11,11,0
partial-4-repeat-3	592	1,2,3,0	11	0	11,11,0,10
partial-4-repeat-3	597	1,2,3,0	11	0	0,10,11,11
partial-4-repeat-3	602	1,2,3,0	11	0	10,11,11,0
partial-4-repeat-3	607	1,2,3,0	11	0	11,0,10,11
partial-4-repeat-3	612	1,2,3,0	11	0	11,11,0,10
partial-4-repeat-3	617	1,2,3,0	11	0	0,10,11,11
partial-4-repeat-3	622	1,2,3,0	11	0	0,10,11,11
partial-4-repeat-3	627	1,2,3,0	11	0	11,0,10,11
partial-4-repeat-3	632	1,2,3,0	11	0	11,11,0,10
partial-4-repeat-3	637	1,2,3,0	11	0	0,10,11,11
partial-4-repeat-3	642	1,2,3,0	11	0	11,0,10,11
partial-4-repeat-3	647	1,2,3,0	11	0	10,11,11,0
partial-4-repeat-3	652	1,2,3,0	11	0	11,11,0,10
partial-4-repeat-3	657	1,2,3,0	11	0	11,11,0,10
partial-4-repeat-3	662	1,2,3,0	11	0	11,0,10,11
partial-4-repeat-3	667	1,2,3,0	11	0	10,11,11,0
partial-4-repeat-3	672	1,2,3,0	11	0	11,11,0,10
partial-4-repeat-3	677	1,2,3,0	11	0	10,11,11,0
partial-4-repeat-3	682	1,2,3,0	11	0	10,11,11,0
partial-4-repeat-3	687	1,2,3,0	11	0	11,11,0,10
partial-4-repeat-3	692	1,2,3,0	11	0	11,11,0,10
partial-4-repeat-3	697	1,2,3,0	11	0	11,11,0,10
partial-4-repeat-3	702	1,2,3,0	11	0	11,11,0,10
partial-4-repeat-3	707	1,2,3,0	11	0	10,11,11,0
partial-4-repeat-3	712	1,2,3,0	11	0	11,11,0,10
partial-4-repeat-3	717	1,2,3,0	11	0	10,11,11,0
partial-4-repeat-3	722	1,2,3,0	11	0	0,10,11,11
partial-4-repeat-3	727	1,2,3,0	11	0	11,0,10,11
partial-4-repeat-3	732	1,2,3,0	11	0	11,11,0,10
partial-4-repeat-3	737	1,2,3,0	11	0	10,11,11,0
partial-4-repeat-3	742	1,2,3,0	11	0	0,10,11,11
partial-4-repeat-3	747	1,2,3,0	11	0	10,11,11,0
partial-4-repeat-3	752	1,2,3,0	11	0	11,11,0,10
partial-4-repeat-3	757	1,2,3,0	11	0	11,0,10,11
partial-4-repeat-3	762	1,2,3,0	11	0	0,10,11,11
partial-4-repeat-3	767	1,2,3,0	11	0	11,11,0,10
partial-4-repeat-3	772	1,2,3,0	11	0	11,11,0,10
partial-4-repeat-3	777	1,2,3,0	11	0	11,0,10,11
partial-4-repeat-3	782	1,2,3,0	11	0	11,0,10,11
partial-4-repeat-3	787	1,2,3,0	11	0	10,11,11,0
partial-4-repeat-3	792	1,2,3,0	11	0	11,11,0,10
partial-4-repeat-3	797	1,2,3,0	11	0	10,11,11,0
partial-4-repeat-3	802	1,2,3,0	11	0	11,0,10,11
partial-4-repeat-3	807	1,2,3,0	11	0	11,0,10,11
partial-4-repeat-3	812	1,2,3,0	11	0	11,11,0,10
partial-4-repeat-3	817	1,2,3,0	11	0	10,11,11,0
partial-4-repeat-3	822	1,2,3,0	11	0	11,0,10,11
partial-4-repeat-3	827	1,2,3,0	11	0	10,11,11,0
partial-4-repeat-3	832	1,2,3,0	11	0	11,11,0,10
partial-4-repeat-3	837	1,2,3,0	11	0	10,11,11,0
partial-4-repeat-3	842	1,2,3,0	11	0	10,11,11,0
partial-4-repeat-3	847	1,2,3,0	11	0	11,11,0,10
partial-4-repeat-3	852	1,2,3,0	11	0	11,11,0,10
partial-4-repeat-3	857	1,2,3,0	11	0	11,11,0,10
partial-4-repeat-3	862	1,2,3,0	11	0	0,10,11,11
partial-4-repeat-3	867	1,2,3,0	11	0	0,10,11,11
partial-4-repeat-3	872	1,2,3,0	11	0	11,11,0,10
partial-4-repeat-3	877	1,2,3,0	11	0	11,0,10,11
partial-4-repeat-3	882	1,2,3,0	11	0	0,10,11,11
partial-4-repeat-3	887	1,2,3,0	11	0	11,11,0,10
partial-4-repeat-3	892	1,2,3,0	11	0	11,11,0,10
partial-4-repeat-3	897	1,2,3,0	11	0	0,10,11,11
partial-4-repeat-3	902	1,2,3,0	11	0	11,11,0,10
partial-4-repeat-3	907	1,2,3,0	11	0	10,11,11,0
partial-4-repeat-3	912	1,2,3,0	11	0	11,11,0,10
partial-4-repeat-3	917	1,2,3,0	11	0	0,10,11,11
partial-4-repeat-3	922	1,2,3,0	11	0	11,11,0,10
partial-4-repeat-3	927	1,2,3,0	11	0	0,10,11,11
partial-4-repeat-3	932	1,2,3,0	11	0	11,11,0,10
partial-4-repeat-3	937	1,2,3,0	11	0	11,0,10,11
partial-4-repeat-3	942	1,2,3,0	11	0	11,11,0,10
partial-4-repeat-3	947	1,2,3,0	11	0	0,10,11,11
partial-4-repeat-3	952	1,2,3,0	11	0	11,11,0,10
partial-4-repeat-3	957	1,2,3,0	11	0	10,11,11,0
partial-4-repeat-3	962	1,2,3,0	11	0	11,11,0,10
partial-4-repeat-3	967	1,2,3,0	11	0	11,11,0,10
partial-4-repeat-3	972	1,2,3,0	11	0	11,11,0,10
partial-4-repeat-3	977	1,2,3,0	11	0	10,11,11,0
partial-4-repeat-3	982	1,2,3,0	11	0	0,10,11,11
partial-4-repeat-3	987	1,2,3,0	11	0	11,0,10,11
partial-4-repeat-3	992	1,2,3,0	11	0	11,11,0,10
partial-4-repeat-3	997	1,2,3,0	11	0	11,0,10,11
partial-4-repeat-3	1002	1,2,3,0	11	0	10,11,11,0
partial-4-repeat-3	1007	1,2,3,0	11	0	11,11,0,10
partial-4-repeat-3	1012	1,2,3,0	11	0	11,11,0,10
partial-4-repeat-3	1017	1,2,3,0	11	0	0,10,11,11
