CASE	u-single	0	0,U1,0,20000
STEP	47	true	4	1	0,U1,0,19999
STEP	67	true	8	1	0,U1,0,19998
STEP	87	true	12	1	0,U1,0,19997
STEP	107	true	16	1	0,U1,0,19996
STEP	127	true	20	1	0,U1,0,19995
STEP	147	true	24	1	0,U1,0,19994
STEP	167	true	28	1	0,U1,0,19993
STEP	187	true	32	1	0,U1,0,19992
STEP	207	true	36	1	0,U1,0,19991
STEP	227	true	40	1	0,U1,0,19990
STEP	247	false	40	0	0,U1,0,19990
STEP	267	false	40	0	0,U1,0,19990
STEP	287	false	40	0	0,U1,0,19990
STEP	307	false	40	0	0,U1,0,19990
STEP	327	false	40	0	0,U1,0,19990
STEP	347	false	40	0	0,U1,0,19990
STEP	367	false	40	0	0,U1,0,19990
STEP	387	false	40	0	0,U1,0,19990
STEP	407	false	40	0	0,U1,0,19990
STEP	427	false	40	0	0,U1,0,19990
STEP	447	false	40	0	0,U1,0,19990
ENERGY	1000.0
END
CASE	u-dual	0	0,U2,0,20000
STEP	33	false	0	0	0,U2,0,20000
STEP	53	true	24	4	0,U2,0,19999
STEP	73	true	48	4	0,U2,0,19998
STEP	93	true	72	4	0,U2,0,19997
STEP	113	true	96	4	0,U2,0,19996
STEP	133	true	120	4	0,U2,0,19995
STEP	153	true	144	4	0,U2,0,19994
STEP	173	true	168	4	0,U2,0,19993
STEP	193	true	192	4	0,U2,0,19992
STEP	213	true	216	4	0,U2,0,19991
STEP	233	true	240	4	0,U2,0,19990
STEP	253	false	240	0	0,U2,0,19990
STEP	273	false	240	0	0,U2,0,19990
STEP	293	false	240	0	0,U2,0,19990
STEP	313	false	240	0	0,U2,0,19990
STEP	333	false	240	0	0,U2,0,19990
STEP	353	false	240	0	0,U2,0,19990
STEP	373	false	240	0	0,U2,0,19990
STEP	393	false	240	0	0,U2,0,19990
STEP	413	false	240	0	0,U2,0,19990
STEP	433	false	240	0	0,U2,0,19990
STEP	453	false	240	0	0,U2,0,19990
ENERGY	4000.0
END
CASE	u-quad	0	0,U4,0,20000
STEP	44	true	96	12	0,U4,0,19999
STEP	64	true	192	12	0,U4,0,19998
STEP	84	true	288	12	0,U4,0,19997
STEP	104	true	384	12	0,U4,0,19996
STEP	124	true	480	12	0,U4,0,19995
STEP	144	true	576	12	0,U4,0,19994
STEP	164	true	672	12	0,U4,0,19993
STEP	184	true	768	12	0,U4,0,19992
STEP	204	true	864	12	0,U4,0,19991
STEP	224	true	960	12	0,U4,0,19990
STEP	244	false	960	0	0,U4,0,19990
STEP	264	false	960	0	0,U4,0,19990
STEP	284	false	960	0	0,U4,0,19990
STEP	304	false	960	0	0,U4,0,19990
STEP	324	false	960	0	0,U4,0,19990
STEP	344	false	960	0	0,U4,0,19990
STEP	364	false	960	0	0,U4,0,19990
STEP	384	false	960	0	0,U4,0,19990
STEP	404	false	960	0	0,U4,0,19990
STEP	424	false	960	0	0,U4,0,19990
STEP	444	false	960	0	0,U4,0,19990
ENERGY	12000.0
END
CASE	mox-single	0	0,M1,0,10000
STEP	31	false	0	0	0,M1,0,10000
STEP	51	true	4	1	0,M1,0,9999
STEP	71	true	8	1	0,M1,0,9998
STEP	91	true	12	1	0,M1,0,9997
STEP	111	true	16	1	0,M1,0,9996
STEP	131	true	20	1	0,M1,0,9995
STEP	151	true	24	1	0,M1,0,9994
STEP	171	true	28	1	0,M1,0,9993
STEP	191	true	32	1	0,M1,0,9992
STEP	211	true	36	1	0,M1,0,9991
STEP	231	true	40	1	0,M1,0,9990
STEP	251	false	40	0	0,M1,0,9990
STEP	271	false	40	0	0,M1,0,9990
STEP	291	false	40	0	0,M1,0,9990
STEP	311	false	40	0	0,M1,0,9990
STEP	331	false	40	0	0,M1,0,9990
STEP	351	false	40	0	0,M1,0,9990
STEP	371	false	40	0	0,M1,0,9990
STEP	391	false	40	0	0,M1,0,9990
STEP	411	false	40	0	0,M1,0,9990
STEP	431	false	40	0	0,M1,0,9990
STEP	451	false	40	0	0,M1,0,9990
ENERGY	1008.8000106811523
END
CASE	mox-dual	0	0,M2,0,10000
STEP	43	true	24	4	0,M2,0,9999
STEP	63	true	48	4	0,M2,0,9998
STEP	83	true	72	4	0,M2,0,9997
STEP	103	true	96	4	0,M2,0,9996
STEP	123	true	120	4	0,M2,0,9995
STEP	143	true	144	4	0,M2,0,9994
STEP	163	true	168	4	0,M2,0,9993
STEP	183	true	192	4	0,M2,0,9992
STEP	203	true	216	4	0,M2,0,9991
STEP	223	true	240	4	0,M2,0,9990
STEP	243	false	240	0	0,M2,0,9990
STEP	263	false	240	0	0,M2,0,9990
STEP	283	false	240	0	0,M2,0,9990
STEP	303	false	240	0	0,M2,0,9990
STEP	323	false	240	0	0,M2,0,9990
STEP	343	false	240	0	0,M2,0,9990
STEP	363	false	240	0	0,M2,0,9990
STEP	383	false	240	0	0,M2,0,9990
STEP	403	false	240	0	0,M2,0,9990
STEP	423	false	240	0	0,M2,0,9990
STEP	443	false	240	0	0,M2,0,9990
ENERGY	4211.199951171875
END
CASE	mox-quad	0	0,M4,0,10000
STEP	43	true	96	12	0,M4,0,9999
STEP	63	true	192	12	0,M4,0,9998
STEP	83	true	288	13	0,M4,0,9997
STEP	103	true	384	13	0,M4,0,9996
STEP	123	true	480	14	0,M4,0,9995
STEP	143	true	576	14	0,M4,0,9994
STEP	163	true	672	15	0,M4,0,9993
STEP	183	true	768	15	0,M4,0,9992
STEP	203	true	864	16	0,M4,0,9991
STEP	223	true	960	16	0,M4,0,9990
STEP	243	false	960	0	0,M4,0,9990
STEP	263	false	960	0	0,M4,0,9990
STEP	283	false	960	0	0,M4,0,9990
STEP	303	false	960	0	0,M4,0,9990
STEP	323	false	960	0	0,M4,0,9990
STEP	343	false	960	0	0,M4,0,9990
STEP	363	false	960	0	0,M4,0,9990
STEP	383	false	960	0	0,M4,0,9990
STEP	403	false	960	0	0,M4,0,9990
STEP	423	false	960	0	0,M4,0,9990
STEP	443	false	960	0	0,M4,0,9990
ENERGY	14534.399795532227
END
CASE	u-pair-horizontal	0	0,U1,0,20000;1,U1,0,20000
STEP	44	true	24	4	0,U1,0,19999;1,U1,0,19999
STEP	64	true	48	4	0,U1,0,19998;1,U1,0,19998
STEP	84	true	72	4	0,U1,0,19997;1,U1,0,19997
STEP	104	true	96	4	0,U1,0,19996;1,U1,0,19996
STEP	124	true	120	4	0,U1,0,19995;1,U1,0,19995
STEP	144	true	144	4	0,U1,0,19994;1,U1,0,19994
STEP	164	true	168	4	0,U1,0,19993;1,U1,0,19993
STEP	184	true	192	4	0,U1,0,19992;1,U1,0,19992
STEP	204	true	216	4	0,U1,0,19991;1,U1,0,19991
STEP	224	true	240	4	0,U1,0,19990;1,U1,0,19990
STEP	244	false	240	0	0,U1,0,19990;1,U1,0,19990
STEP	264	false	240	0	0,U1,0,19990;1,U1,0,19990
STEP	284	false	240	0	0,U1,0,19990;1,U1,0,19990
STEP	304	false	240	0	0,U1,0,19990;1,U1,0,19990
STEP	324	false	240	0	0,U1,0,19990;1,U1,0,19990
STEP	344	false	240	0	0,U1,0,19990;1,U1,0,19990
STEP	364	false	240	0	0,U1,0,19990;1,U1,0,19990
STEP	384	false	240	0	0,U1,0,19990;1,U1,0,19990
STEP	404	false	240	0	0,U1,0,19990;1,U1,0,19990
STEP	424	false	240	0	0,U1,0,19990;1,U1,0,19990
STEP	444	false	240	0	0,U1,0,19990;1,U1,0,19990
ENERGY	4000.0
END
CASE	u-pair-vertical	0	0,U1,0,20000;9,U1,0,20000
STEP	38	false	0	0	0,U1,0,20000;9,U1,0,20000
STEP	58	true	24	4	0,U1,0,19999;9,U1,0,19999
STEP	78	true	48	4	0,U1,0,19998;9,U1,0,19998
STEP	98	true	72	4	0,U1,0,19997;9,U1,0,19997
STEP	118	true	96	4	0,U1,0,19996;9,U1,0,19996
STEP	138	true	120	4	0,U1,0,19995;9,U1,0,19995
STEP	158	true	144	4	0,U1,0,19994;9,U1,0,19994
STEP	178	true	168	4	0,U1,0,19993;9,U1,0,19993
STEP	198	true	192	4	0,U1,0,19992;9,U1,0,19992
STEP	218	true	216	4	0,U1,0,19991;9,U1,0,19991
STEP	238	true	240	4	0,U1,0,19990;9,U1,0,19990
STEP	258	false	240	0	0,U1,0,19990;9,U1,0,19990
STEP	278	false	240	0	0,U1,0,19990;9,U1,0,19990
STEP	298	false	240	0	0,U1,0,19990;9,U1,0,19990
STEP	318	false	240	0	0,U1,0,19990;9,U1,0,19990
STEP	338	false	240	0	0,U1,0,19990;9,U1,0,19990
STEP	358	false	240	0	0,U1,0,19990;9,U1,0,19990
STEP	378	false	240	0	0,U1,0,19990;9,U1,0,19990
STEP	398	false	240	0	0,U1,0,19990;9,U1,0,19990
STEP	418	false	240	0	0,U1,0,19990;9,U1,0,19990
STEP	438	false	240	0	0,U1,0,19990;9,U1,0,19990
STEP	458	false	240	0	0,U1,0,19990;9,U1,0,19990
ENERGY	4000.0
END
CASE	u-pair-separated	0	0,U1,0,20000;2,U1,0,20000
STEP	45	true	8	2	0,U1,0,19999;2,U1,0,19999
STEP	65	true	16	2	0,U1,0,19998;2,U1,0,19998
STEP	85	true	24	2	0,U1,0,19997;2,U1,0,19997
STEP	105	true	32	2	0,U1,0,19996;2,U1,0,19996
STEP	125	true	40	2	0,U1,0,19995;2,U1,0,19995
STEP	145	true	48	2	0,U1,0,19994;2,U1,0,19994
STEP	165	true	56	2	0,U1,0,19993;2,U1,0,19993
STEP	185	true	64	2	0,U1,0,19992;2,U1,0,19992
STEP	205	true	72	2	0,U1,0,19991;2,U1,0,19991
STEP	225	true	80	2	0,U1,0,19990;2,U1,0,19990
STEP	245	false	80	0	0,U1,0,19990;2,U1,0,19990
STEP	265	false	80	0	0,U1,0,19990;2,U1,0,19990
STEP	285	false	80	0	0,U1,0,19990;2,U1,0,19990
STEP	305	false	80	0	0,U1,0,19990;2,U1,0,19990
STEP	325	false	80	0	0,U1,0,19990;2,U1,0,19990
STEP	345	false	80	0	0,U1,0,19990;2,U1,0,19990
STEP	365	false	80	0	0,U1,0,19990;2,U1,0,19990
STEP	385	false	80	0	0,U1,0,19990;2,U1,0,19990
STEP	405	false	80	0	0,U1,0,19990;2,U1,0,19990
STEP	425	false	80	0	0,U1,0,19990;2,U1,0,19990
STEP	445	false	80	0	0,U1,0,19990;2,U1,0,19990
ENERGY	2000.0
END
CASE	u-triple-row	0	0,U1,0,20000;1,U1,0,20000;2,U1,0,20000
STEP	44	true	48	7	0,U1,0,19999;1,U1,0,19999;2,U1,0,19999
STEP	64	true	96	7	0,U1,0,19998;1,U1,0,19998;2,U1,0,19998
STEP	84	true	144	7	0,U1,0,19997;1,U1,0,19997;2,U1,0,19997
STEP	104	true	192	7	0,U1,0,19996;1,U1,0,19996;2,U1,0,19996
STEP	124	true	240	7	0,U1,0,19995;1,U1,0,19995;2,U1,0,19995
STEP	144	true	288	7	0,U1,0,19994;1,U1,0,19994;2,U1,0,19994
STEP	164	true	336	7	0,U1,0,19993;1,U1,0,19993;2,U1,0,19993
STEP	184	true	384	7	0,U1,0,19992;1,U1,0,19992;2,U1,0,19992
STEP	204	true	432	7	0,U1,0,19991;1,U1,0,19991;2,U1,0,19991
STEP	224	true	480	7	0,U1,0,19990;1,U1,0,19990;2,U1,0,19990
STEP	244	false	480	0	0,U1,0,19990;1,U1,0,19990;2,U1,0,19990
STEP	264	false	480	0	0,U1,0,19990;1,U1,0,19990;2,U1,0,19990
STEP	284	false	480	0	0,U1,0,19990;1,U1,0,19990;2,U1,0,19990
STEP	304	false	480	0	0,U1,0,19990;1,U1,0,19990;2,U1,0,19990
STEP	324	false	480	0	0,U1,0,19990;1,U1,0,19990;2,U1,0,19990
STEP	344	false	480	0	0,U1,0,19990;1,U1,0,19990;2,U1,0,19990
STEP	364	false	480	0	0,U1,0,19990;1,U1,0,19990;2,U1,0,19990
STEP	384	false	480	0	0,U1,0,19990;1,U1,0,19990;2,U1,0,19990
STEP	404	false	480	0	0,U1,0,19990;1,U1,0,19990;2,U1,0,19990
STEP	424	false	480	0	0,U1,0,19990;1,U1,0,19990;2,U1,0,19990
STEP	444	false	480	0	0,U1,0,19990;1,U1,0,19990;2,U1,0,19990
ENERGY	7000.0
END
CASE	u-cross-five	0	1,U1,0,20000;9,U1,0,20000;10,U1,0,20000;11,U1,0,20000;19,U1,0,20000
STEP	49	true	108	13	1,U1,0,19999;9,U1,0,19999;10,U1,0,19999;11,U1,0,19999;19,U1,0,19999
STEP	69	true	216	13	1,U1,0,19998;9,U1,0,19998;10,U1,0,19998;11,U1,0,19998;19,U1,0,19998
STEP	89	true	324	13	1,U1,0,19997;9,U1,0,19997;10,U1,0,19997;11,U1,0,19997;19,U1,0,19997
STEP	109	true	432	13	1,U1,0,19996;9,U1,0,19996;10,U1,0,19996;11,U1,0,19996;19,U1,0,19996
STEP	129	true	540	13	1,U1,0,19995;9,U1,0,19995;10,U1,0,19995;11,U1,0,19995;19,U1,0,19995
STEP	149	true	648	13	1,U1,0,19994;9,U1,0,19994;10,U1,0,19994;11,U1,0,19994;19,U1,0,19994
STEP	169	true	756	13	1,U1,0,19993;9,U1,0,19993;10,U1,0,19993;11,U1,0,19993;19,U1,0,19993
STEP	189	true	864	13	1,U1,0,19992;9,U1,0,19992;10,U1,0,19992;11,U1,0,19992;19,U1,0,19992
STEP	209	true	972	13	1,U1,0,19991;9,U1,0,19991;10,U1,0,19991;11,U1,0,19991;19,U1,0,19991
STEP	229	true	1080	13	1,U1,0,19990;9,U1,0,19990;10,U1,0,19990;11,U1,0,19990;19,U1,0,19990
STEP	249	false	1080	0	1,U1,0,19990;9,U1,0,19990;10,U1,0,19990;11,U1,0,19990;19,U1,0,19990
STEP	269	false	1080	0	1,U1,0,19990;9,U1,0,19990;10,U1,0,19990;11,U1,0,19990;19,U1,0,19990
STEP	289	false	1080	0	1,U1,0,19990;9,U1,0,19990;10,U1,0,19990;11,U1,0,19990;19,U1,0,19990
STEP	309	false	1080	0	1,U1,0,19990;9,U1,0,19990;10,U1,0,19990;11,U1,0,19990;19,U1,0,19990
STEP	329	false	1080	0	1,U1,0,19990;9,U1,0,19990;10,U1,0,19990;11,U1,0,19990;19,U1,0,19990
STEP	349	false	1080	0	1,U1,0,19990;9,U1,0,19990;10,U1,0,19990;11,U1,0,19990;19,U1,0,19990
STEP	369	false	1080	0	1,U1,0,19990;9,U1,0,19990;10,U1,0,19990;11,U1,0,19990;19,U1,0,19990
STEP	389	false	1080	0	1,U1,0,19990;9,U1,0,19990;10,U1,0,19990;11,U1,0,19990;19,U1,0,19990
STEP	409	false	1080	0	1,U1,0,19990;9,U1,0,19990;10,U1,0,19990;11,U1,0,19990;19,U1,0,19990
STEP	429	false	1080	0	1,U1,0,19990;9,U1,0,19990;10,U1,0,19990;11,U1,0,19990;19,U1,0,19990
STEP	449	false	1080	0	1,U1,0,19990;9,U1,0,19990;10,U1,0,19990;11,U1,0,19990;19,U1,0,19990
ENERGY	13000.0
END
CASE	quad-pair	0	0,U4,0,20000;1,U4,0,20000
STEP	37	false	0	0	0,U4,0,20000;1,U4,0,20000
STEP	57	true	320	32	0,U4,0,19999;1,U4,0,19999
STEP	77	true	640	32	0,U4,0,19998;1,U4,0,19998
STEP	97	true	960	32	0,U4,0,19997;1,U4,0,19997
STEP	117	true	1280	32	0,U4,0,19996;1,U4,0,19996
STEP	137	true	1600	32	0,U4,0,19995;1,U4,0,19995
STEP	157	true	1920	32	0,U4,0,19994;1,U4,0,19994
STEP	177	true	2240	32	0,U4,0,19993;1,U4,0,19993
STEP	197	true	2560	32	0,U4,0,19992;1,U4,0,19992
STEP	217	true	2880	32	0,U4,0,19991;1,U4,0,19991
STEP	237	true	3200	32	0,U4,0,19990;1,U4,0,19990
STEP	257	false	3200	0	0,U4,0,19990;1,U4,0,19990
STEP	277	false	3200	0	0,U4,0,19990;1,U4,0,19990
STEP	297	false	3200	0	0,U4,0,19990;1,U4,0,19990
STEP	317	false	3200	0	0,U4,0,19990;1,U4,0,19990
STEP	337	false	3200	0	0,U4,0,19990;1,U4,0,19990
STEP	357	false	3200	0	0,U4,0,19990;1,U4,0,19990
STEP	377	false	3200	0	0,U4,0,19990;1,U4,0,19990
STEP	397	false	3200	0	0,U4,0,19990;1,U4,0,19990
STEP	417	false	3200	0	0,U4,0,19990;1,U4,0,19990
STEP	437	false	3200	0	0,U4,0,19990;1,U4,0,19990
STEP	457	false	3200	0	0,U4,0,19990;1,U4,0,19990
ENERGY	32000.0
END
CASE	quad-single-pair	0	0,U4,0,20000;1,U1,0,20000
STEP	41	true	172	18	0,U4,0,19999;1,U1,0,19999
STEP	61	true	344	18	0,U4,0,19998;1,U1,0,19998
STEP	81	true	516	18	0,U4,0,19997;1,U1,0,19997
STEP	101	true	688	18	0,U4,0,19996;1,U1,0,19996
STEP	121	true	860	18	0,U4,0,19995;1,U1,0,19995
STEP	141	true	1032	18	0,U4,0,19994;1,U1,0,19994
STEP	161	true	1204	18	0,U4,0,19993;1,U1,0,19993
STEP	181	true	1376	18	0,U4,0,19992;1,U1,0,19992
STEP	201	true	1548	18	0,U4,0,19991;1,U1,0,19991
STEP	221	true	1720	18	0,U4,0,19990;1,U1,0,19990
STEP	241	false	1720	0	0,U4,0,19990;1,U1,0,19990
STEP	261	false	1720	0	0,U4,0,19990;1,U1,0,19990
STEP	281	false	1720	0	0,U4,0,19990;1,U1,0,19990
STEP	301	false	1720	0	0,U4,0,19990;1,U1,0,19990
STEP	321	false	1720	0	0,U4,0,19990;1,U1,0,19990
STEP	341	false	1720	0	0,U4,0,19990;1,U1,0,19990
STEP	361	false	1720	0	0,U4,0,19990;1,U1,0,19990
STEP	381	false	1720	0	0,U4,0,19990;1,U1,0,19990
STEP	401	false	1720	0	0,U4,0,19990;1,U1,0,19990
STEP	421	false	1720	0	0,U4,0,19990;1,U1,0,19990
STEP	441	false	1720	0	0,U4,0,19990;1,U1,0,19990
ENERGY	18000.0
END
CASE	u-reflectors-1	0	1,R,0,0;10,U1,0,20000
STEP	33	false	0	0	1,R,0,0;10,U1,0,20000
STEP	53	true	12	2	1,R,1,0;10,U1,0,19999
STEP	73	true	24	2	1,R,2,0;10,U1,0,19998
STEP	93	true	36	2	1,R,3,0;10,U1,0,19997
STEP	113	true	48	2	1,R,4,0;10,U1,0,19996
STEP	133	true	60	2	1,R,5,0;10,U1,0,19995
STEP	153	true	72	2	1,R,6,0;10,U1,0,19994
STEP	173	true	84	2	1,R,7,0;10,U1,0,19993
STEP	193	true	96	2	1,R,8,0;10,U1,0,19992
STEP	213	true	108	2	1,R,9,0;10,U1,0,19991
STEP	233	true	120	2	1,R,10,0;10,U1,0,19990
STEP	253	false	120	0	1,R,10,0;10,U1,0,19990
STEP	273	false	120	0	1,R,10,0;10,U1,0,19990
STEP	293	false	120	0	1,R,10,0;10,U1,0,19990
STEP	313	false	120	0	1,R,10,0;10,U1,0,19990
STEP	333	false	120	0	1,R,10,0;10,U1,0,19990
STEP	353	false	120	0	1,R,10,0;10,U1,0,19990
STEP	373	false	120	0	1,R,10,0;10,U1,0,19990
STEP	393	false	120	0	1,R,10,0;10,U1,0,19990
STEP	413	false	120	0	1,R,10,0;10,U1,0,19990
STEP	433	false	120	0	1,R,10,0;10,U1,0,19990
STEP	453	false	120	0	1,R,10,0;10,U1,0,19990
ENERGY	2000.0
END
CASE	u-reflectors-2	0	1,R,0,0;9,R,0,0;10,U1,0,20000
STEP	43	true	24	3	1,R,1,0;9,R,1,0;10,U1,0,19999
STEP	63	true	48	3	1,R,2,0;9,R,2,0;10,U1,0,19998
STEP	83	true	72	3	1,R,3,0;9,R,3,0;10,U1,0,19997
STEP	103	true	96	3	1,R,4,0;9,R,4,0;10,U1,0,19996
STEP	123	true	120	3	1,R,5,0;9,R,5,0;10,U1,0,19995
STEP	143	true	144	3	1,R,6,0;9,R,6,0;10,U1,0,19994
STEP	163	true	168	3	1,R,7,0;9,R,7,0;10,U1,0,19993
STEP	183	true	192	3	1,R,8,0;9,R,8,0;10,U1,0,19992
STEP	203	true	216	3	1,R,9,0;9,R,9,0;10,U1,0,19991
STEP	223	true	240	3	1,R,10,0;9,R,10,0;10,U1,0,19990
STEP	243	false	240	0	1,R,10,0;9,R,10,0;10,U1,0,19990
STEP	263	false	240	0	1,R,10,0;9,R,10,0;10,U1,0,19990
STEP	283	false	240	0	1,R,10,0;9,R,10,0;10,U1,0,19990
STEP	303	false	240	0	1,R,10,0;9,R,10,0;10,U1,0,19990
STEP	323	false	240	0	1,R,10,0;9,R,10,0;10,U1,0,19990
STEP	343	false	240	0	1,R,10,0;9,R,10,0;10,U1,0,19990
STEP	363	false	240	0	1,R,10,0;9,R,10,0;10,U1,0,19990
STEP	383	false	240	0	1,R,10,0;9,R,10,0;10,U1,0,19990
STEP	403	false	240	0	1,R,10,0;9,R,10,0;10,U1,0,19990
STEP	423	false	240	0	1,R,10,0;9,R,10,0;10,U1,0,19990
STEP	443	false	240	0	1,R,10,0;9,R,10,0;10,U1,0,19990
ENERGY	3000.0
END
CASE	u-reflectors-4	0	1,R,0,0;9,R,0,0;10,U1,0,20000;11,R,0,0;19,R,0,0
STEP	46	true	60	5	1,R,1,0;9,R,1,0;10,U1,0,19999;11,R,1,0;19,R,1,0
STEP	66	true	120	5	1,R,2,0;9,R,2,0;10,U1,0,19998;11,R,2,0;19,R,2,0
STEP	86	true	180	5	1,R,3,0;9,R,3,0;10,U1,0,19997;11,R,3,0;19,R,3,0
STEP	106	true	240	5	1,R,4,0;9,R,4,0;10,U1,0,19996;11,R,4,0;19,R,4,0
STEP	126	true	300	5	1,R,5,0;9,R,5,0;10,U1,0,19995;11,R,5,0;19,R,5,0
STEP	146	true	360	5	1,R,6,0;9,R,6,0;10,U1,0,19994;11,R,6,0;19,R,6,0
STEP	166	true	420	5	1,R,7,0;9,R,7,0;10,U1,0,19993;11,R,7,0;19,R,7,0
STEP	186	true	480	5	1,R,8,0;9,R,8,0;10,U1,0,19992;11,R,8,0;19,R,8,0
STEP	206	true	540	5	1,R,9,0;9,R,9,0;10,U1,0,19991;11,R,9,0;19,R,9,0
STEP	226	true	600	5	1,R,10,0;9,R,10,0;10,U1,0,19990;11,R,10,0;19,R,10,0
STEP	246	false	600	0	1,R,10,0;9,R,10,0;10,U1,0,19990;11,R,10,0;19,R,10,0
STEP	266	false	600	0	1,R,10,0;9,R,10,0;10,U1,0,19990;11,R,10,0;19,R,10,0
STEP	286	false	600	0	1,R,10,0;9,R,10,0;10,U1,0,19990;11,R,10,0;19,R,10,0
STEP	306	false	600	0	1,R,10,0;9,R,10,0;10,U1,0,19990;11,R,10,0;19,R,10,0
STEP	326	false	600	0	1,R,10,0;9,R,10,0;10,U1,0,19990;11,R,10,0;19,R,10,0
STEP	346	false	600	0	1,R,10,0;9,R,10,0;10,U1,0,19990;11,R,10,0;19,R,10,0
STEP	366	false	600	0	1,R,10,0;9,R,10,0;10,U1,0,19990;11,R,10,0;19,R,10,0
STEP	386	false	600	0	1,R,10,0;9,R,10,0;10,U1,0,19990;11,R,10,0;19,R,10,0
STEP	406	false	600	0	1,R,10,0;9,R,10,0;10,U1,0,19990;11,R,10,0;19,R,10,0
STEP	426	false	600	0	1,R,10,0;9,R,10,0;10,U1,0,19990;11,R,10,0;19,R,10,0
STEP	446	false	600	0	1,R,10,0;9,R,10,0;10,U1,0,19990;11,R,10,0;19,R,10,0
ENERGY	5000.0
END
CASE	u-thick-neutron-reflector	0	0,U1,0,20000;1,RT,0,0
STEP	46	true	12	2	0,U1,0,19999;1,RT,1,0
STEP	66	true	24	2	0,U1,0,19998;1,RT,2,0
STEP	86	true	36	2	0,U1,0,19997;1,RT,3,0
STEP	106	true	48	2	0,U1,0,19996;1,RT,4,0
STEP	126	true	60	2	0,U1,0,19995;1,RT,5,0
STEP	146	true	72	2	0,U1,0,19994;1,RT,6,0
STEP	166	true	84	2	0,U1,0,19993;1,RT,7,0
STEP	186	true	96	2	0,U1,0,19992;1,RT,8,0
STEP	206	true	108	2	0,U1,0,19991;1,RT,9,0
STEP	226	true	120	2	0,U1,0,19990;1,RT,10,0
STEP	246	false	120	0	0,U1,0,19990;1,RT,10,0
STEP	266	false	120	0	0,U1,0,19990;1,RT,10,0
STEP	286	false	120	0	0,U1,0,19990;1,RT,10,0
STEP	306	false	120	0	0,U1,0,19990;1,RT,10,0
STEP	326	false	120	0	0,U1,0,19990;1,RT,10,0
STEP	346	false	120	0	0,U1,0,19990;1,RT,10,0
STEP	366	false	120	0	0,U1,0,19990;1,RT,10,0
STEP	386	false	120	0	0,U1,0,19990;1,RT,10,0
STEP	406	false	120	0	0,U1,0,19990;1,RT,10,0
STEP	426	false	120	0	0,U1,0,19990;1,RT,10,0
STEP	446	false	120	0	0,U1,0,19990;1,RT,10,0
ENERGY	2000.0
END
CASE	u-iridium-neutron-reflector	0	0,U1,0,20000;1,RI,0,0
STEP	40	false	0	0	0,U1,0,20000;1,RI,0,0
STEP	60	true	12	2	0,U1,0,19999;1,RI,0,0
STEP	80	true	24	2	0,U1,0,19998;1,RI,0,0
STEP	100	true	36	2	0,U1,0,19997;1,RI,0,0
STEP	120	true	48	2	0,U1,0,19996;1,RI,0,0
STEP	140	true	60	2	0,U1,0,19995;1,RI,0,0
STEP	160	true	72	2	0,U1,0,19994;1,RI,0,0
STEP	180	true	84	2	0,U1,0,19993;1,RI,0,0
STEP	200	true	96	2	0,U1,0,19992;1,RI,0,0
STEP	220	true	108	2	0,U1,0,19991;1,RI,0,0
STEP	240	true	120	2	0,U1,0,19990;1,RI,0,0
STEP	260	false	120	0	0,U1,0,19990;1,RI,0,0
STEP	280	false	120	0	0,U1,0,19990;1,RI,0,0
STEP	300	false	120	0	0,U1,0,19990;1,RI,0,0
STEP	320	false	120	0	0,U1,0,19990;1,RI,0,0
STEP	340	false	120	0	0,U1,0,19990;1,RI,0,0
STEP	360	false	120	0	0,U1,0,19990;1,RI,0,0
STEP	380	false	120	0	0,U1,0,19990;1,RI,0,0
STEP	400	false	120	0	0,U1,0,19990;1,RI,0,0
STEP	420	false	120	0	0,U1,0,19990;1,RI,0,0
STEP	440	false	120	0	0,U1,0,19990;1,RI,0,0
ENERGY	2000.0
END
CASE	mox-heat-2000	2000	0,M1,0,10000
STEP	49	true	2004	1	0,M1,0,9999
STEP	69	true	2008	1	0,M1,0,9998
STEP	89	true	2012	1	0,M1,0,9997
STEP	109	true	2016	1	0,M1,0,9996
STEP	129	true	2020	1	0,M1,0,9995
STEP	149	true	2024	1	0,M1,0,9994
STEP	169	true	2028	1	0,M1,0,9993
STEP	189	true	2032	1	0,M1,0,9992
STEP	209	true	2036	1	0,M1,0,9991
STEP	229	true	2040	1	0,M1,0,9990
STEP	249	false	2040	0	0,M1,0,9990
STEP	269	false	2040	0	0,M1,0,9990
STEP	289	false	2040	0	0,M1,0,9990
STEP	309	false	2040	0	0,M1,0,9990
STEP	329	false	2040	0	0,M1,0,9990
STEP	349	false	2040	0	0,M1,0,9990
STEP	369	false	2040	0	0,M1,0,9990
STEP	389	false	2040	0	0,M1,0,9990
STEP	409	false	2040	0	0,M1,0,9990
STEP	429	false	2040	0	0,M1,0,9990
STEP	449	false	2040	0	0,M1,0,9990
ENERGY	1808.799991607666
END
CASE	mox-heat-5000	5000	0,M1,0,10000
STEP	48	true	5004	3	0,M1,0,9999
STEP	68	true	5008	3	0,M1,0,9998
STEP	88	true	5012	3	0,M1,0,9997
STEP	108	true	5016	3	0,M1,0,9996
STEP	128	true	5020	3	0,M1,0,9995
STEP	148	true	5024	3	0,M1,0,9994
STEP	168	true	5028	3	0,M1,0,9993
STEP	188	true	5032	3	0,M1,0,9992
STEP	208	true	5036	3	0,M1,0,9991
STEP	228	true	5040	3	0,M1,0,9990
STEP	248	false	5040	0	0,M1,0,9990
STEP	268	false	5040	0	0,M1,0,9990
STEP	288	false	5040	0	0,M1,0,9990
STEP	308	false	5040	0	0,M1,0,9990
STEP	328	false	5040	0	0,M1,0,9990
STEP	348	false	5040	0	0,M1,0,9990
STEP	368	false	5040	0	0,M1,0,9990
STEP	388	false	5040	0	0,M1,0,9990
STEP	408	false	5040	0	0,M1,0,9990
STEP	428	false	5040	0	0,M1,0,9990
STEP	448	false	5040	0	0,M1,0,9990
ENERGY	3008.8000106811523
END
CASE	dual-mox-heat-5000	5000	0,M2,0,10000
STEP	39	false	5000	0	0,M2,0,10000
STEP	59	true	5024	12	0,M2,0,9999
STEP	79	true	5048	12	0,M2,0,9998
STEP	99	true	5072	12	0,M2,0,9997
STEP	119	true	5096	12	0,M2,0,9996
STEP	139	true	5120	12	0,M2,0,9995
STEP	159	true	5144	12	0,M2,0,9994
STEP	179	true	5168	12	0,M2,0,9993
STEP	199	true	5192	12	0,M2,0,9992
STEP	219	true	5216	12	0,M2,0,9991
STEP	239	true	5240	12	0,M2,0,9990
STEP	259	false	5240	0	0,M2,0,9990
STEP	279	false	5240	0	0,M2,0,9990
STEP	299	false	5240	0	0,M2,0,9990
STEP	319	false	5240	0	0,M2,0,9990
STEP	339	false	5240	0	0,M2,0,9990
STEP	359	false	5240	0	0,M2,0,9990
STEP	379	false	5240	0	0,M2,0,9990
STEP	399	false	5240	0	0,M2,0,9990
STEP	419	false	5240	0	0,M2,0,9990
STEP	439	false	5240	0	0,M2,0,9990
STEP	459	false	5240	0	0,M2,0,9990
ENERGY	12211.20002746582
END
CASE	quad-mox-heat-5000	5000	0,M4,0,10000
STEP	43	true	5096	36	0,M4,0,9999
STEP	63	true	5192	36	0,M4,0,9998
STEP	83	true	5288	37	0,M4,0,9997
STEP	103	true	5384	37	0,M4,0,9996
STEP	123	true	5480	38	0,M4,0,9995
STEP	143	true	5576	38	0,M4,0,9994
STEP	163	true	5672	39	0,M4,0,9993
STEP	183	true	5768	39	0,M4,0,9992
STEP	203	true	5864	40	0,M4,0,9991
STEP	223	true	5960	40	0,M4,0,9990
STEP	243	false	5960	0	0,M4,0,9990
STEP	263	false	5960	0	0,M4,0,9990
STEP	283	false	5960	0	0,M4,0,9990
STEP	303	false	5960	0	0,M4,0,9990
STEP	323	false	5960	0	0,M4,0,9990
STEP	343	false	5960	0	0,M4,0,9990
STEP	363	false	5960	0	0,M4,0,9990
STEP	383	false	5960	0	0,M4,0,9990
STEP	403	false	5960	0	0,M4,0,9990
STEP	423	false	5960	0	0,M4,0,9990
STEP	443	false	5960	0	0,M4,0,9990
ENERGY	38534.400329589844
END
CASE	quad-10k-coolant-cell	0	0,U4,0,20000;1,C10,0,0
STEP	36	false	0	0	0,U4,0,20000;1,C10,0,0
STEP	56	true	0	12	0,U4,0,19999;1,C10,96,0
STEP	76	true	0	12	0,U4,0,19998;1,C10,192,0
STEP	96	true	0	12	0,U4,0,19997;1,C10,288,0
STEP	116	true	0	12	0,U4,0,19996;1,C10,384,0
STEP	136	true	0	12	0,U4,0,19995;1,C10,480,0
STEP	156	true	0	12	0,U4,0,19994;1,C10,576,0
STEP	176	true	0	12	0,U4,0,19993;1,C10,672,0
STEP	196	true	0	12	0,U4,0,19992;1,C10,768,0
STEP	216	true	0	12	0,U4,0,19991;1,C10,864,0
STEP	236	true	0	12	0,U4,0,19990;1,C10,960,0
STEP	256	false	0	0	0,U4,0,19990;1,C10,960,0
STEP	276	false	0	0	0,U4,0,19990;1,C10,960,0
STEP	296	false	0	0	0,U4,0,19990;1,C10,960,0
STEP	316	false	0	0	0,U4,0,19990;1,C10,960,0
STEP	336	false	0	0	0,U4,0,19990;1,C10,960,0
STEP	356	false	0	0	0,U4,0,19990;1,C10,960,0
STEP	376	false	0	0	0,U4,0,19990;1,C10,960,0
STEP	396	false	0	0	0,U4,0,19990;1,C10,960,0
STEP	416	false	0	0	0,U4,0,19990;1,C10,960,0
STEP	436	false	0	0	0,U4,0,19990;1,C10,960,0
STEP	456	false	0	0	0,U4,0,19990;1,C10,960,0
ENERGY	12000.0
END
CASE	quad-30k-coolant-cell	0	0,U4,0,20000;1,C30,0,0
STEP	46	true	0	12	0,U4,0,19999;1,C30,96,0
STEP	66	true	0	12	0,U4,0,19998;1,C30,192,0
STEP	86	true	0	12	0,U4,0,19997;1,C30,288,0
STEP	106	true	0	12	0,U4,0,19996;1,C30,384,0
STEP	126	true	0	12	0,U4,0,19995;1,C30,480,0
STEP	146	true	0	12	0,U4,0,19994;1,C30,576,0
STEP	166	true	0	12	0,U4,0,19993;1,C30,672,0
STEP	186	true	0	12	0,U4,0,19992;1,C30,768,0
STEP	206	true	0	12	0,U4,0,19991;1,C30,864,0
STEP	226	true	0	12	0,U4,0,19990;1,C30,960,0
STEP	246	false	0	0	0,U4,0,19990;1,C30,960,0
STEP	266	false	0	0	0,U4,0,19990;1,C30,960,0
STEP	286	false	0	0	0,U4,0,19990;1,C30,960,0
STEP	306	false	0	0	0,U4,0,19990;1,C30,960,0
STEP	326	false	0	0	0,U4,0,19990;1,C30,960,0
STEP	346	false	0	0	0,U4,0,19990;1,C30,960,0
STEP	366	false	0	0	0,U4,0,19990;1,C30,960,0
STEP	386	false	0	0	0,U4,0,19990;1,C30,960,0
STEP	406	false	0	0	0,U4,0,19990;1,C30,960,0
STEP	426	false	0	0	0,U4,0,19990;1,C30,960,0
STEP	446	false	0	0	0,U4,0,19990;1,C30,960,0
ENERGY	12000.0
END
CASE	quad-60k-coolant-cell	0	0,U4,0,20000;1,C60,0,0
STEP	49	true	0	12	0,U4,0,19999;1,C60,96,0
STEP	69	true	0	12	0,U4,0,19998;1,C60,192,0
STEP	89	true	0	12	0,U4,0,19997;1,C60,288,0
STEP	109	true	0	12	0,U4,0,19996;1,C60,384,0
STEP	129	true	0	12	0,U4,0,19995;1,C60,480,0
STEP	149	true	0	12	0,U4,0,19994;1,C60,576,0
STEP	169	true	0	12	0,U4,0,19993;1,C60,672,0
STEP	189	true	0	12	0,U4,0,19992;1,C60,768,0
STEP	209	true	0	12	0,U4,0,19991;1,C60,864,0
STEP	229	true	0	12	0,U4,0,19990;1,C60,960,0
STEP	249	false	0	0	0,U4,0,19990;1,C60,960,0
STEP	269	false	0	0	0,U4,0,19990;1,C60,960,0
STEP	289	false	0	0	0,U4,0,19990;1,C60,960,0
STEP	309	false	0	0	0,U4,0,19990;1,C60,960,0
STEP	329	false	0	0	0,U4,0,19990;1,C60,960,0
STEP	349	false	0	0	0,U4,0,19990;1,C60,960,0
STEP	369	false	0	0	0,U4,0,19990;1,C60,960,0
STEP	389	false	0	0	0,U4,0,19990;1,C60,960,0
STEP	409	false	0	0	0,U4,0,19990;1,C60,960,0
STEP	429	false	0	0	0,U4,0,19990;1,C60,960,0
STEP	449	false	0	0	0,U4,0,19990;1,C60,960,0
ENERGY	12000.0
END
CASE	quad-rsh-condensator	0	0,U4,0,20000;1,RSH,0,0
STEP	36	false	0	0	0,U4,0,20000;1,RSH,0,0
STEP	56	true	0	12	0,U4,0,19999;1,RSH,96,0
STEP	76	true	0	12	0,U4,0,19998;1,RSH,192,0
STEP	96	true	0	12	0,U4,0,19997;1,RSH,288,0
STEP	116	true	0	12	0,U4,0,19996;1,RSH,384,0
STEP	136	true	0	12	0,U4,0,19995;1,RSH,480,0
STEP	156	true	0	12	0,U4,0,19994;1,RSH,576,0
STEP	176	true	0	12	0,U4,0,19993;1,RSH,672,0
STEP	196	true	0	12	0,U4,0,19992;1,RSH,768,0
STEP	216	true	0	12	0,U4,0,19991;1,RSH,864,0
STEP	236	true	0	12	0,U4,0,19990;1,RSH,960,0
STEP	256	false	0	0	0,U4,0,19990;1,RSH,960,0
STEP	276	false	0	0	0,U4,0,19990;1,RSH,960,0
STEP	296	false	0	0	0,U4,0,19990;1,RSH,960,0
STEP	316	false	0	0	0,U4,0,19990;1,RSH,960,0
STEP	336	false	0	0	0,U4,0,19990;1,RSH,960,0
STEP	356	false	0	0	0,U4,0,19990;1,RSH,960,0
STEP	376	false	0	0	0,U4,0,19990;1,RSH,960,0
STEP	396	false	0	0	0,U4,0,19990;1,RSH,960,0
STEP	416	false	0	0	0,U4,0,19990;1,RSH,960,0
STEP	436	false	0	0	0,U4,0,19990;1,RSH,960,0
STEP	456	false	0	0	0,U4,0,19990;1,RSH,960,0
ENERGY	12000.0
END
CASE	quad-lzh-condensator	0	0,U4,0,20000;1,LZH,0,0
STEP	43	true	0	12	0,U4,0,19999;1,LZH,96,0
STEP	63	true	0	12	0,U4,0,19998;1,LZH,192,0
STEP	83	true	0	12	0,U4,0,19997;1,LZH,288,0
STEP	103	true	0	12	0,U4,0,19996;1,LZH,384,0
STEP	123	true	0	12	0,U4,0,19995;1,LZH,480,0
STEP	143	true	0	12	0,U4,0,19994;1,LZH,576,0
STEP	163	true	0	12	0,U4,0,19993;1,LZH,672,0
STEP	183	true	0	12	0,U4,0,19992;1,LZH,768,0
STEP	203	true	0	12	0,U4,0,19991;1,LZH,864,0
STEP	223	true	0	12	0,U4,0,19990;1,LZH,960,0
STEP	243	false	0	0	0,U4,0,19990;1,LZH,960,0
STEP	263	false	0	0	0,U4,0,19990;1,LZH,960,0
STEP	283	false	0	0	0,U4,0,19990;1,LZH,960,0
STEP	303	false	0	0	0,U4,0,19990;1,LZH,960,0
STEP	323	false	0	0	0,U4,0,19990;1,LZH,960,0
STEP	343	false	0	0	0,U4,0,19990;1,LZH,960,0
STEP	363	false	0	0	0,U4,0,19990;1,LZH,960,0
STEP	383	false	0	0	0,U4,0,19990;1,LZH,960,0
STEP	403	false	0	0	0,U4,0,19990;1,LZH,960,0
STEP	423	false	0	0	0,U4,0,19990;1,LZH,960,0
STEP	443	false	0	0	0,U4,0,19990;1,LZH,960,0
ENERGY	12000.0
END
CASE	single-two-cells	0	1,C10,0,0;9,C10,0,0;10,U1,0,20000
STEP	42	true	0	1	1,C10,2,0;9,C10,2,0;10,U1,0,19999
STEP	62	true	0	1	1,C10,4,0;9,C10,4,0;10,U1,0,19998
STEP	82	true	0	1	1,C10,6,0;9,C10,6,0;10,U1,0,19997
STEP	102	true	0	1	1,C10,8,0;9,C10,8,0;10,U1,0,19996
STEP	122	true	0	1	1,C10,10,0;9,C10,10,0;10,U1,0,19995
STEP	142	true	0	1	1,C10,12,0;9,C10,12,0;10,U1,0,19994
STEP	162	true	0	1	1,C10,14,0;9,C10,14,0;10,U1,0,19993
STEP	182	true	0	1	1,C10,16,0;9,C10,16,0;10,U1,0,19992
STEP	202	true	0	1	1,C10,18,0;9,C10,18,0;10,U1,0,19991
STEP	222	true	0	1	1,C10,20,0;9,C10,20,0;10,U1,0,19990
STEP	242	false	0	0	1,C10,20,0;9,C10,20,0;10,U1,0,19990
STEP	262	false	0	0	1,C10,20,0;9,C10,20,0;10,U1,0,19990
STEP	282	false	0	0	1,C10,20,0;9,C10,20,0;10,U1,0,19990
STEP	302	false	0	0	1,C10,20,0;9,C10,20,0;10,U1,0,19990
STEP	322	false	0	0	1,C10,20,0;9,C10,20,0;10,U1,0,19990
STEP	342	false	0	0	1,C10,20,0;9,C10,20,0;10,U1,0,19990
STEP	362	false	0	0	1,C10,20,0;9,C10,20,0;10,U1,0,19990
STEP	382	false	0	0	1,C10,20,0;9,C10,20,0;10,U1,0,19990
STEP	402	false	0	0	1,C10,20,0;9,C10,20,0;10,U1,0,19990
STEP	422	false	0	0	1,C10,20,0;9,C10,20,0;10,U1,0,19990
STEP	442	false	0	0	1,C10,20,0;9,C10,20,0;10,U1,0,19990
ENERGY	1000.0
END
CASE	quad-two-cells	0	1,C10,0,0;9,C10,0,0;10,U4,0,20000
STEP	35	false	0	0	1,C10,0,0;9,C10,0,0;10,U4,0,20000
STEP	55	true	0	12	1,C10,48,0;9,C10,48,0;10,U4,0,19999
STEP	75	true	0	12	1,C10,96,0;9,C10,96,0;10,U4,0,19998
STEP	95	true	0	12	1,C10,144,0;9,C10,144,0;10,U4,0,19997
STEP	115	true	0	12	1,C10,192,0;9,C10,192,0;10,U4,0,19996
STEP	135	true	0	12	1,C10,240,0;9,C10,240,0;10,U4,0,19995
STEP	155	true	0	12	1,C10,288,0;9,C10,288,0;10,U4,0,19994
STEP	175	true	0	12	1,C10,336,0;9,C10,336,0;10,U4,0,19993
STEP	195	true	0	12	1,C10,384,0;9,C10,384,0;10,U4,0,19992
STEP	215	true	0	12	1,C10,432,0;9,C10,432,0;10,U4,0,19991
STEP	235	true	0	12	1,C10,480,0;9,C10,480,0;10,U4,0,19990
STEP	255	false	0	0	1,C10,480,0;9,C10,480,0;10,U4,0,19990
STEP	275	false	0	0	1,C10,480,0;9,C10,480,0;10,U4,0,19990
STEP	295	false	0	0	1,C10,480,0;9,C10,480,0;10,U4,0,19990
STEP	315	false	0	0	1,C10,480,0;9,C10,480,0;10,U4,0,19990
STEP	335	false	0	0	1,C10,480,0;9,C10,480,0;10,U4,0,19990
STEP	355	false	0	0	1,C10,480,0;9,C10,480,0;10,U4,0,19990
STEP	375	false	0	0	1,C10,480,0;9,C10,480,0;10,U4,0,19990
STEP	395	false	0	0	1,C10,480,0;9,C10,480,0;10,U4,0,19990
STEP	415	false	0	0	1,C10,480,0;9,C10,480,0;10,U4,0,19990
STEP	435	false	0	0	1,C10,480,0;9,C10,480,0;10,U4,0,19990
STEP	455	false	0	0	1,C10,480,0;9,C10,480,0;10,U4,0,19990
ENERGY	12000.0
END
CASE	quad-heat-vent	0	0,U4,0,20000;1,V,0,0
STEP	35	false	0	0	0,U4,0,20000;1,V,0,0
STEP	55	true	0	12	0,U4,0,19999;1,V,90,0
STEP	75	true	0	12	0,U4,0,19998;1,V,180,0
STEP	95	true	0	12	0,U4,0,19997;1,V,270,0
STEP	115	true	0	12	0,U4,0,19996;1,V,360,0
STEP	135	true	0	12	0,U4,0,19995;1,V,450,0
STEP	155	true	0	12	0,U4,0,19994;1,V,540,0
STEP	175	true	0	12	0,U4,0,19993;1,V,630,0
STEP	195	true	0	12	0,U4,0,19992;1,V,720,0
STEP	215	true	0	12	0,U4,0,19991;1,V,810,0
STEP	235	true	0	12	0,U4,0,19990;1,V,900,0
STEP	255	false	0	0	0,U4,0,19990;1,V,894,0
STEP	275	false	0	0	0,U4,0,19990;1,V,888,0
STEP	295	false	0	0	0,U4,0,19990;1,V,882,0
STEP	315	false	0	0	0,U4,0,19990;1,V,876,0
STEP	335	false	0	0	0,U4,0,19990;1,V,870,0
STEP	355	false	0	0	0,U4,0,19990;1,V,864,0
STEP	375	false	0	0	0,U4,0,19990;1,V,858,0
STEP	395	false	0	0	0,U4,0,19990;1,V,852,0
STEP	415	false	0	0	0,U4,0,19990;1,V,846,0
STEP	435	false	0	0	0,U4,0,19990;1,V,840,0
STEP	455	false	0	0	0,U4,0,19990;1,V,834,0
ENERGY	12000.0
END
CASE	warm-idle-heat-vent	2000	0,V,100,0
STEP	45	true	2000	0	0,V,94,0
STEP	65	true	2000	0	0,V,88,0
STEP	85	true	2000	0	0,V,82,0
STEP	105	true	2000	0	0,V,76,0
STEP	125	true	2000	0	0,V,70,0
STEP	145	true	2000	0	0,V,64,0
STEP	165	true	2000	0	0,V,58,0
STEP	185	true	2000	0	0,V,52,0
STEP	205	true	2000	0	0,V,46,0
STEP	225	true	2000	0	0,V,40,0
STEP	245	false	2000	0	0,V,34,0
STEP	265	false	2000	0	0,V,28,0
STEP	285	false	2000	0	0,V,22,0
STEP	305	false	2000	0	0,V,16,0
STEP	325	false	2000	0	0,V,10,0
STEP	345	false	2000	0	0,V,4,0
STEP	365	false	2000	0	0,V,0,0
STEP	385	false	2000	0	0,V,0,0
STEP	405	false	2000	0	0,V,0,0
STEP	425	false	2000	0	0,V,0,0
STEP	445	false	2000	0	0,V,0,0
ENERGY	0.0
END
CASE	quad-reactor-heat-vent	0	0,U4,0,20000;1,VR,0,0
STEP	44	true	0	12	0,U4,0,19999;1,VR,91,0
STEP	64	true	0	12	0,U4,0,19998;1,VR,182,0
STEP	84	true	0	12	0,U4,0,19997;1,VR,273,0
STEP	104	true	0	12	0,U4,0,19996;1,VR,364,0
STEP	124	true	0	12	0,U4,0,19995;1,VR,455,0
STEP	144	true	0	12	0,U4,0,19994;1,VR,546,0
STEP	164	true	0	12	0,U4,0,19993;1,VR,637,0
STEP	184	true	0	12	0,U4,0,19992;1,VR,728,0
STEP	204	true	0	12	0,U4,0,19991;1,VR,819,0
STEP	224	true	0	12	0,U4,0,19990;1,VR,910,0
STEP	244	false	0	0	0,U4,0,19990;1,VR,905,0
STEP	264	false	0	0	0,U4,0,19990;1,VR,900,0
STEP	284	false	0	0	0,U4,0,19990;1,VR,895,0
STEP	304	false	0	0	0,U4,0,19990;1,VR,890,0
STEP	324	false	0	0	0,U4,0,19990;1,VR,885,0
STEP	344	false	0	0	0,U4,0,19990;1,VR,880,0
STEP	364	false	0	0	0,U4,0,19990;1,VR,875,0
STEP	384	false	0	0	0,U4,0,19990;1,VR,870,0
STEP	404	false	0	0	0,U4,0,19990;1,VR,865,0
STEP	424	false	0	0	0,U4,0,19990;1,VR,860,0
STEP	444	false	0	0	0,U4,0,19990;1,VR,855,0
ENERGY	12000.0
END
CASE	warm-idle-reactor-heat-vent	2000	0,VR,100,0
STEP	31	false	1995	0	0,VR,100,0
STEP	51	true	1990	0	0,VR,100,0
STEP	71	true	1985	0	0,VR,100,0
STEP	91	true	1980	0	0,VR,100,0
STEP	111	true	1975	0	0,VR,100,0
STEP	131	true	1970	0	0,VR,100,0
STEP	151	true	1965	0	0,VR,100,0
STEP	171	true	1960	0	0,VR,100,0
STEP	191	true	1955	0	0,VR,100,0
STEP	211	true	1950	0	0,VR,100,0
STEP	231	true	1945	0	0,VR,100,0
STEP	251	false	1940	0	0,VR,100,0
STEP	271	false	1935	0	0,VR,100,0
STEP	291	false	1930	0	0,VR,100,0
STEP	311	false	1925	0	0,VR,100,0
STEP	331	false	1920	0	0,VR,100,0
STEP	351	false	1915	0	0,VR,100,0
STEP	371	false	1910	0	0,VR,100,0
STEP	391	false	1905	0	0,VR,100,0
STEP	411	false	1900	0	0,VR,100,0
STEP	431	false	1895	0	0,VR,100,0
STEP	451	false	1890	0	0,VR,100,0
ENERGY	0.0
END
CASE	quad-overclocked-heat-vent	0	0,U4,0,20000;1,VO,0,0
STEP	50	true	0	12	0,U4,0,19999;1,VO,76,0
STEP	70	true	0	12	0,U4,0,19998;1,VO,152,0
STEP	90	true	0	12	0,U4,0,19997;1,VO,228,0
STEP	110	true	0	12	0,U4,0,19996;1,VO,304,0
STEP	130	true	0	12	0,U4,0,19995;1,VO,380,0
STEP	150	true	0	12	0,U4,0,19994;1,VO,456,0
STEP	170	true	0	12	0,U4,0,19993;1,VO,532,0
STEP	190	true	0	12	0,U4,0,19992;1,VO,608,0
STEP	210	true	0	12	0,U4,0,19991;1,VO,684,0
STEP	230	true	0	12	0,U4,0,19990;1,VO,760,0
STEP	250	false	0	0	0,U4,0,19990;1,VO,740,0
STEP	270	false	0	0	0,U4,0,19990;1,VO,720,0
STEP	290	false	0	0	0,U4,0,19990;1,VO,700,0
STEP	310	false	0	0	0,U4,0,19990;1,VO,680,0
STEP	330	false	0	0	0,U4,0,19990;1,VO,660,0
STEP	350	false	0	0	0,U4,0,19990;1,VO,640,0
STEP	370	false	0	0	0,U4,0,19990;1,VO,620,0
STEP	390	false	0	0	0,U4,0,19990;1,VO,600,0
STEP	410	false	0	0	0,U4,0,19990;1,VO,580,0
STEP	430	false	0	0	0,U4,0,19990;1,VO,560,0
STEP	450	false	0	0	0,U4,0,19990;1,VO,540,0
ENERGY	12000.0
END
CASE	warm-idle-overclocked-heat-vent	2000	0,VO,100,0
STEP	36	false	1964	0	0,VO,116,0
STEP	56	true	1928	0	0,VO,132,0
STEP	76	true	1892	0	0,VO,148,0
STEP	96	true	1856	0	0,VO,164,0
STEP	116	true	1820	0	0,VO,180,0
STEP	136	true	1784	0	0,VO,196,0
STEP	156	true	1748	0	0,VO,212,0
STEP	176	true	1712	0	0,VO,228,0
STEP	196	true	1676	0	0,VO,244,0
STEP	216	true	1640	0	0,VO,260,0
STEP	236	true	1604	0	0,VO,276,0
STEP	256	false	1568	0	0,VO,292,0
STEP	276	false	1532	0	0,VO,308,0
STEP	296	false	1496	0	0,VO,324,0
STEP	316	false	1460	0	0,VO,340,0
STEP	336	false	1424	0	0,VO,356,0
STEP	356	false	1388	0	0,VO,372,0
STEP	376	false	1352	0	0,VO,388,0
STEP	396	false	1316	0	0,VO,404,0
STEP	416	false	1280	0	0,VO,420,0
STEP	436	false	1244	0	0,VO,436,0
STEP	456	false	1208	0	0,VO,452,0
ENERGY	0.0
END
CASE	quad-advanced-heat-vent	0	0,U4,0,20000;1,VA,0,0
STEP	44	true	0	12	0,U4,0,19999;1,VA,84,0
STEP	64	true	0	12	0,U4,0,19998;1,VA,168,0
STEP	84	true	0	12	0,U4,0,19997;1,VA,252,0
STEP	104	true	0	12	0,U4,0,19996;1,VA,336,0
STEP	124	true	0	12	0,U4,0,19995;1,VA,420,0
STEP	144	true	0	12	0,U4,0,19994;1,VA,504,0
STEP	164	true	0	12	0,U4,0,19993;1,VA,588,0
STEP	184	true	0	12	0,U4,0,19992;1,VA,672,0
STEP	204	true	0	12	0,U4,0,19991;1,VA,756,0
STEP	224	true	0	12	0,U4,0,19990;1,VA,840,0
STEP	244	false	0	0	0,U4,0,19990;1,VA,828,0
STEP	264	false	0	0	0,U4,0,19990;1,VA,816,0
STEP	284	false	0	0	0,U4,0,19990;1,VA,804,0
STEP	304	false	0	0	0,U4,0,19990;1,VA,792,0
STEP	324	false	0	0	0,U4,0,19990;1,VA,780,0
STEP	344	false	0	0	0,U4,0,19990;1,VA,768,0
STEP	364	false	0	0	0,U4,0,19990;1,VA,756,0
STEP	384	false	0	0	0,U4,0,19990;1,VA,744,0
STEP	404	false	0	0	0,U4,0,19990;1,VA,732,0
STEP	424	false	0	0	0,U4,0,19990;1,VA,720,0
STEP	444	false	0	0	0,U4,0,19990;1,VA,708,0
ENERGY	12000.0
END
CASE	warm-idle-advanced-heat-vent	2000	0,VA,100,0
STEP	39	false	2000	0	0,VA,88,0
STEP	59	true	2000	0	0,VA,76,0
STEP	79	true	2000	0	0,VA,64,0
STEP	99	true	2000	0	0,VA,52,0
STEP	119	true	2000	0	0,VA,40,0
STEP	139	true	2000	0	0,VA,28,0
STEP	159	true	2000	0	0,VA,16,0
STEP	179	true	2000	0	0,VA,4,0
STEP	199	true	2000	0	0,VA,0,0
STEP	219	true	2000	0	0,VA,0,0
STEP	239	true	2000	0	0,VA,0,0
STEP	259	false	2000	0	0,VA,0,0
STEP	279	false	2000	0	0,VA,0,0
STEP	299	false	2000	0	0,VA,0,0
STEP	319	false	2000	0	0,VA,0,0
STEP	339	false	2000	0	0,VA,0,0
STEP	359	false	2000	0	0,VA,0,0
STEP	379	false	2000	0	0,VA,0,0
STEP	399	false	2000	0	0,VA,0,0
STEP	419	false	2000	0	0,VA,0,0
STEP	439	false	2000	0	0,VA,0,0
STEP	459	false	2000	0	0,VA,0,0
ENERGY	0.0
END
CASE	component-vent-cell	2000	0,VC,0,0;1,C10,1000,0
STEP	36	false	2000	0	0,VC,0,0;1,C10,996,0
STEP	56	true	2000	0	0,VC,0,0;1,C10,992,0
STEP	76	true	2000	0	0,VC,0,0;1,C10,988,0
STEP	96	true	2000	0	0,VC,0,0;1,C10,984,0
STEP	116	true	2000	0	0,VC,0,0;1,C10,980,0
STEP	136	true	2000	0	0,VC,0,0;1,C10,976,0
STEP	156	true	2000	0	0,VC,0,0;1,C10,972,0
STEP	176	true	2000	0	0,VC,0,0;1,C10,968,0
STEP	196	true	2000	0	0,VC,0,0;1,C10,964,0
STEP	216	true	2000	0	0,VC,0,0;1,C10,960,0
STEP	236	true	2000	0	0,VC,0,0;1,C10,956,0
STEP	256	false	2000	0	0,VC,0,0;1,C10,952,0
STEP	276	false	2000	0	0,VC,0,0;1,C10,948,0
STEP	296	false	2000	0	0,VC,0,0;1,C10,944,0
STEP	316	false	2000	0	0,VC,0,0;1,C10,940,0
STEP	336	false	2000	0	0,VC,0,0;1,C10,936,0
STEP	356	false	2000	0	0,VC,0,0;1,C10,932,0
STEP	376	false	2000	0	0,VC,0,0;1,C10,928,0
STEP	396	false	2000	0	0,VC,0,0;1,C10,924,0
STEP	416	false	2000	0	0,VC,0,0;1,C10,920,0
STEP	436	false	2000	0	0,VC,0,0;1,C10,916,0
STEP	456	false	2000	0	0,VC,0,0;1,C10,912,0
ENERGY	0.0
END
CASE	warm-heat-exchanger	2000	0,X,500,0;1,C10,2000,0
STEP	50	true	2000	0	0,X,500,0;1,C10,2000,0
STEP	70	true	2000	0	0,X,500,0;1,C10,2000,0
STEP	90	true	2000	0	0,X,500,0;1,C10,2000,0
STEP	110	true	2000	0	0,X,500,0;1,C10,2000,0
STEP	130	true	2000	0	0,X,500,0;1,C10,2000,0
STEP	150	true	2000	0	0,X,500,0;1,C10,2000,0
STEP	170	true	2000	0	0,X,500,0;1,C10,2000,0
STEP	190	true	2000	0	0,X,500,0;1,C10,2000,0
STEP	210	true	2000	0	0,X,500,0;1,C10,2000,0
STEP	230	true	2000	0	0,X,500,0;1,C10,2000,0
STEP	250	false	2000	0	0,X,500,0;1,C10,2000,0
STEP	270	false	2000	0	0,X,500,0;1,C10,2000,0
STEP	290	false	2000	0	0,X,500,0;1,C10,2000,0
STEP	310	false	2000	0	0,X,500,0;1,C10,2000,0
STEP	330	false	2000	0	0,X,500,0;1,C10,2000,0
STEP	350	false	2000	0	0,X,500,0;1,C10,2000,0
STEP	370	false	2000	0	0,X,500,0;1,C10,2000,0
STEP	390	false	2000	0	0,X,500,0;1,C10,2000,0
STEP	410	false	2000	0	0,X,500,0;1,C10,2000,0
STEP	430	false	2000	0	0,X,500,0;1,C10,2000,0
STEP	450	false	2000	0	0,X,500,0;1,C10,2000,0
ENERGY	0.0
END
CASE	warm-reactor-heat-exchanger	2000	0,XR,500,0;1,C10,2000,0
STEP	43	true	1928	0	0,XR,572,0;1,C10,2000,0
STEP	63	true	1856	0	0,XR,644,0;1,C10,2000,0
STEP	83	true	1784	0	0,XR,716,0;1,C10,2000,0
STEP	103	true	1712	0	0,XR,788,0;1,C10,2000,0
STEP	123	true	1640	0	0,XR,860,0;1,C10,2000,0
STEP	143	true	1712	0	0,XR,788,0;1,C10,2000,0
STEP	163	true	1640	0	0,XR,860,0;1,C10,2000,0
STEP	183	true	1712	0	0,XR,788,0;1,C10,2000,0
STEP	203	true	1640	0	0,XR,860,0;1,C10,2000,0
STEP	223	true	1712	0	0,XR,788,0;1,C10,2000,0
STEP	243	false	1640	0	0,XR,860,0;1,C10,2000,0
STEP	263	false	1712	0	0,XR,788,0;1,C10,2000,0
STEP	283	false	1640	0	0,XR,860,0;1,C10,2000,0
STEP	303	false	1712	0	0,XR,788,0;1,C10,2000,0
STEP	323	false	1640	0	0,XR,860,0;1,C10,2000,0
STEP	343	false	1712	0	0,XR,788,0;1,C10,2000,0
STEP	363	false	1640	0	0,XR,860,0;1,C10,2000,0
STEP	383	false	1712	0	0,XR,788,0;1,C10,2000,0
STEP	403	false	1640	0	0,XR,860,0;1,C10,2000,0
STEP	423	false	1712	0	0,XR,788,0;1,C10,2000,0
STEP	443	false	1640	0	0,XR,860,0;1,C10,2000,0
ENERGY	0.0
END
CASE	warm-component-heat-exchanger	2000	0,XC,500,0;1,C10,2000,0
STEP	38	false	2000	0	0,XC,536,0;1,C10,1964,0
STEP	58	true	2000	0	0,XC,572,0;1,C10,1928,0
STEP	78	true	2000	0	0,XC,608,0;1,C10,1892,0
STEP	98	true	2000	0	0,XC,644,0;1,C10,1856,0
STEP	118	true	2000	0	0,XC,680,0;1,C10,1820,0
STEP	138	true	2000	0	0,XC,716,0;1,C10,1784,0
STEP	158	true	2000	0	0,XC,752,0;1,C10,1748,0
STEP	178	true	2000	0	0,XC,788,0;1,C10,1712,0
STEP	198	true	2000	0	0,XC,824,0;1,C10,1676,0
STEP	218	true	2000	0	0,XC,860,0;1,C10,1640,0
STEP	238	true	2000	0	0,XC,824,0;1,C10,1676,0
STEP	258	false	2000	0	0,XC,860,0;1,C10,1640,0
STEP	278	false	2000	0	0,XC,824,0;1,C10,1676,0
STEP	298	false	2000	0	0,XC,860,0;1,C10,1640,0
STEP	318	false	2000	0	0,XC,824,0;1,C10,1676,0
STEP	338	false	2000	0	0,XC,860,0;1,C10,1640,0
STEP	358	false	2000	0	0,XC,824,0;1,C10,1676,0
STEP	378	false	2000	0	0,XC,860,0;1,C10,1640,0
STEP	398	false	2000	0	0,XC,824,0;1,C10,1676,0
STEP	418	false	2000	0	0,XC,860,0;1,C10,1640,0
STEP	438	false	2000	0	0,XC,824,0;1,C10,1676,0
STEP	458	false	2000	0	0,XC,860,0;1,C10,1640,0
ENERGY	0.0
END
CASE	warm-advanced-heat-exchanger	2000	0,XA,500,0;1,C10,2000,0
STEP	43	true	1992	0	0,XA,532,0;1,C10,1976,0
STEP	63	true	1984	0	0,XA,564,0;1,C10,1952,0
STEP	83	true	1976	0	0,XA,596,0;1,C10,1928,0
STEP	103	true	1968	0	0,XA,628,0;1,C10,1904,0
STEP	123	true	1960	0	0,XA,660,0;1,C10,1880,0
STEP	143	true	1952	0	0,XA,692,0;1,C10,1856,0
STEP	163	true	1944	0	0,XA,724,0;1,C10,1832,0
STEP	183	true	1936	0	0,XA,756,0;1,C10,1808,0
STEP	203	true	1928	0	0,XA,788,0;1,C10,1784,0
STEP	223	true	1920	0	0,XA,820,0;1,C10,1760,0
STEP	243	false	1912	0	0,XA,852,0;1,C10,1736,0
STEP	263	false	1904	0	0,XA,884,0;1,C10,1712,0
STEP	283	false	1896	0	0,XA,916,0;1,C10,1688,0
STEP	303	false	1888	0	0,XA,948,0;1,C10,1664,0
STEP	323	false	1880	0	0,XA,980,0;1,C10,1640,0
STEP	343	false	1872	0	0,XA,1012,0;1,C10,1616,0
STEP	363	false	1864	0	0,XA,1044,0;1,C10,1592,0
STEP	383	false	1856	0	0,XA,1076,0;1,C10,1568,0
STEP	403	false	1848	0	0,XA,1108,0;1,C10,1544,0
STEP	423	false	1840	0	0,XA,1140,0;1,C10,1520,0
STEP	443	false	1832	0	0,XA,1172,0;1,C10,1496,0
ENERGY	0.0
END
CASE	warm-empty	2000	
STEP	50	true	2000	0	
STEP	70	true	2000	0	
STEP	90	true	2000	0	
STEP	110	true	2000	0	
STEP	130	true	2000	0	
STEP	150	true	2000	0	
STEP	170	true	2000	0	
STEP	190	true	2000	0	
STEP	210	true	2000	0	
STEP	230	true	2000	0	
STEP	250	false	2000	0	
STEP	270	false	2000	0	
STEP	290	false	2000	0	
STEP	310	false	2000	0	
STEP	330	false	2000	0	
STEP	350	false	2000	0	
STEP	370	false	2000	0	
STEP	390	false	2000	0	
STEP	410	false	2000	0	
STEP	430	false	2000	0	
STEP	450	false	2000	0	
ENERGY	0.0
END
CASE	warm-reactor-plating	2000	0,P,0,0
STEP	50	true	2000	0	0,P,0,0
STEP	70	true	2000	0	0,P,0,0
STEP	90	true	2000	0	0,P,0,0
STEP	110	true	2000	0	0,P,0,0
STEP	130	true	2000	0	0,P,0,0
STEP	150	true	2000	0	0,P,0,0
STEP	170	true	2000	0	0,P,0,0
STEP	190	true	2000	0	0,P,0,0
STEP	210	true	2000	0	0,P,0,0
STEP	230	true	2000	0	0,P,0,0
STEP	250	false	2000	0	0,P,0,0
STEP	270	false	2000	0	0,P,0,0
STEP	290	false	2000	0	0,P,0,0
STEP	310	false	2000	0	0,P,0,0
STEP	330	false	2000	0	0,P,0,0
STEP	350	false	2000	0	0,P,0,0
STEP	370	false	2000	0	0,P,0,0
STEP	390	false	2000	0	0,P,0,0
STEP	410	false	2000	0	0,P,0,0
STEP	430	false	2000	0	0,P,0,0
STEP	450	false	2000	0	0,P,0,0
ENERGY	0.0
END
CASE	warm-heat-capacity-reactor-plating	2000	0,PH,0,0
STEP	50	true	2000	0	0,PH,0,0
STEP	70	true	2000	0	0,PH,0,0
STEP	90	true	2000	0	0,PH,0,0
STEP	110	true	2000	0	0,PH,0,0
STEP	130	true	2000	0	0,PH,0,0
STEP	150	true	2000	0	0,PH,0,0
STEP	170	true	2000	0	0,PH,0,0
STEP	190	true	2000	0	0,PH,0,0
STEP	210	true	2000	0	0,PH,0,0
STEP	230	true	2000	0	0,PH,0,0
STEP	250	false	2000	0	0,PH,0,0
STEP	270	false	2000	0	0,PH,0,0
STEP	290	false	2000	0	0,PH,0,0
STEP	310	false	2000	0	0,PH,0,0
STEP	330	false	2000	0	0,PH,0,0
STEP	350	false	2000	0	0,PH,0,0
STEP	370	false	2000	0	0,PH,0,0
STEP	390	false	2000	0	0,PH,0,0
STEP	410	false	2000	0	0,PH,0,0
STEP	430	false	2000	0	0,PH,0,0
STEP	450	false	2000	0	0,PH,0,0
ENERGY	0.0
END
CASE	warm-containment-reactor-plating	2000	0,PC,0,0
STEP	50	true	2000	0	0,PC,0,0
STEP	70	true	2000	0	0,PC,0,0
STEP	90	true	2000	0	0,PC,0,0
STEP	110	true	2000	0	0,PC,0,0
STEP	130	true	2000	0	0,PC,0,0
STEP	150	true	2000	0	0,PC,0,0
STEP	170	true	2000	0	0,PC,0,0
STEP	190	true	2000	0	0,PC,0,0
STEP	210	true	2000	0	0,PC,0,0
STEP	230	true	2000	0	0,PC,0,0
STEP	250	false	2000	0	0,PC,0,0
STEP	270	false	2000	0	0,PC,0,0
STEP	290	false	2000	0	0,PC,0,0
STEP	310	false	2000	0	0,PC,0,0
STEP	330	false	2000	0	0,PC,0,0
STEP	350	false	2000	0	0,PC,0,0
STEP	370	false	2000	0	0,PC,0,0
STEP	390	false	2000	0	0,PC,0,0
STEP	410	false	2000	0	0,PC,0,0
STEP	430	false	2000	0	0,PC,0,0
STEP	450	false	2000	0	0,PC,0,0
ENERGY	0.0
END
CASE	end-fuel-rod-(uranium)	0	0,U1,0,1
STEP	37	false	0	0	0,U1,0,1
STEP	57	true	4	1	0,U1,0,0
STEP	77	true	4	0	0,U1,0,0
STEP	97	true	4	0	0,U1,0,0
STEP	117	true	4	0	0,U1,0,0
STEP	137	true	4	0	0,U1,0,0
STEP	157	true	4	0	0,U1,0,0
STEP	177	true	4	0	0,U1,0,0
STEP	197	true	4	0	0,U1,0,0
STEP	217	true	4	0	0,U1,0,0
STEP	237	true	4	0	0,U1,0,0
STEP	257	false	4	0	0,U1,0,0
STEP	277	false	4	0	0,U1,0,0
STEP	297	false	4	0	0,U1,0,0
STEP	317	false	4	0	0,U1,0,0
STEP	337	false	4	0	0,U1,0,0
STEP	357	false	4	0	0,U1,0,0
STEP	377	false	4	0	0,U1,0,0
STEP	397	false	4	0	0,U1,0,0
STEP	417	false	4	0	0,U1,0,0
STEP	437	false	4	0	0,U1,0,0
STEP	457	false	4	0	0,U1,0,0
ENERGY	100.0
END
CASE	end-dual-fuel-rod-(uranium)	0	0,U2,0,1
STEP	36	false	0	0	0,U2,0,1
STEP	56	true	24	4	0,U2,0,0
STEP	76	true	24	0	0,U2,0,0
STEP	96	true	24	0	0,U2,0,0
STEP	116	true	24	0	0,U2,0,0
STEP	136	true	24	0	0,U2,0,0
STEP	156	true	24	0	0,U2,0,0
STEP	176	true	24	0	0,U2,0,0
STEP	196	true	24	0	0,U2,0,0
STEP	216	true	24	0	0,U2,0,0
STEP	236	true	24	0	0,U2,0,0
STEP	256	false	24	0	0,U2,0,0
STEP	276	false	24	0	0,U2,0,0
STEP	296	false	24	0	0,U2,0,0
STEP	316	false	24	0	0,U2,0,0
STEP	336	false	24	0	0,U2,0,0
STEP	356	false	24	0	0,U2,0,0
STEP	376	false	24	0	0,U2,0,0
STEP	396	false	24	0	0,U2,0,0
STEP	416	false	24	0	0,U2,0,0
STEP	436	false	24	0	0,U2,0,0
STEP	456	false	24	0	0,U2,0,0
ENERGY	400.0
END
CASE	end-quad-fuel-rod-(uranium)	0	0,U4,0,1
STEP	40	false	0	0	0,U4,0,1
STEP	60	true	96	12	0,U4,0,0
STEP	80	true	96	0	0,U4,0,0
STEP	100	true	96	0	0,U4,0,0
STEP	120	true	96	0	0,U4,0,0
STEP	140	true	96	0	0,U4,0,0
STEP	160	true	96	0	0,U4,0,0
STEP	180	true	96	0	0,U4,0,0
STEP	200	true	96	0	0,U4,0,0
STEP	220	true	96	0	0,U4,0,0
STEP	240	true	96	0	0,U4,0,0
STEP	260	false	96	0	0,U4,0,0
STEP	280	false	96	0	0,U4,0,0
STEP	300	false	96	0	0,U4,0,0
STEP	320	false	96	0	0,U4,0,0
STEP	340	false	96	0	0,U4,0,0
STEP	360	false	96	0	0,U4,0,0
STEP	380	false	96	0	0,U4,0,0
STEP	400	false	96	0	0,U4,0,0
STEP	420	false	96	0	0,U4,0,0
STEP	440	false	96	0	0,U4,0,0
ENERGY	1200.0
END
CASE	uranium-9999-control	0	0,U1,0,10001
STEP	37	false	0	0	0,U1,0,10001
STEP	57	true	4	1	0,U1,0,10000
STEP	77	true	8	1	0,U1,0,9999
STEP	97	true	12	1	0,U1,0,9998
STEP	117	true	16	1	0,U1,0,9997
STEP	137	true	20	1	0,U1,0,9996
STEP	157	true	24	1	0,U1,0,9995
STEP	177	true	28	1	0,U1,0,9994
STEP	197	true	32	1	0,U1,0,9993
STEP	217	true	36	1	0,U1,0,9992
STEP	237	true	40	1	0,U1,0,9991
STEP	257	false	40	0	0,U1,0,9991
STEP	277	false	40	0	0,U1,0,9991
STEP	297	false	40	0	0,U1,0,9991
STEP	317	false	40	0	0,U1,0,9991
STEP	337	false	40	0	0,U1,0,9991
STEP	357	false	40	0	0,U1,0,9991
STEP	377	false	40	0	0,U1,0,9991
STEP	397	false	40	0	0,U1,0,9991
STEP	417	false	40	0	0,U1,0,9991
STEP	437	false	40	0	0,U1,0,9991
STEP	457	false	40	0	0,U1,0,9991
ENERGY	1000.0
END
CASE	end-fuel-rod-(mox)	0	0,M1,0,1
STEP	31	false	0	0	0,M1,0,1
STEP	51	true	4	1	0,M1,0,0
STEP	71	true	4	0	0,M1,0,0
STEP	91	true	4	0	0,M1,0,0
STEP	111	true	4	0	0,M1,0,0
STEP	131	true	4	0	0,M1,0,0
STEP	151	true	4	0	0,M1,0,0
STEP	171	true	4	0	0,M1,0,0
STEP	191	true	4	0	0,M1,0,0
STEP	211	true	4	0	0,M1,0,0
STEP	231	true	4	0	0,M1,0,0
STEP	251	false	4	0	0,M1,0,0
STEP	271	false	4	0	0,M1,0,0
STEP	291	false	4	0	0,M1,0,0
STEP	311	false	4	0	0,M1,0,0
STEP	331	false	4	0	0,M1,0,0
STEP	351	false	4	0	0,M1,0,0
STEP	371	false	4	0	0,M1,0,0
STEP	391	false	4	0	0,M1,0,0
STEP	411	false	4	0	0,M1,0,0
STEP	431	false	4	0	0,M1,0,0
STEP	451	false	4	0	0,M1,0,0
ENERGY	100.16000747680664
END
CASE	end-dual-fuel-rod-(mox)	0	0,M2,0,1
STEP	40	false	0	0	0,M2,0,1
STEP	60	true	24	4	0,M2,0,0
STEP	80	true	24	0	0,M2,0,0
STEP	100	true	24	0	0,M2,0,0
STEP	120	true	24	0	0,M2,0,0
STEP	140	true	24	0	0,M2,0,0
STEP	160	true	24	0	0,M2,0,0
STEP	180	true	24	0	0,M2,0,0
STEP	200	true	24	0	0,M2,0,0
STEP	220	true	24	0	0,M2,0,0
STEP	240	true	24	0	0,M2,0,0
STEP	260	false	24	0	0,M2,0,0
STEP	280	false	24	0	0,M2,0,0
STEP	300	false	24	0	0,M2,0,0
STEP	320	false	24	0	0,M2,0,0
STEP	340	false	24	0	0,M2,0,0
STEP	360	false	24	0	0,M2,0,0
STEP	380	false	24	0	0,M2,0,0
STEP	400	false	24	0	0,M2,0,0
STEP	420	false	24	0	0,M2,0,0
STEP	440	false	24	0	0,M2,0,0
ENERGY	403.84002685546875
END
CASE	end-quad-fuel-rod-(mox)	0	0,M4,0,1
STEP	44	true	96	12	0,M4,0,0
STEP	64	true	96	0	0,M4,0,0
STEP	84	true	96	0	0,M4,0,0
STEP	104	true	96	0	0,M4,0,0
STEP	124	true	96	0	0,M4,0,0
STEP	144	true	96	0	0,M4,0,0
STEP	164	true	96	0	0,M4,0,0
STEP	184	true	96	0	0,M4,0,0
STEP	204	true	96	0	0,M4,0,0
STEP	224	true	96	0	0,M4,0,0
STEP	244	false	96	0	0,M4,0,0
STEP	264	false	96	0	0,M4,0,0
STEP	284	false	96	0	0,M4,0,0
STEP	304	false	96	0	0,M4,0,0
STEP	324	false	96	0	0,M4,0,0
STEP	344	false	96	0	0,M4,0,0
STEP	364	false	96	0	0,M4,0,0
STEP	384	false	96	0	0,M4,0,0
STEP	404	false	96	0	0,M4,0,0
STEP	424	false	96	0	0,M4,0,0
STEP	444	false	96	0	0,M4,0,0
ENERGY	1246.0799407958984
END
CASE	end-neutron-reflector	0	0,U1,0,20000;1,R,29999,0
STEP	39	false	0	0	0,U1,0,20000;1,R,29999,0
STEP	59	true	12	1	0,U1,0,19999
STEP	79	true	16	1	0,U1,0,19998
STEP	99	true	20	1	0,U1,0,19997
STEP	119	true	24	1	0,U1,0,19996
STEP	139	true	28	1	0,U1,0,19995
STEP	159	true	32	1	0,U1,0,19994
STEP	179	true	36	1	0,U1,0,19993
STEP	199	true	40	1	0,U1,0,19992
STEP	219	true	44	1	0,U1,0,19991
STEP	239	true	48	1	0,U1,0,19990
STEP	259	false	48	0	0,U1,0,19990
STEP	279	false	48	0	0,U1,0,19990
STEP	299	false	48	0	0,U1,0,19990
STEP	319	false	48	0	0,U1,0,19990
STEP	339	false	48	0	0,U1,0,19990
STEP	359	false	48	0	0,U1,0,19990
STEP	379	false	48	0	0,U1,0,19990
STEP	399	false	48	0	0,U1,0,19990
STEP	419	false	48	0	0,U1,0,19990
STEP	439	false	48	0	0,U1,0,19990
STEP	459	false	48	0	0,U1,0,19990
ENERGY	1000.0
END
CASE	end-thick-neutron-reflector	0	0,U1,0,20000;1,RT,119999,0
STEP	46	true	12	1	0,U1,0,19999
STEP	66	true	16	1	0,U1,0,19998
STEP	86	true	20	1	0,U1,0,19997
STEP	106	true	24	1	0,U1,0,19996
STEP	126	true	28	1	0,U1,0,19995
STEP	146	true	32	1	0,U1,0,19994
STEP	166	true	36	1	0,U1,0,19993
STEP	186	true	40	1	0,U1,0,19992
STEP	206	true	44	1	0,U1,0,19991
STEP	226	true	48	1	0,U1,0,19990
STEP	246	false	48	0	0,U1,0,19990
STEP	266	false	48	0	0,U1,0,19990
STEP	286	false	48	0	0,U1,0,19990
STEP	306	false	48	0	0,U1,0,19990
STEP	326	false	48	0	0,U1,0,19990
STEP	346	false	48	0	0,U1,0,19990
STEP	366	false	48	0	0,U1,0,19990
STEP	386	false	48	0	0,U1,0,19990
STEP	406	false	48	0	0,U1,0,19990
STEP	426	false	48	0	0,U1,0,19990
STEP	446	false	48	0	0,U1,0,19990
ENERGY	1000.0
END
CASE	edge-10k-coolant-cell-4	0	0,U1,0,20000;1,C10,9996,0
STEP	40	false	0	0	0,U1,0,20000;1,C10,9996,0
STEP	60	true	0	1	0,U1,0,19999;1,C10,10000,0
STEP	80	true	0	1	0,U1,0,19998
STEP	100	true	4	1	0,U1,0,19997
STEP	120	true	8	1	0,U1,0,19996
STEP	140	true	12	1	0,U1,0,19995
STEP	160	true	16	1	0,U1,0,19994
STEP	180	true	20	1	0,U1,0,19993
STEP	200	true	24	1	0,U1,0,19992
STEP	220	true	28	1	0,U1,0,19991
STEP	240	true	32	1	0,U1,0,19990
STEP	260	false	32	0	0,U1,0,19990
STEP	280	false	32	0	0,U1,0,19990
STEP	300	false	32	0	0,U1,0,19990
STEP	320	false	32	0	0,U1,0,19990
STEP	340	false	32	0	0,U1,0,19990
STEP	360	false	32	0	0,U1,0,19990
STEP	380	false	32	0	0,U1,0,19990
STEP	400	false	32	0	0,U1,0,19990
STEP	420	false	32	0	0,U1,0,19990
STEP	440	false	32	0	0,U1,0,19990
ENERGY	1000.0
END
CASE	edge-10k-coolant-cell-3	0	0,U1,0,20000;1,C10,9997,0
STEP	43	true	0	1	0,U1,0,19999
STEP	63	true	4	1	0,U1,0,19998
STEP	83	true	8	1	0,U1,0,19997
STEP	103	true	12	1	0,U1,0,19996
STEP	123	true	16	1	0,U1,0,19995
STEP	143	true	20	1	0,U1,0,19994
STEP	163	true	24	1	0,U1,0,19993
STEP	183	true	28	1	0,U1,0,19992
STEP	203	true	32	1	0,U1,0,19991
STEP	223	true	36	1	0,U1,0,19990
STEP	243	false	36	0	0,U1,0,19990
STEP	263	false	36	0	0,U1,0,19990
STEP	283	false	36	0	0,U1,0,19990
STEP	303	false	36	0	0,U1,0,19990
STEP	323	false	36	0	0,U1,0,19990
STEP	343	false	36	0	0,U1,0,19990
STEP	363	false	36	0	0,U1,0,19990
STEP	383	false	36	0	0,U1,0,19990
STEP	403	false	36	0	0,U1,0,19990
STEP	423	false	36	0	0,U1,0,19990
STEP	443	false	36	0	0,U1,0,19990
ENERGY	1000.0
END
CASE	edge-30k-coolant-cell-4	0	0,U1,0,20000;1,C30,29996,0
STEP	46	true	0	1	0,U1,0,19999;1,C30,30000,0
STEP	66	true	0	1	0,U1,0,19998
STEP	86	true	4	1	0,U1,0,19997
STEP	106	true	8	1	0,U1,0,19996
STEP	126	true	12	1	0,U1,0,19995
STEP	146	true	16	1	0,U1,0,19994
STEP	166	true	20	1	0,U1,0,19993
STEP	186	true	24	1	0,U1,0,19992
STEP	206	true	28	1	0,U1,0,19991
STEP	226	true	32	1	0,U1,0,19990
STEP	246	false	32	0	0,U1,0,19990
STEP	266	false	32	0	0,U1,0,19990
STEP	286	false	32	0	0,U1,0,19990
STEP	306	false	32	0	0,U1,0,19990
STEP	326	false	32	0	0,U1,0,19990
STEP	346	false	32	0	0,U1,0,19990
STEP	366	false	32	0	0,U1,0,19990
STEP	386	false	32	0	0,U1,0,19990
STEP	406	false	32	0	0,U1,0,19990
STEP	426	false	32	0	0,U1,0,19990
STEP	446	false	32	0	0,U1,0,19990
ENERGY	1000.0
END
CASE	edge-30k-coolant-cell-3	0	0,U1,0,20000;1,C30,29997,0
STEP	39	false	0	0	0,U1,0,20000;1,C30,29997,0
STEP	59	true	0	1	0,U1,0,19999
STEP	79	true	4	1	0,U1,0,19998
STEP	99	true	8	1	0,U1,0,19997
STEP	119	true	12	1	0,U1,0,19996
STEP	139	true	16	1	0,U1,0,19995
STEP	159	true	20	1	0,U1,0,19994
STEP	179	true	24	1	0,U1,0,19993
STEP	199	true	28	1	0,U1,0,19992
STEP	219	true	32	1	0,U1,0,19991
STEP	239	true	36	1	0,U1,0,19990
STEP	259	false	36	0	0,U1,0,19990
STEP	279	false	36	0	0,U1,0,19990
STEP	299	false	36	0	0,U1,0,19990
STEP	319	false	36	0	0,U1,0,19990
STEP	339	false	36	0	0,U1,0,19990
STEP	359	false	36	0	0,U1,0,19990
STEP	379	false	36	0	0,U1,0,19990
STEP	399	false	36	0	0,U1,0,19990
STEP	419	false	36	0	0,U1,0,19990
STEP	439	false	36	0	0,U1,0,19990
STEP	459	false	36	0	0,U1,0,19990
ENERGY	1000.0
END
CASE	edge-60k-coolant-cell-4	0	0,U1,0,20000;1,C60,59996,0
STEP	35	false	0	0	0,U1,0,20000;1,C60,59996,0
STEP	55	true	0	1	0,U1,0,19999;1,C60,60000,0
STEP	75	true	0	1	0,U1,0,19998
STEP	95	true	4	1	0,U1,0,19997
STEP	115	true	8	1	0,U1,0,19996
STEP	135	true	12	1	0,U1,0,19995
STEP	155	true	16	1	0,U1,0,19994
STEP	175	true	20	1	0,U1,0,19993
STEP	195	true	24	1	0,U1,0,19992
STEP	215	true	28	1	0,U1,0,19991
STEP	235	true	32	1	0,U1,0,19990
STEP	255	false	32	0	0,U1,0,19990
STEP	275	false	32	0	0,U1,0,19990
STEP	295	false	32	0	0,U1,0,19990
STEP	315	false	32	0	0,U1,0,19990
STEP	335	false	32	0	0,U1,0,19990
STEP	355	false	32	0	0,U1,0,19990
STEP	375	false	32	0	0,U1,0,19990
STEP	395	false	32	0	0,U1,0,19990
STEP	415	false	32	0	0,U1,0,19990
STEP	435	false	32	0	0,U1,0,19990
STEP	455	false	32	0	0,U1,0,19990
ENERGY	1000.0
END
CASE	edge-60k-coolant-cell-3	0	0,U1,0,20000;1,C60,59997,0
STEP	36	false	0	0	0,U1,0,20000;1,C60,59997,0
STEP	56	true	0	1	0,U1,0,19999
STEP	76	true	4	1	0,U1,0,19998
STEP	96	true	8	1	0,U1,0,19997
STEP	116	true	12	1	0,U1,0,19996
STEP	136	true	16	1	0,U1,0,19995
STEP	156	true	20	1	0,U1,0,19994
STEP	176	true	24	1	0,U1,0,19993
STEP	196	true	28	1	0,U1,0,19992
STEP	216	true	32	1	0,U1,0,19991
STEP	236	true	36	1	0,U1,0,19990
STEP	256	false	36	0	0,U1,0,19990
STEP	276	false	36	0	0,U1,0,19990
STEP	296	false	36	0	0,U1,0,19990
STEP	316	false	36	0	0,U1,0,19990
STEP	336	false	36	0	0,U1,0,19990
STEP	356	false	36	0	0,U1,0,19990
STEP	376	false	36	0	0,U1,0,19990
STEP	396	false	36	0	0,U1,0,19990
STEP	416	false	36	0	0,U1,0,19990
STEP	436	false	36	0	0,U1,0,19990
STEP	456	false	36	0	0,U1,0,19990
ENERGY	1000.0
END
CASE	edge-heat-vent-996	0	0,U1,0,20000;1,V,996,0
STEP	39	false	0	0	0,U1,0,20000;1,V,990,0
STEP	59	true	0	1	0,U1,0,19999;1,V,988,0
STEP	79	true	0	1	0,U1,0,19998;1,V,986,0
STEP	99	true	0	1	0,U1,0,19997;1,V,984,0
STEP	119	true	0	1	0,U1,0,19996;1,V,982,0
STEP	139	true	0	1	0,U1,0,19995;1,V,980,0
STEP	159	true	0	1	0,U1,0,19994;1,V,978,0
STEP	179	true	0	1	0,U1,0,19993;1,V,976,0
STEP	199	true	0	1	0,U1,0,19992;1,V,974,0
STEP	219	true	0	1	0,U1,0,19991;1,V,972,0
STEP	239	true	0	1	0,U1,0,19990;1,V,970,0
STEP	259	false	0	0	0,U1,0,19990;1,V,964,0
STEP	279	false	0	0	0,U1,0,19990;1,V,958,0
STEP	299	false	0	0	0,U1,0,19990;1,V,952,0
STEP	319	false	0	0	0,U1,0,19990;1,V,946,0
STEP	339	false	0	0	0,U1,0,19990;1,V,940,0
STEP	359	false	0	0	0,U1,0,19990;1,V,934,0
STEP	379	false	0	0	0,U1,0,19990;1,V,928,0
STEP	399	false	0	0	0,U1,0,19990;1,V,922,0
STEP	419	false	0	0	0,U1,0,19990;1,V,916,0
STEP	439	false	0	0	0,U1,0,19990;1,V,910,0
STEP	459	false	0	0	0,U1,0,19990;1,V,904,0
ENERGY	1000.0
END
CASE	edge-heat-vent-997	0	0,U1,0,20000;1,V,997,0
STEP	36	false	0	0	0,U1,0,20000;1,V,991,0
STEP	56	true	0	1	0,U1,0,19999;1,V,989,0
STEP	76	true	0	1	0,U1,0,19998;1,V,987,0
STEP	96	true	0	1	0,U1,0,19997;1,V,985,0
STEP	116	true	0	1	0,U1,0,19996;1,V,983,0
STEP	136	true	0	1	0,U1,0,19995;1,V,981,0
STEP	156	true	0	1	0,U1,0,19994;1,V,979,0
STEP	176	true	0	1	0,U1,0,19993;1,V,977,0
STEP	196	true	0	1	0,U1,0,19992;1,V,975,0
STEP	216	true	0	1	0,U1,0,19991;1,V,973,0
STEP	236	true	0	1	0,U1,0,19990;1,V,971,0
STEP	256	false	0	0	0,U1,0,19990;1,V,965,0
STEP	276	false	0	0	0,U1,0,19990;1,V,959,0
STEP	296	false	0	0	0,U1,0,19990;1,V,953,0
STEP	316	false	0	0	0,U1,0,19990;1,V,947,0
STEP	336	false	0	0	0,U1,0,19990;1,V,941,0
STEP	356	false	0	0	0,U1,0,19990;1,V,935,0
STEP	376	false	0	0	0,U1,0,19990;1,V,929,0
STEP	396	false	0	0	0,U1,0,19990;1,V,923,0
STEP	416	false	0	0	0,U1,0,19990;1,V,917,0
STEP	436	false	0	0	0,U1,0,19990;1,V,911,0
STEP	456	false	0	0	0,U1,0,19990;1,V,905,0
ENERGY	1000.0
END
CASE	edge-heat-vent-999	0	0,U1,0,20000;1,V,999,0
STEP	50	true	0	1	0,U1,0,19999
STEP	70	true	4	1	0,U1,0,19998
STEP	90	true	8	1	0,U1,0,19997
STEP	110	true	12	1	0,U1,0,19996
STEP	130	true	16	1	0,U1,0,19995
STEP	150	true	20	1	0,U1,0,19994
STEP	170	true	24	1	0,U1,0,19993
STEP	190	true	28	1	0,U1,0,19992
STEP	210	true	32	1	0,U1,0,19991
STEP	230	true	36	1	0,U1,0,19990
STEP	250	false	36	0	0,U1,0,19990
STEP	270	false	36	0	0,U1,0,19990
STEP	290	false	36	0	0,U1,0,19990
STEP	310	false	36	0	0,U1,0,19990
STEP	330	false	36	0	0,U1,0,19990
STEP	350	false	36	0	0,U1,0,19990
STEP	370	false	36	0	0,U1,0,19990
STEP	390	false	36	0	0,U1,0,19990
STEP	410	false	36	0	0,U1,0,19990
STEP	430	false	36	0	0,U1,0,19990
STEP	450	false	36	0	0,U1,0,19990
ENERGY	1000.0
END
CASE	edge-reactor-heat-vent-996	0	0,U1,0,20000;1,VR,996,0
STEP	36	false	0	0	0,U1,0,20000;1,VR,991,0
STEP	56	true	0	1	0,U1,0,19999;1,VR,990,0
STEP	76	true	0	1	0,U1,0,19998;1,VR,989,0
STEP	96	true	0	1	0,U1,0,19997;1,VR,988,0
STEP	116	true	0	1	0,U1,0,19996;1,VR,987,0
STEP	136	true	0	1	0,U1,0,19995;1,VR,986,0
STEP	156	true	0	1	0,U1,0,19994;1,VR,985,0
STEP	176	true	0	1	0,U1,0,19993;1,VR,984,0
STEP	196	true	0	1	0,U1,0,19992;1,VR,983,0
STEP	216	true	0	1	0,U1,0,19991;1,VR,982,0
STEP	236	true	0	1	0,U1,0,19990;1,VR,981,0
STEP	256	false	0	0	0,U1,0,19990;1,VR,976,0
STEP	276	false	0	0	0,U1,0,19990;1,VR,971,0
STEP	296	false	0	0	0,U1,0,19990;1,VR,966,0
STEP	316	false	0	0	0,U1,0,19990;1,VR,961,0
STEP	336	false	0	0	0,U1,0,19990;1,VR,956,0
STEP	356	false	0	0	0,U1,0,19990;1,VR,951,0
STEP	376	false	0	0	0,U1,0,19990;1,VR,946,0
STEP	396	false	0	0	0,U1,0,19990;1,VR,941,0
STEP	416	false	0	0	0,U1,0,19990;1,VR,936,0
STEP	436	false	0	0	0,U1,0,19990;1,VR,931,0
STEP	456	false	0	0	0,U1,0,19990;1,VR,926,0
ENERGY	1000.0
END
CASE	edge-reactor-heat-vent-997	0	0,U1,0,20000;1,VR,997,0
STEP	48	true	0	1	0,U1,0,19999
STEP	68	true	4	1	0,U1,0,19998
STEP	88	true	8	1	0,U1,0,19997
STEP	108	true	12	1	0,U1,0,19996
STEP	128	true	16	1	0,U1,0,19995
STEP	148	true	20	1	0,U1,0,19994
STEP	168	true	24	1	0,U1,0,19993
STEP	188	true	28	1	0,U1,0,19992
STEP	208	true	32	1	0,U1,0,19991
STEP	228	true	36	1	0,U1,0,19990
STEP	248	false	36	0	0,U1,0,19990
STEP	268	false	36	0	0,U1,0,19990
STEP	288	false	36	0	0,U1,0,19990
STEP	308	false	36	0	0,U1,0,19990
STEP	328	false	36	0	0,U1,0,19990
STEP	348	false	36	0	0,U1,0,19990
STEP	368	false	36	0	0,U1,0,19990
STEP	388	false	36	0	0,U1,0,19990
STEP	408	false	36	0	0,U1,0,19990
STEP	428	false	36	0	0,U1,0,19990
STEP	448	false	36	0	0,U1,0,19990
ENERGY	1000.0
END
CASE	edge-reactor-heat-vent-999	0	0,U1,0,20000;1,VR,999,0
STEP	47	true	0	1	0,U1,0,19999
STEP	67	true	4	1	0,U1,0,19998
STEP	87	true	8	1	0,U1,0,19997
STEP	107	true	12	1	0,U1,0,19996
STEP	127	true	16	1	0,U1,0,19995
STEP	147	true	20	1	0,U1,0,19994
STEP	167	true	24	1	0,U1,0,19993
STEP	187	true	28	1	0,U1,0,19992
STEP	207	true	32	1	0,U1,0,19991
STEP	227	true	36	1	0,U1,0,19990
STEP	247	false	36	0	0,U1,0,19990
STEP	267	false	36	0	0,U1,0,19990
STEP	287	false	36	0	0,U1,0,19990
STEP	307	false	36	0	0,U1,0,19990
STEP	327	false	36	0	0,U1,0,19990
STEP	347	false	36	0	0,U1,0,19990
STEP	367	false	36	0	0,U1,0,19990
STEP	387	false	36	0	0,U1,0,19990
STEP	407	false	36	0	0,U1,0,19990
STEP	427	false	36	0	0,U1,0,19990
STEP	447	false	36	0	0,U1,0,19990
ENERGY	1000.0
END
CASE	edge-overclocked-heat-vent-996	0	0,U1,0,20000;1,VO,996,0
STEP	31	false	0	0	0,U1,0,20000;1,VO,976,0
STEP	51	true	0	1	0,U1,0,19999;1,VO,960,0
STEP	71	true	0	1	0,U1,0,19998;1,VO,944,0
STEP	91	true	0	1	0,U1,0,19997;1,VO,928,0
STEP	111	true	0	1	0,U1,0,19996;1,VO,912,0
STEP	131	true	0	1	0,U1,0,19995;1,VO,896,0
STEP	151	true	0	1	0,U1,0,19994;1,VO,880,0
STEP	171	true	0	1	0,U1,0,19993;1,VO,864,0
STEP	191	true	0	1	0,U1,0,19992;1,VO,848,0
STEP	211	true	0	1	0,U1,0,19991;1,VO,832,0
STEP	231	true	0	1	0,U1,0,19990;1,VO,816,0
STEP	251	false	0	0	0,U1,0,19990;1,VO,796,0
STEP	271	false	0	0	0,U1,0,19990;1,VO,776,0
STEP	291	false	0	0	0,U1,0,19990;1,VO,756,0
STEP	311	false	0	0	0,U1,0,19990;1,VO,736,0
STEP	331	false	0	0	0,U1,0,19990;1,VO,716,0
STEP	351	false	0	0	0,U1,0,19990;1,VO,696,0
STEP	371	false	0	0	0,U1,0,19990;1,VO,676,0
STEP	391	false	0	0	0,U1,0,19990;1,VO,656,0
STEP	411	false	0	0	0,U1,0,19990;1,VO,636,0
STEP	431	false	0	0	0,U1,0,19990;1,VO,616,0
STEP	451	false	0	0	0,U1,0,19990;1,VO,596,0
ENERGY	1000.0
END
CASE	edge-overclocked-heat-vent-997	0	0,U1,0,20000;1,VO,997,0
STEP	36	false	0	0	0,U1,0,20000;1,VO,977,0
STEP	56	true	0	1	0,U1,0,19999;1,VO,961,0
STEP	76	true	0	1	0,U1,0,19998;1,VO,945,0
STEP	96	true	0	1	0,U1,0,19997;1,VO,929,0
STEP	116	true	0	1	0,U1,0,19996;1,VO,913,0
STEP	136	true	0	1	0,U1,0,19995;1,VO,897,0
STEP	156	true	0	1	0,U1,0,19994;1,VO,881,0
STEP	176	true	0	1	0,U1,0,19993;1,VO,865,0
STEP	196	true	0	1	0,U1,0,19992;1,VO,849,0
STEP	216	true	0	1	0,U1,0,19991;1,VO,833,0
STEP	236	true	0	1	0,U1,0,19990;1,VO,817,0
STEP	256	false	0	0	0,U1,0,19990;1,VO,797,0
STEP	276	false	0	0	0,U1,0,19990;1,VO,777,0
STEP	296	false	0	0	0,U1,0,19990;1,VO,757,0
STEP	316	false	0	0	0,U1,0,19990;1,VO,737,0
STEP	336	false	0	0	0,U1,0,19990;1,VO,717,0
STEP	356	false	0	0	0,U1,0,19990;1,VO,697,0
STEP	376	false	0	0	0,U1,0,19990;1,VO,677,0
STEP	396	false	0	0	0,U1,0,19990;1,VO,657,0
STEP	416	false	0	0	0,U1,0,19990;1,VO,637,0
STEP	436	false	0	0	0,U1,0,19990;1,VO,617,0
STEP	456	false	0	0	0,U1,0,19990;1,VO,597,0
ENERGY	1000.0
END
CASE	edge-overclocked-heat-vent-999	0	0,U1,0,20000;1,VO,999,0
STEP	39	false	0	0	0,U1,0,20000;1,VO,979,0
STEP	59	true	0	1	0,U1,0,19999;1,VO,963,0
STEP	79	true	0	1	0,U1,0,19998;1,VO,947,0
STEP	99	true	0	1	0,U1,0,19997;1,VO,931,0
STEP	119	true	0	1	0,U1,0,19996;1,VO,915,0
STEP	139	true	0	1	0,U1,0,19995;1,VO,899,0
STEP	159	true	0	1	0,U1,0,19994;1,VO,883,0
STEP	179	true	0	1	0,U1,0,19993;1,VO,867,0
STEP	199	true	0	1	0,U1,0,19992;1,VO,851,0
STEP	219	true	0	1	0,U1,0,19991;1,VO,835,0
STEP	239	true	0	1	0,U1,0,19990;1,VO,819,0
STEP	259	false	0	0	0,U1,0,19990;1,VO,799,0
STEP	279	false	0	0	0,U1,0,19990;1,VO,779,0
STEP	299	false	0	0	0,U1,0,19990;1,VO,759,0
STEP	319	false	0	0	0,U1,0,19990;1,VO,739,0
STEP	339	false	0	0	0,U1,0,19990;1,VO,719,0
STEP	359	false	0	0	0,U1,0,19990;1,VO,699,0
STEP	379	false	0	0	0,U1,0,19990;1,VO,679,0
STEP	399	false	0	0	0,U1,0,19990;1,VO,659,0
STEP	419	false	0	0	0,U1,0,19990;1,VO,639,0
STEP	439	false	0	0	0,U1,0,19990;1,VO,619,0
STEP	459	false	0	0	0,U1,0,19990;1,VO,599,0
ENERGY	1000.0
END
CASE	edge-advanced-heat-vent-996	0	0,U1,0,20000;1,VA,996,0
STEP	42	true	0	1	0,U1,0,19999;1,VA,988,0
STEP	62	true	0	1	0,U1,0,19998;1,VA,980,0
STEP	82	true	0	1	0,U1,0,19997;1,VA,972,0
STEP	102	true	0	1	0,U1,0,19996;1,VA,964,0
STEP	122	true	0	1	0,U1,0,19995;1,VA,956,0
STEP	142	true	0	1	0,U1,0,19994;1,VA,948,0
STEP	162	true	0	1	0,U1,0,19993;1,VA,940,0
STEP	182	true	0	1	0,U1,0,19992;1,VA,932,0
STEP	202	true	0	1	0,U1,0,19991;1,VA,924,0
STEP	222	true	0	1	0,U1,0,19990;1,VA,916,0
STEP	242	false	0	0	0,U1,0,19990;1,VA,904,0
STEP	262	false	0	0	0,U1,0,19990;1,VA,892,0
STEP	282	false	0	0	0,U1,0,19990;1,VA,880,0
STEP	302	false	0	0	0,U1,0,19990;1,VA,868,0
STEP	322	false	0	0	0,U1,0,19990;1,VA,856,0
STEP	342	false	0	0	0,U1,0,19990;1,VA,844,0
STEP	362	false	0	0	0,U1,0,19990;1,VA,832,0
STEP	382	false	0	0	0,U1,0,19990;1,VA,820,0
STEP	402	false	0	0	0,U1,0,19990;1,VA,808,0
STEP	422	false	0	0	0,U1,0,19990;1,VA,796,0
STEP	442	false	0	0	0,U1,0,19990;1,VA,784,0
ENERGY	1000.0
END
CASE	edge-advanced-heat-vent-997	0	0,U1,0,20000;1,VA,997,0
STEP	38	false	0	0	0,U1,0,20000;1,VA,985,0
STEP	58	true	0	1	0,U1,0,19999;1,VA,977,0
STEP	78	true	0	1	0,U1,0,19998;1,VA,969,0
STEP	98	true	0	1	0,U1,0,19997;1,VA,961,0
STEP	118	true	0	1	0,U1,0,19996;1,VA,953,0
STEP	138	true	0	1	0,U1,0,19995;1,VA,945,0
STEP	158	true	0	1	0,U1,0,19994;1,VA,937,0
STEP	178	true	0	1	0,U1,0,19993;1,VA,929,0
STEP	198	true	0	1	0,U1,0,19992;1,VA,921,0
STEP	218	true	0	1	0,U1,0,19991;1,VA,913,0
STEP	238	true	0	1	0,U1,0,19990;1,VA,905,0
STEP	258	false	0	0	0,U1,0,19990;1,VA,893,0
STEP	278	false	0	0	0,U1,0,19990;1,VA,881,0
STEP	298	false	0	0	0,U1,0,19990;1,VA,869,0
STEP	318	false	0	0	0,U1,0,19990;1,VA,857,0
STEP	338	false	0	0	0,U1,0,19990;1,VA,845,0
STEP	358	false	0	0	0,U1,0,19990;1,VA,833,0
STEP	378	false	0	0	0,U1,0,19990;1,VA,821,0
STEP	398	false	0	0	0,U1,0,19990;1,VA,809,0
STEP	418	false	0	0	0,U1,0,19990;1,VA,797,0
STEP	438	false	0	0	0,U1,0,19990;1,VA,785,0
STEP	458	false	0	0	0,U1,0,19990;1,VA,773,0
ENERGY	1000.0
END
CASE	edge-advanced-heat-vent-999	0	0,U1,0,20000;1,VA,999,0
STEP	37	false	0	0	0,U1,0,20000;1,VA,987,0
STEP	57	true	0	1	0,U1,0,19999;1,VA,979,0
STEP	77	true	0	1	0,U1,0,19998;1,VA,971,0
STEP	97	true	0	1	0,U1,0,19997;1,VA,963,0
STEP	117	true	0	1	0,U1,0,19996;1,VA,955,0
STEP	137	true	0	1	0,U1,0,19995;1,VA,947,0
STEP	157	true	0	1	0,U1,0,19994;1,VA,939,0
STEP	177	true	0	1	0,U1,0,19993;1,VA,931,0
STEP	197	true	0	1	0,U1,0,19992;1,VA,923,0
STEP	217	true	0	1	0,U1,0,19991;1,VA,915,0
STEP	237	true	0	1	0,U1,0,19990;1,VA,907,0
STEP	257	false	0	0	0,U1,0,19990;1,VA,895,0
STEP	277	false	0	0	0,U1,0,19990;1,VA,883,0
STEP	297	false	0	0	0,U1,0,19990;1,VA,871,0
STEP	317	false	0	0	0,U1,0,19990;1,VA,859,0
STEP	337	false	0	0	0,U1,0,19990;1,VA,847,0
STEP	357	false	0	0	0,U1,0,19990;1,VA,835,0
STEP	377	false	0	0	0,U1,0,19990;1,VA,823,0
STEP	397	false	0	0	0,U1,0,19990;1,VA,811,0
STEP	417	false	0	0	0,U1,0,19990;1,VA,799,0
STEP	437	false	0	0	0,U1,0,19990;1,VA,787,0
STEP	457	false	0	0	0,U1,0,19990;1,VA,775,0
ENERGY	1000.0
END
CASE	full-rsh-condensator	0	0,U4,0,20000;1,RSH,19999,0
STEP	39	false	0	0	0,U4,0,20000;1,RSH,19999,0
STEP	59	true	95	12	0,U4,0,19999;1,RSH,20000,0
STEP	79	true	191	12	0,U4,0,19998;1,RSH,20000,0
STEP	99	true	287	12	0,U4,0,19997;1,RSH,20000,0
STEP	119	true	383	12	0,U4,0,19996;1,RSH,20000,0
STEP	139	true	479	12	0,U4,0,19995;1,RSH,20000,0
STEP	159	true	575	12	0,U4,0,19994;1,RSH,20000,0
STEP	179	true	671	12	0,U4,0,19993;1,RSH,20000,0
STEP	199	true	767	12	0,U4,0,19992;1,RSH,20000,0
STEP	219	true	863	12	0,U4,0,19991;1,RSH,20000,0
STEP	239	true	959	12	0,U4,0,19990;1,RSH,20000,0
STEP	259	false	959	0	0,U4,0,19990;1,RSH,20000,0
STEP	279	false	959	0	0,U4,0,19990;1,RSH,20000,0
STEP	299	false	959	0	0,U4,0,19990;1,RSH,20000,0
STEP	319	false	959	0	0,U4,0,19990;1,RSH,20000,0
STEP	339	false	959	0	0,U4,0,19990;1,RSH,20000,0
STEP	359	false	959	0	0,U4,0,19990;1,RSH,20000,0
STEP	379	false	959	0	0,U4,0,19990;1,RSH,20000,0
STEP	399	false	959	0	0,U4,0,19990;1,RSH,20000,0
STEP	419	false	959	0	0,U4,0,19990;1,RSH,20000,0
STEP	439	false	959	0	0,U4,0,19990;1,RSH,20000,0
STEP	459	false	959	0	0,U4,0,19990;1,RSH,20000,0
ENERGY	12000.0
END
CASE	full-lzh-condensator	0	0,U4,0,20000;1,LZH,99999,0
STEP	39	false	0	0	0,U4,0,20000;1,LZH,99999,0
STEP	59	true	95	12	0,U4,0,19999;1,LZH,100000,0
STEP	79	true	191	12	0,U4,0,19998;1,LZH,100000,0
STEP	99	true	287	12	0,U4,0,19997;1,LZH,100000,0
STEP	119	true	383	12	0,U4,0,19996;1,LZH,100000,0
STEP	139	true	479	12	0,U4,0,19995;1,LZH,100000,0
STEP	159	true	575	12	0,U4,0,19994;1,LZH,100000,0
STEP	179	true	671	12	0,U4,0,19993;1,LZH,100000,0
STEP	199	true	767	12	0,U4,0,19992;1,LZH,100000,0
STEP	219	true	863	12	0,U4,0,19991;1,LZH,100000,0
STEP	239	true	959	12	0,U4,0,19990;1,LZH,100000,0
STEP	259	false	959	0	0,U4,0,19990;1,LZH,100000,0
STEP	279	false	959	0	0,U4,0,19990;1,LZH,100000,0
STEP	299	false	959	0	0,U4,0,19990;1,LZH,100000,0
STEP	319	false	959	0	0,U4,0,19990;1,LZH,100000,0
STEP	339	false	959	0	0,U4,0,19990;1,LZH,100000,0
STEP	359	false	959	0	0,U4,0,19990;1,LZH,100000,0
STEP	379	false	959	0	0,U4,0,19990;1,LZH,100000,0
STEP	399	false	959	0	0,U4,0,19990;1,LZH,100000,0
STEP	419	false	959	0	0,U4,0,19990;1,LZH,100000,0
STEP	439	false	959	0	0,U4,0,19990;1,LZH,100000,0
STEP	459	false	959	0	0,U4,0,19990;1,LZH,100000,0
ENERGY	12000.0
END
CASE	unequal-heat-exchanger	5000	0,X,0,0;1,C10,5000,0
STEP	42	true	4996	0	0,X,16,0;1,C10,4988,0
STEP	62	true	4992	0	0,X,32,0;1,C10,4976,0
STEP	82	true	4988	0	0,X,48,0;1,C10,4964,0
STEP	102	true	4984	0	0,X,64,0;1,C10,4952,0
STEP	122	true	4980	0	0,X,80,0;1,C10,4940,0
STEP	142	true	4976	0	0,X,96,0;1,C10,4928,0
STEP	162	true	4972	0	0,X,112,0;1,C10,4916,0
STEP	182	true	4968	0	0,X,128,0;1,C10,4904,0
STEP	202	true	4964	0	0,X,144,0;1,C10,4892,0
STEP	222	true	4960	0	0,X,160,0;1,C10,4880,0
STEP	242	false	4956	0	0,X,176,0;1,C10,4868,0
STEP	262	false	4952	0	0,X,192,0;1,C10,4856,0
STEP	282	false	4948	0	0,X,208,0;1,C10,4844,0
STEP	302	false	4944	0	0,X,224,0;1,C10,4832,0
STEP	322	false	4940	0	0,X,240,0;1,C10,4820,0
STEP	342	false	4936	0	0,X,256,0;1,C10,4808,0
STEP	362	false	4932	0	0,X,272,0;1,C10,4796,0
STEP	382	false	4928	0	0,X,288,0;1,C10,4784,0
STEP	402	false	4924	0	0,X,304,0;1,C10,4772,0
STEP	422	false	4920	0	0,X,320,0;1,C10,4760,0
STEP	442	false	4916	0	0,X,336,0;1,C10,4748,0
ENERGY	0.0
END
CASE	unequal-reactor-heat-exchanger	5000	0,XR,0,0;1,C10,5000,0
STEP	45	true	4928	0	0,XR,72,0;1,C10,5000,0
STEP	65	true	4856	0	0,XR,144,0;1,C10,5000,0
STEP	85	true	4784	0	0,XR,216,0;1,C10,5000,0
STEP	105	true	4712	0	0,XR,288,0;1,C10,5000,0
STEP	125	true	4640	0	0,XR,360,0;1,C10,5000,0
STEP	145	true	4568	0	0,XR,432,0;1,C10,5000,0
STEP	165	true	4496	0	0,XR,504,0;1,C10,5000,0
STEP	185	true	4424	0	0,XR,576,0;1,C10,5000,0
STEP	205	true	4352	0	0,XR,648,0;1,C10,5000,0
STEP	225	true	4280	0	0,XR,720,0;1,C10,5000,0
STEP	245	false	4208	0	0,XR,792,0;1,C10,5000,0
STEP	265	false	4136	0	0,XR,864,0;1,C10,5000,0
STEP	285	false	4064	0	0,XR,936,0;1,C10,5000,0
STEP	305	false	3992	0	0,XR,1008,0;1,C10,5000,0
STEP	325	false	3920	0	0,XR,1080,0;1,C10,5000,0
STEP	345	false	3848	0	0,XR,1152,0;1,C10,5000,0
STEP	365	false	3776	0	0,XR,1224,0;1,C10,5000,0
STEP	385	false	3704	0	0,XR,1296,0;1,C10,5000,0
STEP	405	false	3632	0	0,XR,1368,0;1,C10,5000,0
STEP	425	false	3560	0	0,XR,1440,0;1,C10,5000,0
STEP	445	false	3488	0	0,XR,1512,0;1,C10,5000,0
ENERGY	0.0
END
CASE	unequal-component-heat-exchanger	5000	0,XC,0,0;1,C10,5000,0
STEP	34	false	5000	0	0,XC,36,0;1,C10,4964,0
STEP	54	true	5000	0	0,XC,72,0;1,C10,4928,0
STEP	74	true	5000	0	0,XC,108,0;1,C10,4892,0
STEP	94	true	5000	0	0,XC,144,0;1,C10,4856,0
STEP	114	true	5000	0	0,XC,180,0;1,C10,4820,0
STEP	134	true	5000	0	0,XC,216,0;1,C10,4784,0
STEP	154	true	5000	0	0,XC,252,0;1,C10,4748,0
STEP	174	true	5000	0	0,XC,288,0;1,C10,4712,0
STEP	194	true	5000	0	0,XC,324,0;1,C10,4676,0
STEP	214	true	5000	0	0,XC,360,0;1,C10,4640,0
STEP	234	true	5000	0	0,XC,396,0;1,C10,4604,0
STEP	254	false	5000	0	0,XC,432,0;1,C10,4568,0
STEP	274	false	5000	0	0,XC,468,0;1,C10,4532,0
STEP	294	false	5000	0	0,XC,504,0;1,C10,4496,0
STEP	314	false	5000	0	0,XC,540,0;1,C10,4460,0
STEP	334	false	5000	0	0,XC,576,0;1,C10,4424,0
STEP	354	false	5000	0	0,XC,612,0;1,C10,4388,0
STEP	374	false	5000	0	0,XC,648,0;1,C10,4352,0
STEP	394	false	5000	0	0,XC,684,0;1,C10,4316,0
STEP	414	false	5000	0	0,XC,720,0;1,C10,4280,0
STEP	434	false	5000	0	0,XC,756,0;1,C10,4244,0
STEP	454	false	5000	0	0,XC,792,0;1,C10,4208,0
ENERGY	0.0
END
CASE	unequal-advanced-heat-exchanger	5000	0,XA,0,0;1,C10,5000,0
STEP	49	true	4992	0	0,XA,32,0;1,C10,4976,0
STEP	69	true	4984	0	0,XA,64,0;1,C10,4952,0
STEP	89	true	4976	0	0,XA,96,0;1,C10,4928,0
STEP	109	true	4968	0	0,XA,128,0;1,C10,4904,0
STEP	129	true	4960	0	0,XA,160,0;1,C10,4880,0
STEP	149	true	4952	0	0,XA,192,0;1,C10,4856,0
STEP	169	true	4944	0	0,XA,224,0;1,C10,4832,0
STEP	189	true	4936	0	0,XA,256,0;1,C10,4808,0
STEP	209	true	4928	0	0,XA,288,0;1,C10,4784,0
STEP	229	true	4920	0	0,XA,320,0;1,C10,4760,0
STEP	249	false	4912	0	0,XA,352,0;1,C10,4736,0
STEP	269	false	4904	0	0,XA,384,0;1,C10,4712,0
STEP	289	false	4896	0	0,XA,416,0;1,C10,4688,0
STEP	309	false	4888	0	0,XA,448,0;1,C10,4664,0
STEP	329	false	4880	0	0,XA,480,0;1,C10,4640,0
STEP	349	false	4872	0	0,XA,512,0;1,C10,4616,0
STEP	369	false	4864	0	0,XA,544,0;1,C10,4592,0
STEP	389	false	4856	0	0,XA,576,0;1,C10,4568,0
STEP	409	false	4848	0	0,XA,608,0;1,C10,4544,0
STEP	429	false	4840	0	0,XA,640,0;1,C10,4520,0
STEP	449	false	4832	0	0,XA,672,0;1,C10,4496,0
ENERGY	0.0
END
CASE	disconnected-demand	0	0,U1,0,20000
STEP	46	true	4	1	0,U1,0,19999
STEP	66	true	8	1	0,U1,0,19998
STEP	86	true	12	1	0,U1,0,19997
STEP	106	true	16	1	0,U1,0,19996
STEP	126	true	20	1	0,U1,0,19995
STEP	146	true	24	1	0,U1,0,19994
STEP	166	true	28	1	0,U1,0,19993
STEP	186	true	32	1	0,U1,0,19992
STEP	206	true	36	1	0,U1,0,19991
STEP	226	true	40	1	0,U1,0,19990
STEP	246	false	40	0	0,U1,0,19990
STEP	266	false	40	0	0,U1,0,19990
STEP	286	false	40	0	0,U1,0,19990
STEP	306	false	40	0	0,U1,0,19990
STEP	326	false	40	0	0,U1,0,19990
STEP	346	false	40	0	0,U1,0,19990
STEP	366	false	40	0	0,U1,0,19990
STEP	386	false	40	0	0,U1,0,19990
STEP	406	false	40	0	0,U1,0,19990
STEP	426	false	40	0	0,U1,0,19990
STEP	446	false	40	0	0,U1,0,19990
END
CASE	full-demand	0	0,U1,0,20000
STEP	46	true	4	1	0,U1,0,19999
STEP	66	true	8	1	0,U1,0,19998
STEP	86	true	12	1	0,U1,0,19997
STEP	106	true	16	1	0,U1,0,19996
STEP	126	true	20	1	0,U1,0,19995
STEP	146	true	24	1	0,U1,0,19994
STEP	166	true	28	1	0,U1,0,19993
STEP	186	true	32	1	0,U1,0,19992
STEP	206	true	36	1	0,U1,0,19991
STEP	226	true	40	1	0,U1,0,19990
STEP	246	false	40	0	0,U1,0,19990
STEP	266	false	40	0	0,U1,0,19990
STEP	286	false	40	0	0,U1,0,19990
STEP	306	false	40	0	0,U1,0,19990
STEP	326	false	40	0	0,U1,0,19990
STEP	346	false	40	0	0,U1,0,19990
STEP	366	false	40	0	0,U1,0,19990
STEP	386	false	40	0	0,U1,0,19990
STEP	406	false	40	0	0,U1,0,19990
STEP	426	false	40	0	0,U1,0,19990
STEP	446	false	40	0	0,U1,0,19990
END
CASE	mox-reactor-plating	5000	0,M1,0,10000;1,P,0,0
STEP	31	false	5000	0	0,M1,0,10000;1,P,0,0
STEP	51	true	5004	2	0,M1,0,9999;1,P,0,0
STEP	71	true	5008	2	0,M1,0,9998;1,P,0,0
STEP	91	true	5012	2	0,M1,0,9997;1,P,0,0
STEP	111	true	5016	2	0,M1,0,9996;1,P,0,0
STEP	131	true	5020	2	0,M1,0,9995;1,P,0,0
STEP	151	true	5024	2	0,M1,0,9994;1,P,0,0
STEP	171	true	5028	2	0,M1,0,9993;1,P,0,0
STEP	191	true	5032	2	0,M1,0,9992;1,P,0,0
STEP	211	true	5036	2	0,M1,0,9991;1,P,0,0
STEP	231	true	5040	2	0,M1,0,9990;1,P,0,0
STEP	251	false	5040	0	0,M1,0,9990;1,P,0,0
STEP	271	false	5040	0	0,M1,0,9990;1,P,0,0
STEP	291	false	5040	0	0,M1,0,9990;1,P,0,0
STEP	311	false	5040	0	0,M1,0,9990;1,P,0,0
STEP	331	false	5040	0	0,M1,0,9990;1,P,0,0
STEP	351	false	5040	0	0,M1,0,9990;1,P,0,0
STEP	371	false	5040	0	0,M1,0,9990;1,P,0,0
STEP	391	false	5040	0	0,M1,0,9990;1,P,0,0
STEP	411	false	5040	0	0,M1,0,9990;1,P,0,0
STEP	431	false	5040	0	0,M1,0,9990;1,P,0,0
STEP	451	false	5040	0	0,M1,0,9990;1,P,0,0
ENERGY	2826.1818313598633
END
CASE	mox-heat-capacity-reactor-plating	5000	0,M1,0,10000;1,PH,0,0
STEP	33	false	5000	0	0,M1,0,10000;1,PH,0,0
STEP	53	true	5004	2	0,M1,0,9999;1,PH,0,0
STEP	73	true	5008	2	0,M1,0,9998;1,PH,0,0
STEP	93	true	5012	2	0,M1,0,9997;1,PH,0,0
STEP	113	true	5016	2	0,M1,0,9996;1,PH,0,0
STEP	133	true	5020	2	0,M1,0,9995;1,PH,0,0
STEP	153	true	5024	2	0,M1,0,9994;1,PH,0,0
STEP	173	true	5028	2	0,M1,0,9993;1,PH,0,0
STEP	193	true	5032	2	0,M1,0,9992;1,PH,0,0
STEP	213	true	5036	2	0,M1,0,9991;1,PH,0,0
STEP	233	true	5040	2	0,M1,0,9990;1,PH,0,0
STEP	253	false	5040	0	0,M1,0,9990;1,PH,0,0
STEP	273	false	5040	0	0,M1,0,9990;1,PH,0,0
STEP	293	false	5040	0	0,M1,0,9990;1,PH,0,0
STEP	313	false	5040	0	0,M1,0,9990;1,PH,0,0
STEP	333	false	5040	0	0,M1,0,9990;1,PH,0,0
STEP	353	false	5040	0	0,M1,0,9990;1,PH,0,0
STEP	373	false	5040	0	0,M1,0,9990;1,PH,0,0
STEP	393	false	5040	0	0,M1,0,9990;1,PH,0,0
STEP	413	false	5040	0	0,M1,0,9990;1,PH,0,0
STEP	433	false	5040	0	0,M1,0,9990;1,PH,0,0
STEP	453	false	5040	0	0,M1,0,9990;1,PH,0,0
ENERGY	2674.000015258789
END
CASE	mox-containment-reactor-plating	5000	0,M1,0,10000;1,PC,0,0
STEP	37	false	5000	0	0,M1,0,10000;1,PC,0,0
STEP	57	true	5004	2	0,M1,0,9999;1,PC,0,0
STEP	77	true	5008	2	0,M1,0,9998;1,PC,0,0
STEP	97	true	5012	2	0,M1,0,9997;1,PC,0,0
STEP	117	true	5016	2	0,M1,0,9996;1,PC,0,0
STEP	137	true	5020	2	0,M1,0,9995;1,PC,0,0
STEP	157	true	5024	2	0,M1,0,9994;1,PC,0,0
STEP	177	true	5028	2	0,M1,0,9993;1,PC,0,0
STEP	197	true	5032	2	0,M1,0,9992;1,PC,0,0
STEP	217	true	5036	2	0,M1,0,9991;1,PC,0,0
STEP	237	true	5040	2	0,M1,0,9990;1,PC,0,0
STEP	257	false	5040	0	0,M1,0,9990;1,PC,0,0
STEP	277	false	5040	0	0,M1,0,9990;1,PC,0,0
STEP	297	false	5040	0	0,M1,0,9990;1,PC,0,0
STEP	317	false	5040	0	0,M1,0,9990;1,PC,0,0
STEP	337	false	5040	0	0,M1,0,9990;1,PC,0,0
STEP	357	false	5040	0	0,M1,0,9990;1,PC,0,0
STEP	377	false	5040	0	0,M1,0,9990;1,PC,0,0
STEP	397	false	5040	0	0,M1,0,9990;1,PC,0,0
STEP	417	false	5040	0	0,M1,0,9990;1,PC,0,0
STEP	437	false	5040	0	0,M1,0,9990;1,PC,0,0
STEP	457	false	5040	0	0,M1,0,9990;1,PC,0,0
ENERGY	2913.142833709717
END
CASE	mox-pair-1	5000	0,M1,0,10000;1,M1,0,10000
STEP	37	false	5000	0	0,M1,0,10000;1,M1,0,10000
STEP	57	true	5024	12	0,M1,0,9999;1,M1,0,9999
STEP	77	true	5048	12	0,M1,0,9998;1,M1,0,9998
STEP	97	true	5072	12	0,M1,0,9997;1,M1,0,9997
STEP	117	true	5096	12	0,M1,0,9996;1,M1,0,9996
STEP	137	true	5120	12	0,M1,0,9995;1,M1,0,9995
STEP	157	true	5144	12	0,M1,0,9994;1,M1,0,9994
STEP	177	true	5168	12	0,M1,0,9993;1,M1,0,9993
STEP	197	true	5192	12	0,M1,0,9992;1,M1,0,9992
STEP	217	true	5216	12	0,M1,0,9991;1,M1,0,9991
STEP	237	true	5240	12	0,M1,0,9990;1,M1,0,9990
STEP	257	false	5240	0	0,M1,0,9990;1,M1,0,9990
STEP	277	false	5240	0	0,M1,0,9990;1,M1,0,9990
STEP	297	false	5240	0	0,M1,0,9990;1,M1,0,9990
STEP	317	false	5240	0	0,M1,0,9990;1,M1,0,9990
STEP	337	false	5240	0	0,M1,0,9990;1,M1,0,9990
STEP	357	false	5240	0	0,M1,0,9990;1,M1,0,9990
STEP	377	false	5240	0	0,M1,0,9990;1,M1,0,9990
STEP	397	false	5240	0	0,M1,0,9990;1,M1,0,9990
STEP	417	false	5240	0	0,M1,0,9990;1,M1,0,9990
STEP	437	false	5240	0	0,M1,0,9990;1,M1,0,9990
STEP	457	false	5240	0	0,M1,0,9990;1,M1,0,9990
ENERGY	12211.20002746582
END
CASE	mox-pair-9	5000	0,M1,0,10000;9,M1,0,10000
STEP	41	true	5024	12	0,M1,0,9999;9,M1,0,9999
STEP	61	true	5048	12	0,M1,0,9998;9,M1,0,9998
STEP	81	true	5072	12	0,M1,0,9997;9,M1,0,9997
STEP	101	true	5096	12	0,M1,0,9996;9,M1,0,9996
STEP	121	true	5120	12	0,M1,0,9995;9,M1,0,9995
STEP	141	true	5144	12	0,M1,0,9994;9,M1,0,9994
STEP	161	true	5168	12	0,M1,0,9993;9,M1,0,9993
STEP	181	true	5192	12	0,M1,0,9992;9,M1,0,9992
STEP	201	true	5216	12	0,M1,0,9991;9,M1,0,9991
STEP	221	true	5240	12	0,M1,0,9990;9,M1,0,9990
STEP	241	false	5240	0	0,M1,0,9990;9,M1,0,9990
STEP	261	false	5240	0	0,M1,0,9990;9,M1,0,9990
STEP	281	false	5240	0	0,M1,0,9990;9,M1,0,9990
STEP	301	false	5240	0	0,M1,0,9990;9,M1,0,9990
STEP	321	false	5240	0	0,M1,0,9990;9,M1,0,9990
STEP	341	false	5240	0	0,M1,0,9990;9,M1,0,9990
STEP	361	false	5240	0	0,M1,0,9990;9,M1,0,9990
STEP	381	false	5240	0	0,M1,0,9990;9,M1,0,9990
STEP	401	false	5240	0	0,M1,0,9990;9,M1,0,9990
STEP	421	false	5240	0	0,M1,0,9990;9,M1,0,9990
STEP	441	false	5240	0	0,M1,0,9990;9,M1,0,9990
ENERGY	12211.20002746582
END
CASE	mox-pair-2	5000	0,M1,0,10000;2,M1,0,10000
STEP	39	false	5000	0	0,M1,0,10000;2,M1,0,10000
STEP	59	true	5008	6	0,M1,0,9999;2,M1,0,9999
STEP	79	true	5016	6	0,M1,0,9998;2,M1,0,9998
STEP	99	true	5024	6	0,M1,0,9997;2,M1,0,9997
STEP	119	true	5032	6	0,M1,0,9996;2,M1,0,9996
STEP	139	true	5040	6	0,M1,0,9995;2,M1,0,9995
STEP	159	true	5048	6	0,M1,0,9994;2,M1,0,9994
STEP	179	true	5056	6	0,M1,0,9993;2,M1,0,9993
STEP	199	true	5064	6	0,M1,0,9992;2,M1,0,9992
STEP	219	true	5072	6	0,M1,0,9991;2,M1,0,9991
STEP	239	true	5080	6	0,M1,0,9990;2,M1,0,9990
STEP	259	false	5080	0	0,M1,0,9990;2,M1,0,9990
STEP	279	false	5080	0	0,M1,0,9990;2,M1,0,9990
STEP	299	false	5080	0	0,M1,0,9990;2,M1,0,9990
STEP	319	false	5080	0	0,M1,0,9990;2,M1,0,9990
STEP	339	false	5080	0	0,M1,0,9990;2,M1,0,9990
STEP	359	false	5080	0	0,M1,0,9990;2,M1,0,9990
STEP	379	false	5080	0	0,M1,0,9990;2,M1,0,9990
STEP	399	false	5080	0	0,M1,0,9990;2,M1,0,9990
STEP	419	false	5080	0	0,M1,0,9990;2,M1,0,9990
STEP	439	false	5080	0	0,M1,0,9990;2,M1,0,9990
STEP	459	false	5080	0	0,M1,0,9990;2,M1,0,9990
ENERGY	6035.200042724609
END
CASE	mox-then-u	5000	0,M1,0,10000;1,U1,0,20000
STEP	42	true	5024	8	0,M1,0,9999;1,U1,0,19999
STEP	62	true	5048	8	0,M1,0,9998;1,U1,0,19998
STEP	82	true	5072	8	0,M1,0,9997;1,U1,0,19997
STEP	102	true	5096	8	0,M1,0,9996;1,U1,0,19996
STEP	122	true	5120	8	0,M1,0,9995;1,U1,0,19995
STEP	142	true	5144	8	0,M1,0,9994;1,U1,0,19994
STEP	162	true	5168	8	0,M1,0,9993;1,U1,0,19993
STEP	182	true	5192	8	0,M1,0,9992;1,U1,0,19992
STEP	202	true	5216	8	0,M1,0,9991;1,U1,0,19991
STEP	222	true	5240	8	0,M1,0,9990;1,U1,0,19990
STEP	242	false	5240	0	0,M1,0,9990;1,U1,0,19990
STEP	262	false	5240	0	0,M1,0,9990;1,U1,0,19990
STEP	282	false	5240	0	0,M1,0,9990;1,U1,0,19990
STEP	302	false	5240	0	0,M1,0,9990;1,U1,0,19990
STEP	322	false	5240	0	0,M1,0,9990;1,U1,0,19990
STEP	342	false	5240	0	0,M1,0,9990;1,U1,0,19990
STEP	362	false	5240	0	0,M1,0,9990;1,U1,0,19990
STEP	382	false	5240	0	0,M1,0,9990;1,U1,0,19990
STEP	402	false	5240	0	0,M1,0,9990;1,U1,0,19990
STEP	422	false	5240	0	0,M1,0,9990;1,U1,0,19990
STEP	442	false	5240	0	0,M1,0,9990;1,U1,0,19990
ENERGY	8105.5999755859375
END
CASE	u-then-mox	5000	0,U1,0,20000;1,M1,0,10000
STEP	36	false	5000	0	0,U1,0,20000;1,M1,0,10000
STEP	56	true	5024	8	0,U1,0,19999;1,M1,0,9999
STEP	76	true	5048	8	0,U1,0,19998;1,M1,0,9998
STEP	96	true	5072	8	0,U1,0,19997;1,M1,0,9997
STEP	116	true	5096	8	0,U1,0,19996;1,M1,0,9996
STEP	136	true	5120	8	0,U1,0,19995;1,M1,0,9995
STEP	156	true	5144	8	0,U1,0,19994;1,M1,0,9994
STEP	176	true	5168	8	0,U1,0,19993;1,M1,0,9993
STEP	196	true	5192	8	0,U1,0,19992;1,M1,0,9992
STEP	216	true	5216	8	0,U1,0,19991;1,M1,0,9991
STEP	236	true	5240	8	0,U1,0,19990;1,M1,0,9990
STEP	256	false	5240	0	0,U1,0,19990;1,M1,0,9990
STEP	276	false	5240	0	0,U1,0,19990;1,M1,0,9990
STEP	296	false	5240	0	0,U1,0,19990;1,M1,0,9990
STEP	316	false	5240	0	0,U1,0,19990;1,M1,0,9990
STEP	336	false	5240	0	0,U1,0,19990;1,M1,0,9990
STEP	356	false	5240	0	0,U1,0,19990;1,M1,0,9990
STEP	376	false	5240	0	0,U1,0,19990;1,M1,0,9990
STEP	396	false	5240	0	0,U1,0,19990;1,M1,0,9990
STEP	416	false	5240	0	0,U1,0,19990;1,M1,0,9990
STEP	436	false	5240	0	0,U1,0,19990;1,M1,0,9990
STEP	456	false	5240	0	0,U1,0,19990;1,M1,0,9990
ENERGY	8105.5999755859375
END
CASE	dual-mox-then-u	5000	0,M2,0,10000;1,U1,0,20000
STEP	46	true	5060	18	0,M2,0,9999;1,U1,0,19999
STEP	66	true	5120	18	0,M2,0,9998;1,U1,0,19998
STEP	86	true	5180	18	0,M2,0,9997;1,U1,0,19997
STEP	106	true	5240	18	0,M2,0,9996;1,U1,0,19996
STEP	126	true	5300	18	0,M2,0,9995;1,U1,0,19995
STEP	146	true	5360	18	0,M2,0,9994;1,U1,0,19994
STEP	166	true	5420	18	0,M2,0,9993;1,U1,0,19993
STEP	186	true	5480	18	0,M2,0,9992;1,U1,0,19992
STEP	206	true	5540	19	0,M2,0,9991;1,U1,0,19991
STEP	226	true	5600	19	0,M2,0,9990;1,U1,0,19990
STEP	246	false	5600	0	0,M2,0,9990;1,U1,0,19990
STEP	266	false	5600	0	0,M2,0,9990;1,U1,0,19990
STEP	286	false	5600	0	0,M2,0,9990;1,U1,0,19990
STEP	306	false	5600	0	0,M2,0,9990;1,U1,0,19990
STEP	326	false	5600	0	0,M2,0,9990;1,U1,0,19990
STEP	346	false	5600	0	0,M2,0,9990;1,U1,0,19990
STEP	366	false	5600	0	0,M2,0,9990;1,U1,0,19990
STEP	386	false	5600	0	0,M2,0,9990;1,U1,0,19990
STEP	406	false	5600	0	0,M2,0,9990;1,U1,0,19990
STEP	426	false	5600	0	0,M2,0,9990;1,U1,0,19990
STEP	446	false	5600	0	0,M2,0,9990;1,U1,0,19990
ENERGY	18659.999542236328
END
CASE	mox-before-vent	5000	0,M1,0,10000;1,VR,0,0
STEP	46	true	4995	2	0,M1,0,9999;1,VR,4,0
STEP	66	true	4990	2	0,M1,0,9998;1,VR,8,0
STEP	86	true	4985	2	0,M1,0,9997;1,VR,12,0
STEP	106	true	4980	2	0,M1,0,9996;1,VR,16,0
STEP	126	true	4975	2	0,M1,0,9995;1,VR,20,0
STEP	146	true	4970	2	0,M1,0,9994;1,VR,24,0
STEP	166	true	4965	2	0,M1,0,9993;1,VR,28,0
STEP	186	true	4960	2	0,M1,0,9992;1,VR,32,0
STEP	206	true	4955	2	0,M1,0,9991;1,VR,36,0
STEP	226	true	4950	2	0,M1,0,9990;1,VR,40,0
STEP	246	false	4945	0	0,M1,0,9990;1,VR,40,0
STEP	266	false	4940	0	0,M1,0,9990;1,VR,40,0
STEP	286	false	4935	0	0,M1,0,9990;1,VR,40,0
STEP	306	false	4930	0	0,M1,0,9990;1,VR,40,0
STEP	326	false	4925	0	0,M1,0,9990;1,VR,40,0
STEP	346	false	4920	0	0,M1,0,9990;1,VR,40,0
STEP	366	false	4915	0	0,M1,0,9990;1,VR,40,0
STEP	386	false	4910	0	0,M1,0,9990;1,VR,40,0
STEP	406	false	4905	0	0,M1,0,9990;1,VR,40,0
STEP	426	false	4900	0	0,M1,0,9990;1,VR,40,0
STEP	446	false	4895	0	0,M1,0,9990;1,VR,40,0
ENERGY	2989.000015258789
END
CASE	vent-before-mox	5000	0,VR,0,0;1,M1,0,10000
STEP	43	true	4995	2	0,VR,4,0;1,M1,0,9999
STEP	63	true	4990	2	0,VR,8,0;1,M1,0,9998
STEP	83	true	4985	2	0,VR,12,0;1,M1,0,9997
STEP	103	true	4980	2	0,VR,16,0;1,M1,0,9996
STEP	123	true	4975	2	0,VR,20,0;1,M1,0,9995
STEP	143	true	4970	2	0,VR,24,0;1,M1,0,9994
STEP	163	true	4965	2	0,VR,28,0;1,M1,0,9993
STEP	183	true	4960	2	0,VR,32,0;1,M1,0,9992
STEP	203	true	4955	2	0,VR,36,0;1,M1,0,9991
STEP	223	true	4950	2	0,VR,40,0;1,M1,0,9990
STEP	243	false	4945	0	0,VR,40,0;1,M1,0,9990
STEP	263	false	4940	0	0,VR,40,0;1,M1,0,9990
STEP	283	false	4935	0	0,VR,40,0;1,M1,0,9990
STEP	303	false	4930	0	0,VR,40,0;1,M1,0,9990
STEP	323	false	4925	0	0,VR,40,0;1,M1,0,9990
STEP	343	false	4920	0	0,VR,40,0;1,M1,0,9990
STEP	363	false	4915	0	0,VR,40,0;1,M1,0,9990
STEP	383	false	4910	0	0,VR,40,0;1,M1,0,9990
STEP	403	false	4905	0	0,VR,40,0;1,M1,0,9990
STEP	423	false	4900	0	0,VR,40,0;1,M1,0,9990
STEP	443	false	4895	0	0,VR,40,0;1,M1,0,9990
ENERGY	2989.000015258789
END
CASE	quad-reflector	0	0,U4,0,20000;1,R,0,0
STEP	41	true	160	16	0,U4,0,19999;1,R,4,0
STEP	61	true	320	16	0,U4,0,19998;1,R,8,0
STEP	81	true	480	16	0,U4,0,19997;1,R,12,0
STEP	101	true	640	16	0,U4,0,19996;1,R,16,0
STEP	121	true	800	16	0,U4,0,19995;1,R,20,0
STEP	141	true	960	16	0,U4,0,19994;1,R,24,0
STEP	161	true	1120	16	0,U4,0,19993;1,R,28,0
STEP	181	true	1280	16	0,U4,0,19992;1,R,32,0
STEP	201	true	1440	16	0,U4,0,19991;1,R,36,0
STEP	221	true	1600	16	0,U4,0,19990;1,R,40,0
STEP	241	false	1600	0	0,U4,0,19990;1,R,40,0
STEP	261	false	1600	0	0,U4,0,19990;1,R,40,0
STEP	281	false	1600	0	0,U4,0,19990;1,R,40,0
STEP	301	false	1600	0	0,U4,0,19990;1,R,40,0
STEP	321	false	1600	0	0,U4,0,19990;1,R,40,0
STEP	341	false	1600	0	0,U4,0,19990;1,R,40,0
STEP	361	false	1600	0	0,U4,0,19990;1,R,40,0
STEP	381	false	1600	0	0,U4,0,19990;1,R,40,0
STEP	401	false	1600	0	0,U4,0,19990;1,R,40,0
STEP	421	false	1600	0	0,U4,0,19990;1,R,40,0
STEP	441	false	1600	0	0,U4,0,19990;1,R,40,0
ENERGY	16000.0
END
CASE	quad-reflector-last	0	0,U4,0,20000;1,R,29999,0
STEP	39	false	0	0	0,U4,0,20000;1,R,29999,0
STEP	59	true	112	12	0,U4,0,19999
STEP	79	true	208	12	0,U4,0,19998
STEP	99	true	304	12	0,U4,0,19997
STEP	119	true	400	12	0,U4,0,19996
STEP	139	true	496	12	0,U4,0,19995
STEP	159	true	592	12	0,U4,0,19994
STEP	179	true	688	12	0,U4,0,19993
STEP	199	true	784	12	0,U4,0,19992
STEP	219	true	880	12	0,U4,0,19991
STEP	239	true	976	12	0,U4,0,19990
STEP	259	false	976	0	0,U4,0,19990
STEP	279	false	976	0	0,U4,0,19990
STEP	299	false	976	0	0,U4,0,19990
STEP	319	false	976	0	0,U4,0,19990
STEP	339	false	976	0	0,U4,0,19990
STEP	359	false	976	0	0,U4,0,19990
STEP	379	false	976	0	0,U4,0,19990
STEP	399	false	976	0	0,U4,0,19990
STEP	419	false	976	0	0,U4,0,19990
STEP	439	false	976	0	0,U4,0,19990
STEP	459	false	976	0	0,U4,0,19990
ENERGY	12000.0
END
CASE	reflector-last-before-u	0	0,R,29999,0;1,U1,0,20000
STEP	44	true	12	1	1,U1,0,19999
STEP	64	true	16	1	1,U1,0,19998
STEP	84	true	20	1	1,U1,0,19997
STEP	104	true	24	1	1,U1,0,19996
STEP	124	true	28	1	1,U1,0,19995
STEP	144	true	32	1	1,U1,0,19994
STEP	164	true	36	1	1,U1,0,19993
STEP	184	true	40	1	1,U1,0,19992
STEP	204	true	44	1	1,U1,0,19991
STEP	224	true	48	1	1,U1,0,19990
STEP	244	false	48	0	1,U1,0,19990
STEP	264	false	48	0	1,U1,0,19990
STEP	284	false	48	0	1,U1,0,19990
STEP	304	false	48	0	1,U1,0,19990
STEP	324	false	48	0	1,U1,0,19990
STEP	344	false	48	0	1,U1,0,19990
STEP	364	false	48	0	1,U1,0,19990
STEP	384	false	48	0	1,U1,0,19990
STEP	404	false	48	0	1,U1,0,19990
STEP	424	false	48	0	1,U1,0,19990
STEP	444	false	48	0	1,U1,0,19990
ENERGY	1000.0
END
CASE	reflector-between-rods	0	0,U4,0,20000;1,R,0,0;2,U1,0,20000
STEP	36	false	0	0	0,U4,0,20000;1,R,0,0;2,U1,0,20000
STEP	56	true	172	18	0,U4,0,19999;1,R,5,0;2,U1,0,19999
STEP	76	true	344	18	0,U4,0,19998;1,R,10,0;2,U1,0,19998
STEP	96	true	516	18	0,U4,0,19997;1,R,15,0;2,U1,0,19997
STEP	116	true	688	18	0,U4,0,19996;1,R,20,0;2,U1,0,19996
STEP	136	true	860	18	0,U4,0,19995;1,R,25,0;2,U1,0,19995
STEP	156	true	1032	18	0,U4,0,19994;1,R,30,0;2,U1,0,19994
STEP	176	true	1204	18	0,U4,0,19993;1,R,35,0;2,U1,0,19993
STEP	196	true	1376	18	0,U4,0,19992;1,R,40,0;2,U1,0,19992
STEP	216	true	1548	18	0,U4,0,19991;1,R,45,0;2,U1,0,19991
STEP	236	true	1720	18	0,U4,0,19990;1,R,50,0;2,U1,0,19990
STEP	256	false	1720	0	0,U4,0,19990;1,R,50,0;2,U1,0,19990
STEP	276	false	1720	0	0,U4,0,19990;1,R,50,0;2,U1,0,19990
STEP	296	false	1720	0	0,U4,0,19990;1,R,50,0;2,U1,0,19990
STEP	316	false	1720	0	0,U4,0,19990;1,R,50,0;2,U1,0,19990
STEP	336	false	1720	0	0,U4,0,19990;1,R,50,0;2,U1,0,19990
STEP	356	false	1720	0	0,U4,0,19990;1,R,50,0;2,U1,0,19990
STEP	376	false	1720	0	0,U4,0,19990;1,R,50,0;2,U1,0,19990
STEP	396	false	1720	0	0,U4,0,19990;1,R,50,0;2,U1,0,19990
STEP	416	false	1720	0	0,U4,0,19990;1,R,50,0;2,U1,0,19990
STEP	436	false	1720	0	0,U4,0,19990;1,R,50,0;2,U1,0,19990
STEP	456	false	1720	0	0,U4,0,19990;1,R,50,0;2,U1,0,19990
ENERGY	18000.0
END
CASE	last-u-before-u	0	0,U1,0,1;1,U1,0,20000
STEP	39	false	0	0	0,U1,0,1;1,U1,0,20000
STEP	59	true	24	3	0,U1,0,0;1,U1,0,19999
STEP	79	true	28	1	0,U1,0,0;1,U1,0,19998
STEP	99	true	32	1	0,U1,0,0;1,U1,0,19997
STEP	119	true	36	1	0,U1,0,0;1,U1,0,19996
STEP	139	true	40	1	0,U1,0,0;1,U1,0,19995
STEP	159	true	44	1	0,U1,0,0;1,U1,0,19994
STEP	179	true	48	1	0,U1,0,0;1,U1,0,19993
STEP	199	true	52	1	0,U1,0,0;1,U1,0,19992
STEP	219	true	56	1	0,U1,0,0;1,U1,0,19991
STEP	239	true	60	1	0,U1,0,0;1,U1,0,19990
STEP	259	false	60	0	0,U1,0,0;1,U1,0,19990
STEP	279	false	60	0	0,U1,0,0;1,U1,0,19990
STEP	299	false	60	0	0,U1,0,0;1,U1,0,19990
STEP	319	false	60	0	0,U1,0,0;1,U1,0,19990
STEP	339	false	60	0	0,U1,0,0;1,U1,0,19990
STEP	359	false	60	0	0,U1,0,0;1,U1,0,19990
STEP	379	false	60	0	0,U1,0,0;1,U1,0,19990
STEP	399	false	60	0	0,U1,0,0;1,U1,0,19990
STEP	419	false	60	0	0,U1,0,0;1,U1,0,19990
STEP	439	false	60	0	0,U1,0,0;1,U1,0,19990
STEP	459	false	60	0	0,U1,0,0;1,U1,0,19990
ENERGY	1200.0
END
CASE	u-before-last-u	0	0,U1,0,20000;1,U1,0,1
STEP	50	true	24	4	0,U1,0,19999;1,U1,0,0
STEP	70	true	28	1	0,U1,0,19998;1,U1,0,0
STEP	90	true	32	1	0,U1,0,19997;1,U1,0,0
STEP	110	true	36	1	0,U1,0,19996;1,U1,0,0
STEP	130	true	40	1	0,U1,0,19995;1,U1,0,0
STEP	150	true	44	1	0,U1,0,19994;1,U1,0,0
STEP	170	true	48	1	0,U1,0,19993;1,U1,0,0
STEP	190	true	52	1	0,U1,0,19992;1,U1,0,0
STEP	210	true	56	1	0,U1,0,19991;1,U1,0,0
STEP	230	true	60	1	0,U1,0,19990;1,U1,0,0
STEP	250	false	60	0	0,U1,0,19990;1,U1,0,0
STEP	270	false	60	0	0,U1,0,19990;1,U1,0,0
STEP	290	false	60	0	0,U1,0,19990;1,U1,0,0
STEP	310	false	60	0	0,U1,0,19990;1,U1,0,0
STEP	330	false	60	0	0,U1,0,19990;1,U1,0,0
STEP	350	false	60	0	0,U1,0,19990;1,U1,0,0
STEP	370	false	60	0	0,U1,0,19990;1,U1,0,0
STEP	390	false	60	0	0,U1,0,19990;1,U1,0,0
STEP	410	false	60	0	0,U1,0,19990;1,U1,0,0
STEP	430	false	60	0	0,U1,0,19990;1,U1,0,0
STEP	450	false	60	0	0,U1,0,19990;1,U1,0,0
ENERGY	1300.0
END
CASE	single-three-cells	0	1,C10,0,0;9,C10,0,0;10,U1,0,20000;11,C10,0,0
STEP	40	false	0	0	1,C10,0,0;9,C10,0,0;10,U1,0,20000;11,C10,0,0
STEP	60	true	0	1	1,C10,2,0;9,C10,1,0;10,U1,0,19999;11,C10,1,0
STEP	80	true	0	1	1,C10,4,0;9,C10,2,0;10,U1,0,19998;11,C10,2,0
STEP	100	true	0	1	1,C10,6,0;9,C10,3,0;10,U1,0,19997;11,C10,3,0
STEP	120	true	0	1	1,C10,8,0;9,C10,4,0;10,U1,0,19996;11,C10,4,0
STEP	140	true	0	1	1,C10,10,0;9,C10,5,0;10,U1,0,19995;11,C10,5,0
STEP	160	true	0	1	1,C10,12,0;9,C10,6,0;10,U1,0,19994;11,C10,6,0
STEP	180	true	0	1	1,C10,14,0;9,C10,7,0;10,U1,0,19993;11,C10,7,0
STEP	200	true	0	1	1,C10,16,0;9,C10,8,0;10,U1,0,19992;11,C10,8,0
STEP	220	true	0	1	1,C10,18,0;9,C10,9,0;10,U1,0,19991;11,C10,9,0
STEP	240	true	0	1	1,C10,20,0;9,C10,10,0;10,U1,0,19990;11,C10,10,0
STEP	260	false	0	0	1,C10,20,0;9,C10,10,0;10,U1,0,19990;11,C10,10,0
STEP	280	false	0	0	1,C10,20,0;9,C10,10,0;10,U1,0,19990;11,C10,10,0
STEP	300	false	0	0	1,C10,20,0;9,C10,10,0;10,U1,0,19990;11,C10,10,0
STEP	320	false	0	0	1,C10,20,0;9,C10,10,0;10,U1,0,19990;11,C10,10,0
STEP	340	false	0	0	1,C10,20,0;9,C10,10,0;10,U1,0,19990;11,C10,10,0
STEP	360	false	0	0	1,C10,20,0;9,C10,10,0;10,U1,0,19990;11,C10,10,0
STEP	380	false	0	0	1,C10,20,0;9,C10,10,0;10,U1,0,19990;11,C10,10,0
STEP	400	false	0	0	1,C10,20,0;9,C10,10,0;10,U1,0,19990;11,C10,10,0
STEP	420	false	0	0	1,C10,20,0;9,C10,10,0;10,U1,0,19990;11,C10,10,0
STEP	440	false	0	0	1,C10,20,0;9,C10,10,0;10,U1,0,19990;11,C10,10,0
ENERGY	1000.0
END
CASE	u-cell-condensator-full	0	1,C10,0,0;9,RSH,20000,0;10,U1,0,20000
STEP	45	true	0	1	1,C10,4,0;9,RSH,20000,0;10,U1,0,19999
STEP	65	true	0	1	1,C10,8,0;9,RSH,20000,0;10,U1,0,19998
STEP	85	true	0	1	1,C10,12,0;9,RSH,20000,0;10,U1,0,19997
STEP	105	true	0	1	1,C10,16,0;9,RSH,20000,0;10,U1,0,19996
STEP	125	true	0	1	1,C10,20,0;9,RSH,20000,0;10,U1,0,19995
STEP	145	true	0	1	1,C10,24,0;9,RSH,20000,0;10,U1,0,19994
STEP	165	true	0	1	1,C10,28,0;9,RSH,20000,0;10,U1,0,19993
STEP	185	true	0	1	1,C10,32,0;9,RSH,20000,0;10,U1,0,19992
STEP	205	true	0	1	1,C10,36,0;9,RSH,20000,0;10,U1,0,19991
STEP	225	true	0	1	1,C10,40,0;9,RSH,20000,0;10,U1,0,19990
STEP	245	false	0	0	1,C10,40,0;9,RSH,20000,0;10,U1,0,19990
STEP	265	false	0	0	1,C10,40,0;9,RSH,20000,0;10,U1,0,19990
STEP	285	false	0	0	1,C10,40,0;9,RSH,20000,0;10,U1,0,19990
STEP	305	false	0	0	1,C10,40,0;9,RSH,20000,0;10,U1,0,19990
STEP	325	false	0	0	1,C10,40,0;9,RSH,20000,0;10,U1,0,19990
STEP	345	false	0	0	1,C10,40,0;9,RSH,20000,0;10,U1,0,19990
STEP	365	false	0	0	1,C10,40,0;9,RSH,20000,0;10,U1,0,19990
STEP	385	false	0	0	1,C10,40,0;9,RSH,20000,0;10,U1,0,19990
STEP	405	false	0	0	1,C10,40,0;9,RSH,20000,0;10,U1,0,19990
STEP	425	false	0	0	1,C10,40,0;9,RSH,20000,0;10,U1,0,19990
STEP	445	false	0	0	1,C10,40,0;9,RSH,20000,0;10,U1,0,19990
ENERGY	1000.0
END
CASE	component-vent-condensator	0	0,VC,0,0;1,RSH,1000,0
STEP	50	true	0	0	0,VC,0,0;1,RSH,1000,0
STEP	70	true	0	0	0,VC,0,0;1,RSH,1000,0
STEP	90	true	0	0	0,VC,0,0;1,RSH,1000,0
STEP	110	true	0	0	0,VC,0,0;1,RSH,1000,0
STEP	130	true	0	0	0,VC,0,0;1,RSH,1000,0
STEP	150	true	0	0	0,VC,0,0;1,RSH,1000,0
STEP	170	true	0	0	0,VC,0,0;1,RSH,1000,0
STEP	190	true	0	0	0,VC,0,0;1,RSH,1000,0
STEP	210	true	0	0	0,VC,0,0;1,RSH,1000,0
STEP	230	true	0	0	0,VC,0,0;1,RSH,1000,0
STEP	250	false	0	0	0,VC,0,0;1,RSH,1000,0
STEP	270	false	0	0	0,VC,0,0;1,RSH,1000,0
STEP	290	false	0	0	0,VC,0,0;1,RSH,1000,0
STEP	310	false	0	0	0,VC,0,0;1,RSH,1000,0
STEP	330	false	0	0	0,VC,0,0;1,RSH,1000,0
STEP	350	false	0	0	0,VC,0,0;1,RSH,1000,0
STEP	370	false	0	0	0,VC,0,0;1,RSH,1000,0
STEP	390	false	0	0	0,VC,0,0;1,RSH,1000,0
STEP	410	false	0	0	0,VC,0,0;1,RSH,1000,0
STEP	430	false	0	0	0,VC,0,0;1,RSH,1000,0
STEP	450	false	0	0	0,VC,0,0;1,RSH,1000,0
ENERGY	0.0
END
CASE	exchanger-condensator	0	0,X,0,0;1,RSH,1000,0
STEP	50	true	0	0	0,X,0,0;1,RSH,1000,0
STEP	70	true	0	0	0,X,0,0;1,RSH,1000,0
STEP	90	true	0	0	0,X,0,0;1,RSH,1000,0
STEP	110	true	0	0	0,X,0,0;1,RSH,1000,0
STEP	130	true	0	0	0,X,0,0;1,RSH,1000,0
STEP	150	true	0	0	0,X,0,0;1,RSH,1000,0
STEP	170	true	0	0	0,X,0,0;1,RSH,1000,0
STEP	190	true	0	0	0,X,0,0;1,RSH,1000,0
STEP	210	true	0	0	0,X,0,0;1,RSH,1000,0
STEP	230	true	0	0	0,X,0,0;1,RSH,1000,0
STEP	250	false	0	0	0,X,0,0;1,RSH,1000,0
STEP	270	false	0	0	0,X,0,0;1,RSH,1000,0
STEP	290	false	0	0	0,X,0,0;1,RSH,1000,0
STEP	310	false	0	0	0,X,0,0;1,RSH,1000,0
STEP	330	false	0	0	0,X,0,0;1,RSH,1000,0
STEP	350	false	0	0	0,X,0,0;1,RSH,1000,0
STEP	370	false	0	0	0,X,0,0;1,RSH,1000,0
STEP	390	false	0	0	0,X,0,0;1,RSH,1000,0
STEP	410	false	0	0	0,X,0,0;1,RSH,1000,0
STEP	430	false	0	0	0,X,0,0;1,RSH,1000,0
STEP	450	false	0	0	0,X,0,0;1,RSH,1000,0
ENERGY	0.0
END
CASE	near-heat-exchanger--1	999	0,X,250,0;1,C10,999,0
STEP	50	true	999	0	0,X,250,0;1,C10,999,0
STEP	70	true	999	0	0,X,250,0;1,C10,999,0
STEP	90	true	999	0	0,X,250,0;1,C10,999,0
STEP	110	true	999	0	0,X,250,0;1,C10,999,0
STEP	130	true	999	0	0,X,250,0;1,C10,999,0
STEP	150	true	999	0	0,X,250,0;1,C10,999,0
STEP	170	true	999	0	0,X,250,0;1,C10,999,0
STEP	190	true	999	0	0,X,250,0;1,C10,999,0
STEP	210	true	999	0	0,X,250,0;1,C10,999,0
STEP	230	true	999	0	0,X,250,0;1,C10,999,0
STEP	250	false	999	0	0,X,250,0;1,C10,999,0
STEP	270	false	999	0	0,X,250,0;1,C10,999,0
STEP	290	false	999	0	0,X,250,0;1,C10,999,0
STEP	310	false	999	0	0,X,250,0;1,C10,999,0
STEP	330	false	999	0	0,X,250,0;1,C10,999,0
STEP	350	false	999	0	0,X,250,0;1,C10,999,0
STEP	370	false	999	0	0,X,250,0;1,C10,999,0
STEP	390	false	999	0	0,X,250,0;1,C10,999,0
STEP	410	false	999	0	0,X,250,0;1,C10,999,0
STEP	430	false	999	0	0,X,250,0;1,C10,999,0
STEP	450	false	999	0	0,X,250,0;1,C10,999,0
ENERGY	0.0
END
CASE	near-heat-exchanger-0	1000	0,X,250,0;1,C10,1000,0
STEP	50	true	1000	0	0,X,250,0;1,C10,1000,0
STEP	70	true	1000	0	0,X,250,0;1,C10,1000,0
STEP	90	true	1000	0	0,X,250,0;1,C10,1000,0
STEP	110	true	1000	0	0,X,250,0;1,C10,1000,0
STEP	130	true	1000	0	0,X,250,0;1,C10,1000,0
STEP	150	true	1000	0	0,X,250,0;1,C10,1000,0
STEP	170	true	1000	0	0,X,250,0;1,C10,1000,0
STEP	190	true	1000	0	0,X,250,0;1,C10,1000,0
STEP	210	true	1000	0	0,X,250,0;1,C10,1000,0
STEP	230	true	1000	0	0,X,250,0;1,C10,1000,0
STEP	250	false	1000	0	0,X,250,0;1,C10,1000,0
STEP	270	false	1000	0	0,X,250,0;1,C10,1000,0
STEP	290	false	1000	0	0,X,250,0;1,C10,1000,0
STEP	310	false	1000	0	0,X,250,0;1,C10,1000,0
STEP	330	false	1000	0	0,X,250,0;1,C10,1000,0
STEP	350	false	1000	0	0,X,250,0;1,C10,1000,0
STEP	370	false	1000	0	0,X,250,0;1,C10,1000,0
STEP	390	false	1000	0	0,X,250,0;1,C10,1000,0
STEP	410	false	1000	0	0,X,250,0;1,C10,1000,0
STEP	430	false	1000	0	0,X,250,0;1,C10,1000,0
STEP	450	false	1000	0	0,X,250,0;1,C10,1000,0
ENERGY	0.0
END
CASE	near-heat-exchanger-1	1001	0,X,250,0;1,C10,1001,0
STEP	50	true	1001	0	0,X,250,0;1,C10,1001,0
STEP	70	true	1001	0	0,X,250,0;1,C10,1001,0
STEP	90	true	1001	0	0,X,250,0;1,C10,1001,0
STEP	110	true	1001	0	0,X,250,0;1,C10,1001,0
STEP	130	true	1001	0	0,X,250,0;1,C10,1001,0
STEP	150	true	1001	0	0,X,250,0;1,C10,1001,0
STEP	170	true	1001	0	0,X,250,0;1,C10,1001,0
STEP	190	true	1001	0	0,X,250,0;1,C10,1001,0
STEP	210	true	1001	0	0,X,250,0;1,C10,1001,0
STEP	230	true	1001	0	0,X,250,0;1,C10,1001,0
STEP	250	false	1001	0	0,X,250,0;1,C10,1001,0
STEP	270	false	1001	0	0,X,250,0;1,C10,1001,0
STEP	290	false	1001	0	0,X,250,0;1,C10,1001,0
STEP	310	false	1001	0	0,X,250,0;1,C10,1001,0
STEP	330	false	1001	0	0,X,250,0;1,C10,1001,0
STEP	350	false	1001	0	0,X,250,0;1,C10,1001,0
STEP	370	false	1001	0	0,X,250,0;1,C10,1001,0
STEP	390	false	1001	0	0,X,250,0;1,C10,1001,0
STEP	410	false	1001	0	0,X,250,0;1,C10,1001,0
STEP	430	false	1001	0	0,X,250,0;1,C10,1001,0
STEP	450	false	1001	0	0,X,250,0;1,C10,1001,0
ENERGY	0.0
END
CASE	near-reactor-heat-exchanger--1	999	0,XR,500,0;1,C10,999,0
STEP	50	true	999	0	0,XR,500,0;1,C10,999,0
STEP	70	true	999	0	0,XR,500,0;1,C10,999,0
STEP	90	true	999	0	0,XR,500,0;1,C10,999,0
STEP	110	true	999	0	0,XR,500,0;1,C10,999,0
STEP	130	true	999	0	0,XR,500,0;1,C10,999,0
STEP	150	true	999	0	0,XR,500,0;1,C10,999,0
STEP	170	true	999	0	0,XR,500,0;1,C10,999,0
STEP	190	true	999	0	0,XR,500,0;1,C10,999,0
STEP	210	true	999	0	0,XR,500,0;1,C10,999,0
STEP	230	true	999	0	0,XR,500,0;1,C10,999,0
STEP	250	false	999	0	0,XR,500,0;1,C10,999,0
STEP	270	false	999	0	0,XR,500,0;1,C10,999,0
STEP	290	false	999	0	0,XR,500,0;1,C10,999,0
STEP	310	false	999	0	0,XR,500,0;1,C10,999,0
STEP	330	false	999	0	0,XR,500,0;1,C10,999,0
STEP	350	false	999	0	0,XR,500,0;1,C10,999,0
STEP	370	false	999	0	0,XR,500,0;1,C10,999,0
STEP	390	false	999	0	0,XR,500,0;1,C10,999,0
STEP	410	false	999	0	0,XR,500,0;1,C10,999,0
STEP	430	false	999	0	0,XR,500,0;1,C10,999,0
STEP	450	false	999	0	0,XR,500,0;1,C10,999,0
ENERGY	0.0
END
CASE	near-reactor-heat-exchanger-0	1000	0,XR,500,0;1,C10,1000,0
STEP	50	true	1000	0	0,XR,500,0;1,C10,1000,0
STEP	70	true	1000	0	0,XR,500,0;1,C10,1000,0
STEP	90	true	1000	0	0,XR,500,0;1,C10,1000,0
STEP	110	true	1000	0	0,XR,500,0;1,C10,1000,0
STEP	130	true	1000	0	0,XR,500,0;1,C10,1000,0
STEP	150	true	1000	0	0,XR,500,0;1,C10,1000,0
STEP	170	true	1000	0	0,XR,500,0;1,C10,1000,0
STEP	190	true	1000	0	0,XR,500,0;1,C10,1000,0
STEP	210	true	1000	0	0,XR,500,0;1,C10,1000,0
STEP	230	true	1000	0	0,XR,500,0;1,C10,1000,0
STEP	250	false	1000	0	0,XR,500,0;1,C10,1000,0
STEP	270	false	1000	0	0,XR,500,0;1,C10,1000,0
STEP	290	false	1000	0	0,XR,500,0;1,C10,1000,0
STEP	310	false	1000	0	0,XR,500,0;1,C10,1000,0
STEP	330	false	1000	0	0,XR,500,0;1,C10,1000,0
STEP	350	false	1000	0	0,XR,500,0;1,C10,1000,0
STEP	370	false	1000	0	0,XR,500,0;1,C10,1000,0
STEP	390	false	1000	0	0,XR,500,0;1,C10,1000,0
STEP	410	false	1000	0	0,XR,500,0;1,C10,1000,0
STEP	430	false	1000	0	0,XR,500,0;1,C10,1000,0
STEP	450	false	1000	0	0,XR,500,0;1,C10,1000,0
ENERGY	0.0
END
CASE	near-reactor-heat-exchanger-1	1001	0,XR,500,0;1,C10,1001,0
STEP	50	true	1001	0	0,XR,500,0;1,C10,1001,0
STEP	70	true	1001	0	0,XR,500,0;1,C10,1001,0
STEP	90	true	1001	0	0,XR,500,0;1,C10,1001,0
STEP	110	true	1001	0	0,XR,500,0;1,C10,1001,0
STEP	130	true	1001	0	0,XR,500,0;1,C10,1001,0
STEP	150	true	1001	0	0,XR,500,0;1,C10,1001,0
STEP	170	true	1001	0	0,XR,500,0;1,C10,1001,0
STEP	190	true	1001	0	0,XR,500,0;1,C10,1001,0
STEP	210	true	1001	0	0,XR,500,0;1,C10,1001,0
STEP	230	true	1001	0	0,XR,500,0;1,C10,1001,0
STEP	250	false	1001	0	0,XR,500,0;1,C10,1001,0
STEP	270	false	1001	0	0,XR,500,0;1,C10,1001,0
STEP	290	false	1001	0	0,XR,500,0;1,C10,1001,0
STEP	310	false	1001	0	0,XR,500,0;1,C10,1001,0
STEP	330	false	1001	0	0,XR,500,0;1,C10,1001,0
STEP	350	false	1001	0	0,XR,500,0;1,C10,1001,0
STEP	370	false	1001	0	0,XR,500,0;1,C10,1001,0
STEP	390	false	1001	0	0,XR,500,0;1,C10,1001,0
STEP	410	false	1001	0	0,XR,500,0;1,C10,1001,0
STEP	430	false	1001	0	0,XR,500,0;1,C10,1001,0
STEP	450	false	1001	0	0,XR,500,0;1,C10,1001,0
ENERGY	0.0
END
CASE	near-component-heat-exchanger--1	999	0,XC,500,0;1,C10,999,0
STEP	50	true	999	0	0,XC,500,0;1,C10,999,0
STEP	70	true	999	0	0,XC,500,0;1,C10,999,0
STEP	90	true	999	0	0,XC,500,0;1,C10,999,0
STEP	110	true	999	0	0,XC,500,0;1,C10,999,0
STEP	130	true	999	0	0,XC,500,0;1,C10,999,0
STEP	150	true	999	0	0,XC,500,0;1,C10,999,0
STEP	170	true	999	0	0,XC,500,0;1,C10,999,0
STEP	190	true	999	0	0,XC,500,0;1,C10,999,0
STEP	210	true	999	0	0,XC,500,0;1,C10,999,0
STEP	230	true	999	0	0,XC,500,0;1,C10,999,0
STEP	250	false	999	0	0,XC,500,0;1,C10,999,0
STEP	270	false	999	0	0,XC,500,0;1,C10,999,0
STEP	290	false	999	0	0,XC,500,0;1,C10,999,0
STEP	310	false	999	0	0,XC,500,0;1,C10,999,0
STEP	330	false	999	0	0,XC,500,0;1,C10,999,0
STEP	350	false	999	0	0,XC,500,0;1,C10,999,0
STEP	370	false	999	0	0,XC,500,0;1,C10,999,0
STEP	390	false	999	0	0,XC,500,0;1,C10,999,0
STEP	410	false	999	0	0,XC,500,0;1,C10,999,0
STEP	430	false	999	0	0,XC,500,0;1,C10,999,0
STEP	450	false	999	0	0,XC,500,0;1,C10,999,0
ENERGY	0.0
END
CASE	near-component-heat-exchanger-0	1000	0,XC,500,0;1,C10,1000,0
STEP	50	true	1000	0	0,XC,500,0;1,C10,1000,0
STEP	70	true	1000	0	0,XC,500,0;1,C10,1000,0
STEP	90	true	1000	0	0,XC,500,0;1,C10,1000,0
STEP	110	true	1000	0	0,XC,500,0;1,C10,1000,0
STEP	130	true	1000	0	0,XC,500,0;1,C10,1000,0
STEP	150	true	1000	0	0,XC,500,0;1,C10,1000,0
STEP	170	true	1000	0	0,XC,500,0;1,C10,1000,0
STEP	190	true	1000	0	0,XC,500,0;1,C10,1000,0
STEP	210	true	1000	0	0,XC,500,0;1,C10,1000,0
STEP	230	true	1000	0	0,XC,500,0;1,C10,1000,0
STEP	250	false	1000	0	0,XC,500,0;1,C10,1000,0
STEP	270	false	1000	0	0,XC,500,0;1,C10,1000,0
STEP	290	false	1000	0	0,XC,500,0;1,C10,1000,0
STEP	310	false	1000	0	0,XC,500,0;1,C10,1000,0
STEP	330	false	1000	0	0,XC,500,0;1,C10,1000,0
STEP	350	false	1000	0	0,XC,500,0;1,C10,1000,0
STEP	370	false	1000	0	0,XC,500,0;1,C10,1000,0
STEP	390	false	1000	0	0,XC,500,0;1,C10,1000,0
STEP	410	false	1000	0	0,XC,500,0;1,C10,1000,0
STEP	430	false	1000	0	0,XC,500,0;1,C10,1000,0
STEP	450	false	1000	0	0,XC,500,0;1,C10,1000,0
ENERGY	0.0
END
CASE	near-component-heat-exchanger-1	1001	0,XC,500,0;1,C10,1001,0
STEP	50	true	1001	0	0,XC,500,0;1,C10,1001,0
STEP	70	true	1001	0	0,XC,500,0;1,C10,1001,0
STEP	90	true	1001	0	0,XC,500,0;1,C10,1001,0
STEP	110	true	1001	0	0,XC,500,0;1,C10,1001,0
STEP	130	true	1001	0	0,XC,500,0;1,C10,1001,0
STEP	150	true	1001	0	0,XC,500,0;1,C10,1001,0
STEP	170	true	1001	0	0,XC,500,0;1,C10,1001,0
STEP	190	true	1001	0	0,XC,500,0;1,C10,1001,0
STEP	210	true	1001	0	0,XC,500,0;1,C10,1001,0
STEP	230	true	1001	0	0,XC,500,0;1,C10,1001,0
STEP	250	false	1001	0	0,XC,500,0;1,C10,1001,0
STEP	270	false	1001	0	0,XC,500,0;1,C10,1001,0
STEP	290	false	1001	0	0,XC,500,0;1,C10,1001,0
STEP	310	false	1001	0	0,XC,500,0;1,C10,1001,0
STEP	330	false	1001	0	0,XC,500,0;1,C10,1001,0
STEP	350	false	1001	0	0,XC,500,0;1,C10,1001,0
STEP	370	false	1001	0	0,XC,500,0;1,C10,1001,0
STEP	390	false	1001	0	0,XC,500,0;1,C10,1001,0
STEP	410	false	1001	0	0,XC,500,0;1,C10,1001,0
STEP	430	false	1001	0	0,XC,500,0;1,C10,1001,0
STEP	450	false	1001	0	0,XC,500,0;1,C10,1001,0
ENERGY	0.0
END
CASE	near-advanced-heat-exchanger--1	999	0,XA,1000,0;1,C10,999,0
STEP	50	true	999	0	0,XA,1000,0;1,C10,999,0
STEP	70	true	999	0	0,XA,1000,0;1,C10,999,0
STEP	90	true	999	0	0,XA,1000,0;1,C10,999,0
STEP	110	true	999	0	0,XA,1000,0;1,C10,999,0
STEP	130	true	999	0	0,XA,1000,0;1,C10,999,0
STEP	150	true	999	0	0,XA,1000,0;1,C10,999,0
STEP	170	true	999	0	0,XA,1000,0;1,C10,999,0
STEP	190	true	999	0	0,XA,1000,0;1,C10,999,0
STEP	210	true	999	0	0,XA,1000,0;1,C10,999,0
STEP	230	true	999	0	0,XA,1000,0;1,C10,999,0
STEP	250	false	999	0	0,XA,1000,0;1,C10,999,0
STEP	270	false	999	0	0,XA,1000,0;1,C10,999,0
STEP	290	false	999	0	0,XA,1000,0;1,C10,999,0
STEP	310	false	999	0	0,XA,1000,0;1,C10,999,0
STEP	330	false	999	0	0,XA,1000,0;1,C10,999,0
STEP	350	false	999	0	0,XA,1000,0;1,C10,999,0
STEP	370	false	999	0	0,XA,1000,0;1,C10,999,0
STEP	390	false	999	0	0,XA,1000,0;1,C10,999,0
STEP	410	false	999	0	0,XA,1000,0;1,C10,999,0
STEP	430	false	999	0	0,XA,1000,0;1,C10,999,0
STEP	450	false	999	0	0,XA,1000,0;1,C10,999,0
ENERGY	0.0
END
CASE	near-advanced-heat-exchanger-0	1000	0,XA,1000,0;1,C10,1000,0
STEP	50	true	1000	0	0,XA,1000,0;1,C10,1000,0
STEP	70	true	1000	0	0,XA,1000,0;1,C10,1000,0
STEP	90	true	1000	0	0,XA,1000,0;1,C10,1000,0
STEP	110	true	1000	0	0,XA,1000,0;1,C10,1000,0
STEP	130	true	1000	0	0,XA,1000,0;1,C10,1000,0
STEP	150	true	1000	0	0,XA,1000,0;1,C10,1000,0
STEP	170	true	1000	0	0,XA,1000,0;1,C10,1000,0
STEP	190	true	1000	0	0,XA,1000,0;1,C10,1000,0
STEP	210	true	1000	0	0,XA,1000,0;1,C10,1000,0
STEP	230	true	1000	0	0,XA,1000,0;1,C10,1000,0
STEP	250	false	1000	0	0,XA,1000,0;1,C10,1000,0
STEP	270	false	1000	0	0,XA,1000,0;1,C10,1000,0
STEP	290	false	1000	0	0,XA,1000,0;1,C10,1000,0
STEP	310	false	1000	0	0,XA,1000,0;1,C10,1000,0
STEP	330	false	1000	0	0,XA,1000,0;1,C10,1000,0
STEP	350	false	1000	0	0,XA,1000,0;1,C10,1000,0
STEP	370	false	1000	0	0,XA,1000,0;1,C10,1000,0
STEP	390	false	1000	0	0,XA,1000,0;1,C10,1000,0
STEP	410	false	1000	0	0,XA,1000,0;1,C10,1000,0
STEP	430	false	1000	0	0,XA,1000,0;1,C10,1000,0
STEP	450	false	1000	0	0,XA,1000,0;1,C10,1000,0
ENERGY	0.0
END
CASE	near-advanced-heat-exchanger-1	1001	0,XA,1000,0;1,C10,1001,0
STEP	50	true	1001	0	0,XA,1000,0;1,C10,1001,0
STEP	70	true	1001	0	0,XA,1000,0;1,C10,1001,0
STEP	90	true	1001	0	0,XA,1000,0;1,C10,1001,0
STEP	110	true	1001	0	0,XA,1000,0;1,C10,1001,0
STEP	130	true	1001	0	0,XA,1000,0;1,C10,1001,0
STEP	150	true	1001	0	0,XA,1000,0;1,C10,1001,0
STEP	170	true	1001	0	0,XA,1000,0;1,C10,1001,0
STEP	190	true	1001	0	0,XA,1000,0;1,C10,1001,0
STEP	210	true	1001	0	0,XA,1000,0;1,C10,1001,0
STEP	230	true	1001	0	0,XA,1000,0;1,C10,1001,0
STEP	250	false	1001	0	0,XA,1000,0;1,C10,1001,0
STEP	270	false	1001	0	0,XA,1000,0;1,C10,1001,0
STEP	290	false	1001	0	0,XA,1000,0;1,C10,1001,0
STEP	310	false	1001	0	0,XA,1000,0;1,C10,1001,0
STEP	330	false	1001	0	0,XA,1000,0;1,C10,1001,0
STEP	350	false	1001	0	0,XA,1000,0;1,C10,1001,0
STEP	370	false	1001	0	0,XA,1000,0;1,C10,1001,0
STEP	390	false	1001	0	0,XA,1000,0;1,C10,1001,0
STEP	410	false	1001	0	0,XA,1000,0;1,C10,1001,0
STEP	430	false	1001	0	0,XA,1000,0;1,C10,1001,0
STEP	450	false	1001	0	0,XA,1000,0;1,C10,1001,0
ENERGY	0.0
END
CASE	low-heat-exchanger	1	0,X,0,0;1,C10,1,0
STEP	50	true	1	0	0,X,0,0;1,C10,1,0
STEP	70	true	1	0	0,X,0,0;1,C10,1,0
STEP	90	true	1	0	0,X,0,0;1,C10,1,0
STEP	110	true	1	0	0,X,0,0;1,C10,1,0
STEP	130	true	1	0	0,X,0,0;1,C10,1,0
STEP	150	true	1	0	0,X,0,0;1,C10,1,0
STEP	170	true	1	0	0,X,0,0;1,C10,1,0
STEP	190	true	1	0	0,X,0,0;1,C10,1,0
STEP	210	true	1	0	0,X,0,0;1,C10,1,0
STEP	230	true	1	0	0,X,0,0;1,C10,1,0
STEP	250	false	1	0	0,X,0,0;1,C10,1,0
STEP	270	false	1	0	0,X,0,0;1,C10,1,0
STEP	290	false	1	0	0,X,0,0;1,C10,1,0
STEP	310	false	1	0	0,X,0,0;1,C10,1,0
STEP	330	false	1	0	0,X,0,0;1,C10,1,0
STEP	350	false	1	0	0,X,0,0;1,C10,1,0
STEP	370	false	1	0	0,X,0,0;1,C10,1,0
STEP	390	false	1	0	0,X,0,0;1,C10,1,0
STEP	410	false	1	0	0,X,0,0;1,C10,1,0
STEP	430	false	1	0	0,X,0,0;1,C10,1,0
STEP	450	false	1	0	0,X,0,0;1,C10,1,0
ENERGY	0.0
END
CASE	low-reactor-heat-exchanger	1	0,XR,0,0;1,C10,1,0
STEP	50	true	1	0	0,XR,0,0;1,C10,1,0
STEP	70	true	1	0	0,XR,0,0;1,C10,1,0
STEP	90	true	1	0	0,XR,0,0;1,C10,1,0
STEP	110	true	1	0	0,XR,0,0;1,C10,1,0
STEP	130	true	1	0	0,XR,0,0;1,C10,1,0
STEP	150	true	1	0	0,XR,0,0;1,C10,1,0
STEP	170	true	1	0	0,XR,0,0;1,C10,1,0
STEP	190	true	1	0	0,XR,0,0;1,C10,1,0
STEP	210	true	1	0	0,XR,0,0;1,C10,1,0
STEP	230	true	1	0	0,XR,0,0;1,C10,1,0
STEP	250	false	1	0	0,XR,0,0;1,C10,1,0
STEP	270	false	1	0	0,XR,0,0;1,C10,1,0
STEP	290	false	1	0	0,XR,0,0;1,C10,1,0
STEP	310	false	1	0	0,XR,0,0;1,C10,1,0
STEP	330	false	1	0	0,XR,0,0;1,C10,1,0
STEP	350	false	1	0	0,XR,0,0;1,C10,1,0
STEP	370	false	1	0	0,XR,0,0;1,C10,1,0
STEP	390	false	1	0	0,XR,0,0;1,C10,1,0
STEP	410	false	1	0	0,XR,0,0;1,C10,1,0
STEP	430	false	1	0	0,XR,0,0;1,C10,1,0
STEP	450	false	1	0	0,XR,0,0;1,C10,1,0
ENERGY	0.0
END
CASE	low-component-heat-exchanger	1	0,XC,0,0;1,C10,1,0
STEP	50	true	1	0	0,XC,0,0;1,C10,1,0
STEP	70	true	1	0	0,XC,0,0;1,C10,1,0
STEP	90	true	1	0	0,XC,0,0;1,C10,1,0
STEP	110	true	1	0	0,XC,0,0;1,C10,1,0
STEP	130	true	1	0	0,XC,0,0;1,C10,1,0
STEP	150	true	1	0	0,XC,0,0;1,C10,1,0
STEP	170	true	1	0	0,XC,0,0;1,C10,1,0
STEP	190	true	1	0	0,XC,0,0;1,C10,1,0
STEP	210	true	1	0	0,XC,0,0;1,C10,1,0
STEP	230	true	1	0	0,XC,0,0;1,C10,1,0
STEP	250	false	1	0	0,XC,0,0;1,C10,1,0
STEP	270	false	1	0	0,XC,0,0;1,C10,1,0
STEP	290	false	1	0	0,XC,0,0;1,C10,1,0
STEP	310	false	1	0	0,XC,0,0;1,C10,1,0
STEP	330	false	1	0	0,XC,0,0;1,C10,1,0
STEP	350	false	1	0	0,XC,0,0;1,C10,1,0
STEP	370	false	1	0	0,XC,0,0;1,C10,1,0
STEP	390	false	1	0	0,XC,0,0;1,C10,1,0
STEP	410	false	1	0	0,XC,0,0;1,C10,1,0
STEP	430	false	1	0	0,XC,0,0;1,C10,1,0
STEP	450	false	1	0	0,XC,0,0;1,C10,1,0
ENERGY	0.0
END
CASE	low-advanced-heat-exchanger	1	0,XA,0,0;1,C10,1,0
STEP	50	true	1	0	0,XA,0,0;1,C10,1,0
STEP	70	true	1	0	0,XA,0,0;1,C10,1,0
STEP	90	true	1	0	0,XA,0,0;1,C10,1,0
STEP	110	true	1	0	0,XA,0,0;1,C10,1,0
STEP	130	true	1	0	0,XA,0,0;1,C10,1,0
STEP	150	true	1	0	0,XA,0,0;1,C10,1,0
STEP	170	true	1	0	0,XA,0,0;1,C10,1,0
STEP	190	true	1	0	0,XA,0,0;1,C10,1,0
STEP	210	true	1	0	0,XA,0,0;1,C10,1,0
STEP	230	true	1	0	0,XA,0,0;1,C10,1,0
STEP	250	false	1	0	0,XA,0,0;1,C10,1,0
STEP	270	false	1	0	0,XA,0,0;1,C10,1,0
STEP	290	false	1	0	0,XA,0,0;1,C10,1,0
STEP	310	false	1	0	0,XA,0,0;1,C10,1,0
STEP	330	false	1	0	0,XA,0,0;1,C10,1,0
STEP	350	false	1	0	0,XA,0,0;1,C10,1,0
STEP	370	false	1	0	0,XA,0,0;1,C10,1,0
STEP	390	false	1	0	0,XA,0,0;1,C10,1,0
STEP	410	false	1	0	0,XA,0,0;1,C10,1,0
STEP	430	false	1	0	0,XA,0,0;1,C10,1,0
STEP	450	false	1	0	0,XA,0,0;1,C10,1,0
ENERGY	0.0
END
CASE	threshold-heat-exchanger-10	1010	0,X,250,0;1,C10,1010,0
STEP	36	false	1006	0	0,X,266,0;1,C10,998,0
STEP	56	true	1010	0	0,X,250,0;1,C10,1010,0
STEP	76	true	1006	0	0,X,266,0;1,C10,998,0
STEP	96	true	1010	0	0,X,250,0;1,C10,1010,0
STEP	116	true	1006	0	0,X,266,0;1,C10,998,0
STEP	136	true	1010	0	0,X,250,0;1,C10,1010,0
STEP	156	true	1006	0	0,X,266,0;1,C10,998,0
STEP	176	true	1010	0	0,X,250,0;1,C10,1010,0
STEP	196	true	1006	0	0,X,266,0;1,C10,998,0
STEP	216	true	1010	0	0,X,250,0;1,C10,1010,0
STEP	236	true	1006	0	0,X,266,0;1,C10,998,0
STEP	256	false	1010	0	0,X,250,0;1,C10,1010,0
STEP	276	false	1006	0	0,X,266,0;1,C10,998,0
STEP	296	false	1010	0	0,X,250,0;1,C10,1010,0
STEP	316	false	1006	0	0,X,266,0;1,C10,998,0
STEP	336	false	1010	0	0,X,250,0;1,C10,1010,0
STEP	356	false	1006	0	0,X,266,0;1,C10,998,0
STEP	376	false	1010	0	0,X,250,0;1,C10,1010,0
STEP	396	false	1006	0	0,X,266,0;1,C10,998,0
STEP	416	false	1010	0	0,X,250,0;1,C10,1010,0
STEP	436	false	1006	0	0,X,266,0;1,C10,998,0
STEP	456	false	1010	0	0,X,250,0;1,C10,1010,0
ENERGY	0.0
END
CASE	threshold-heat-exchanger-49	1049	0,X,250,0;1,C10,1049,0
STEP	46	true	1045	0	0,X,266,0;1,C10,1037,0
STEP	66	true	1049	0	0,X,250,0;1,C10,1049,0
STEP	86	true	1045	0	0,X,266,0;1,C10,1037,0
STEP	106	true	1049	0	0,X,250,0;1,C10,1049,0
STEP	126	true	1045	0	0,X,266,0;1,C10,1037,0
STEP	146	true	1049	0	0,X,250,0;1,C10,1049,0
STEP	166	true	1045	0	0,X,266,0;1,C10,1037,0
STEP	186	true	1049	0	0,X,250,0;1,C10,1049,0
STEP	206	true	1045	0	0,X,266,0;1,C10,1037,0
STEP	226	true	1049	0	0,X,250,0;1,C10,1049,0
STEP	246	false	1045	0	0,X,266,0;1,C10,1037,0
STEP	266	false	1049	0	0,X,250,0;1,C10,1049,0
STEP	286	false	1045	0	0,X,266,0;1,C10,1037,0
STEP	306	false	1049	0	0,X,250,0;1,C10,1049,0
STEP	326	false	1045	0	0,X,266,0;1,C10,1037,0
STEP	346	false	1049	0	0,X,250,0;1,C10,1049,0
STEP	366	false	1045	0	0,X,266,0;1,C10,1037,0
STEP	386	false	1049	0	0,X,250,0;1,C10,1049,0
STEP	406	false	1045	0	0,X,266,0;1,C10,1037,0
STEP	426	false	1049	0	0,X,250,0;1,C10,1049,0
STEP	446	false	1045	0	0,X,266,0;1,C10,1037,0
ENERGY	0.0
END
CASE	threshold-heat-exchanger-50	1050	0,X,250,0;1,C10,1050,0
STEP	45	true	1046	0	0,X,266,0;1,C10,1038,0
STEP	65	true	1050	0	0,X,250,0;1,C10,1050,0
STEP	85	true	1046	0	0,X,266,0;1,C10,1038,0
STEP	105	true	1050	0	0,X,250,0;1,C10,1050,0
STEP	125	true	1046	0	0,X,266,0;1,C10,1038,0
STEP	145	true	1050	0	0,X,250,0;1,C10,1050,0
STEP	165	true	1046	0	0,X,266,0;1,C10,1038,0
STEP	185	true	1050	0	0,X,250,0;1,C10,1050,0
STEP	205	true	1046	0	0,X,266,0;1,C10,1038,0
STEP	225	true	1050	0	0,X,250,0;1,C10,1050,0
STEP	245	false	1046	0	0,X,266,0;1,C10,1038,0
STEP	265	false	1050	0	0,X,250,0;1,C10,1050,0
STEP	285	false	1046	0	0,X,266,0;1,C10,1038,0
STEP	305	false	1050	0	0,X,250,0;1,C10,1050,0
STEP	325	false	1046	0	0,X,266,0;1,C10,1038,0
STEP	345	false	1050	0	0,X,250,0;1,C10,1050,0
STEP	365	false	1046	0	0,X,266,0;1,C10,1038,0
STEP	385	false	1050	0	0,X,250,0;1,C10,1050,0
STEP	405	false	1046	0	0,X,266,0;1,C10,1038,0
STEP	425	false	1050	0	0,X,250,0;1,C10,1050,0
STEP	445	false	1046	0	0,X,266,0;1,C10,1038,0
ENERGY	0.0
END
CASE	threshold-heat-exchanger-51	1051	0,X,250,0;1,C10,1051,0
STEP	41	true	1047	0	0,X,266,0;1,C10,1039,0
STEP	61	true	1051	0	0,X,250,0;1,C10,1051,0
STEP	81	true	1047	0	0,X,266,0;1,C10,1039,0
STEP	101	true	1051	0	0,X,250,0;1,C10,1051,0
STEP	121	true	1047	0	0,X,266,0;1,C10,1039,0
STEP	141	true	1051	0	0,X,250,0;1,C10,1051,0
STEP	161	true	1047	0	0,X,266,0;1,C10,1039,0
STEP	181	true	1051	0	0,X,250,0;1,C10,1051,0
STEP	201	true	1047	0	0,X,266,0;1,C10,1039,0
STEP	221	true	1051	0	0,X,250,0;1,C10,1051,0
STEP	241	false	1047	0	0,X,266,0;1,C10,1039,0
STEP	261	false	1051	0	0,X,250,0;1,C10,1051,0
STEP	281	false	1047	0	0,X,266,0;1,C10,1039,0
STEP	301	false	1051	0	0,X,250,0;1,C10,1051,0
STEP	321	false	1047	0	0,X,266,0;1,C10,1039,0
STEP	341	false	1051	0	0,X,250,0;1,C10,1051,0
STEP	361	false	1047	0	0,X,266,0;1,C10,1039,0
STEP	381	false	1051	0	0,X,250,0;1,C10,1051,0
STEP	401	false	1047	0	0,X,266,0;1,C10,1039,0
STEP	421	false	1051	0	0,X,250,0;1,C10,1051,0
STEP	441	false	1047	0	0,X,266,0;1,C10,1039,0
ENERGY	0.0
END
CASE	threshold-heat-exchanger-99	1099	0,X,250,0;1,C10,1099,0
STEP	46	true	1095	0	0,X,266,0;1,C10,1087,0
STEP	66	true	1091	0	0,X,282,0;1,C10,1075,0
STEP	86	true	1095	0	0,X,266,0;1,C10,1087,0
STEP	106	true	1091	0	0,X,282,0;1,C10,1075,0
STEP	126	true	1095	0	0,X,266,0;1,C10,1087,0
STEP	146	true	1091	0	0,X,282,0;1,C10,1075,0
STEP	166	true	1095	0	0,X,266,0;1,C10,1087,0
STEP	186	true	1091	0	0,X,282,0;1,C10,1075,0
STEP	206	true	1095	0	0,X,266,0;1,C10,1087,0
STEP	226	true	1091	0	0,X,282,0;1,C10,1075,0
STEP	246	false	1095	0	0,X,266,0;1,C10,1087,0
STEP	266	false	1091	0	0,X,282,0;1,C10,1075,0
STEP	286	false	1095	0	0,X,266,0;1,C10,1087,0
STEP	306	false	1091	0	0,X,282,0;1,C10,1075,0
STEP	326	false	1095	0	0,X,266,0;1,C10,1087,0
STEP	346	false	1091	0	0,X,282,0;1,C10,1075,0
STEP	366	false	1095	0	0,X,266,0;1,C10,1087,0
STEP	386	false	1091	0	0,X,282,0;1,C10,1075,0
STEP	406	false	1095	0	0,X,266,0;1,C10,1087,0
STEP	426	false	1091	0	0,X,282,0;1,C10,1075,0
STEP	446	false	1095	0	0,X,266,0;1,C10,1087,0
ENERGY	0.0
END
CASE	threshold-heat-exchanger-100	1100	0,X,250,0;1,C10,1100,0
STEP	33	false	1096	0	0,X,266,0;1,C10,1088,0
STEP	53	true	1092	0	0,X,282,0;1,C10,1076,0
STEP	73	true	1096	0	0,X,266,0;1,C10,1088,0
STEP	93	true	1092	0	0,X,282,0;1,C10,1076,0
STEP	113	true	1096	0	0,X,266,0;1,C10,1088,0
STEP	133	true	1092	0	0,X,282,0;1,C10,1076,0
STEP	153	true	1096	0	0,X,266,0;1,C10,1088,0
STEP	173	true	1092	0	0,X,282,0;1,C10,1076,0
STEP	193	true	1096	0	0,X,266,0;1,C10,1088,0
STEP	213	true	1092	0	0,X,282,0;1,C10,1076,0
STEP	233	true	1096	0	0,X,266,0;1,C10,1088,0
STEP	253	false	1092	0	0,X,282,0;1,C10,1076,0
STEP	273	false	1096	0	0,X,266,0;1,C10,1088,0
STEP	293	false	1092	0	0,X,282,0;1,C10,1076,0
STEP	313	false	1096	0	0,X,266,0;1,C10,1088,0
STEP	333	false	1092	0	0,X,282,0;1,C10,1076,0
STEP	353	false	1096	0	0,X,266,0;1,C10,1088,0
STEP	373	false	1092	0	0,X,282,0;1,C10,1076,0
STEP	393	false	1096	0	0,X,266,0;1,C10,1088,0
STEP	413	false	1092	0	0,X,282,0;1,C10,1076,0
STEP	433	false	1096	0	0,X,266,0;1,C10,1088,0
STEP	453	false	1092	0	0,X,282,0;1,C10,1076,0
ENERGY	0.0
END
CASE	threshold-heat-exchanger-101	1101	0,X,250,0;1,C10,1101,0
STEP	50	true	1097	0	0,X,266,0;1,C10,1089,0
STEP	70	true	1093	0	0,X,282,0;1,C10,1077,0
STEP	90	true	1097	0	0,X,266,0;1,C10,1089,0
STEP	110	true	1093	0	0,X,282,0;1,C10,1077,0
STEP	130	true	1097	0	0,X,266,0;1,C10,1089,0
STEP	150	true	1093	0	0,X,282,0;1,C10,1077,0
STEP	170	true	1097	0	0,X,266,0;1,C10,1089,0
STEP	190	true	1093	0	0,X,282,0;1,C10,1077,0
STEP	210	true	1097	0	0,X,266,0;1,C10,1089,0
STEP	230	true	1093	0	0,X,282,0;1,C10,1077,0
STEP	250	false	1097	0	0,X,266,0;1,C10,1089,0
STEP	270	false	1093	0	0,X,282,0;1,C10,1077,0
STEP	290	false	1097	0	0,X,266,0;1,C10,1089,0
STEP	310	false	1093	0	0,X,282,0;1,C10,1077,0
STEP	330	false	1097	0	0,X,266,0;1,C10,1089,0
STEP	350	false	1093	0	0,X,282,0;1,C10,1077,0
STEP	370	false	1097	0	0,X,266,0;1,C10,1089,0
STEP	390	false	1093	0	0,X,282,0;1,C10,1077,0
STEP	410	false	1097	0	0,X,266,0;1,C10,1089,0
STEP	430	false	1093	0	0,X,282,0;1,C10,1077,0
STEP	450	false	1097	0	0,X,266,0;1,C10,1089,0
ENERGY	0.0
END
CASE	threshold-heat-exchanger--49	951	0,X,250,0;1,C10,951,0
STEP	31	false	955	0	0,X,234,0;1,C10,963,0
STEP	51	true	951	0	0,X,250,0;1,C10,951,0
STEP	71	true	955	0	0,X,234,0;1,C10,963,0
STEP	91	true	951	0	0,X,250,0;1,C10,951,0
STEP	111	true	955	0	0,X,234,0;1,C10,963,0
STEP	131	true	951	0	0,X,250,0;1,C10,951,0
STEP	151	true	955	0	0,X,234,0;1,C10,963,0
STEP	171	true	951	0	0,X,250,0;1,C10,951,0
STEP	191	true	955	0	0,X,234,0;1,C10,963,0
STEP	211	true	951	0	0,X,250,0;1,C10,951,0
STEP	231	true	955	0	0,X,234,0;1,C10,963,0
STEP	251	false	951	0	0,X,250,0;1,C10,951,0
STEP	271	false	955	0	0,X,234,0;1,C10,963,0
STEP	291	false	951	0	0,X,250,0;1,C10,951,0
STEP	311	false	955	0	0,X,234,0;1,C10,963,0
STEP	331	false	951	0	0,X,250,0;1,C10,951,0
STEP	351	false	955	0	0,X,234,0;1,C10,963,0
STEP	371	false	951	0	0,X,250,0;1,C10,951,0
STEP	391	false	955	0	0,X,234,0;1,C10,963,0
STEP	411	false	951	0	0,X,250,0;1,C10,951,0
STEP	431	false	955	0	0,X,234,0;1,C10,963,0
STEP	451	false	951	0	0,X,250,0;1,C10,951,0
ENERGY	0.0
END
CASE	threshold-heat-exchanger--50	950	0,X,250,0;1,C10,950,0
STEP	35	false	954	0	0,X,234,0;1,C10,962,0
STEP	55	true	950	0	0,X,250,0;1,C10,950,0
STEP	75	true	954	0	0,X,234,0;1,C10,962,0
STEP	95	true	950	0	0,X,250,0;1,C10,950,0
STEP	115	true	954	0	0,X,234,0;1,C10,962,0
STEP	135	true	950	0	0,X,250,0;1,C10,950,0
STEP	155	true	954	0	0,X,234,0;1,C10,962,0
STEP	175	true	950	0	0,X,250,0;1,C10,950,0
STEP	195	true	954	0	0,X,234,0;1,C10,962,0
STEP	215	true	950	0	0,X,250,0;1,C10,950,0
STEP	235	true	954	0	0,X,234,0;1,C10,962,0
STEP	255	false	950	0	0,X,250,0;1,C10,950,0
STEP	275	false	954	0	0,X,234,0;1,C10,962,0
STEP	295	false	950	0	0,X,250,0;1,C10,950,0
STEP	315	false	954	0	0,X,234,0;1,C10,962,0
STEP	335	false	950	0	0,X,250,0;1,C10,950,0
STEP	355	false	954	0	0,X,234,0;1,C10,962,0
STEP	375	false	950	0	0,X,250,0;1,C10,950,0
STEP	395	false	954	0	0,X,234,0;1,C10,962,0
STEP	415	false	950	0	0,X,250,0;1,C10,950,0
STEP	435	false	954	0	0,X,234,0;1,C10,962,0
STEP	455	false	950	0	0,X,250,0;1,C10,950,0
ENERGY	0.0
END
CASE	threshold-heat-exchanger--51	949	0,X,250,0;1,C10,949,0
STEP	38	false	953	0	0,X,234,0;1,C10,961,0
STEP	58	true	949	0	0,X,250,0;1,C10,949,0
STEP	78	true	953	0	0,X,234,0;1,C10,961,0
STEP	98	true	949	0	0,X,250,0;1,C10,949,0
STEP	118	true	953	0	0,X,234,0;1,C10,961,0
STEP	138	true	949	0	0,X,250,0;1,C10,949,0
STEP	158	true	953	0	0,X,234,0;1,C10,961,0
STEP	178	true	949	0	0,X,250,0;1,C10,949,0
STEP	198	true	953	0	0,X,234,0;1,C10,961,0
STEP	218	true	949	0	0,X,250,0;1,C10,949,0
STEP	238	true	953	0	0,X,234,0;1,C10,961,0
STEP	258	false	949	0	0,X,250,0;1,C10,949,0
STEP	278	false	953	0	0,X,234,0;1,C10,961,0
STEP	298	false	949	0	0,X,250,0;1,C10,949,0
STEP	318	false	953	0	0,X,234,0;1,C10,961,0
STEP	338	false	949	0	0,X,250,0;1,C10,949,0
STEP	358	false	953	0	0,X,234,0;1,C10,961,0
STEP	378	false	949	0	0,X,250,0;1,C10,949,0
STEP	398	false	953	0	0,X,234,0;1,C10,961,0
STEP	418	false	949	0	0,X,250,0;1,C10,949,0
STEP	438	false	953	0	0,X,234,0;1,C10,961,0
STEP	458	false	949	0	0,X,250,0;1,C10,949,0
ENERGY	0.0
END
CASE	threshold-reactor-heat-exchanger-10	1010	0,XR,500,0;1,C10,1010,0
STEP	49	true	938	0	0,XR,572,0;1,C10,1010,0
STEP	69	true	1010	0	0,XR,500,0;1,C10,1010,0
STEP	89	true	938	0	0,XR,572,0;1,C10,1010,0
STEP	109	true	1010	0	0,XR,500,0;1,C10,1010,0
STEP	129	true	938	0	0,XR,572,0;1,C10,1010,0
STEP	149	true	1010	0	0,XR,500,0;1,C10,1010,0
STEP	169	true	938	0	0,XR,572,0;1,C10,1010,0
STEP	189	true	1010	0	0,XR,500,0;1,C10,1010,0
STEP	209	true	938	0	0,XR,572,0;1,C10,1010,0
STEP	229	true	1010	0	0,XR,500,0;1,C10,1010,0
STEP	249	false	938	0	0,XR,572,0;1,C10,1010,0
STEP	269	false	1010	0	0,XR,500,0;1,C10,1010,0
STEP	289	false	938	0	0,XR,572,0;1,C10,1010,0
STEP	309	false	1010	0	0,XR,500,0;1,C10,1010,0
STEP	329	false	938	0	0,XR,572,0;1,C10,1010,0
STEP	349	false	1010	0	0,XR,500,0;1,C10,1010,0
STEP	369	false	938	0	0,XR,572,0;1,C10,1010,0
STEP	389	false	1010	0	0,XR,500,0;1,C10,1010,0
STEP	409	false	938	0	0,XR,572,0;1,C10,1010,0
STEP	429	false	1010	0	0,XR,500,0;1,C10,1010,0
STEP	449	false	938	0	0,XR,572,0;1,C10,1010,0
ENERGY	0.0
END
CASE	threshold-reactor-heat-exchanger-49	1049	0,XR,500,0;1,C10,1049,0
STEP	47	true	977	0	0,XR,572,0;1,C10,1049,0
STEP	67	true	1049	0	0,XR,500,0;1,C10,1049,0
STEP	87	true	977	0	0,XR,572,0;1,C10,1049,0
STEP	107	true	1049	0	0,XR,500,0;1,C10,1049,0
STEP	127	true	977	0	0,XR,572,0;1,C10,1049,0
STEP	147	true	1049	0	0,XR,500,0;1,C10,1049,0
STEP	167	true	977	0	0,XR,572,0;1,C10,1049,0
STEP	187	true	1049	0	0,XR,500,0;1,C10,1049,0
STEP	207	true	977	0	0,XR,572,0;1,C10,1049,0
STEP	227	true	1049	0	0,XR,500,0;1,C10,1049,0
STEP	247	false	977	0	0,XR,572,0;1,C10,1049,0
STEP	267	false	1049	0	0,XR,500,0;1,C10,1049,0
STEP	287	false	977	0	0,XR,572,0;1,C10,1049,0
STEP	307	false	1049	0	0,XR,500,0;1,C10,1049,0
STEP	327	false	977	0	0,XR,572,0;1,C10,1049,0
STEP	347	false	1049	0	0,XR,500,0;1,C10,1049,0
STEP	367	false	977	0	0,XR,572,0;1,C10,1049,0
STEP	387	false	1049	0	0,XR,500,0;1,C10,1049,0
STEP	407	false	977	0	0,XR,572,0;1,C10,1049,0
STEP	427	false	1049	0	0,XR,500,0;1,C10,1049,0
STEP	447	false	977	0	0,XR,572,0;1,C10,1049,0
ENERGY	0.0
END
CASE	threshold-reactor-heat-exchanger-50	1050	0,XR,500,0;1,C10,1050,0
STEP	40	false	978	0	0,XR,572,0;1,C10,1050,0
STEP	60	true	1050	0	0,XR,500,0;1,C10,1050,0
STEP	80	true	978	0	0,XR,572,0;1,C10,1050,0
STEP	100	true	1050	0	0,XR,500,0;1,C10,1050,0
STEP	120	true	978	0	0,XR,572,0;1,C10,1050,0
STEP	140	true	1050	0	0,XR,500,0;1,C10,1050,0
STEP	160	true	978	0	0,XR,572,0;1,C10,1050,0
STEP	180	true	1050	0	0,XR,500,0;1,C10,1050,0
STEP	200	true	978	0	0,XR,572,0;1,C10,1050,0
STEP	220	true	1050	0	0,XR,500,0;1,C10,1050,0
STEP	240	true	978	0	0,XR,572,0;1,C10,1050,0
STEP	260	false	1050	0	0,XR,500,0;1,C10,1050,0
STEP	280	false	978	0	0,XR,572,0;1,C10,1050,0
STEP	300	false	1050	0	0,XR,500,0;1,C10,1050,0
STEP	320	false	978	0	0,XR,572,0;1,C10,1050,0
STEP	340	false	1050	0	0,XR,500,0;1,C10,1050,0
STEP	360	false	978	0	0,XR,572,0;1,C10,1050,0
STEP	380	false	1050	0	0,XR,500,0;1,C10,1050,0
STEP	400	false	978	0	0,XR,572,0;1,C10,1050,0
STEP	420	false	1050	0	0,XR,500,0;1,C10,1050,0
STEP	440	false	978	0	0,XR,572,0;1,C10,1050,0
ENERGY	0.0
END
CASE	threshold-reactor-heat-exchanger-51	1051	0,XR,500,0;1,C10,1051,0
STEP	35	false	979	0	0,XR,572,0;1,C10,1051,0
STEP	55	true	1051	0	0,XR,500,0;1,C10,1051,0
STEP	75	true	979	0	0,XR,572,0;1,C10,1051,0
STEP	95	true	1051	0	0,XR,500,0;1,C10,1051,0
STEP	115	true	979	0	0,XR,572,0;1,C10,1051,0
STEP	135	true	1051	0	0,XR,500,0;1,C10,1051,0
STEP	155	true	979	0	0,XR,572,0;1,C10,1051,0
STEP	175	true	1051	0	0,XR,500,0;1,C10,1051,0
STEP	195	true	979	0	0,XR,572,0;1,C10,1051,0
STEP	215	true	1051	0	0,XR,500,0;1,C10,1051,0
STEP	235	true	979	0	0,XR,572,0;1,C10,1051,0
STEP	255	false	1051	0	0,XR,500,0;1,C10,1051,0
STEP	275	false	979	0	0,XR,572,0;1,C10,1051,0
STEP	295	false	1051	0	0,XR,500,0;1,C10,1051,0
STEP	315	false	979	0	0,XR,572,0;1,C10,1051,0
STEP	335	false	1051	0	0,XR,500,0;1,C10,1051,0
STEP	355	false	979	0	0,XR,572,0;1,C10,1051,0
STEP	375	false	1051	0	0,XR,500,0;1,C10,1051,0
STEP	395	false	979	0	0,XR,572,0;1,C10,1051,0
STEP	415	false	1051	0	0,XR,500,0;1,C10,1051,0
STEP	435	false	979	0	0,XR,572,0;1,C10,1051,0
STEP	455	false	1051	0	0,XR,500,0;1,C10,1051,0
ENERGY	0.0
END
CASE	threshold-reactor-heat-exchanger-99	1099	0,XR,500,0;1,C10,1099,0
STEP	48	true	1027	0	0,XR,572,0;1,C10,1099,0
STEP	68	true	1099	0	0,XR,500,0;1,C10,1099,0
STEP	88	true	1027	0	0,XR,572,0;1,C10,1099,0
STEP	108	true	1099	0	0,XR,500,0;1,C10,1099,0
STEP	128	true	1027	0	0,XR,572,0;1,C10,1099,0
STEP	148	true	1099	0	0,XR,500,0;1,C10,1099,0
STEP	168	true	1027	0	0,XR,572,0;1,C10,1099,0
STEP	188	true	1099	0	0,XR,500,0;1,C10,1099,0
STEP	208	true	1027	0	0,XR,572,0;1,C10,1099,0
STEP	228	true	1099	0	0,XR,500,0;1,C10,1099,0
STEP	248	false	1027	0	0,XR,572,0;1,C10,1099,0
STEP	268	false	1099	0	0,XR,500,0;1,C10,1099,0
STEP	288	false	1027	0	0,XR,572,0;1,C10,1099,0
STEP	308	false	1099	0	0,XR,500,0;1,C10,1099,0
STEP	328	false	1027	0	0,XR,572,0;1,C10,1099,0
STEP	348	false	1099	0	0,XR,500,0;1,C10,1099,0
STEP	368	false	1027	0	0,XR,572,0;1,C10,1099,0
STEP	388	false	1099	0	0,XR,500,0;1,C10,1099,0
STEP	408	false	1027	0	0,XR,572,0;1,C10,1099,0
STEP	428	false	1099	0	0,XR,500,0;1,C10,1099,0
STEP	448	false	1027	0	0,XR,572,0;1,C10,1099,0
ENERGY	0.0
END
CASE	threshold-reactor-heat-exchanger-100	1100	0,XR,500,0;1,C10,1100,0
STEP	38	false	1028	0	0,XR,572,0;1,C10,1100,0
STEP	58	true	1100	0	0,XR,500,0;1,C10,1100,0
STEP	78	true	1028	0	0,XR,572,0;1,C10,1100,0
STEP	98	true	1100	0	0,XR,500,0;1,C10,1100,0
STEP	118	true	1028	0	0,XR,572,0;1,C10,1100,0
STEP	138	true	1100	0	0,XR,500,0;1,C10,1100,0
STEP	158	true	1028	0	0,XR,572,0;1,C10,1100,0
STEP	178	true	1100	0	0,XR,500,0;1,C10,1100,0
STEP	198	true	1028	0	0,XR,572,0;1,C10,1100,0
STEP	218	true	1100	0	0,XR,500,0;1,C10,1100,0
STEP	238	true	1028	0	0,XR,572,0;1,C10,1100,0
STEP	258	false	1100	0	0,XR,500,0;1,C10,1100,0
STEP	278	false	1028	0	0,XR,572,0;1,C10,1100,0
STEP	298	false	1100	0	0,XR,500,0;1,C10,1100,0
STEP	318	false	1028	0	0,XR,572,0;1,C10,1100,0
STEP	338	false	1100	0	0,XR,500,0;1,C10,1100,0
STEP	358	false	1028	0	0,XR,572,0;1,C10,1100,0
STEP	378	false	1100	0	0,XR,500,0;1,C10,1100,0
STEP	398	false	1028	0	0,XR,572,0;1,C10,1100,0
STEP	418	false	1100	0	0,XR,500,0;1,C10,1100,0
STEP	438	false	1028	0	0,XR,572,0;1,C10,1100,0
STEP	458	false	1100	0	0,XR,500,0;1,C10,1100,0
ENERGY	0.0
END
CASE	threshold-reactor-heat-exchanger-101	1101	0,XR,500,0;1,C10,1101,0
STEP	46	true	1029	0	0,XR,572,0;1,C10,1101,0
STEP	66	true	1101	0	0,XR,500,0;1,C10,1101,0
STEP	86	true	1029	0	0,XR,572,0;1,C10,1101,0
STEP	106	true	1101	0	0,XR,500,0;1,C10,1101,0
STEP	126	true	1029	0	0,XR,572,0;1,C10,1101,0
STEP	146	true	1101	0	0,XR,500,0;1,C10,1101,0
STEP	166	true	1029	0	0,XR,572,0;1,C10,1101,0
STEP	186	true	1101	0	0,XR,500,0;1,C10,1101,0
STEP	206	true	1029	0	0,XR,572,0;1,C10,1101,0
STEP	226	true	1101	0	0,XR,500,0;1,C10,1101,0
STEP	246	false	1029	0	0,XR,572,0;1,C10,1101,0
STEP	266	false	1101	0	0,XR,500,0;1,C10,1101,0
STEP	286	false	1029	0	0,XR,572,0;1,C10,1101,0
STEP	306	false	1101	0	0,XR,500,0;1,C10,1101,0
STEP	326	false	1029	0	0,XR,572,0;1,C10,1101,0
STEP	346	false	1101	0	0,XR,500,0;1,C10,1101,0
STEP	366	false	1029	0	0,XR,572,0;1,C10,1101,0
STEP	386	false	1101	0	0,XR,500,0;1,C10,1101,0
STEP	406	false	1029	0	0,XR,572,0;1,C10,1101,0
STEP	426	false	1101	0	0,XR,500,0;1,C10,1101,0
STEP	446	false	1029	0	0,XR,572,0;1,C10,1101,0
ENERGY	0.0
END
CASE	threshold-reactor-heat-exchanger--49	951	0,XR,500,0;1,C10,951,0
STEP	37	false	1023	0	0,XR,428,0;1,C10,951,0
STEP	57	true	951	0	0,XR,500,0;1,C10,951,0
STEP	77	true	1023	0	0,XR,428,0;1,C10,951,0
STEP	97	true	951	0	0,XR,500,0;1,C10,951,0
STEP	117	true	1023	0	0,XR,428,0;1,C10,951,0
STEP	137	true	951	0	0,XR,500,0;1,C10,951,0
STEP	157	true	1023	0	0,XR,428,0;1,C10,951,0
STEP	177	true	951	0	0,XR,500,0;1,C10,951,0
STEP	197	true	1023	0	0,XR,428,0;1,C10,951,0
STEP	217	true	951	0	0,XR,500,0;1,C10,951,0
STEP	237	true	1023	0	0,XR,428,0;1,C10,951,0
STEP	257	false	951	0	0,XR,500,0;1,C10,951,0
STEP	277	false	1023	0	0,XR,428,0;1,C10,951,0
STEP	297	false	951	0	0,XR,500,0;1,C10,951,0
STEP	317	false	1023	0	0,XR,428,0;1,C10,951,0
STEP	337	false	951	0	0,XR,500,0;1,C10,951,0
STEP	357	false	1023	0	0,XR,428,0;1,C10,951,0
STEP	377	false	951	0	0,XR,500,0;1,C10,951,0
STEP	397	false	1023	0	0,XR,428,0;1,C10,951,0
STEP	417	false	951	0	0,XR,500,0;1,C10,951,0
STEP	437	false	1023	0	0,XR,428,0;1,C10,951,0
STEP	457	false	951	0	0,XR,500,0;1,C10,951,0
ENERGY	0.0
END
CASE	threshold-reactor-heat-exchanger--50	950	0,XR,500,0;1,C10,950,0
STEP	35	false	1022	0	0,XR,428,0;1,C10,950,0
STEP	55	true	950	0	0,XR,500,0;1,C10,950,0
STEP	75	true	1022	0	0,XR,428,0;1,C10,950,0
STEP	95	true	950	0	0,XR,500,0;1,C10,950,0
STEP	115	true	1022	0	0,XR,428,0;1,C10,950,0
STEP	135	true	950	0	0,XR,500,0;1,C10,950,0
STEP	155	true	1022	0	0,XR,428,0;1,C10,950,0
STEP	175	true	950	0	0,XR,500,0;1,C10,950,0
STEP	195	true	1022	0	0,XR,428,0;1,C10,950,0
STEP	215	true	950	0	0,XR,500,0;1,C10,950,0
STEP	235	true	1022	0	0,XR,428,0;1,C10,950,0
STEP	255	false	950	0	0,XR,500,0;1,C10,950,0
STEP	275	false	1022	0	0,XR,428,0;1,C10,950,0
STEP	295	false	950	0	0,XR,500,0;1,C10,950,0
STEP	315	false	1022	0	0,XR,428,0;1,C10,950,0
STEP	335	false	950	0	0,XR,500,0;1,C10,950,0
STEP	355	false	1022	0	0,XR,428,0;1,C10,950,0
STEP	375	false	950	0	0,XR,500,0;1,C10,950,0
STEP	395	false	1022	0	0,XR,428,0;1,C10,950,0
STEP	415	false	950	0	0,XR,500,0;1,C10,950,0
STEP	435	false	1022	0	0,XR,428,0;1,C10,950,0
STEP	455	false	950	0	0,XR,500,0;1,C10,950,0
ENERGY	0.0
END
CASE	threshold-reactor-heat-exchanger--51	949	0,XR,500,0;1,C10,949,0
STEP	50	true	1021	0	0,XR,428,0;1,C10,949,0
STEP	70	true	949	0	0,XR,500,0;1,C10,949,0
STEP	90	true	1021	0	0,XR,428,0;1,C10,949,0
STEP	110	true	949	0	0,XR,500,0;1,C10,949,0
STEP	130	true	1021	0	0,XR,428,0;1,C10,949,0
STEP	150	true	949	0	0,XR,500,0;1,C10,949,0
STEP	170	true	1021	0	0,XR,428,0;1,C10,949,0
STEP	190	true	949	0	0,XR,500,0;1,C10,949,0
STEP	210	true	1021	0	0,XR,428,0;1,C10,949,0
STEP	230	true	949	0	0,XR,500,0;1,C10,949,0
STEP	250	false	1021	0	0,XR,428,0;1,C10,949,0
STEP	270	false	949	0	0,XR,500,0;1,C10,949,0
STEP	290	false	1021	0	0,XR,428,0;1,C10,949,0
STEP	310	false	949	0	0,XR,500,0;1,C10,949,0
STEP	330	false	1021	0	0,XR,428,0;1,C10,949,0
STEP	350	false	949	0	0,XR,500,0;1,C10,949,0
STEP	370	false	1021	0	0,XR,428,0;1,C10,949,0
STEP	390	false	949	0	0,XR,500,0;1,C10,949,0
STEP	410	false	1021	0	0,XR,428,0;1,C10,949,0
STEP	430	false	949	0	0,XR,500,0;1,C10,949,0
STEP	450	false	1021	0	0,XR,428,0;1,C10,949,0
ENERGY	0.0
END
CASE	threshold-component-heat-exchanger-10	1010	0,XC,500,0;1,C10,1010,0
STEP	35	false	1010	0	0,XC,536,0;1,C10,974,0
STEP	55	true	1010	0	0,XC,500,0;1,C10,1010,0
STEP	75	true	1010	0	0,XC,536,0;1,C10,974,0
STEP	95	true	1010	0	0,XC,500,0;1,C10,1010,0
STEP	115	true	1010	0	0,XC,536,0;1,C10,974,0
STEP	135	true	1010	0	0,XC,500,0;1,C10,1010,0
STEP	155	true	1010	0	0,XC,536,0;1,C10,974,0
STEP	175	true	1010	0	0,XC,500,0;1,C10,1010,0
STEP	195	true	1010	0	0,XC,536,0;1,C10,974,0
STEP	215	true	1010	0	0,XC,500,0;1,C10,1010,0
STEP	235	true	1010	0	0,XC,536,0;1,C10,974,0
STEP	255	false	1010	0	0,XC,500,0;1,C10,1010,0
STEP	275	false	1010	0	0,XC,536,0;1,C10,974,0
STEP	295	false	1010	0	0,XC,500,0;1,C10,1010,0
STEP	315	false	1010	0	0,XC,536,0;1,C10,974,0
STEP	335	false	1010	0	0,XC,500,0;1,C10,1010,0
STEP	355	false	1010	0	0,XC,536,0;1,C10,974,0
STEP	375	false	1010	0	0,XC,500,0;1,C10,1010,0
STEP	395	false	1010	0	0,XC,536,0;1,C10,974,0
STEP	415	false	1010	0	0,XC,500,0;1,C10,1010,0
STEP	435	false	1010	0	0,XC,536,0;1,C10,974,0
STEP	455	false	1010	0	0,XC,500,0;1,C10,1010,0
ENERGY	0.0
END
CASE	threshold-component-heat-exchanger-49	1049	0,XC,500,0;1,C10,1049,0
STEP	47	true	1049	0	0,XC,536,0;1,C10,1013,0
STEP	67	true	1049	0	0,XC,500,0;1,C10,1049,0
STEP	87	true	1049	0	0,XC,536,0;1,C10,1013,0
STEP	107	true	1049	0	0,XC,500,0;1,C10,1049,0
STEP	127	true	1049	0	0,XC,536,0;1,C10,1013,0
STEP	147	true	1049	0	0,XC,500,0;1,C10,1049,0
STEP	167	true	1049	0	0,XC,536,0;1,C10,1013,0
STEP	187	true	1049	0	0,XC,500,0;1,C10,1049,0
STEP	207	true	1049	0	0,XC,536,0;1,C10,1013,0
STEP	227	true	1049	0	0,XC,500,0;1,C10,1049,0
STEP	247	false	1049	0	0,XC,536,0;1,C10,1013,0
STEP	267	false	1049	0	0,XC,500,0;1,C10,1049,0
STEP	287	false	1049	0	0,XC,536,0;1,C10,1013,0
STEP	307	false	1049	0	0,XC,500,0;1,C10,1049,0
STEP	327	false	1049	0	0,XC,536,0;1,C10,1013,0
STEP	347	false	1049	0	0,XC,500,0;1,C10,1049,0
STEP	367	false	1049	0	0,XC,536,0;1,C10,1013,0
STEP	387	false	1049	0	0,XC,500,0;1,C10,1049,0
STEP	407	false	1049	0	0,XC,536,0;1,C10,1013,0
STEP	427	false	1049	0	0,XC,500,0;1,C10,1049,0
STEP	447	false	1049	0	0,XC,536,0;1,C10,1013,0
ENERGY	0.0
END
CASE	threshold-component-heat-exchanger-50	1050	0,XC,500,0;1,C10,1050,0
STEP	44	true	1050	0	0,XC,536,0;1,C10,1014,0
STEP	64	true	1050	0	0,XC,500,0;1,C10,1050,0
STEP	84	true	1050	0	0,XC,536,0;1,C10,1014,0
STEP	104	true	1050	0	0,XC,500,0;1,C10,1050,0
STEP	124	true	1050	0	0,XC,536,0;1,C10,1014,0
STEP	144	true	1050	0	0,XC,500,0;1,C10,1050,0
STEP	164	true	1050	0	0,XC,536,0;1,C10,1014,0
STEP	184	true	1050	0	0,XC,500,0;1,C10,1050,0
STEP	204	true	1050	0	0,XC,536,0;1,C10,1014,0
STEP	224	true	1050	0	0,XC,500,0;1,C10,1050,0
STEP	244	false	1050	0	0,XC,536,0;1,C10,1014,0
STEP	264	false	1050	0	0,XC,500,0;1,C10,1050,0
STEP	284	false	1050	0	0,XC,536,0;1,C10,1014,0
STEP	304	false	1050	0	0,XC,500,0;1,C10,1050,0
STEP	324	false	1050	0	0,XC,536,0;1,C10,1014,0
STEP	344	false	1050	0	0,XC,500,0;1,C10,1050,0
STEP	364	false	1050	0	0,XC,536,0;1,C10,1014,0
STEP	384	false	1050	0	0,XC,500,0;1,C10,1050,0
STEP	404	false	1050	0	0,XC,536,0;1,C10,1014,0
STEP	424	false	1050	0	0,XC,500,0;1,C10,1050,0
STEP	444	false	1050	0	0,XC,536,0;1,C10,1014,0
ENERGY	0.0
END
CASE	threshold-component-heat-exchanger-51	1051	0,XC,500,0;1,C10,1051,0
STEP	36	false	1051	0	0,XC,536,0;1,C10,1015,0
STEP	56	true	1051	0	0,XC,500,0;1,C10,1051,0
STEP	76	true	1051	0	0,XC,536,0;1,C10,1015,0
STEP	96	true	1051	0	0,XC,500,0;1,C10,1051,0
STEP	116	true	1051	0	0,XC,536,0;1,C10,1015,0
STEP	136	true	1051	0	0,XC,500,0;1,C10,1051,0
STEP	156	true	1051	0	0,XC,536,0;1,C10,1015,0
STEP	176	true	1051	0	0,XC,500,0;1,C10,1051,0
STEP	196	true	1051	0	0,XC,536,0;1,C10,1015,0
STEP	216	true	1051	0	0,XC,500,0;1,C10,1051,0
STEP	236	true	1051	0	0,XC,536,0;1,C10,1015,0
STEP	256	false	1051	0	0,XC,500,0;1,C10,1051,0
STEP	276	false	1051	0	0,XC,536,0;1,C10,1015,0
STEP	296	false	1051	0	0,XC,500,0;1,C10,1051,0
STEP	316	false	1051	0	0,XC,536,0;1,C10,1015,0
STEP	336	false	1051	0	0,XC,500,0;1,C10,1051,0
STEP	356	false	1051	0	0,XC,536,0;1,C10,1015,0
STEP	376	false	1051	0	0,XC,500,0;1,C10,1051,0
STEP	396	false	1051	0	0,XC,536,0;1,C10,1015,0
STEP	416	false	1051	0	0,XC,500,0;1,C10,1051,0
STEP	436	false	1051	0	0,XC,536,0;1,C10,1015,0
STEP	456	false	1051	0	0,XC,500,0;1,C10,1051,0
ENERGY	0.0
END
CASE	threshold-component-heat-exchanger-99	1099	0,XC,500,0;1,C10,1099,0
STEP	38	false	1099	0	0,XC,536,0;1,C10,1063,0
STEP	58	true	1099	0	0,XC,500,0;1,C10,1099,0
STEP	78	true	1099	0	0,XC,536,0;1,C10,1063,0
STEP	98	true	1099	0	0,XC,500,0;1,C10,1099,0
STEP	118	true	1099	0	0,XC,536,0;1,C10,1063,0
STEP	138	true	1099	0	0,XC,500,0;1,C10,1099,0
STEP	158	true	1099	0	0,XC,536,0;1,C10,1063,0
STEP	178	true	1099	0	0,XC,500,0;1,C10,1099,0
STEP	198	true	1099	0	0,XC,536,0;1,C10,1063,0
STEP	218	true	1099	0	0,XC,500,0;1,C10,1099,0
STEP	238	true	1099	0	0,XC,536,0;1,C10,1063,0
STEP	258	false	1099	0	0,XC,500,0;1,C10,1099,0
STEP	278	false	1099	0	0,XC,536,0;1,C10,1063,0
STEP	298	false	1099	0	0,XC,500,0;1,C10,1099,0
STEP	318	false	1099	0	0,XC,536,0;1,C10,1063,0
STEP	338	false	1099	0	0,XC,500,0;1,C10,1099,0
STEP	358	false	1099	0	0,XC,536,0;1,C10,1063,0
STEP	378	false	1099	0	0,XC,500,0;1,C10,1099,0
STEP	398	false	1099	0	0,XC,536,0;1,C10,1063,0
STEP	418	false	1099	0	0,XC,500,0;1,C10,1099,0
STEP	438	false	1099	0	0,XC,536,0;1,C10,1063,0
STEP	458	false	1099	0	0,XC,500,0;1,C10,1099,0
ENERGY	0.0
END
CASE	threshold-component-heat-exchanger-100	1100	0,XC,500,0;1,C10,1100,0
STEP	43	true	1100	0	0,XC,536,0;1,C10,1064,0
STEP	63	true	1100	0	0,XC,500,0;1,C10,1100,0
STEP	83	true	1100	0	0,XC,536,0;1,C10,1064,0
STEP	103	true	1100	0	0,XC,500,0;1,C10,1100,0
STEP	123	true	1100	0	0,XC,536,0;1,C10,1064,0
STEP	143	true	1100	0	0,XC,500,0;1,C10,1100,0
STEP	163	true	1100	0	0,XC,536,0;1,C10,1064,0
STEP	183	true	1100	0	0,XC,500,0;1,C10,1100,0
STEP	203	true	1100	0	0,XC,536,0;1,C10,1064,0
STEP	223	true	1100	0	0,XC,500,0;1,C10,1100,0
STEP	243	false	1100	0	0,XC,536,0;1,C10,1064,0
STEP	263	false	1100	0	0,XC,500,0;1,C10,1100,0
STEP	283	false	1100	0	0,XC,536,0;1,C10,1064,0
STEP	303	false	1100	0	0,XC,500,0;1,C10,1100,0
STEP	323	false	1100	0	0,XC,536,0;1,C10,1064,0
STEP	343	false	1100	0	0,XC,500,0;1,C10,1100,0
STEP	363	false	1100	0	0,XC,536,0;1,C10,1064,0
STEP	383	false	1100	0	0,XC,500,0;1,C10,1100,0
STEP	403	false	1100	0	0,XC,536,0;1,C10,1064,0
STEP	423	false	1100	0	0,XC,500,0;1,C10,1100,0
STEP	443	false	1100	0	0,XC,536,0;1,C10,1064,0
ENERGY	0.0
END
CASE	threshold-component-heat-exchanger-101	1101	0,XC,500,0;1,C10,1101,0
STEP	35	false	1101	0	0,XC,536,0;1,C10,1065,0
STEP	55	true	1101	0	0,XC,536,0;1,C10,1065,0
STEP	75	true	1101	0	0,XC,536,0;1,C10,1065,0
STEP	95	true	1101	0	0,XC,536,0;1,C10,1065,0
STEP	115	true	1101	0	0,XC,536,0;1,C10,1065,0
STEP	135	true	1101	0	0,XC,536,0;1,C10,1065,0
STEP	155	true	1101	0	0,XC,536,0;1,C10,1065,0
STEP	175	true	1101	0	0,XC,536,0;1,C10,1065,0
STEP	195	true	1101	0	0,XC,536,0;1,C10,1065,0
STEP	215	true	1101	0	0,XC,536,0;1,C10,1065,0
STEP	235	true	1101	0	0,XC,536,0;1,C10,1065,0
STEP	255	false	1101	0	0,XC,536,0;1,C10,1065,0
STEP	275	false	1101	0	0,XC,536,0;1,C10,1065,0
STEP	295	false	1101	0	0,XC,536,0;1,C10,1065,0
STEP	315	false	1101	0	0,XC,536,0;1,C10,1065,0
STEP	335	false	1101	0	0,XC,536,0;1,C10,1065,0
STEP	355	false	1101	0	0,XC,536,0;1,C10,1065,0
STEP	375	false	1101	0	0,XC,536,0;1,C10,1065,0
STEP	395	false	1101	0	0,XC,536,0;1,C10,1065,0
STEP	415	false	1101	0	0,XC,536,0;1,C10,1065,0
STEP	435	false	1101	0	0,XC,536,0;1,C10,1065,0
STEP	455	false	1101	0	0,XC,536,0;1,C10,1065,0
ENERGY	0.0
END
CASE	threshold-component-heat-exchanger--49	951	0,XC,500,0;1,C10,951,0
STEP	41	true	951	0	0,XC,464,0;1,C10,987,0
STEP	61	true	951	0	0,XC,500,0;1,C10,951,0
STEP	81	true	951	0	0,XC,464,0;1,C10,987,0
STEP	101	true	951	0	0,XC,500,0;1,C10,951,0
STEP	121	true	951	0	0,XC,464,0;1,C10,987,0
STEP	141	true	951	0	0,XC,500,0;1,C10,951,0
STEP	161	true	951	0	0,XC,464,0;1,C10,987,0
STEP	181	true	951	0	0,XC,500,0;1,C10,951,0
STEP	201	true	951	0	0,XC,464,0;1,C10,987,0
STEP	221	true	951	0	0,XC,500,0;1,C10,951,0
STEP	241	false	951	0	0,XC,464,0;1,C10,987,0
STEP	261	false	951	0	0,XC,500,0;1,C10,951,0
STEP	281	false	951	0	0,XC,464,0;1,C10,987,0
STEP	301	false	951	0	0,XC,500,0;1,C10,951,0
STEP	321	false	951	0	0,XC,464,0;1,C10,987,0
STEP	341	false	951	0	0,XC,500,0;1,C10,951,0
STEP	361	false	951	0	0,XC,464,0;1,C10,987,0
STEP	381	false	951	0	0,XC,500,0;1,C10,951,0
STEP	401	false	951	0	0,XC,464,0;1,C10,987,0
STEP	421	false	951	0	0,XC,500,0;1,C10,951,0
STEP	441	false	951	0	0,XC,464,0;1,C10,987,0
ENERGY	0.0
END
CASE	threshold-component-heat-exchanger--50	950	0,XC,500,0;1,C10,950,0
STEP	34	false	950	0	0,XC,464,0;1,C10,986,0
STEP	54	true	950	0	0,XC,500,0;1,C10,950,0
STEP	74	true	950	0	0,XC,464,0;1,C10,986,0
STEP	94	true	950	0	0,XC,500,0;1,C10,950,0
STEP	114	true	950	0	0,XC,464,0;1,C10,986,0
STEP	134	true	950	0	0,XC,500,0;1,C10,950,0
STEP	154	true	950	0	0,XC,464,0;1,C10,986,0
STEP	174	true	950	0	0,XC,500,0;1,C10,950,0
STEP	194	true	950	0	0,XC,464,0;1,C10,986,0
STEP	214	true	950	0	0,XC,500,0;1,C10,950,0
STEP	234	true	950	0	0,XC,464,0;1,C10,986,0
STEP	254	false	950	0	0,XC,500,0;1,C10,950,0
STEP	274	false	950	0	0,XC,464,0;1,C10,986,0
STEP	294	false	950	0	0,XC,500,0;1,C10,950,0
STEP	314	false	950	0	0,XC,464,0;1,C10,986,0
STEP	334	false	950	0	0,XC,500,0;1,C10,950,0
STEP	354	false	950	0	0,XC,464,0;1,C10,986,0
STEP	374	false	950	0	0,XC,500,0;1,C10,950,0
STEP	394	false	950	0	0,XC,464,0;1,C10,986,0
STEP	414	false	950	0	0,XC,500,0;1,C10,950,0
STEP	434	false	950	0	0,XC,464,0;1,C10,986,0
STEP	454	false	950	0	0,XC,500,0;1,C10,950,0
ENERGY	0.0
END
CASE	threshold-component-heat-exchanger--51	949	0,XC,500,0;1,C10,949,0
STEP	37	false	949	0	0,XC,464,0;1,C10,985,0
STEP	57	true	949	0	0,XC,500,0;1,C10,949,0
STEP	77	true	949	0	0,XC,464,0;1,C10,985,0
STEP	97	true	949	0	0,XC,500,0;1,C10,949,0
STEP	117	true	949	0	0,XC,464,0;1,C10,985,0
STEP	137	true	949	0	0,XC,500,0;1,C10,949,0
STEP	157	true	949	0	0,XC,464,0;1,C10,985,0
STEP	177	true	949	0	0,XC,500,0;1,C10,949,0
STEP	197	true	949	0	0,XC,464,0;1,C10,985,0
STEP	217	true	949	0	0,XC,500,0;1,C10,949,0
STEP	237	true	949	0	0,XC,464,0;1,C10,985,0
STEP	257	false	949	0	0,XC,500,0;1,C10,949,0
STEP	277	false	949	0	0,XC,464,0;1,C10,985,0
STEP	297	false	949	0	0,XC,500,0;1,C10,949,0
STEP	317	false	949	0	0,XC,464,0;1,C10,985,0
STEP	337	false	949	0	0,XC,500,0;1,C10,949,0
STEP	357	false	949	0	0,XC,464,0;1,C10,985,0
STEP	377	false	949	0	0,XC,500,0;1,C10,949,0
STEP	397	false	949	0	0,XC,464,0;1,C10,985,0
STEP	417	false	949	0	0,XC,500,0;1,C10,949,0
STEP	437	false	949	0	0,XC,464,0;1,C10,985,0
STEP	457	false	949	0	0,XC,500,0;1,C10,949,0
ENERGY	0.0
END
CASE	threshold-advanced-heat-exchanger-10	1010	0,XA,1000,0;1,C10,1010,0
STEP	35	false	1002	0	0,XA,1032,0;1,C10,986,0
STEP	55	true	1010	0	0,XA,1000,0;1,C10,1010,0
STEP	75	true	1002	0	0,XA,1032,0;1,C10,986,0
STEP	95	true	1010	0	0,XA,1000,0;1,C10,1010,0
STEP	115	true	1002	0	0,XA,1032,0;1,C10,986,0
STEP	135	true	1010	0	0,XA,1000,0;1,C10,1010,0
STEP	155	true	1002	0	0,XA,1032,0;1,C10,986,0
STEP	175	true	1010	0	0,XA,1000,0;1,C10,1010,0
STEP	195	true	1002	0	0,XA,1032,0;1,C10,986,0
STEP	215	true	1010	0	0,XA,1000,0;1,C10,1010,0
STEP	235	true	1002	0	0,XA,1032,0;1,C10,986,0
STEP	255	false	1010	0	0,XA,1000,0;1,C10,1010,0
STEP	275	false	1002	0	0,XA,1032,0;1,C10,986,0
STEP	295	false	1010	0	0,XA,1000,0;1,C10,1010,0
STEP	315	false	1002	0	0,XA,1032,0;1,C10,986,0
STEP	335	false	1010	0	0,XA,1000,0;1,C10,1010,0
STEP	355	false	1002	0	0,XA,1032,0;1,C10,986,0
STEP	375	false	1010	0	0,XA,1000,0;1,C10,1010,0
STEP	395	false	1002	0	0,XA,1032,0;1,C10,986,0
STEP	415	false	1010	0	0,XA,1000,0;1,C10,1010,0
STEP	435	false	1002	0	0,XA,1032,0;1,C10,986,0
STEP	455	false	1010	0	0,XA,1000,0;1,C10,1010,0
ENERGY	0.0
END
CASE	threshold-advanced-heat-exchanger-49	1049	0,XA,1000,0;1,C10,1049,0
STEP	31	false	1041	0	0,XA,1032,0;1,C10,1025,0
STEP	51	true	1033	0	0,XA,1040,0;1,C10,1025,0
STEP	71	true	1041	0	0,XA,1008,0;1,C10,1049,0
STEP	91	true	1033	0	0,XA,1040,0;1,C10,1025,0
STEP	111	true	1041	0	0,XA,1008,0;1,C10,1049,0
STEP	131	true	1033	0	0,XA,1040,0;1,C10,1025,0
STEP	151	true	1041	0	0,XA,1008,0;1,C10,1049,0
STEP	171	true	1033	0	0,XA,1040,0;1,C10,1025,0
STEP	191	true	1041	0	0,XA,1008,0;1,C10,1049,0
STEP	211	true	1033	0	0,XA,1040,0;1,C10,1025,0
STEP	231	true	1041	0	0,XA,1008,0;1,C10,1049,0
STEP	251	false	1033	0	0,XA,1040,0;1,C10,1025,0
STEP	271	false	1041	0	0,XA,1008,0;1,C10,1049,0
STEP	291	false	1033	0	0,XA,1040,0;1,C10,1025,0
STEP	311	false	1041	0	0,XA,1008,0;1,C10,1049,0
STEP	331	false	1033	0	0,XA,1040,0;1,C10,1025,0
STEP	351	false	1041	0	0,XA,1008,0;1,C10,1049,0
STEP	371	false	1033	0	0,XA,1040,0;1,C10,1025,0
STEP	391	false	1041	0	0,XA,1008,0;1,C10,1049,0
STEP	411	false	1033	0	0,XA,1040,0;1,C10,1025,0
STEP	431	false	1041	0	0,XA,1008,0;1,C10,1049,0
STEP	451	false	1033	0	0,XA,1040,0;1,C10,1025,0
ENERGY	0.0
END
CASE	threshold-advanced-heat-exchanger-50	1050	0,XA,1000,0;1,C10,1050,0
STEP	39	false	1042	0	0,XA,1032,0;1,C10,1026,0
STEP	59	true	1034	0	0,XA,1040,0;1,C10,1026,0
STEP	79	true	1042	0	0,XA,1008,0;1,C10,1050,0
STEP	99	true	1034	0	0,XA,1040,0;1,C10,1026,0
STEP	119	true	1042	0	0,XA,1008,0;1,C10,1050,0
STEP	139	true	1034	0	0,XA,1040,0;1,C10,1026,0
STEP	159	true	1042	0	0,XA,1008,0;1,C10,1050,0
STEP	179	true	1034	0	0,XA,1040,0;1,C10,1026,0
STEP	199	true	1042	0	0,XA,1008,0;1,C10,1050,0
STEP	219	true	1034	0	0,XA,1040,0;1,C10,1026,0
STEP	239	true	1042	0	0,XA,1008,0;1,C10,1050,0
STEP	259	false	1034	0	0,XA,1040,0;1,C10,1026,0
STEP	279	false	1042	0	0,XA,1008,0;1,C10,1050,0
STEP	299	false	1034	0	0,XA,1040,0;1,C10,1026,0
STEP	319	false	1042	0	0,XA,1008,0;1,C10,1050,0
STEP	339	false	1034	0	0,XA,1040,0;1,C10,1026,0
STEP	359	false	1042	0	0,XA,1008,0;1,C10,1050,0
STEP	379	false	1034	0	0,XA,1040,0;1,C10,1026,0
STEP	399	false	1042	0	0,XA,1008,0;1,C10,1050,0
STEP	419	false	1034	0	0,XA,1040,0;1,C10,1026,0
STEP	439	false	1042	0	0,XA,1008,0;1,C10,1050,0
STEP	459	false	1034	0	0,XA,1040,0;1,C10,1026,0
ENERGY	0.0
END
CASE	threshold-advanced-heat-exchanger-51	1051	0,XA,1000,0;1,C10,1051,0
STEP	37	false	1043	0	0,XA,1032,0;1,C10,1027,0
STEP	57	true	1035	0	0,XA,1040,0;1,C10,1027,0
STEP	77	true	1035	0	0,XA,1016,0;1,C10,1051,0
STEP	97	true	1027	0	0,XA,1048,0;1,C10,1027,0
STEP	117	true	1035	0	0,XA,1016,0;1,C10,1051,0
STEP	137	true	1027	0	0,XA,1048,0;1,C10,1027,0
STEP	157	true	1035	0	0,XA,1016,0;1,C10,1051,0
STEP	177	true	1027	0	0,XA,1048,0;1,C10,1027,0
STEP	197	true	1035	0	0,XA,1016,0;1,C10,1051,0
STEP	217	true	1027	0	0,XA,1048,0;1,C10,1027,0
STEP	237	true	1035	0	0,XA,1016,0;1,C10,1051,0
STEP	257	false	1027	0	0,XA,1048,0;1,C10,1027,0
STEP	277	false	1035	0	0,XA,1016,0;1,C10,1051,0
STEP	297	false	1027	0	0,XA,1048,0;1,C10,1027,0
STEP	317	false	1035	0	0,XA,1016,0;1,C10,1051,0
STEP	337	false	1027	0	0,XA,1048,0;1,C10,1027,0
STEP	357	false	1035	0	0,XA,1016,0;1,C10,1051,0
STEP	377	false	1027	0	0,XA,1048,0;1,C10,1027,0
STEP	397	false	1035	0	0,XA,1016,0;1,C10,1051,0
STEP	417	false	1027	0	0,XA,1048,0;1,C10,1027,0
STEP	437	false	1035	0	0,XA,1016,0;1,C10,1051,0
STEP	457	false	1027	0	0,XA,1048,0;1,C10,1027,0
ENERGY	0.0
END
CASE	threshold-advanced-heat-exchanger-99	1099	0,XA,1000,0;1,C10,1099,0
STEP	49	true	1091	0	0,XA,1032,0;1,C10,1075,0
STEP	69	true	1083	0	0,XA,1064,0;1,C10,1051,0
STEP	89	true	1075	0	0,XA,1048,0;1,C10,1075,0
STEP	109	true	1067	0	0,XA,1080,0;1,C10,1051,0
STEP	129	true	1075	0	0,XA,1048,0;1,C10,1075,0
STEP	149	true	1067	0	0,XA,1080,0;1,C10,1051,0
STEP	169	true	1075	0	0,XA,1048,0;1,C10,1075,0
STEP	189	true	1067	0	0,XA,1080,0;1,C10,1051,0
STEP	209	true	1075	0	0,XA,1048,0;1,C10,1075,0
STEP	229	true	1067	0	0,XA,1080,0;1,C10,1051,0
STEP	249	false	1075	0	0,XA,1048,0;1,C10,1075,0
STEP	269	false	1067	0	0,XA,1080,0;1,C10,1051,0
STEP	289	false	1075	0	0,XA,1048,0;1,C10,1075,0
STEP	309	false	1067	0	0,XA,1080,0;1,C10,1051,0
STEP	329	false	1075	0	0,XA,1048,0;1,C10,1075,0
STEP	349	false	1067	0	0,XA,1080,0;1,C10,1051,0
STEP	369	false	1075	0	0,XA,1048,0;1,C10,1075,0
STEP	389	false	1067	0	0,XA,1080,0;1,C10,1051,0
STEP	409	false	1075	0	0,XA,1048,0;1,C10,1075,0
STEP	429	false	1067	0	0,XA,1080,0;1,C10,1051,0
STEP	449	false	1075	0	0,XA,1048,0;1,C10,1075,0
ENERGY	0.0
END
CASE	threshold-advanced-heat-exchanger-100	1100	0,XA,1000,0;1,C10,1100,0
STEP	45	true	1092	0	0,XA,1032,0;1,C10,1076,0
STEP	65	true	1084	0	0,XA,1064,0;1,C10,1052,0
STEP	85	true	1076	0	0,XA,1048,0;1,C10,1076,0
STEP	105	true	1068	0	0,XA,1080,0;1,C10,1052,0
STEP	125	true	1076	0	0,XA,1048,0;1,C10,1076,0
STEP	145	true	1068	0	0,XA,1080,0;1,C10,1052,0
STEP	165	true	1076	0	0,XA,1048,0;1,C10,1076,0
STEP	185	true	1068	0	0,XA,1080,0;1,C10,1052,0
STEP	205	true	1076	0	0,XA,1048,0;1,C10,1076,0
STEP	225	true	1068	0	0,XA,1080,0;1,C10,1052,0
STEP	245	false	1076	0	0,XA,1048,0;1,C10,1076,0
STEP	265	false	1068	0	0,XA,1080,0;1,C10,1052,0
STEP	285	false	1076	0	0,XA,1048,0;1,C10,1076,0
STEP	305	false	1068	0	0,XA,1080,0;1,C10,1052,0
STEP	325	false	1076	0	0,XA,1048,0;1,C10,1076,0
STEP	345	false	1068	0	0,XA,1080,0;1,C10,1052,0
STEP	365	false	1076	0	0,XA,1048,0;1,C10,1076,0
STEP	385	false	1068	0	0,XA,1080,0;1,C10,1052,0
STEP	405	false	1076	0	0,XA,1048,0;1,C10,1076,0
STEP	425	false	1068	0	0,XA,1080,0;1,C10,1052,0
STEP	445	false	1076	0	0,XA,1048,0;1,C10,1076,0
ENERGY	0.0
END
CASE	threshold-advanced-heat-exchanger-101	1101	0,XA,1000,0;1,C10,1101,0
STEP	39	false	1093	0	0,XA,1032,0;1,C10,1077,0
STEP	59	true	1085	0	0,XA,1064,0;1,C10,1053,0
STEP	79	true	1077	0	0,XA,1048,0;1,C10,1077,0
STEP	99	true	1069	0	0,XA,1080,0;1,C10,1053,0
STEP	119	true	1077	0	0,XA,1048,0;1,C10,1077,0
STEP	139	true	1069	0	0,XA,1080,0;1,C10,1053,0
STEP	159	true	1077	0	0,XA,1048,0;1,C10,1077,0
STEP	179	true	1069	0	0,XA,1080,0;1,C10,1053,0
STEP	199	true	1077	0	0,XA,1048,0;1,C10,1077,0
STEP	219	true	1069	0	0,XA,1080,0;1,C10,1053,0
STEP	239	true	1077	0	0,XA,1048,0;1,C10,1077,0
STEP	259	false	1069	0	0,XA,1080,0;1,C10,1053,0
STEP	279	false	1077	0	0,XA,1048,0;1,C10,1077,0
STEP	299	false	1069	0	0,XA,1080,0;1,C10,1053,0
STEP	319	false	1077	0	0,XA,1048,0;1,C10,1077,0
STEP	339	false	1069	0	0,XA,1080,0;1,C10,1053,0
STEP	359	false	1077	0	0,XA,1048,0;1,C10,1077,0
STEP	379	false	1069	0	0,XA,1080,0;1,C10,1053,0
STEP	399	false	1077	0	0,XA,1048,0;1,C10,1077,0
STEP	419	false	1069	0	0,XA,1080,0;1,C10,1053,0
STEP	439	false	1077	0	0,XA,1048,0;1,C10,1077,0
STEP	459	false	1069	0	0,XA,1080,0;1,C10,1053,0
ENERGY	0.0
END
CASE	threshold-advanced-heat-exchanger--49	951	0,XA,1000,0;1,C10,951,0
STEP	44	true	959	0	0,XA,968,0;1,C10,975,0
STEP	64	true	967	0	0,XA,984,0;1,C10,951,0
STEP	84	true	975	0	0,XA,952,0;1,C10,975,0
STEP	104	true	967	0	0,XA,984,0;1,C10,951,0
STEP	124	true	975	0	0,XA,952,0;1,C10,975,0
STEP	144	true	967	0	0,XA,984,0;1,C10,951,0
STEP	164	true	975	0	0,XA,952,0;1,C10,975,0
STEP	184	true	967	0	0,XA,984,0;1,C10,951,0
STEP	204	true	975	0	0,XA,952,0;1,C10,975,0
STEP	224	true	967	0	0,XA,984,0;1,C10,951,0
STEP	244	false	975	0	0,XA,952,0;1,C10,975,0
STEP	264	false	967	0	0,XA,984,0;1,C10,951,0
STEP	284	false	975	0	0,XA,952,0;1,C10,975,0
STEP	304	false	967	0	0,XA,984,0;1,C10,951,0
STEP	324	false	975	0	0,XA,952,0;1,C10,975,0
STEP	344	false	967	0	0,XA,984,0;1,C10,951,0
STEP	364	false	975	0	0,XA,952,0;1,C10,975,0
STEP	384	false	967	0	0,XA,984,0;1,C10,951,0
STEP	404	false	975	0	0,XA,952,0;1,C10,975,0
STEP	424	false	967	0	0,XA,984,0;1,C10,951,0
STEP	444	false	975	0	0,XA,952,0;1,C10,975,0
ENERGY	0.0
END
CASE	threshold-advanced-heat-exchanger--50	950	0,XA,1000,0;1,C10,950,0
STEP	34	false	958	0	0,XA,968,0;1,C10,974,0
STEP	54	true	966	0	0,XA,960,0;1,C10,974,0
STEP	74	true	958	0	0,XA,992,0;1,C10,950,0
STEP	94	true	966	0	0,XA,960,0;1,C10,974,0
STEP	114	true	958	0	0,XA,992,0;1,C10,950,0
STEP	134	true	966	0	0,XA,960,0;1,C10,974,0
STEP	154	true	958	0	0,XA,992,0;1,C10,950,0
STEP	174	true	966	0	0,XA,960,0;1,C10,974,0
STEP	194	true	958	0	0,XA,992,0;1,C10,950,0
STEP	214	true	966	0	0,XA,960,0;1,C10,974,0
STEP	234	true	958	0	0,XA,992,0;1,C10,950,0
STEP	254	false	966	0	0,XA,960,0;1,C10,974,0
STEP	274	false	958	0	0,XA,992,0;1,C10,950,0
STEP	294	false	966	0	0,XA,960,0;1,C10,974,0
STEP	314	false	958	0	0,XA,992,0;1,C10,950,0
STEP	334	false	966	0	0,XA,960,0;1,C10,974,0
STEP	354	false	958	0	0,XA,992,0;1,C10,950,0
STEP	374	false	966	0	0,XA,960,0;1,C10,974,0
STEP	394	false	958	0	0,XA,992,0;1,C10,950,0
STEP	414	false	966	0	0,XA,960,0;1,C10,974,0
STEP	434	false	958	0	0,XA,992,0;1,C10,950,0
STEP	454	false	966	0	0,XA,960,0;1,C10,974,0
ENERGY	0.0
END
CASE	threshold-advanced-heat-exchanger--51	949	0,XA,1000,0;1,C10,949,0
STEP	32	false	957	0	0,XA,968,0;1,C10,973,0
STEP	52	true	965	0	0,XA,960,0;1,C10,973,0
STEP	72	true	957	0	0,XA,992,0;1,C10,949,0
STEP	92	true	965	0	0,XA,960,0;1,C10,973,0
STEP	112	true	957	0	0,XA,992,0;1,C10,949,0
STEP	132	true	965	0	0,XA,960,0;1,C10,973,0
STEP	152	true	957	0	0,XA,992,0;1,C10,949,0
STEP	172	true	965	0	0,XA,960,0;1,C10,973,0
STEP	192	true	957	0	0,XA,992,0;1,C10,949,0
STEP	212	true	965	0	0,XA,960,0;1,C10,973,0
STEP	232	true	957	0	0,XA,992,0;1,C10,949,0
STEP	252	false	965	0	0,XA,960,0;1,C10,973,0
STEP	272	false	957	0	0,XA,992,0;1,C10,949,0
STEP	292	false	965	0	0,XA,960,0;1,C10,973,0
STEP	312	false	957	0	0,XA,992,0;1,C10,949,0
STEP	332	false	965	0	0,XA,960,0;1,C10,973,0
STEP	352	false	957	0	0,XA,992,0;1,C10,949,0
STEP	372	false	965	0	0,XA,960,0;1,C10,973,0
STEP	392	false	957	0	0,XA,992,0;1,C10,949,0
STEP	412	false	965	0	0,XA,960,0;1,C10,973,0
STEP	432	false	957	0	0,XA,992,0;1,C10,949,0
STEP	452	false	965	0	0,XA,960,0;1,C10,973,0
ENERGY	0.0
END
CASE	partial-condensator-cell	0	1,C10,0,0;9,RSH,19999,0;10,U4,0,20000
STEP	34	false	0	0	1,C10,0,0;9,RSH,19999,0;10,U4,0,20000
STEP	54	true	0	12	1,C10,95,0;9,RSH,20000,0;10,U4,0,19999
STEP	74	true	0	12	1,C10,191,0;9,RSH,20000,0;10,U4,0,19998
STEP	94	true	0	12	1,C10,287,0;9,RSH,20000,0;10,U4,0,19997
STEP	114	true	0	12	1,C10,383,0;9,RSH,20000,0;10,U4,0,19996
STEP	134	true	0	12	1,C10,479,0;9,RSH,20000,0;10,U4,0,19995
STEP	154	true	0	12	1,C10,575,0;9,RSH,20000,0;10,U4,0,19994
STEP	174	true	0	12	1,C10,671,0;9,RSH,20000,0;10,U4,0,19993
STEP	194	true	0	12	1,C10,767,0;9,RSH,20000,0;10,U4,0,19992
STEP	214	true	0	12	1,C10,863,0;9,RSH,20000,0;10,U4,0,19991
STEP	234	true	0	12	1,C10,959,0;9,RSH,20000,0;10,U4,0,19990
STEP	254	false	0	0	1,C10,959,0;9,RSH,20000,0;10,U4,0,19990
STEP	274	false	0	0	1,C10,959,0;9,RSH,20000,0;10,U4,0,19990
STEP	294	false	0	0	1,C10,959,0;9,RSH,20000,0;10,U4,0,19990
STEP	314	false	0	0	1,C10,959,0;9,RSH,20000,0;10,U4,0,19990
STEP	334	false	0	0	1,C10,959,0;9,RSH,20000,0;10,U4,0,19990
STEP	354	false	0	0	1,C10,959,0;9,RSH,20000,0;10,U4,0,19990
STEP	374	false	0	0	1,C10,959,0;9,RSH,20000,0;10,U4,0,19990
STEP	394	false	0	0	1,C10,959,0;9,RSH,20000,0;10,U4,0,19990
STEP	414	false	0	0	1,C10,959,0;9,RSH,20000,0;10,U4,0,19990
STEP	434	false	0	0	1,C10,959,0;9,RSH,20000,0;10,U4,0,19990
STEP	454	false	0	0	1,C10,959,0;9,RSH,20000,0;10,U4,0,19990
ENERGY	12000.0
END
CASE	u-partial-condensator-cell	0	1,C10,0,0;9,RSH,19999,0;10,U1,0,20000
STEP	37	false	0	0	1,C10,0,0;9,RSH,19999,0;10,U1,0,20000
STEP	57	true	0	1	1,C10,3,0;9,RSH,20000,0;10,U1,0,19999
STEP	77	true	0	1	1,C10,7,0;9,RSH,20000,0;10,U1,0,19998
STEP	97	true	0	1	1,C10,11,0;9,RSH,20000,0;10,U1,0,19997
STEP	117	true	0	1	1,C10,15,0;9,RSH,20000,0;10,U1,0,19996
STEP	137	true	0	1	1,C10,19,0;9,RSH,20000,0;10,U1,0,19995
STEP	157	true	0	1	1,C10,23,0;9,RSH,20000,0;10,U1,0,19994
STEP	177	true	0	1	1,C10,27,0;9,RSH,20000,0;10,U1,0,19993
STEP	197	true	0	1	1,C10,31,0;9,RSH,20000,0;10,U1,0,19992
STEP	217	true	0	1	1,C10,35,0;9,RSH,20000,0;10,U1,0,19991
STEP	237	true	0	1	1,C10,39,0;9,RSH,20000,0;10,U1,0,19990
STEP	257	false	0	0	1,C10,39,0;9,RSH,20000,0;10,U1,0,19990
STEP	277	false	0	0	1,C10,39,0;9,RSH,20000,0;10,U1,0,19990
STEP	297	false	0	0	1,C10,39,0;9,RSH,20000,0;10,U1,0,19990
STEP	317	false	0	0	1,C10,39,0;9,RSH,20000,0;10,U1,0,19990
STEP	337	false	0	0	1,C10,39,0;9,RSH,20000,0;10,U1,0,19990
STEP	357	false	0	0	1,C10,39,0;9,RSH,20000,0;10,U1,0,19990
STEP	377	false	0	0	1,C10,39,0;9,RSH,20000,0;10,U1,0,19990
STEP	397	false	0	0	1,C10,39,0;9,RSH,20000,0;10,U1,0,19990
STEP	417	false	0	0	1,C10,39,0;9,RSH,20000,0;10,U1,0,19990
STEP	437	false	0	0	1,C10,39,0;9,RSH,20000,0;10,U1,0,19990
STEP	457	false	0	0	1,C10,39,0;9,RSH,20000,0;10,U1,0,19990
ENERGY	1000.0
END
